entry_id,date,account_code,account_name,debit,credit,description,invoice_uuid,cost_center,approver
1,2026-02-11,2100,Cuentas por pagar,41192.76,0.00,Pago factura INV-00031,INV-00031,CC-100 Operaciones,Bruno Garcia 02 00001101
2,2026-04-11,1180,IVA acreditable,3227.04,0.00,Registro factura INV-00054,INV-00054,CC-100 Operaciones,Diego Luna 04 00001101
3,2026-03-07,1180,IVA acreditable,6124.64,0.00,Registro factura INV-00100,INV-00100,CC-100 Operaciones,Ana Ruiz 01 00001101
4,2026-06-02,2100,Cuentas por pagar,0.00,67706.88,Registro factura INV-00117,INV-00117,CC-100 Operaciones,Bruno Garcia 02 00001101
5,2026-02-25,1020,Bancos,0.00,46918.52,Pago factura INV-00103,INV-00103,CC-100 Operaciones,Bruno Garcia 02 00001101
6,2026-03-06,5000,Gastos operativos,14846.00,0.00,Registro factura INV-00192,INV-00192,CC-100 Operaciones,Bruno Garcia 02 00001101
7,2026-06-02,2100,Cuentas por pagar,24967.84,0.00,Pago factura INV-00112,INV-00112,CC-100 Operaciones,Bruno Garcia 02 00001101
8,2026-04-10,5000,Gastos operativos,66638.00,0.00,Registro factura INV-00310,INV-00310,CC-100 Operaciones,Carla Soto 09 00001101
9,2026-01-27,1020,Bancos,0.00,44822.40,Pago factura INV-00023,INV-00023,CC-100 Operaciones,Bruno Garcia 02 00001101
10,2026-03-10,1020,Bancos,0.00,16045.12,Pago factura INV-00001,INV-00001,CC-100 Operaciones,Bruno Garcia 02 00001101
11,2026-01-20,1180,IVA acreditable,5833.92,0.00,Registro factura INV-00062,INV-00062,CC-100 Operaciones,Carla Soto 03 00001101
12,2026-05-21,5000,Gastos operativos,50799.00,0.00,Registro factura INV-00004,INV-00004,CC-100 Operaciones,Bruno Garcia 02 00001101
13,2026-05-29,1180,IVA acreditable,2966.72,0.00,Registro factura INV-00102,INV-00102,CC-100 Operaciones,Fabian Rios 06 00001101
14,2026-06-05,5000,Gastos operativos,31321.00,0.00,Registro factura INV-00107,INV-00107,CC-100 Operaciones,Carla Soto 09 00001101
15,2026-03-21,2100,Cuentas por pagar,69670.76,0.00,Pago factura INV-00170,INV-00170,CC-100 Operaciones,Bruno Garcia 02 00001101
16,2026-06-26,1020,Bancos,0.00,78591.16,Pago factura INV-00226,INV-00226,CC-100 Operaciones,Bruno Garcia 02 00001101
17,2026-02-18,5000,Gastos operativos,71601.00,0.00,Registro factura INV-00175,INV-00175,CC-100 Operaciones,Bruno Garcia 02 00001101
18,2026-06-03,2100,Cuentas por pagar,0.00,29305.08,Registro factura INV-00173,INV-00173,CC-100 Operaciones,Carla Soto 09 00001101
19,2026-04-08,2100,Cuentas por pagar,0.00,20066.84,Registro factura INV-00121,INV-00121,CC-100 Operaciones,Ana Ruiz 07 00001101
20,2026-05-18,5000,Gastos operativos,58600.00,0.00,Registro factura INV-00124,INV-00124,CC-100 Operaciones,Elena Mora 05 00001101
21,2026-03-10,1180,IVA acreditable,11514.56,0.00,Registro factura INV-00345,INV-00345,CC-100 Operaciones,Diego Luna 10 00001101
22,2026-02-09,2100,Cuentas por pagar,0.00,108838.16,Registro factura INV-00074,INV-00074,CC-100 Operaciones,Ana Ruiz 01 00001101
23,2026-06-07,1180,IVA acreditable,13294.08,0.00,Registro factura INV-00338,INV-00338,CC-100 Operaciones,Carla Soto 03 00001101
24,2026-03-24,1020,Bancos,0.00,79611.96,Pago factura INV-00198,INV-00198,CC-100 Operaciones,Bruno Garcia 02 00001101
25,2026-02-28,2100,Cuentas por pagar,38427.32,0.00,Pago factura INV-00337,INV-00337,CC-100 Operaciones,Bruno Garcia 02 00001101
26,2026-06-26,5000,Gastos operativos,80651.00,0.00,Registro factura INV-00120,INV-00120,CC-100 Operaciones,Bruno Garcia 08 00001101
27,2026-01-05,1180,IVA acreditable,5011.36,0.00,Registro factura INV-00014,INV-00014,CC-100 Operaciones,Diego Luna 04 00001101
28,2026-06-13,1180,IVA acreditable,6271.20,0.00,Registro factura INV-00003,INV-00003,CC-100 Operaciones,Carla Soto 03 00001101
29,2026-03-21,1180,IVA acreditable,8570.08,0.00,Registro factura INV-00131,INV-00131,CC-100 Operaciones,Carla Soto 09 00001101
30,2026-02-12,5000,Gastos operativos,68455.00,0.00,Registro factura INV-00333,INV-00333,CC-100 Operaciones,Bruno Garcia 02 00001101
31,2026-01-12,2100,Cuentas por pagar,0.00,39260.20,Registro factura INV-00188,INV-00188,CC-100 Operaciones,Carla Soto 03 00001101
32,2026-06-05,2100,Cuentas por pagar,0.00,17529.92,Registro factura INV-00016,INV-00016,CC-100 Operaciones,Ana Ruiz 01 00001101
33,2026-06-05,2100,Cuentas por pagar,0.00,34496.08,Registro factura INV-00273,INV-00273,CC-100 Operaciones,Ana Ruiz 07 00001101
34,2026-02-22,5000,Gastos operativos,30911.00,0.00,Registro factura INV-00032,INV-00032,CC-100 Operaciones,Diego Luna 04 00001101
35,2026-04-11,2100,Cuentas por pagar,0.00,107657.28,Registro factura INV-00075,INV-00075,CC-100 Operaciones,Fabian Rios 06 00001101
36,2026-01-26,2100,Cuentas por pagar,97803.08,0.00,Pago factura INV-00153,INV-00153,CC-100 Operaciones,Bruno Garcia 02 00001101
37,2026-02-03,2100,Cuentas por pagar,108659.52,0.00,Pago factura INV-00028,INV-00028,CC-100 Operaciones,Bruno Garcia 02 00001101
38,2026-04-26,2100,Cuentas por pagar,80370.60,0.00,Pago factura INV-00059,INV-00059,CC-100 Operaciones,Bruno Garcia 02 00001101
39,2026-06-20,2100,Cuentas por pagar,0.00,64036.64,Registro factura INV-00144,INV-00144,CC-100 Operaciones,Fabian Rios 06 00001101
40,2026-05-13,5000,Gastos operativos,61249.00,0.00,Registro factura INV-00178,INV-00178,CC-100 Operaciones,Diego Luna 04 00001101
41,2026-03-12,1020,Bancos,0.00,31158.52,Pago factura INV-00171,INV-00171,CC-100 Operaciones,Bruno Garcia 02 00001101
42,2026-04-16,5000,Gastos operativos,12872.00,0.00,Registro factura INV-00299,INV-00299,CC-100 Operaciones,Ana Ruiz 07 00001101
43,2026-02-17,2100,Cuentas por pagar,0.00,50732.60,Registro factura INV-00015,INV-00015,CC-100 Operaciones,Elena Mora 05 00001101
44,2026-02-18,2100,Cuentas por pagar,81133.88,0.00,Pago factura INV-00304,INV-00304,CC-100 Operaciones,Bruno Garcia 02 00001101
45,2026-06-29,1180,IVA acreditable,12316.48,0.00,Registro factura INV-00354,INV-00354,CC-100 Operaciones,Elena Mora 05 00001101
46,2026-01-19,2100,Cuentas por pagar,102399.00,0.00,Pago factura INV-00241,INV-00241,CC-100 Operaciones,Bruno Garcia 02 00001101
47,2026-04-21,1180,IVA acreditable,7727.84,0.00,Registro factura INV-00147,INV-00147,CC-100 Operaciones,Diego Luna 10 00001101
48,2026-06-23,2100,Cuentas por pagar,36398.48,0.00,Pago factura INV-00233,INV-00233,CC-100 Operaciones,Bruno Garcia 02 00001101
49,2026-06-30,2100,Cuentas por pagar,107493.72,0.00,Pago factura INV-00060,INV-00060,CC-100 Operaciones,Bruno Garcia 02 00001101
50,2026-06-22,1180,IVA acreditable,10289.44,0.00,Registro factura INV-00293,INV-00293,CC-100 Operaciones,Bruno Garcia 02 00001101
51,2026-04-07,2100,Cuentas por pagar,0.00,37565.44,Registro factura INV-00151,INV-00151,CC-100 Operaciones,Diego Luna 10 00001101
52,2026-05-25,1020,Bancos,0.00,108863.68,Pago factura INV-00163,INV-00163,CC-100 Operaciones,Bruno Garcia 02 00001101
53,2026-03-15,1180,IVA acreditable,10164.80,0.00,Registro factura INV-00185,INV-00185,CC-100 Operaciones,Carla Soto 03 00001101
54,2026-02-23,1180,IVA acreditable,3730.88,0.00,Registro factura INV-00194,INV-00194,CC-100 Operaciones,Carla Soto 03 00001101
55,2026-05-29,5000,Gastos operativos,43012.00,0.00,Registro factura INV-00172,INV-00172,CC-100 Operaciones,Diego Luna 04 00001101
56,2026-02-15,2100,Cuentas por pagar,55495.56,0.00,Pago factura INV-00183,INV-00183,CC-100 Operaciones,Bruno Garcia 02 00001101
57,2026-05-12,1180,IVA acreditable,3632.96,0.00,Registro factura INV-00118,INV-00118,CC-100 Operaciones,Ana Ruiz 07 00001101
58,2026-01-25,1180,IVA acreditable,11940.32,0.00,Registro factura INV-00072,INV-00072,CC-100 Operaciones,Diego Luna 04 00001101
59,2026-05-10,2100,Cuentas por pagar,60546.20,0.00,Pago factura INV-00312,INV-00312,CC-100 Operaciones,Bruno Garcia 02 00001101
60,2026-01-15,2100,Cuentas por pagar,0.00,101761.00,Registro factura INV-00349,INV-00349,CC-100 Operaciones,Diego Luna 10 00001101
61,2026-04-10,1180,IVA acreditable,10662.08,0.00,Registro factura INV-00310,INV-00310,CC-100 Operaciones,Carla Soto 09 00001101
62,2026-03-19,2100,Cuentas por pagar,0.00,42783.12,Registro factura INV-00019,INV-00019,CC-100 Operaciones,Ana Ruiz 07 00001101
63,2026-04-15,5000,Gastos operativos,86823.00,0.00,Registro factura INV-00342,INV-00342,CC-100 Operaciones,Bruno Garcia 02 00001101
64,2026-05-18,1180,IVA acreditable,11403.04,0.00,Registro factura INV-00278,INV-00278,CC-100 Operaciones,Carla Soto 03 00001101
65,2026-05-29,2100,Cuentas por pagar,92521.60,0.00,Pago factura INV-00217,INV-00217,CC-100 Operaciones,Bruno Garcia 02 00001101
66,2026-03-02,5000,Gastos operativos,71964.00,0.00,Registro factura INV-00146,INV-00146,CC-100 Operaciones,Bruno Garcia 08 00001101
67,2026-03-13,2100,Cuentas por pagar,32068.20,0.00,Pago factura INV-00209,INV-00209,CC-100 Operaciones,Bruno Garcia 02 00001101
68,2026-05-06,2100,Cuentas por pagar,0.00,68356.48,Registro factura INV-00165,INV-00165,CC-100 Operaciones,Ana Ruiz 07 00001101
69,2026-04-29,2100,Cuentas por pagar,0.00,91308.24,Registro factura INV-00229,INV-00229,CC-100 Operaciones,Bruno Garcia 02 00001101
70,2026-02-24,2100,Cuentas por pagar,88808.44,0.00,Pago factura INV-00018,INV-00018,CC-100 Operaciones,Bruno Garcia 02 00001101
71,2026-06-25,1180,IVA acreditable,14826.72,0.00,Registro factura INV-00060,INV-00060,CC-100 Operaciones,Carla Soto 09 00001101
72,2026-06-09,2100,Cuentas por pagar,89105.40,0.00,Pago factura INV-00347,INV-00347,CC-100 Operaciones,Bruno Garcia 02 00001101
73,2026-02-07,5000,Gastos operativos,20726.00,0.00,Registro factura INV-00269,INV-00269,CC-100 Operaciones,Ana Ruiz 01 00001101
74,2026-02-01,1180,IVA acreditable,10436.80,0.00,Registro factura INV-00355,INV-00355,CC-100 Operaciones,Ana Ruiz 01 00001101
75,2026-02-13,2100,Cuentas por pagar,0.00,109544.60,Registro factura INV-00110,INV-00110,CC-100 Operaciones,Ana Ruiz 07 00001101
76,2026-04-25,2100,Cuentas por pagar,29970.92,0.00,Pago factura INV-00136,INV-00136,CC-100 Operaciones,Bruno Garcia 02 00001101
77,2026-04-11,2100,Cuentas por pagar,32573.96,0.00,Pago factura INV-00332,INV-00332,CC-100 Operaciones,Bruno Garcia 02 00001101
78,2026-01-15,2100,Cuentas por pagar,0.00,48021.68,Registro factura INV-00071,INV-00071,CC-100 Operaciones,Bruno Garcia 02 00001101
79,2026-06-23,2100,Cuentas por pagar,0.00,56199.68,Registro factura INV-00152,INV-00152,CC-100 Operaciones,Ana Ruiz 07 00001101
80,2026-02-28,2100,Cuentas por pagar,0.00,16045.12,Registro factura INV-00001,INV-00001,CC-100 Operaciones,Diego Luna 04 00001101
81,2026-05-02,5000,Gastos operativos,31890.00,0.00,Registro factura INV-00309,INV-00309,CC-100 Operaciones,Carla Soto 03 00001101
82,2026-05-03,2100,Cuentas por pagar,0.00,67735.88,Registro factura INV-00284,INV-00284,CC-100 Operaciones,Bruno Garcia 08 00001101
83,2026-06-11,5000,Gastos operativos,66790.00,0.00,Registro factura INV-00236,INV-00236,CC-100 Operaciones,Carla Soto 09 00001101
84,2026-01-28,2100,Cuentas por pagar,16905.84,0.00,Pago factura INV-00348,INV-00348,CC-100 Operaciones,Bruno Garcia 02 00001101
85,2026-04-26,2100,Cuentas por pagar,0.00,72904.84,Registro factura INV-00002,INV-00002,CC-100 Operaciones,Carla Soto 03 00001101
86,2026-04-03,2100,Cuentas por pagar,0.00,70146.36,Registro factura INV-00096,INV-00096,CC-100 Operaciones,Fabian Rios 06 00001101
87,2026-02-01,2100,Cuentas por pagar,0.00,75666.80,Registro factura INV-00355,INV-00355,CC-100 Operaciones,Ana Ruiz 01 00001101
88,2026-05-02,2100,Cuentas por pagar,0.00,36992.40,Registro factura INV-00309,INV-00309,CC-100 Operaciones,Carla Soto 03 00001101
89,2026-03-22,5000,Gastos operativos,77803.00,0.00,Registro factura INV-00215,INV-00215,CC-100 Operaciones,Bruno Garcia 08 00001101
90,2026-06-14,1180,IVA acreditable,14199.36,0.00,Registro factura INV-00141,INV-00141,CC-100 Operaciones,Bruno Garcia 08 00001101
91,2026-05-18,5000,Gastos operativos,71269.00,0.00,Registro factura INV-00278,INV-00278,CC-100 Operaciones,Carla Soto 03 00001101
92,2026-02-19,2100,Cuentas por pagar,99539.60,0.00,Pago factura INV-00206,INV-00206,CC-100 Operaciones,Bruno Garcia 02 00001101
93,2026-03-30,1180,IVA acreditable,4332.48,0.00,Registro factura INV-00292,INV-00292,CC-100 Operaciones,Bruno Garcia 08 00001101
94,2026-03-12,1180,IVA acreditable,10055.20,0.00,Registro factura INV-00145,INV-00145,CC-100 Operaciones,Diego Luna 04 00001101
95,2026-03-17,2100,Cuentas por pagar,0.00,30709.84,Registro factura INV-00085,INV-00085,CC-100 Operaciones,Elena Mora 05 00001101
96,2026-06-04,5000,Gastos operativos,36557.00,0.00,Registro factura INV-00030,INV-00030,CC-100 Operaciones,Fabian Rios 06 00001101
97,2026-02-11,1180,IVA acreditable,5223.36,0.00,Registro factura INV-00051,INV-00051,CC-100 Operaciones,Carla Soto 03 00001101
98,2026-03-31,5000,Gastos operativos,52862.00,0.00,Registro factura INV-00080,INV-00080,CC-100 Operaciones,Carla Soto 03 00001101
99,2026-04-22,1020,Bancos,0.00,74789.84,Pago factura INV-00281,INV-00281,CC-100 Operaciones,Bruno Garcia 02 00001101
100,2026-01-27,1020,Bancos,0.00,73387.40,Pago factura INV-00184,INV-00184,CC-100 Operaciones,Bruno Garcia 02 00001101
101,2026-06-25,2100,Cuentas por pagar,0.00,22397.28,Registro factura INV-00267,INV-00267,CC-100 Operaciones,Ana Ruiz 01 00001101
102,2026-06-24,2100,Cuentas por pagar,0.00,100474.56,Registro factura INV-00026,INV-00026,CC-100 Operaciones,Diego Luna 04 00001101
103,2026-01-30,1020,Bancos,0.00,46804.84,Pago factura INV-00046,INV-00046,CC-100 Operaciones,Bruno Garcia 02 00001101
104,2026-04-28,1180,IVA acreditable,8470.08,0.00,Registro factura INV-00167,INV-00167,CC-100 Operaciones,Ana Ruiz 07 00001101
105,2026-02-27,2100,Cuentas por pagar,0.00,76939.32,Registro factura INV-00055,INV-00055,CC-100 Operaciones,Ana Ruiz 07 00001101
106,2026-02-24,5000,Gastos operativos,27627.00,0.00,Registro factura INV-00017,INV-00017,CC-100 Operaciones,Diego Luna 10 00001101
107,2026-04-13,2100,Cuentas por pagar,70146.36,0.00,Pago factura INV-00096,INV-00096,CC-100 Operaciones,Bruno Garcia 02 00001101
108,2026-06-27,5000,Gastos operativos,13420.00,0.00,Registro factura INV-00082,INV-00082,CC-100 Operaciones,Carla Soto 03 00001101
109,2026-06-15,1020,Bancos,0.00,34496.08,Pago factura INV-00273,INV-00273,CC-100 Operaciones,Bruno Garcia 02 00001101
110,2026-05-11,2100,Cuentas por pagar,0.00,30721.44,Registro factura INV-00315,INV-00315,CC-100 Operaciones,Diego Luna 10 00001101
111,2026-05-30,5000,Gastos operativos,76815.00,0.00,Registro factura INV-00347,INV-00347,CC-100 Operaciones,Carla Soto 03 00001101
112,2026-03-16,2100,Cuentas por pagar,37632.72,0.00,Pago factura INV-00326,INV-00326,CC-100 Operaciones,Bruno Garcia 02 00001101
113,2026-06-03,2100,Cuentas por pagar,20229.24,0.00,Pago factura INV-00101,INV-00101,CC-100 Operaciones,Bruno Garcia 02 00001101
114,2026-04-01,2100,Cuentas por pagar,0.00,32573.96,Registro factura INV-00332,INV-00332,CC-100 Operaciones,Bruno Garcia 02 00001101
115,2026-05-23,2100,Cuentas por pagar,0.00,14567.28,Registro factura INV-00245,INV-00245,CC-100 Operaciones,Bruno Garcia 08 00001101
116,2026-05-15,5000,Gastos operativos,93848.00,0.00,Registro factura INV-00163,INV-00163,CC-100 Operaciones,Diego Luna 04 00001101
117,2026-04-19,2100,Cuentas por pagar,57798.16,0.00,Pago factura INV-00070,INV-00070,CC-100 Operaciones,Bruno Garcia 02 00001101
118,2026-03-28,2100,Cuentas por pagar,0.00,60490.52,Registro factura INV-00039,INV-00039,CC-100 Operaciones,Diego Luna 04 00001101
119,2026-01-26,2100,Cuentas por pagar,0.00,61576.28,Registro factura INV-00287,INV-00287,CC-100 Operaciones,Carla Soto 03 00001101
120,2026-06-11,1180,IVA acreditable,3935.68,0.00,Registro factura INV-00127,INV-00127,CC-100 Operaciones,Ana Ruiz 01 00001101
121,2026-04-08,2100,Cuentas por pagar,22595.64,0.00,Pago factura INV-00128,INV-00128,CC-100 Operaciones,Bruno Garcia 02 00001101
122,2026-05-26,5000,Gastos operativos,33345.00,0.00,Registro factura INV-00061,INV-00061,CC-100 Operaciones,Ana Ruiz 07 00001101
123,2026-04-11,2100,Cuentas por pagar,0.00,23396.04,Registro factura INV-00054,INV-00054,CC-100 Operaciones,Diego Luna 04 00001101
124,2026-03-14,2100,Cuentas por pagar,0.00,101343.40,Registro factura INV-00300,INV-00300,CC-100 Operaciones,Fabian Rios 06 00001101
125,2026-04-18,2100,Cuentas por pagar,0.00,73996.40,Registro factura INV-00093,INV-00093,CC-100 Operaciones,Carla Soto 09 00001101
126,2026-04-14,2100,Cuentas por pagar,0.00,69793.72,Registro factura INV-00280,INV-00280,CC-100 Operaciones,Ana Ruiz 07 00001101
127,2026-04-08,1020,Bancos,0.00,53682.48,Pago factura INV-00279,INV-00279,CC-100 Operaciones,Bruno Garcia 02 00001101
128,2026-02-28,1020,Bancos,0.00,38427.32,Pago factura INV-00337,INV-00337,CC-100 Operaciones,Bruno Garcia 02 00001101
129,2026-05-09,5000,Gastos operativos,25323.00,0.00,Registro factura INV-00049,INV-00049,CC-100 Operaciones,Fabian Rios 06 00001101
130,2026-06-15,2100,Cuentas por pagar,36332.36,0.00,Pago factura INV-00107,INV-00107,CC-100 Operaciones,Bruno Garcia 02 00001101
131,2026-05-29,1020,Bancos,0.00,14128.80,Pago factura INV-00157,INV-00157,CC-100 Operaciones,Bruno Garcia 02 00001101
132,2026-03-25,1020,Bancos,0.00,73694.80,Pago factura INV-00185,INV-00185,CC-100 Operaciones,Bruno Garcia 02 00001101
133,2026-06-22,1020,Bancos,0.00,73589.24,Pago factura INV-00336,INV-00336,CC-100 Operaciones,Bruno Garcia 02 00001101
134,2026-02-26,1020,Bancos,0.00,66420.44,Pago factura INV-00069,INV-00069,CC-100 Operaciones,Bruno Garcia 02 00001101
135,2026-03-22,1020,Bancos,0.00,72900.20,Pago factura INV-00145,INV-00145,CC-100 Operaciones,Bruno Garcia 02 00001101
136,2026-01-19,1180,IVA acreditable,11484.32,0.00,Registro factura INV-00095,INV-00095,CC-100 Operaciones,Bruno Garcia 08 00001101
137,2026-04-11,1180,IVA acreditable,14849.28,0.00,Registro factura INV-00075,INV-00075,CC-100 Operaciones,Fabian Rios 06 00001101
138,2026-02-20,1020,Bancos,0.00,70190.44,Pago factura INV-00006,INV-00006,CC-100 Operaciones,Bruno Garcia 02 00001101
139,2026-05-05,2100,Cuentas por pagar,48871.96,0.00,Pago factura INV-00252,INV-00252,CC-100 Operaciones,Bruno Garcia 02 00001101
140,2026-02-09,1180,IVA acreditable,9612.32,0.00,Registro factura INV-00008,INV-00008,CC-100 Operaciones,Carla Soto 03 00001101
141,2026-05-14,1180,IVA acreditable,14863.20,0.00,Registro factura INV-00012,INV-00012,CC-100 Operaciones,Ana Ruiz 07 00001101
142,2026-04-20,1020,Bancos,0.00,77300.08,Pago factura INV-00310,INV-00310,CC-100 Operaciones,Bruno Garcia 02 00001101
143,2026-01-17,1180,IVA acreditable,10122.40,0.00,Registro factura INV-00184,INV-00184,CC-100 Operaciones,Diego Luna 04 00001101
144,2026-06-30,2100,Cuentas por pagar,58741.24,0.00,Pago factura INV-00289,INV-00289,CC-100 Operaciones,Bruno Garcia 02 00001101
145,2026-01-26,1180,IVA acreditable,8493.28,0.00,Registro factura INV-00287,INV-00287,CC-100 Operaciones,Carla Soto 03 00001101
146,2026-01-23,2100,Cuentas por pagar,20772.36,0.00,Pago factura INV-00216,INV-00216,CC-100 Operaciones,Bruno Garcia 02 00001101
147,2026-04-05,2100,Cuentas por pagar,0.00,27084.84,Registro factura INV-00291,INV-00291,CC-100 Operaciones,Bruno Garcia 08 00001101
148,2026-06-01,1180,IVA acreditable,4378.72,0.00,Registro factura INV-00079,INV-00079,CC-100 Operaciones,Carla Soto 03 00001101
149,2026-03-06,2100,Cuentas por pagar,70586.00,0.00,Pago factura INV-00249,INV-00249,CC-100 Operaciones,Bruno Garcia 02 00001101
150,2026-04-27,2100,Cuentas por pagar,0.00,54743.88,Registro factura INV-00212,INV-00212,CC-100 Operaciones,Bruno Garcia 08 00001101
151,2026-06-21,5000,Gastos operativos,92492.00,0.00,Registro factura INV-00272,INV-00272,CC-100 Operaciones,Elena Mora 05 00001101
152,2026-04-18,1180,IVA acreditable,12385.12,0.00,Registro factura INV-00222,INV-00222,CC-100 Operaciones,Ana Ruiz 01 00001101
153,2026-04-07,1180,IVA acreditable,5181.44,0.00,Registro factura INV-00151,INV-00151,CC-100 Operaciones,Diego Luna 10 00001101
154,2026-04-28,1020,Bancos,0.00,89792.12,Pago factura INV-00222,INV-00222,CC-100 Operaciones,Bruno Garcia 02 00001101
155,2026-04-28,2100,Cuentas por pagar,0.00,19655.04,Registro factura INV-00166,INV-00166,CC-100 Operaciones,Elena Mora 05 00001101
156,2026-01-25,2100,Cuentas por pagar,101761.00,0.00,Pago factura INV-00349,INV-00349,CC-100 Operaciones,Bruno Garcia 02 00001101
157,2026-02-07,2100,Cuentas por pagar,40838.96,0.00,Pago factura INV-00041,INV-00041,CC-100 Operaciones,Bruno Garcia 02 00001101
158,2026-03-24,1180,IVA acreditable,4022.88,0.00,Registro factura INV-00334,INV-00334,CC-100 Operaciones,Diego Luna 10 00001101
159,2026-03-23,1020,Bancos,0.00,14532.95,Pago factura INV-00076,INV-00076,CC-100 Operaciones,Bruno Garcia 02 00001101
160,2026-06-18,1020,Bancos,0.00,84031.56,Pago factura INV-00330,INV-00330,CC-100 Operaciones,Bruno Garcia 02 00001101
161,2026-05-20,2100,Cuentas por pagar,31086.84,0.00,Pago factura INV-00275,INV-00275,CC-100 Operaciones,Bruno Garcia 02 00001101
162,2026-03-29,1020,Bancos,0.00,42783.12,Pago factura INV-00019,INV-00019,CC-100 Operaciones,Bruno Garcia 02 00001101
163,2026-02-24,1180,IVA acreditable,4420.32,0.00,Registro factura INV-00017,INV-00017,CC-100 Operaciones,Diego Luna 10 00001101
164,2026-04-08,2100,Cuentas por pagar,0.00,69532.72,Registro factura INV-00271,INV-00271,CC-100 Operaciones,Elena Mora 05 00001101
165,2026-06-19,1020,Bancos,0.00,99953.72,Pago factura INV-00302,INV-00302,CC-100 Operaciones,Bruno Garcia 02 00001101
166,2026-05-18,2100,Cuentas por pagar,0.00,82672.04,Registro factura INV-00278,INV-00278,CC-100 Operaciones,Carla Soto 03 00001101
167,2026-01-28,2100,Cuentas por pagar,18192.28,0.00,Pago factura INV-00132,INV-00132,CC-100 Operaciones,Bruno Garcia 02 00001101
168,2026-05-12,1020,Bancos,0.00,31158.52,Pago factura INV-00250,INV-00250,CC-100 Operaciones,Bruno Garcia 02 00001101
169,2026-05-30,5000,Gastos operativos,76748.00,0.00,Registro factura INV-00270,INV-00270,CC-100 Operaciones,Ana Ruiz 01 00001101
170,2026-01-13,1180,IVA acreditable,7514.40,0.00,Registro factura INV-00335,INV-00335,CC-100 Operaciones,Fabian Rios 06 00001101
171,2026-06-16,2100,Cuentas por pagar,107066.84,0.00,Pago factura INV-00010,INV-00010,CC-100 Operaciones,Bruno Garcia 02 00001101
172,2026-04-06,5000,Gastos operativos,85543.00,0.00,Registro factura INV-00063,INV-00063,CC-100 Operaciones,Carla Soto 03 00001101
173,2026-05-08,1020,Bancos,0.00,61408.08,Pago factura INV-00167,INV-00167,CC-100 Operaciones,Bruno Garcia 02 00001101
174,2026-04-18,2100,Cuentas por pagar,20066.84,0.00,Pago factura INV-00121,INV-00121,CC-100 Operaciones,Bruno Garcia 02 00001101
175,2026-03-11,5000,Gastos operativos,53036.00,0.00,Registro factura INV-00050,INV-00050,CC-100 Operaciones,Ana Ruiz 07 00001101
176,2026-04-22,2100,Cuentas por pagar,0.00,80224.44,Registro factura INV-00155,INV-00155,CC-100 Operaciones,Ana Ruiz 07 00001101
177,2026-01-25,5000,Gastos operativos,74627.00,0.00,Registro factura INV-00072,INV-00072,CC-100 Operaciones,Diego Luna 04 00001101
178,2026-02-05,5000,Gastos operativos,31321.00,0.00,Registro factura INV-00007,INV-00007,CC-100 Operaciones,Elena Mora 05 00001101
179,2026-02-12,2100,Cuentas por pagar,57823.68,0.00,Pago factura INV-00306,INV-00306,CC-100 Operaciones,Bruno Garcia 02 00001101
180,2026-04-05,2100,Cuentas por pagar,50919.36,0.00,Pago factura INV-00024,INV-00024,CC-100 Operaciones,Bruno Garcia 02 00001101
181,2026-05-16,1020,Bancos,0.00,68356.48,Pago factura INV-00165,INV-00165,CC-100 Operaciones,Bruno Garcia 02 00001101
182,2026-04-14,2100,Cuentas por pagar,36745.32,0.00,Pago factura INV-00159,INV-00159,CC-100 Operaciones,Bruno Garcia 02 00001101
183,2026-01-10,1180,IVA acreditable,11556.64,0.00,Registro factura INV-00317,INV-00317,CC-100 Operaciones,Ana Ruiz 07 00001101
184,2026-05-29,1180,IVA acreditable,6881.92,0.00,Registro factura INV-00172,INV-00172,CC-100 Operaciones,Diego Luna 04 00001101
185,2026-01-28,1020,Bancos,0.00,18192.28,Pago factura INV-00132,INV-00132,CC-100 Operaciones,Bruno Garcia 02 00001101
186,2026-02-26,2100,Cuentas por pagar,0.00,43582.36,Registro factura INV-00230,INV-00230,CC-100 Operaciones,Diego Luna 10 00001101
187,2026-05-30,2100,Cuentas por pagar,105026.40,0.00,Pago factura INV-00214,INV-00214,CC-100 Operaciones,Bruno Garcia 02 00001101
188,2026-04-25,5000,Gastos operativos,42131.00,0.00,Registro factura INV-00252,INV-00252,CC-100 Operaciones,Fabian Rios 06 00001101
189,2026-06-05,1180,IVA acreditable,14571.20,0.00,Registro factura INV-00088,INV-00088,CC-100 Operaciones,Carla Soto 09 00001101
190,2026-06-15,2100,Cuentas por pagar,51930.88,0.00,Pago factura INV-00238,INV-00238,CC-100 Operaciones,Bruno Garcia 02 00001101
191,2026-06-30,1020,Bancos,0.00,15567.20,Pago factura INV-00082,INV-00082,CC-100 Operaciones,Bruno Garcia 02 00001101
192,2026-04-02,5000,Gastos operativos,86184.00,0.00,Registro factura INV-00143,INV-00143,CC-100 Operaciones,Carla Soto 09 00001101
193,2026-06-05,2100,Cuentas por pagar,0.00,36332.36,Registro factura INV-00107,INV-00107,CC-100 Operaciones,Carla Soto 09 00001101
194,2026-05-31,2100,Cuentas por pagar,0.00,20893.92,Registro factura INV-00040,INV-00040,CC-100 Operaciones,Bruno Garcia 08 00001101
195,2026-04-26,5000,Gastos operativos,62849.00,0.00,Registro factura INV-00002,INV-00002,CC-100 Operaciones,Carla Soto 03 00001101
196,2026-06-03,1020,Bancos,0.00,20229.24,Pago factura INV-00101,INV-00101,CC-100 Operaciones,Bruno Garcia 02 00001101
197,2026-04-23,2100,Cuentas por pagar,0.00,37211.64,Registro factura INV-00264,INV-00264,CC-100 Operaciones,Diego Luna 04 00001101
198,2026-03-09,2100,Cuentas por pagar,96029.44,0.00,Pago factura INV-00064,INV-00064,CC-100 Operaciones,Bruno Garcia 02 00001101
199,2026-01-21,2100,Cuentas por pagar,26100.00,0.00,Reversion de factura cancelada INV-00086,INV-00086,CC-100 Operaciones,Bruno Garcia 02 00001101
200,2026-02-15,1180,IVA acreditable,6471.52,0.00,Registro factura INV-00103,INV-00103,CC-100 Operaciones,Carla Soto 09 00001101
201,2026-02-08,1050,Cuentas por cobrar,0.00,44080.00,Cobro factura INV-00319,INV-00319,CC-100 Operaciones,Bruno Garcia 02 00001101
202,2026-06-14,2100,Cuentas por pagar,85043.08,0.00,Pago factura INV-00011,INV-00011,CC-100 Operaciones,Bruno Garcia 02 00001101
203,2026-03-13,5000,Gastos operativos,87518.00,0.00,Registro factura INV-00224,INV-00224,CC-100 Operaciones,Carla Soto 09 00001101
204,2026-04-17,2100,Cuentas por pagar,0.00,76138.92,Registro factura INV-00126,INV-00126,CC-100 Operaciones,Fabian Rios 06 00001101
205,2026-04-24,1180,IVA acreditable,14924.00,0.00,Registro factura INV-00177,INV-00177,CC-100 Operaciones,Ana Ruiz 01 00001101
206,2026-05-29,2100,Cuentas por pagar,0.00,49893.92,Registro factura INV-00172,INV-00172,CC-100 Operaciones,Diego Luna 04 00001101
207,2026-06-05,5000,Gastos operativos,91070.00,0.00,Registro factura INV-00088,INV-00088,CC-100 Operaciones,Carla Soto 09 00001101
208,2026-02-26,5000,Gastos operativos,75315.00,0.00,Registro factura INV-00208,INV-00208,CC-100 Operaciones,Bruno Garcia 02 00001101
209,2026-02-12,1020,Bancos,0.00,57823.68,Pago factura INV-00306,INV-00306,CC-100 Operaciones,Bruno Garcia 02 00001101
210,2026-05-14,2100,Cuentas por pagar,91060.00,0.00,Pago factura INV-00301,INV-00301,CC-100 Operaciones,Bruno Garcia 02 00001101
211,2026-04-19,1020,Bancos,0.00,20489.08,Pago factura INV-00356,INV-00356,CC-100 Operaciones,Bruno Garcia 02 00001101
212,2026-04-09,1180,IVA acreditable,7972.16,0.00,Registro factura INV-00070,INV-00070,CC-100 Operaciones,Diego Luna 04 00001101
213,2026-04-26,1020,Bancos,0.00,80370.60,Pago factura INV-00059,INV-00059,CC-100 Operaciones,Bruno Garcia 02 00001101
214,2026-05-05,5000,Gastos operativos,49632.00,0.00,Registro factura INV-00248,INV-00248,CC-100 Operaciones,Diego Luna 10 00001101
215,2026-06-24,2100,Cuentas por pagar,104314.16,0.00,Pago factura INV-00257,INV-00257,CC-100 Operaciones,Bruno Garcia 02 00001101
216,2026-03-20,5000,Gastos operativos,19263.00,0.00,Registro factura INV-00283,INV-00283,CC-100 Operaciones,Bruno Garcia 02 00001101
217,2026-02-06,1020,Bancos,0.00,82969.00,Pago factura INV-00251,INV-00251,CC-100 Operaciones,Bruno Garcia 02 00001101
218,2026-04-03,2100,Cuentas por pagar,0.00,38624.52,Registro factura INV-00253,INV-00253,CC-100 Operaciones,Diego Luna 04 00001101
219,2026-01-10,2100,Cuentas por pagar,0.00,42981.48,Registro factura INV-00220,INV-00220,CC-100 Operaciones,Carla Soto 09 00001101
220,2026-04-07,1180,IVA acreditable,14460.64,0.00,Registro factura INV-00081,INV-00081,CC-100 Operaciones,Bruno Garcia 08 00001101
221,2026-06-19,1180,IVA acreditable,11031.84,0.00,Registro factura INV-00260,INV-00260,CC-100 Operaciones,Ana Ruiz 01 00001101
222,2026-04-08,1020,Bancos,0.00,22595.64,Pago factura INV-00128,INV-00128,CC-100 Operaciones,Bruno Garcia 02 00001101
223,2026-04-10,2100,Cuentas por pagar,0.00,77300.08,Registro factura INV-00310,INV-00310,CC-100 Operaciones,Carla Soto 09 00001101
224,2026-01-11,1180,IVA acreditable,12319.20,0.00,Registro factura INV-00320,INV-00320,CC-100 Operaciones,Diego Luna 04 00001101
225,2026-05-25,5000,Gastos operativos,66592.00,0.00,Registro factura INV-00205,INV-00205,CC-100 Operaciones,Diego Luna 10 00001101
226,2026-06-14,5000,Gastos operativos,88746.00,0.00,Registro factura INV-00141,INV-00141,CC-100 Operaciones,Bruno Garcia 08 00001101
227,2026-06-10,2100,Cuentas por pagar,0.00,23618.76,Registro factura INV-00240,INV-00240,CC-100 Operaciones,Diego Luna 04 00001101
228,2026-05-05,2100,Cuentas por pagar,0.00,69823.88,Registro factura INV-00346,INV-00346,CC-100 Operaciones,Bruno Garcia 02 00001101
229,2026-05-24,2100,Cuentas por pagar,0.00,20229.24,Registro factura INV-00101,INV-00101,CC-100 Operaciones,Carla Soto 03 00001101
230,2026-05-14,2100,Cuentas por pagar,37868.20,0.00,Pago factura INV-00005,INV-00005,CC-100 Operaciones,Bruno Garcia 02 00001101
231,2026-02-27,2100,Cuentas por pagar,50732.60,0.00,Pago factura INV-00015,INV-00015,CC-100 Operaciones,Bruno Garcia 02 00001101
232,2026-02-08,1020,Bancos,0.00,68440.00,Pago factura INV-00313,INV-00313,CC-100 Operaciones,Bruno Garcia 02 00001101
233,2026-02-25,1180,IVA acreditable,8204.80,0.00,Registro factura INV-00318,INV-00318,CC-100 Operaciones,Elena Mora 05 00001101
234,2026-02-07,2100,Cuentas por pagar,0.00,24042.16,Registro factura INV-00269,INV-00269,CC-100 Operaciones,Ana Ruiz 01 00001101
235,2026-04-01,5000,Gastos operativos,28081.00,0.00,Registro factura INV-00332,INV-00332,CC-100 Operaciones,Bruno Garcia 02 00001101
236,2026-05-28,5000,Gastos operativos,83560.00,0.00,Registro factura INV-00341,INV-00341,CC-100 Operaciones,Carla Soto 09 00001101
237,2026-05-19,2100,Cuentas por pagar,0.00,92521.60,Registro factura INV-00217,INV-00217,CC-100 Operaciones,Bruno Garcia 02 00001101
238,2026-03-27,2100,Cuentas por pagar,85726.32,0.00,Pago factura INV-00343,INV-00343,CC-100 Operaciones,Bruno Garcia 02 00001101
239,2026-03-06,2100,Cuentas por pagar,0.00,17221.36,Registro factura INV-00192,INV-00192,CC-100 Operaciones,Bruno Garcia 02 00001101
240,2026-04-24,1180,IVA acreditable,9352.16,0.00,Registro factura INV-00305,INV-00305,CC-100 Operaciones,Carla Soto 09 00001101
241,2026-03-18,1180,IVA acreditable,2523.68,0.00,Registro factura INV-00176,INV-00176,CC-100 Operaciones,Diego Luna 10 00001101
242,2026-06-26,1180,IVA acreditable,12904.16,0.00,Registro factura INV-00120,INV-00120,CC-100 Operaciones,Bruno Garcia 08 00001101
243,2026-04-24,1020,Bancos,0.00,69793.72,Pago factura INV-00280,INV-00280,CC-100 Operaciones,Bruno Garcia 02 00001101
244,2026-02-06,5000,Gastos operativos,83929.00,0.00,Registro factura INV-00288,INV-00288,CC-100 Operaciones,Diego Luna 04 00001101
245,2026-06-26,2100,Cuentas por pagar,78591.16,0.00,Pago factura INV-00226,INV-00226,CC-100 Operaciones,Bruno Garcia 02 00001101
246,2026-04-24,2100,Cuentas por pagar,96906.40,0.00,Pago factura INV-00189,INV-00189,CC-100 Operaciones,Bruno Garcia 02 00001101
247,2026-04-09,2100,Cuentas por pagar,31410.48,0.00,Pago factura INV-00292,INV-00292,CC-100 Operaciones,Bruno Garcia 02 00001101
248,2026-04-13,1020,Bancos,0.00,38624.52,Pago factura INV-00253,INV-00253,CC-100 Operaciones,Bruno Garcia 02 00001101
249,2026-04-17,5000,Gastos operativos,65528.00,0.00,Registro factura INV-00243,INV-00243,CC-100 Operaciones,Diego Luna 04 00001101
250,2026-04-06,1020,Bancos,0.00,36642.08,Pago factura INV-00158,INV-00158,CC-100 Operaciones,Bruno Garcia 02 00001101
251,2026-03-28,1180,IVA acreditable,3338.56,0.00,Registro factura INV-00186,INV-00186,CC-100 Operaciones,Fabian Rios 06 00001101
252,2026-02-23,2100,Cuentas por pagar,0.00,21896.16,Registro factura INV-00325,INV-00325,CC-100 Operaciones,Ana Ruiz 01 00001101
253,2026-05-20,2100,Cuentas por pagar,47317.56,0.00,Pago factura INV-00228,INV-00228,CC-100 Operaciones,Bruno Garcia 02 00001101
254,2026-03-30,5000,Gastos operativos,47814.00,0.00,Registro factura INV-00322,INV-00322,CC-100 Operaciones,Diego Luna 10 00001101
255,2026-01-21,2100,Cuentas por pagar,89314.20,0.00,Pago factura INV-00320,INV-00320,CC-100 Operaciones,Bruno Garcia 02 00001101
256,2026-04-27,1020,Bancos,0.00,76138.92,Pago factura INV-00126,INV-00126,CC-100 Operaciones,Bruno Garcia 02 00001101
257,2026-05-31,5000,Gastos operativos,18012.00,0.00,Registro factura INV-00040,INV-00040,CC-100 Operaciones,Bruno Garcia 08 00001101
258,2026-02-12,1180,IVA acreditable,4707.36,0.00,Registro factura INV-00195,INV-00195,CC-100 Operaciones,Diego Luna 10 00001101
259,2026-04-05,5000,Gastos operativos,44768.00,0.00,Registro factura INV-00068,INV-00068,CC-100 Operaciones,Ana Ruiz 01 00001101
260,2026-05-03,5000,Gastos operativos,58393.00,0.00,Registro factura INV-00284,INV-00284,CC-100 Operaciones,Bruno Garcia 08 00001101
261,2026-05-15,5000,Gastos operativos,43484.00,0.00,Registro factura INV-00058,INV-00058,CC-100 Operaciones,Fabian Rios 06 00001101
262,2026-02-28,2100,Cuentas por pagar,83057.16,0.00,Pago factura INV-00175,INV-00175,CC-100 Operaciones,Bruno Garcia 02 00001101
263,2026-05-01,5000,Gastos operativos,32328.00,0.00,Registro factura INV-00045,INV-00045,CC-100 Operaciones,Diego Luna 04 00001101
264,2026-06-30,2100,Cuentas por pagar,22397.28,0.00,Pago factura INV-00267,INV-00267,CC-100 Operaciones,Bruno Garcia 02 00001101
265,2026-03-12,2100,Cuentas por pagar,0.00,72900.20,Registro factura INV-00145,INV-00145,CC-100 Operaciones,Diego Luna 04 00001101
266,2026-05-14,2100,Cuentas por pagar,0.00,48498.44,Registro factura INV-00255,INV-00255,CC-100 Operaciones,Carla Soto 09 00001101
267,2026-02-09,2100,Cuentas por pagar,105454.44,0.00,Pago factura INV-00199,INV-00199,CC-100 Operaciones,Bruno Garcia 02 00001101
268,2026-05-19,1180,IVA acreditable,12761.60,0.00,Registro factura INV-00217,INV-00217,CC-100 Operaciones,Bruno Garcia 02 00001101
269,2026-04-02,1180,IVA acreditable,10436.00,0.00,Registro factura INV-00180,INV-00180,CC-100 Operaciones,Ana Ruiz 07 00001101
270,2026-06-07,1180,IVA acreditable,2362.56,0.00,Registro factura INV-00286,INV-00286,CC-100 Operaciones,Elena Mora 05 00001101
271,2026-04-16,5000,Gastos operativos,69285.00,0.00,Registro factura INV-00059,INV-00059,CC-100 Operaciones,Carla Soto 09 00001101
272,2026-05-20,1180,IVA acreditable,8177.28,0.00,Registro factura INV-00352,INV-00352,CC-100 Operaciones,Carla Soto 09 00001101
273,2026-03-25,5000,Gastos operativos,37427.00,0.00,Registro factura INV-00154,INV-00154,CC-100 Operaciones,Elena Mora 05 00001101
274,2026-02-03,2100,Cuentas por pagar,0.00,49694.40,Registro factura INV-00191,INV-00191,CC-100 Operaciones,Carla Soto 03 00001101
275,2026-01-31,2100,Cuentas por pagar,21516.84,0.00,Pago factura INV-00036,INV-00036,CC-100 Operaciones,Bruno Garcia 02 00001101
276,2026-01-19,1020,Bancos,0.00,102399.00,Pago factura INV-00241,INV-00241,CC-100 Operaciones,Bruno Garcia 02 00001101
277,2026-05-23,5000,Gastos operativos,21524.00,0.00,Registro factura INV-00112,INV-00112,CC-100 Operaciones,Fabian Rios 06 00001101
278,2026-05-19,2100,Cuentas por pagar,0.00,14128.80,Registro factura INV-00157,INV-00157,CC-100 Operaciones,Diego Luna 10 00001101
279,2026-02-23,1180,IVA acreditable,3020.16,0.00,Registro factura INV-00325,INV-00325,CC-100 Operaciones,Ana Ruiz 01 00001101
280,2026-03-07,2100,Cuentas por pagar,77388.24,0.00,Pago factura INV-00244,INV-00244,CC-100 Operaciones,Bruno Garcia 02 00001101
281,2026-04-06,2100,Cuentas por pagar,36642.08,0.00,Pago factura INV-00158,INV-00158,CC-100 Operaciones,Bruno Garcia 02 00001101
282,2026-04-12,2100,Cuentas por pagar,0.00,71312.16,Registro factura INV-00067,INV-00067,CC-100 Operaciones,Ana Ruiz 01 00001101
283,2026-05-06,2100,Cuentas por pagar,72904.84,0.00,Pago factura INV-00002,INV-00002,CC-100 Operaciones,Bruno Garcia 02 00001101
284,2026-04-13,5000,Gastos operativos,63268.00,0.00,Registro factura INV-00261,INV-00261,CC-100 Operaciones,Bruno Garcia 08 00001101
285,2026-05-27,5000,Gastos operativos,88013.00,0.00,Registro factura INV-00296,INV-00296,CC-100 Operaciones,Bruno Garcia 02 00001101
286,2026-03-06,5000,Gastos operativos,32442.00,0.00,Registro factura INV-00326,INV-00326,CC-100 Operaciones,Diego Luna 04 00001101
287,2026-02-01,2100,Cuentas por pagar,102975.52,0.00,Pago factura INV-00358,INV-00358,CC-100 Operaciones,Bruno Garcia 02 00001101
288,2026-02-16,2100,Cuentas por pagar,0.00,31048.56,Registro factura INV-00052,INV-00052,CC-100 Operaciones,Bruno Garcia 08 00001101
289,2026-04-16,1180,IVA acreditable,2059.52,0.00,Registro factura INV-00299,INV-00299,CC-100 Operaciones,Ana Ruiz 07 00001101
290,2026-03-27,1020,Bancos,0.00,85726.32,Pago factura INV-00343,INV-00343,CC-100 Operaciones,Bruno Garcia 02 00001101
291,2026-04-24,2100,Cuentas por pagar,0.00,108199.00,Registro factura INV-00177,INV-00177,CC-100 Operaciones,Ana Ruiz 01 00001101
292,2026-03-06,1020,Bancos,0.00,32047.32,Pago factura INV-00017,INV-00017,CC-100 Operaciones,Bruno Garcia 02 00001101
293,2026-02-06,1180,IVA acreditable,13428.64,0.00,Registro factura INV-00288,INV-00288,CC-100 Operaciones,Diego Luna 04 00001101
294,2026-04-24,1020,Bancos,0.00,96906.40,Pago factura INV-00189,INV-00189,CC-100 Operaciones,Bruno Garcia 02 00001101
295,2026-06-28,2100,Cuentas por pagar,0.00,58741.24,Registro factura INV-00289,INV-00289,CC-100 Operaciones,Bruno Garcia 08 00001101
296,2026-06-27,1180,IVA acreditable,10835.68,0.00,Registro factura INV-00329,INV-00329,CC-100 Operaciones,Ana Ruiz 01 00001101
297,2026-02-24,1180,IVA acreditable,9736.00,0.00,Registro factura INV-00249,INV-00249,CC-100 Operaciones,Bruno Garcia 08 00001101
298,2026-02-12,2100,Cuentas por pagar,99563.96,0.00,Pago factura INV-00162,INV-00162,CC-100 Operaciones,Bruno Garcia 02 00001101
299,2026-03-12,1020,Bancos,0.00,23488.84,Pago factura INV-00314,INV-00314,CC-100 Operaciones,Bruno Garcia 02 00001101
300,2026-02-14,1180,IVA acreditable,12249.44,0.00,Registro factura INV-00018,INV-00018,CC-100 Operaciones,Fabian Rios 06 00001101
301,2026-06-22,2100,Cuentas por pagar,40891.16,0.00,Pago factura INV-00053,INV-00053,CC-100 Operaciones,Bruno Garcia 02 00001101
302,2026-04-16,2100,Cuentas por pagar,26131.32,0.00,Pago factura INV-00130,INV-00130,CC-100 Operaciones,Bruno Garcia 02 00001101
303,2026-03-05,2100,Cuentas por pagar,0.00,36332.36,Registro factura INV-00076,INV-00076,CC-100 Operaciones,Fabian Rios 06 00001101
304,2026-02-28,5000,Gastos operativos,63515.00,0.00,Registro factura INV-00084,INV-00084,CC-100 Operaciones,Fabian Rios 06 00001101
305,2026-03-08,5000,Gastos operativos,78144.00,0.00,Registro factura INV-00202,INV-00202,CC-100 Operaciones,Bruno Garcia 08 00001101
306,2026-04-26,1180,IVA acreditable,10055.84,0.00,Registro factura INV-00002,INV-00002,CC-100 Operaciones,Carla Soto 03 00001101
307,2026-06-07,2100,Cuentas por pagar,0.00,17128.56,Registro factura INV-00286,INV-00286,CC-100 Operaciones,Elena Mora 05 00001101
308,2026-03-06,1020,Bancos,0.00,70586.00,Pago factura INV-00249,INV-00249,CC-100 Operaciones,Bruno Garcia 02 00001101
309,2026-05-10,1180,IVA acreditable,4287.84,0.00,Registro factura INV-00275,INV-00275,CC-100 Operaciones,Carla Soto 03 00001101
310,2026-06-30,1020,Bancos,0.00,107493.72,Pago factura INV-00060,INV-00060,CC-100 Operaciones,Bruno Garcia 02 00001101
311,2026-03-27,1180,IVA acreditable,13209.60,0.00,Registro factura INV-00361,INV-00361,CC-100 Operaciones,Carla Soto 09 00001101
312,2026-02-27,1180,IVA acreditable,13245.44,0.00,Registro factura INV-00064,INV-00064,CC-100 Operaciones,Carla Soto 09 00001101
313,2026-05-26,1180,IVA acreditable,6276.64,0.00,Registro factura INV-00042,INV-00042,CC-100 Operaciones,Elena Mora 05 00001101
314,2026-05-05,1180,IVA acreditable,7162.88,0.00,Registro factura INV-00250,INV-00250,CC-100 Operaciones,Bruno Garcia 02 00001101
315,2026-01-12,5000,Gastos operativos,33845.00,0.00,Registro factura INV-00188,INV-00188,CC-100 Operaciones,Carla Soto 03 00001101
316,2026-04-01,5000,Gastos operativos,78314.00,0.00,Registro factura INV-00111,INV-00111,CC-100 Operaciones,Diego Luna 10 00001101
317,2026-01-30,1020,Bancos,0.00,42295.92,Pago factura INV-00062,INV-00062,CC-100 Operaciones,Bruno Garcia 02 00001101
318,2026-05-24,1180,IVA acreditable,2790.24,0.00,Registro factura INV-00101,INV-00101,CC-100 Operaciones,Carla Soto 03 00001101
319,2026-05-17,2100,Cuentas por pagar,47047.28,0.00,Pago factura INV-00201,INV-00201,CC-100 Operaciones,Bruno Garcia 02 00001101
320,2026-04-27,1180,IVA acreditable,7550.88,0.00,Registro factura INV-00212,INV-00212,CC-100 Operaciones,Bruno Garcia 08 00001101
321,2026-04-30,2100,Cuentas por pagar,79135.20,0.00,Pago factura INV-00207,INV-00207,CC-100 Operaciones,Bruno Garcia 02 00001101
322,2026-04-10,1020,Bancos,0.00,18809.40,Pago factura INV-00137,INV-00137,CC-100 Operaciones,Bruno Garcia 02 00001101
323,2026-04-15,2100,Cuentas por pagar,27084.84,0.00,Pago factura INV-00291,INV-00291,CC-100 Operaciones,Bruno Garcia 02 00001101
324,2026-01-29,2100,Cuentas por pagar,0.00,68440.00,Registro factura INV-00313,INV-00313,CC-100 Operaciones,Bruno Garcia 02 00001101
325,2026-03-03,2100,Cuentas por pagar,0.00,105120.36,Registro factura INV-00047,INV-00047,CC-100 Operaciones,Carla Soto 03 00001101
326,2026-03-30,2100,Cuentas por pagar,22345.08,0.00,Pago factura INV-00283,INV-00283,CC-100 Operaciones,Bruno Garcia 02 00001101
327,2026-06-10,5000,Gastos operativos,61935.00,0.00,Registro factura INV-00316,INV-00316,CC-100 Operaciones,Bruno Garcia 02 00001101
328,2026-03-14,5000,Gastos operativos,87365.00,0.00,Registro factura INV-00300,INV-00300,CC-100 Operaciones,Fabian Rios 06 00001101
329,2026-01-16,2100,Cuentas por pagar,0.00,40492.12,Registro factura INV-00134,INV-00134,CC-100 Operaciones,Ana Ruiz 07 00001101
330,2026-02-02,2100,Cuentas por pagar,0.00,99563.96,Registro factura INV-00162,INV-00162,CC-100 Operaciones,Fabian Rios 06 00001101
331,2026-01-28,5000,Gastos operativos,38220.00,0.00,Registro factura INV-00027,INV-00027,CC-100 Operaciones,Carla Soto 03 00001101
332,2026-04-16,1020,Bancos,0.00,26131.32,Pago factura INV-00130,INV-00130,CC-100 Operaciones,Bruno Garcia 02 00001101
333,2026-06-17,2100,Cuentas por pagar,0.00,103179.68,Registro factura INV-00237,INV-00237,CC-100 Operaciones,Carla Soto 09 00001101
334,2026-04-27,2100,Cuentas por pagar,76138.92,0.00,Pago factura INV-00126,INV-00126,CC-100 Operaciones,Bruno Garcia 02 00001101
335,2026-05-07,1180,IVA acreditable,13976.64,0.00,Registro factura INV-00091,INV-00091,CC-100 Operaciones,Bruno Garcia 02 00001101
336,2026-04-03,2100,Cuentas por pagar,29165.88,0.00,Pago factura INV-00334,INV-00334,CC-100 Operaciones,Bruno Garcia 02 00001101
337,2026-04-29,2100,Cuentas por pagar,0.00,36767.36,Registro factura INV-00044,INV-00044,CC-100 Operaciones,Diego Luna 10 00001101
338,2026-01-23,1020,Bancos,0.00,13798.44,Pago factura INV-00038,INV-00038,CC-100 Operaciones,Bruno Garcia 02 00001101
339,2026-04-19,2100,Cuentas por pagar,0.00,32223.64,Registro factura INV-00282,INV-00282,CC-100 Operaciones,Bruno Garcia 08 00001101
340,2026-04-01,2100,Cuentas por pagar,90251.48,0.00,Pago factura INV-00215,INV-00215,CC-100 Operaciones,Bruno Garcia 02 00001101
341,2026-04-23,2100,Cuentas por pagar,73390.88,0.00,Pago factura INV-00261,INV-00261,CC-100 Operaciones,Bruno Garcia 02 00001101
342,2026-06-12,1020,Bancos,0.00,60616.96,Pago factura INV-00213,INV-00213,CC-100 Operaciones,Bruno Garcia 02 00001101
343,2026-01-18,2100,Cuentas por pagar,0.00,18192.28,Registro factura INV-00132,INV-00132,CC-100 Operaciones,Carla Soto 09 00001101
344,2026-04-05,1180,IVA acreditable,7162.88,0.00,Registro factura INV-00068,INV-00068,CC-100 Operaciones,Ana Ruiz 01 00001101
345,2026-03-25,1180,IVA acreditable,5988.32,0.00,Registro factura INV-00154,INV-00154,CC-100 Operaciones,Elena Mora 05 00001101
346,2026-06-28,1020,Bancos,0.00,72357.32,Pago factura INV-00087,INV-00087,CC-100 Operaciones,Bruno Garcia 02 00001101
347,2026-06-08,1180,IVA acreditable,11590.56,0.00,Registro factura INV-00330,INV-00330,CC-100 Operaciones,Diego Luna 10 00001101
348,2026-03-27,5000,Gastos operativos,82560.00,0.00,Registro factura INV-00361,INV-00361,CC-100 Operaciones,Carla Soto 09 00001101
349,2026-06-17,5000,Gastos operativos,62051.00,0.00,Registro factura INV-00098,INV-00098,CC-100 Operaciones,Ana Ruiz 07 00001101
350,2026-05-26,2100,Cuentas por pagar,0.00,45505.64,Registro factura INV-00042,INV-00042,CC-100 Operaciones,Elena Mora 05 00001101
351,2026-06-20,2100,Cuentas por pagar,71844.60,0.00,Pago factura INV-00316,INV-00316,CC-100 Operaciones,Bruno Garcia 02 00001101
352,2026-01-26,1020,Bancos,0.00,40492.12,Pago factura INV-00134,INV-00134,CC-100 Operaciones,Bruno Garcia 02 00001101
353,2026-03-19,2100,Cuentas por pagar,40644.08,0.00,Pago factura INV-00035,INV-00035,CC-100 Operaciones,Bruno Garcia 02 00001101
354,2026-03-28,1020,Bancos,0.00,96167.48,Pago factura INV-00357,INV-00357,CC-100 Operaciones,Bruno Garcia 02 00001101
355,2026-06-21,5000,Gastos operativos,73869.00,0.00,Registro factura INV-00020,INV-00020,CC-100 Operaciones,Carla Soto 03 00001101
356,2026-06-01,2100,Cuentas por pagar,0.00,31745.72,Registro factura INV-00079,INV-00079,CC-100 Operaciones,Carla Soto 03 00001101
357,2026-05-22,5000,Gastos operativos,47637.00,0.00,Registro factura INV-00168,INV-00168,CC-100 Operaciones,Carla Soto 09 00001101
358,2026-02-01,5000,Gastos operativos,65230.00,0.00,Registro factura INV-00355,INV-00355,CC-100 Operaciones,Ana Ruiz 01 00001101
359,2026-01-16,1180,IVA acreditable,13490.08,0.00,Registro factura INV-00153,INV-00153,CC-100 Operaciones,Carla Soto 09 00001101
360,2026-02-10,2100,Cuentas por pagar,72292.36,0.00,Pago factura INV-00298,INV-00298,CC-100 Operaciones,Bruno Garcia 02 00001101
361,2026-06-27,1020,Bancos,0.00,103179.68,Pago factura INV-00237,INV-00237,CC-100 Operaciones,Bruno Garcia 02 00001101
362,2026-01-27,2100,Cuentas por pagar,73387.40,0.00,Pago factura INV-00184,INV-00184,CC-100 Operaciones,Bruno Garcia 02 00001101
363,2026-06-04,2100,Cuentas por pagar,0.00,85043.08,Registro factura INV-00011,INV-00011,CC-100 Operaciones,Diego Luna 04 00001101
364,2026-03-15,2100,Cuentas por pagar,0.00,73694.80,Registro factura INV-00185,INV-00185,CC-100 Operaciones,Carla Soto 03 00001101
365,2026-06-06,1020,Bancos,0.00,102095.08,Pago factura INV-00296,INV-00296,CC-100 Operaciones,Bruno Garcia 02 00001101
366,2026-02-26,5000,Gastos operativos,37571.00,0.00,Registro factura INV-00230,INV-00230,CC-100 Operaciones,Diego Luna 10 00001101
367,2026-01-05,5000,Gastos operativos,29738.00,0.00,Registro factura INV-00038,INV-00038,CC-100 Operaciones,Bruno Garcia 02 00001101
368,2026-05-06,1020,Bancos,0.00,72904.84,Pago factura INV-00002,INV-00002,CC-100 Operaciones,Bruno Garcia 02 00001101
369,2026-02-06,1180,IVA acreditable,8539.04,0.00,Registro factura INV-00268,INV-00268,CC-100 Operaciones,Bruno Garcia 02 00001101
370,2026-04-21,5000,Gastos operativos,48299.00,0.00,Registro factura INV-00147,INV-00147,CC-100 Operaciones,Diego Luna 10 00001101
371,2026-03-13,2100,Cuentas por pagar,105120.36,0.00,Pago factura INV-00047,INV-00047,CC-100 Operaciones,Bruno Garcia 02 00001101
372,2026-01-21,5000,Gastos operativos,72652.00,0.00,Registro factura INV-00119,INV-00119,CC-100 Operaciones,Bruno Garcia 08 00001101
373,2026-05-12,5000,Gastos operativos,57263.00,0.00,Registro factura INV-00160,INV-00160,CC-100 Operaciones,Elena Mora 05 00001101
374,2026-05-15,2100,Cuentas por pagar,0.00,50441.44,Registro factura INV-00058,INV-00058,CC-100 Operaciones,Fabian Rios 06 00001101
375,2026-06-02,5000,Gastos operativos,58368.00,0.00,Registro factura INV-00117,INV-00117,CC-100 Operaciones,Bruno Garcia 02 00001101
376,2026-06-11,2100,Cuentas por pagar,0.00,28533.68,Registro factura INV-00127,INV-00127,CC-100 Operaciones,Ana Ruiz 01 00001101
377,2026-06-28,2100,Cuentas por pagar,0.00,28877.04,Registro factura INV-00123,INV-00123,CC-100 Operaciones,Diego Luna 10 00001101
378,2026-02-03,5000,Gastos operativos,72246.00,0.00,Registro factura INV-00089,INV-00089,CC-100 Operaciones,Elena Mora 05 00001101
379,2026-05-15,2100,Cuentas por pagar,57573.12,0.00,Pago factura INV-00248,INV-00248,CC-100 Operaciones,Bruno Garcia 02 00001101
380,2026-04-22,1180,IVA acreditable,11065.44,0.00,Registro factura INV-00155,INV-00155,CC-100 Operaciones,Ana Ruiz 07 00001101
381,2026-02-05,5000,Gastos operativos,44768.00,0.00,Registro factura INV-00277,INV-00277,CC-100 Operaciones,Carla Soto 09 00001101
382,2026-05-07,1020,Bancos,0.00,51637.40,Pago factura INV-00156,INV-00156,CC-100 Operaciones,Bruno Garcia 02 00001101
383,2026-02-28,1180,IVA acreditable,10162.40,0.00,Registro factura INV-00084,INV-00084,CC-100 Operaciones,Fabian Rios 06 00001101
384,2026-02-03,1020,Bancos,0.00,108659.52,Pago factura INV-00028,INV-00028,CC-100 Operaciones,Bruno Garcia 02 00001101
385,2026-02-09,5000,Gastos operativos,60077.00,0.00,Registro factura INV-00008,INV-00008,CC-100 Operaciones,Carla Soto 03 00001101
386,2026-04-02,1020,Bancos,0.00,57365.48,Pago factura INV-00013,INV-00013,CC-100 Operaciones,Bruno Garcia 02 00001101
387,2026-05-10,5000,Gastos operativos,40791.00,0.00,Registro factura INV-00228,INV-00228,CC-100 Operaciones,Ana Ruiz 01 00001101
388,2026-03-27,2100,Cuentas por pagar,0.00,36642.08,Registro factura INV-00158,INV-00158,CC-100 Operaciones,Ana Ruiz 07 00001101
389,2026-06-30,1020,Bancos,0.00,92405.60,Pago factura INV-00285,INV-00285,CC-100 Operaciones,Bruno Garcia 02 00001101
390,2026-01-12,5000,Gastos operativos,72344.00,0.00,Registro factura INV-00125,INV-00125,CC-100 Operaciones,Ana Ruiz 01 00001101
391,2026-02-20,5000,Gastos operativos,90249.00,0.00,Registro factura INV-00204,INV-00204,CC-100 Operaciones,Bruno Garcia 02 00001101
392,2026-04-24,5000,Gastos operativos,58451.00,0.00,Registro factura INV-00305,INV-00305,CC-100 Operaciones,Carla Soto 09 00001101
393,2026-03-30,5000,Gastos operativos,27078.00,0.00,Registro factura INV-00292,INV-00292,CC-100 Operaciones,Bruno Garcia 08 00001101
394,2026-02-25,1020,Bancos,71340.00,0.00,Cobro factura INV-00203,INV-00203,CC-100 Operaciones,Bruno Garcia 02 00001101
395,2026-03-08,2100,Cuentas por pagar,0.00,50710.56,Registro factura INV-00218,INV-00218,CC-100 Operaciones,Fabian Rios 06 00001101
396,2026-02-01,2100,Cuentas por pagar,0.00,41192.76,Registro factura INV-00031,INV-00031,CC-100 Operaciones,Carla Soto 09 00001101
397,2026-06-20,1180,IVA acreditable,8832.64,0.00,Registro factura INV-00144,INV-00144,CC-100 Operaciones,Fabian Rios 06 00001101
398,2026-06-15,1180,IVA acreditable,13239.36,0.00,Registro factura INV-00263,INV-00263,CC-100 Operaciones,Elena Mora 05 00001101
399,2026-05-04,1180,IVA acreditable,12560.00,0.00,Registro factura INV-00301,INV-00301,CC-100 Operaciones,Carla Soto 03 00001101
400,2026-03-25,5000,Gastos operativos,93586.00,0.00,Registro factura INV-00210,INV-00210,CC-100 Operaciones,Ana Ruiz 07 00001101
401,2026-06-18,5000,Gastos operativos,62377.00,0.00,Registro factura INV-00087,INV-00087,CC-100 Operaciones,Fabian Rios 06 00001101
402,2026-05-03,5000,Gastos operativos,92764.00,0.00,Registro factura INV-00294,INV-00294,CC-100 Operaciones,Fabian Rios 06 00001101
403,2026-06-09,2100,Cuentas por pagar,0.00,63570.32,Registro factura INV-00308,INV-00308,CC-100 Operaciones,Ana Ruiz 07 00001101
404,2026-04-04,2100,Cuentas por pagar,0.00,36745.32,Registro factura INV-00159,INV-00159,CC-100 Operaciones,Carla Soto 09 00001101
405,2026-05-21,2100,Cuentas por pagar,30721.44,0.00,Pago factura INV-00315,INV-00315,CC-100 Operaciones,Bruno Garcia 02 00001101
406,2026-01-20,1020,Bancos,0.00,42981.48,Pago factura INV-00220,INV-00220,CC-100 Operaciones,Bruno Garcia 02 00001101
407,2026-03-10,2100,Cuentas por pagar,0.00,83480.56,Registro factura INV-00345,INV-00345,CC-100 Operaciones,Diego Luna 10 00001101
408,2026-04-22,5000,Gastos operativos,69159.00,0.00,Registro factura INV-00155,INV-00155,CC-100 Operaciones,Ana Ruiz 07 00001101
409,2026-05-11,2100,Cuentas por pagar,0.00,95769.60,Registro factura INV-00258,INV-00258,CC-100 Operaciones,Bruno Garcia 08 00001101
410,2026-03-02,2100,Cuentas por pagar,0.00,23488.84,Registro factura INV-00314,INV-00314,CC-100 Operaciones,Fabian Rios 06 00001101
411,2026-01-27,1180,IVA acreditable,7973.60,0.00,Registro factura INV-00211,INV-00211,CC-100 Operaciones,Diego Luna 10 00001101
412,2026-04-30,5000,Gastos operativos,71721.00,0.00,Registro factura INV-00139,INV-00139,CC-100 Operaciones,Carla Soto 09 00001101
413,2026-05-13,1020,Bancos,0.00,67735.88,Pago factura INV-00284,INV-00284,CC-100 Operaciones,Bruno Garcia 02 00001101
414,2026-05-25,1180,IVA acreditable,9654.88,0.00,Registro factura INV-00106,INV-00106,CC-100 Operaciones,Bruno Garcia 08 00001101
415,2026-03-14,1180,IVA acreditable,13978.40,0.00,Registro factura INV-00300,INV-00300,CC-100 Operaciones,Fabian Rios 06 00001101
416,2026-01-19,5000,Gastos operativos,71777.00,0.00,Registro factura INV-00095,INV-00095,CC-100 Operaciones,Bruno Garcia 08 00001101
417,2026-04-23,1180,IVA acreditable,5132.64,0.00,Registro factura INV-00264,INV-00264,CC-100 Operaciones,Diego Luna 04 00001101
418,2026-03-31,1020,Bancos,0.00,74801.44,Pago factura INV-00231,INV-00231,CC-100 Operaciones,Bruno Garcia 02 00001101
419,2026-06-30,1020,Bancos,0.00,28877.04,Pago factura INV-00123,INV-00123,CC-100 Operaciones,Bruno Garcia 02 00001101
420,2026-02-07,1180,IVA acreditable,3316.16,0.00,Registro factura INV-00269,INV-00269,CC-100 Operaciones,Ana Ruiz 01 00001101
421,2026-01-12,2100,Cuentas por pagar,21799.41,0.00,Pago factura INV-00014,INV-00014,CC-100 Operaciones,Bruno Garcia 02 00001101
422,2026-06-15,5000,Gastos operativos,82746.00,0.00,Registro factura INV-00263,INV-00263,CC-100 Operaciones,Elena Mora 05 00001101
423,2026-06-25,1020,Bancos,0.00,95985.36,Pago factura INV-00263,INV-00263,CC-100 Operaciones,Bruno Garcia 02 00001101
424,2026-04-30,1180,IVA acreditable,11475.36,0.00,Registro factura INV-00139,INV-00139,CC-100 Operaciones,Carla Soto 09 00001101
425,2026-01-12,1020,Bancos,0.00,21799.41,Pago factura INV-00014,INV-00014,CC-100 Operaciones,Bruno Garcia 02 00001101
426,2026-01-29,1020,Bancos,0.00,101321.36,Pago factura INV-00197,INV-00197,CC-100 Operaciones,Bruno Garcia 02 00001101
427,2026-02-25,2100,Cuentas por pagar,45505.64,0.00,Pago factura INV-00133,INV-00133,CC-100 Operaciones,Bruno Garcia 02 00001101
428,2026-04-15,2100,Cuentas por pagar,67123.40,0.00,Pago factura INV-00138,INV-00138,CC-100 Operaciones,Bruno Garcia 02 00001101
429,2026-01-05,2100,Cuentas por pagar,0.00,36332.36,Registro factura INV-00014,INV-00014,CC-100 Operaciones,Diego Luna 04 00001101
430,2026-03-26,2100,Cuentas por pagar,0.00,50919.36,Registro factura INV-00024,INV-00024,CC-100 Operaciones,Bruno Garcia 02 00001101
431,2026-05-12,2100,Cuentas por pagar,31158.52,0.00,Pago factura INV-00250,INV-00250,CC-100 Operaciones,Bruno Garcia 02 00001101
432,2026-02-28,1020,Bancos,0.00,83057.16,Pago factura INV-00175,INV-00175,CC-100 Operaciones,Bruno Garcia 02 00001101
433,2026-04-06,1180,IVA acreditable,3604.32,0.00,Registro factura INV-00130,INV-00130,CC-100 Operaciones,Elena Mora 05 00001101
434,2026-01-05,5000,Gastos operativos,31321.00,0.00,Registro factura INV-00014,INV-00014,CC-100 Operaciones,Diego Luna 04 00001101
435,2026-05-07,2100,Cuentas por pagar,0.00,101330.64,Registro factura INV-00091,INV-00091,CC-100 Operaciones,Bruno Garcia 02 00001101
436,2026-06-25,2100,Cuentas por pagar,0.00,107493.72,Registro factura INV-00060,INV-00060,CC-100 Operaciones,Carla Soto 09 00001101
437,2026-01-20,2100,Cuentas por pagar,0.00,46804.84,Registro factura INV-00046,INV-00046,CC-100 Operaciones,Ana Ruiz 01 00001101
438,2026-05-25,2100,Cuentas por pagar,50441.44,0.00,Pago factura INV-00058,INV-00058,CC-100 Operaciones,Bruno Garcia 02 00001101
439,2026-03-14,2100,Cuentas por pagar,55475.84,0.00,Pago factura INV-00321,INV-00321,CC-100 Operaciones,Bruno Garcia 02 00001101
440,2026-04-28,5000,Gastos operativos,52938.00,0.00,Registro factura INV-00167,INV-00167,CC-100 Operaciones,Ana Ruiz 07 00001101
441,2026-06-12,1180,IVA acreditable,5640.16,0.00,Registro factura INV-00053,INV-00053,CC-100 Operaciones,Fabian Rios 06 00001101
442,2026-05-22,5000,Gastos operativos,18685.00,0.00,Registro factura INV-00324,INV-00324,CC-100 Operaciones,Ana Ruiz 01 00001101
443,2026-05-07,2100,Cuentas por pagar,54743.88,0.00,Pago factura INV-00212,INV-00212,CC-100 Operaciones,Bruno Garcia 02 00001101
444,2026-04-11,1020,Bancos,0.00,90844.24,Pago factura INV-00111,INV-00111,CC-100 Operaciones,Bruno Garcia 02 00001101
445,2026-05-27,2100,Cuentas por pagar,28538.32,0.00,Pago factura INV-00065,INV-00065,CC-100 Operaciones,Bruno Garcia 02 00001101
446,2026-06-05,5000,Gastos operativos,29738.00,0.00,Registro factura INV-00273,INV-00273,CC-100 Operaciones,Ana Ruiz 07 00001101
447,2026-03-26,2100,Cuentas por pagar,99233.36,0.00,Pago factura INV-00219,INV-00219,CC-100 Operaciones,Bruno Garcia 02 00001101
448,2026-02-27,5000,Gastos operativos,82784.00,0.00,Registro factura INV-00064,INV-00064,CC-100 Operaciones,Carla Soto 09 00001101
449,2026-03-27,5000,Gastos operativos,31588.00,0.00,Registro factura INV-00158,INV-00158,CC-100 Operaciones,Ana Ruiz 07 00001101
450,2026-01-19,2100,Cuentas por pagar,69149.92,0.00,Pago factura INV-00169,INV-00169,CC-100 Operaciones,Bruno Garcia 02 00001101
451,2026-01-14,2100,Cuentas por pagar,0.00,49889.28,Registro factura INV-00149,INV-00149,CC-100 Operaciones,Elena Mora 05 00001101
452,2026-05-05,1020,Bancos,0.00,57698.40,Pago factura INV-00029,INV-00029,CC-100 Operaciones,Bruno Garcia 02 00001101
453,2026-05-10,5000,Gastos operativos,26799.00,0.00,Registro factura INV-00275,INV-00275,CC-100 Operaciones,Carla Soto 03 00001101
454,2026-05-27,1180,IVA acreditable,6613.60,0.00,Registro factura INV-00057,INV-00057,CC-100 Operaciones,Diego Luna 04 00001101
455,2026-03-15,5000,Gastos operativos,52332.00,0.00,Registro factura INV-00242,INV-00242,CC-100 Operaciones,Ana Ruiz 01 00001101
456,2026-03-05,5000,Gastos operativos,43490.00,0.00,Registro factura INV-00256,INV-00256,CC-100 Operaciones,Ana Ruiz 07 00001101
457,2026-04-19,1180,IVA acreditable,4444.64,0.00,Registro factura INV-00282,INV-00282,CC-100 Operaciones,Bruno Garcia 08 00001101
458,2026-06-30,2100,Cuentas por pagar,53292.72,0.00,Pago factura INV-00109,INV-00109,CC-100 Operaciones,Bruno Garcia 02 00001101
459,2026-01-16,2100,Cuentas por pagar,0.00,97803.08,Registro factura INV-00153,INV-00153,CC-100 Operaciones,Carla Soto 09 00001101
460,2026-03-05,1180,IVA acreditable,5011.36,0.00,Registro factura INV-00076,INV-00076,CC-100 Operaciones,Fabian Rios 06 00001101
461,2026-03-08,2100,Cuentas por pagar,43582.36,0.00,Pago factura INV-00230,INV-00230,CC-100 Operaciones,Bruno Garcia 02 00001101
462,2026-03-12,2100,Cuentas por pagar,23488.84,0.00,Pago factura INV-00314,INV-00314,CC-100 Operaciones,Bruno Garcia 02 00001101
463,2026-05-02,2100,Cuentas por pagar,80224.44,0.00,Pago factura INV-00155,INV-00155,CC-100 Operaciones,Bruno Garcia 02 00001101
464,2026-02-11,2100,Cuentas por pagar,0.00,37869.36,Registro factura INV-00051,INV-00051,CC-100 Operaciones,Carla Soto 03 00001101
465,2026-06-30,1020,Bancos,0.00,100474.56,Pago factura INV-00026,INV-00026,CC-100 Operaciones,Bruno Garcia 02 00001101
466,2026-04-10,2100,Cuentas por pagar,0.00,43947.76,Registro factura INV-00328,INV-00328,CC-100 Operaciones,Ana Ruiz 01 00001101
467,2026-05-05,1180,IVA acreditable,7941.12,0.00,Registro factura INV-00248,INV-00248,CC-100 Operaciones,Diego Luna 10 00001101
468,2026-06-13,2100,Cuentas por pagar,0.00,45466.20,Registro factura INV-00003,INV-00003,CC-100 Operaciones,Carla Soto 03 00001101
469,2026-03-02,1180,IVA acreditable,3239.84,0.00,Registro factura INV-00314,INV-00314,CC-100 Operaciones,Fabian Rios 06 00001101
470,2026-02-13,2100,Cuentas por pagar,0.00,53527.04,Registro factura INV-00037,INV-00037,CC-100 Operaciones,Carla Soto 09 00001101
471,2026-02-21,2100,Cuentas por pagar,0.00,99035.00,Registro factura INV-00108,INV-00108,CC-100 Operaciones,Carla Soto 09 00001101
472,2026-06-24,5000,Gastos operativos,64340.00,0.00,Registro factura INV-00193,INV-00193,CC-100 Operaciones,Bruno Garcia 02 00001101
473,2026-06-13,2100,Cuentas por pagar,0.00,36398.48,Registro factura INV-00233,INV-00233,CC-100 Operaciones,Ana Ruiz 01 00001101
474,2026-05-11,1020,Bancos,0.00,49947.28,Pago factura INV-00246,INV-00246,CC-100 Operaciones,Bruno Garcia 02 00001101
475,2026-04-13,2100,Cuentas por pagar,38624.52,0.00,Pago factura INV-00253,INV-00253,CC-100 Operaciones,Bruno Garcia 02 00001101
476,2026-05-08,2100,Cuentas por pagar,19655.04,0.00,Pago factura INV-00166,INV-00166,CC-100 Operaciones,Bruno Garcia 02 00001101
477,2026-04-05,1180,IVA acreditable,4758.08,0.00,Registro factura INV-00113,INV-00113,CC-100 Operaciones,Elena Mora 05 00001101
478,2026-04-07,2100,Cuentas por pagar,60490.52,0.00,Pago factura INV-00039,INV-00039,CC-100 Operaciones,Bruno Garcia 02 00001101
479,2026-01-26,2100,Cuentas por pagar,0.00,93708.28,Registro factura INV-00307,INV-00307,CC-100 Operaciones,Ana Ruiz 01 00001101
480,2026-06-11,1020,Bancos,0.00,78528.52,Pago factura INV-00181,INV-00181,CC-100 Operaciones,Bruno Garcia 02 00001101
481,2026-05-19,5000,Gastos operativos,79760.00,0.00,Registro factura INV-00217,INV-00217,CC-100 Operaciones,Bruno Garcia 02 00001101
482,2026-01-24,5000,Gastos operativos,83647.00,0.00,Registro factura INV-00034,INV-00034,CC-100 Operaciones,Carla Soto 09 00001101
483,2026-04-29,1180,IVA acreditable,12594.24,0.00,Registro factura INV-00229,INV-00229,CC-100 Operaciones,Bruno Garcia 02 00001101
484,2026-05-07,2100,Cuentas por pagar,0.00,47047.28,Registro factura INV-00201,INV-00201,CC-100 Operaciones,Diego Luna 04 00001101
485,2026-06-26,5000,Gastos operativos,91766.00,0.00,Registro factura INV-00227,INV-00227,CC-100 Operaciones,Fabian Rios 06 00001101
486,2026-06-30,1020,Bancos,0.00,53292.72,Pago factura INV-00109,INV-00109,CC-100 Operaciones,Bruno Garcia 02 00001101
487,2026-05-30,1180,IVA acreditable,12290.40,0.00,Registro factura INV-00347,INV-00347,CC-100 Operaciones,Carla Soto 03 00001101
488,2026-03-31,2100,Cuentas por pagar,74801.44,0.00,Pago factura INV-00231,INV-00231,CC-100 Operaciones,Bruno Garcia 02 00001101
489,2026-02-03,5000,Gastos operativos,42840.00,0.00,Registro factura INV-00191,INV-00191,CC-100 Operaciones,Carla Soto 03 00001101
490,2026-04-15,5000,Gastos operativos,25837.00,0.00,Registro factura INV-00136,INV-00136,CC-100 Operaciones,Diego Luna 10 00001101
491,2026-02-07,1020,Bancos,0.00,40838.96,Pago factura INV-00041,INV-00041,CC-100 Operaciones,Bruno Garcia 02 00001101
492,2026-06-29,2100,Cuentas por pagar,0.00,89294.48,Registro factura INV-00354,INV-00354,CC-100 Operaciones,Elena Mora 05 00001101
493,2026-06-17,1180,IVA acreditable,9928.16,0.00,Registro factura INV-00098,INV-00098,CC-100 Operaciones,Ana Ruiz 07 00001101
494,2026-05-11,1020,Bancos,0.00,37500.48,Pago factura INV-00045,INV-00045,CC-100 Operaciones,Bruno Garcia 02 00001101
495,2026-03-17,1020,Bancos,0.00,27753.00,Pago factura INV-00105,INV-00105,CC-100 Operaciones,Bruno Garcia 02 00001101
496,2026-06-14,2100,Cuentas por pagar,0.00,104314.16,Registro factura INV-00257,INV-00257,CC-100 Operaciones,Diego Luna 10 00001101
497,2026-06-03,1020,Bancos,0.00,73226.16,Pago factura INV-00161,INV-00161,CC-100 Operaciones,Bruno Garcia 02 00001101
498,2026-05-26,1020,Bancos,0.00,62920.72,Pago factura INV-00174,INV-00174,CC-100 Operaciones,Bruno Garcia 02 00001101
499,2026-02-11,5000,Gastos operativos,32646.00,0.00,Registro factura INV-00051,INV-00051,CC-100 Operaciones,Carla Soto 03 00001101
500,2026-06-24,1020,Bancos,0.00,102945.36,Pago factura INV-00141,INV-00141,CC-100 Operaciones,Bruno Garcia 02 00001101
501,2026-02-07,5000,Gastos operativos,62703.00,0.00,Registro factura INV-00122,INV-00122,CC-100 Operaciones,Carla Soto 09 00001101
502,2026-06-22,1180,IVA acreditable,11044.96,0.00,Registro factura INV-00190,INV-00190,CC-100 Operaciones,Diego Luna 10 00001101
503,2026-03-26,5000,Gastos operativos,43896.00,0.00,Registro factura INV-00024,INV-00024,CC-100 Operaciones,Bruno Garcia 02 00001101
504,2026-06-10,1020,Bancos,0.00,20893.92,Pago factura INV-00040,INV-00040,CC-100 Operaciones,Bruno Garcia 02 00001101
505,2026-01-21,1180,IVA acreditable,11624.32,0.00,Registro factura INV-00119,INV-00119,CC-100 Operaciones,Bruno Garcia 08 00001101
506,2026-06-26,2100,Cuentas por pagar,0.00,93555.16,Registro factura INV-00120,INV-00120,CC-100 Operaciones,Bruno Garcia 08 00001101
507,2026-05-04,5000,Gastos operativos,32645.00,0.00,Registro factura INV-00005,INV-00005,CC-100 Operaciones,Elena Mora 05 00001101
508,2026-06-30,1020,Bancos,0.00,74634.40,Pago factura INV-00193,INV-00193,CC-100 Operaciones,Bruno Garcia 02 00001101
509,2026-03-23,1020,Bancos,0.00,101520.88,Pago factura INV-00224,INV-00224,CC-100 Operaciones,Bruno Garcia 02 00001101
510,2026-06-09,2100,Cuentas por pagar,89027.68,0.00,Pago factura INV-00270,INV-00270,CC-100 Operaciones,Bruno Garcia 02 00001101
511,2026-02-21,1020,Bancos,0.00,53660.44,Pago factura INV-00200,INV-00200,CC-100 Operaciones,Bruno Garcia 02 00001101
512,2026-02-21,1020,Bancos,0.00,37869.36,Pago factura INV-00051,INV-00051,CC-100 Operaciones,Bruno Garcia 02 00001101
513,2026-06-01,1020,Bancos,0.00,55258.92,Pago factura INV-00168,INV-00168,CC-100 Operaciones,Bruno Garcia 02 00001101
514,2026-06-25,1180,IVA acreditable,3089.28,0.00,Registro factura INV-00267,INV-00267,CC-100 Operaciones,Ana Ruiz 01 00001101
515,2026-02-28,5000,Gastos operativos,13832.00,0.00,Registro factura INV-00001,INV-00001,CC-100 Operaciones,Diego Luna 04 00001101
516,2026-01-14,2100,Cuentas por pagar,0.00,84431.76,Registro factura INV-00360,INV-00360,CC-100 Operaciones,Carla Soto 03 00001101
517,2026-04-23,2100,Cuentas por pagar,101377.04,0.00,Pago factura INV-00262,INV-00262,CC-100 Operaciones,Bruno Garcia 02 00001101
518,2026-04-01,2100,Cuentas por pagar,89749.20,0.00,Pago factura INV-00239,INV-00239,CC-100 Operaciones,Bruno Garcia 02 00001101
519,2026-05-06,5000,Gastos operativos,58928.00,0.00,Registro factura INV-00165,INV-00165,CC-100 Operaciones,Ana Ruiz 07 00001101
520,2026-04-12,5000,Gastos operativos,61476.00,0.00,Registro factura INV-00067,INV-00067,CC-100 Operaciones,Ana Ruiz 01 00001101
521,2026-03-25,2100,Cuentas por pagar,73694.80,0.00,Pago factura INV-00185,INV-00185,CC-100 Operaciones,Bruno Garcia 02 00001101
522,2026-02-24,5000,Gastos operativos,60850.00,0.00,Registro factura INV-00249,INV-00249,CC-100 Operaciones,Bruno Garcia 08 00001101
523,2026-04-10,2100,Cuentas por pagar,18809.40,0.00,Pago factura INV-00137,INV-00137,CC-100 Operaciones,Bruno Garcia 02 00001101
524,2026-03-04,5000,Gastos operativos,47824.00,0.00,Registro factura INV-00321,INV-00321,CC-100 Operaciones,Bruno Garcia 02 00001101
525,2026-03-20,1180,IVA acreditable,2162.72,0.00,Registro factura INV-00083,INV-00083,CC-100 Operaciones,Diego Luna 04 00001101
526,2026-03-27,1020,Bancos,0.00,30709.84,Pago factura INV-00085,INV-00085,CC-100 Operaciones,Bruno Garcia 02 00001101
527,2026-03-09,2100,Cuentas por pagar,0.00,40644.08,Registro factura INV-00035,INV-00035,CC-100 Operaciones,Carla Soto 03 00001101
528,2026-04-14,1180,IVA acreditable,9626.72,0.00,Registro factura INV-00280,INV-00280,CC-100 Operaciones,Ana Ruiz 07 00001101
529,2026-04-09,2100,Cuentas por pagar,55464.24,0.00,Pago factura INV-00322,INV-00322,CC-100 Operaciones,Bruno Garcia 02 00001101
530,2026-05-02,2100,Cuentas por pagar,94194.32,0.00,Pago factura INV-00295,INV-00295,CC-100 Operaciones,Bruno Garcia 02 00001101
531,2026-05-10,1180,IVA acreditable,6526.56,0.00,Registro factura INV-00228,INV-00228,CC-100 Operaciones,Ana Ruiz 01 00001101
532,2026-03-03,5000,Gastos operativos,90621.00,0.00,Registro factura INV-00047,INV-00047,CC-100 Operaciones,Carla Soto 03 00001101
533,2026-03-23,2100,Cuentas por pagar,14532.95,0.00,Pago factura INV-00076,INV-00076,CC-100 Operaciones,Bruno Garcia 02 00001101
534,2026-05-02,1020,Bancos,0.00,80224.44,Pago factura INV-00155,INV-00155,CC-100 Operaciones,Bruno Garcia 02 00001101
535,2026-03-28,1020,Bancos,0.00,18296.68,Pago factura INV-00176,INV-00176,CC-100 Operaciones,Bruno Garcia 02 00001101
536,2026-05-24,2100,Cuentas por pagar,48498.44,0.00,Pago factura INV-00255,INV-00255,CC-100 Operaciones,Bruno Garcia 02 00001101
537,2026-02-25,5000,Gastos operativos,66714.00,0.00,Registro factura INV-00244,INV-00244,CC-100 Operaciones,Ana Ruiz 07 00001101
538,2026-05-12,2100,Cuentas por pagar,0.00,26338.96,Registro factura INV-00118,INV-00118,CC-100 Operaciones,Ana Ruiz 07 00001101
539,2026-06-30,2100,Cuentas por pagar,100474.56,0.00,Pago factura INV-00026,INV-00026,CC-100 Operaciones,Bruno Garcia 02 00001101
540,2026-03-06,1180,IVA acreditable,5190.72,0.00,Registro factura INV-00326,INV-00326,CC-100 Operaciones,Diego Luna 04 00001101
541,2026-03-24,1020,Bancos,0.00,101343.40,Pago factura INV-00300,INV-00300,CC-100 Operaciones,Bruno Garcia 02 00001101
542,2026-06-30,2100,Cuentas por pagar,107290.72,0.00,Pago factura INV-00272,INV-00272,CC-100 Operaciones,Bruno Garcia 02 00001101
543,2026-06-22,5000,Gastos operativos,69031.00,0.00,Registro factura INV-00190,INV-00190,CC-100 Operaciones,Diego Luna 10 00001101
544,2026-06-04,2100,Cuentas por pagar,77246.72,0.00,Pago factura INV-00205,INV-00205,CC-100 Operaciones,Bruno Garcia 02 00001101
545,2026-06-01,5000,Gastos operativos,67697.00,0.00,Registro factura INV-00181,INV-00181,CC-100 Operaciones,Elena Mora 05 00001101
546,2026-03-13,5000,Gastos operativos,49171.00,0.00,Registro factura INV-00056,INV-00056,CC-100 Operaciones,Ana Ruiz 07 00001101
547,2026-06-19,2100,Cuentas por pagar,99953.72,0.00,Pago factura INV-00302,INV-00302,CC-100 Operaciones,Bruno Garcia 02 00001101
548,2026-04-22,1020,Bancos,0.00,71312.16,Pago factura INV-00067,INV-00067,CC-100 Operaciones,Bruno Garcia 02 00001101
549,2026-02-15,2100,Cuentas por pagar,36332.36,0.00,Pago factura INV-00007,INV-00007,CC-100 Operaciones,Bruno Garcia 02 00001101
550,2026-02-24,1020,Bancos,0.00,88808.44,Pago factura INV-00018,INV-00018,CC-100 Operaciones,Bruno Garcia 02 00001101
551,2026-03-28,5000,Gastos operativos,20866.00,0.00,Registro factura INV-00186,INV-00186,CC-100 Operaciones,Fabian Rios 06 00001101
552,2026-02-02,5000,Gastos operativos,49848.00,0.00,Registro factura INV-00306,INV-00306,CC-100 Operaciones,Bruno Garcia 08 00001101
553,2026-01-29,5000,Gastos operativos,59000.00,0.00,Registro factura INV-00313,INV-00313,CC-100 Operaciones,Bruno Garcia 02 00001101
554,2026-04-12,2100,Cuentas por pagar,0.00,74789.84,Registro factura INV-00281,INV-00281,CC-100 Operaciones,Carla Soto 03 00001101
555,2026-02-12,2100,Cuentas por pagar,0.00,79407.80,Registro factura INV-00333,INV-00333,CC-100 Operaciones,Bruno Garcia 02 00001101
556,2026-05-29,2100,Cuentas por pagar,0.00,21508.72,Registro factura INV-00102,INV-00102,CC-100 Operaciones,Fabian Rios 06 00001101
557,2026-03-19,1020,Bancos,0.00,40644.08,Pago factura INV-00035,INV-00035,CC-100 Operaciones,Bruno Garcia 02 00001101
558,2026-04-05,5000,Gastos operativos,57865.00,0.00,Registro factura INV-00138,INV-00138,CC-100 Operaciones,Fabian Rios 06 00001101
559,2026-05-20,1020,Bancos,0.00,31086.84,Pago factura INV-00275,INV-00275,CC-100 Operaciones,Bruno Garcia 02 00001101
560,2026-02-19,1020,Bancos,0.00,99539.60,Pago factura INV-00206,INV-00206,CC-100 Operaciones,Bruno Garcia 02 00001101
561,2026-03-12,1180,IVA acreditable,1948.00,0.00,Registro factura INV-00323,INV-00323,CC-100 Operaciones,Bruno Garcia 02 00001101
562,2026-01-30,2100,Cuentas por pagar,42295.92,0.00,Pago factura INV-00062,INV-00062,CC-100 Operaciones,Bruno Garcia 02 00001101
563,2026-06-17,1180,IVA acreditable,14231.68,0.00,Registro factura INV-00237,INV-00237,CC-100 Operaciones,Carla Soto 09 00001101
564,2026-01-22,5000,Gastos operativos,88772.00,0.00,Registro factura INV-00358,INV-00358,CC-100 Operaciones,Elena Mora 05 00001101
565,2026-03-18,2100,Cuentas por pagar,0.00,96167.48,Registro factura INV-00357,INV-00357,CC-100 Operaciones,Bruno Garcia 02 00001101
566,2026-05-28,1180,IVA acreditable,13369.60,0.00,Registro factura INV-00341,INV-00341,CC-100 Operaciones,Carla Soto 09 00001101
567,2026-01-31,1180,IVA acreditable,5603.20,0.00,Registro factura INV-00090,INV-00090,CC-100 Operaciones,Bruno Garcia 02 00001101
568,2026-05-19,5000,Gastos operativos,12180.00,0.00,Registro factura INV-00157,INV-00157,CC-100 Operaciones,Diego Luna 10 00001101
569,2026-01-12,1020,Bancos,0.00,31158.52,Pago factura INV-00216,INV-00216,CC-100 Operaciones,Bruno Garcia 02 00001101
570,2026-06-01,2100,Cuentas por pagar,0.00,78528.52,Registro factura INV-00181,INV-00181,CC-100 Operaciones,Elena Mora 05 00001101
571,2026-01-10,1180,IVA acreditable,5928.48,0.00,Registro factura INV-00220,INV-00220,CC-100 Operaciones,Carla Soto 09 00001101
572,2026-04-27,5000,Gastos operativos,47193.00,0.00,Registro factura INV-00212,INV-00212,CC-100 Operaciones,Bruno Garcia 08 00001101
573,2026-03-12,2100,Cuentas por pagar,83478.24,0.00,Pago factura INV-00146,INV-00146,CC-100 Operaciones,Bruno Garcia 02 00001101
574,2026-06-27,2100,Cuentas por pagar,0.00,78558.68,Registro factura INV-00329,INV-00329,CC-100 Operaciones,Ana Ruiz 01 00001101
575,2026-03-26,1020,Bancos,0.00,97395.92,Pago factura INV-00247,INV-00247,CC-100 Operaciones,Bruno Garcia 02 00001101
576,2026-04-09,2100,Cuentas por pagar,0.00,57798.16,Registro factura INV-00070,INV-00070,CC-100 Operaciones,Diego Luna 04 00001101
577,2026-04-18,5000,Gastos operativos,77407.00,0.00,Registro factura INV-00222,INV-00222,CC-100 Operaciones,Ana Ruiz 01 00001101
578,2026-02-18,1180,IVA acreditable,5300.32,0.00,Registro factura INV-00337,INV-00337,CC-100 Operaciones,Diego Luna 10 00001101
579,2026-05-17,1180,IVA acreditable,3936.32,0.00,Registro factura INV-00065,INV-00065,CC-100 Operaciones,Bruno Garcia 08 00001101
580,2026-05-11,5000,Gastos operativos,26484.00,0.00,Registro factura INV-00315,INV-00315,CC-100 Operaciones,Diego Luna 10 00001101
581,2026-04-06,2100,Cuentas por pagar,0.00,99229.88,Registro factura INV-00063,INV-00063,CC-100 Operaciones,Carla Soto 03 00001101
582,2026-04-05,2100,Cuentas por pagar,0.00,51930.88,Registro factura INV-00068,INV-00068,CC-100 Operaciones,Ana Ruiz 01 00001101
583,2026-01-20,1180,IVA acreditable,6455.84,0.00,Registro factura INV-00046,INV-00046,CC-100 Operaciones,Ana Ruiz 01 00001101
584,2026-01-16,5000,Gastos operativos,34907.00,0.00,Registro factura INV-00134,INV-00134,CC-100 Operaciones,Ana Ruiz 07 00001101
585,2026-02-16,2100,Cuentas por pagar,0.00,66420.44,Registro factura INV-00069,INV-00069,CC-100 Operaciones,Fabian Rios 06 00001101
586,2026-01-20,2100,Cuentas por pagar,42981.48,0.00,Pago factura INV-00220,INV-00220,CC-100 Operaciones,Bruno Garcia 02 00001101
587,2026-03-20,1020,Bancos,0.00,32716.64,Pago factura INV-00225,INV-00225,CC-100 Operaciones,Bruno Garcia 02 00001101
588,2026-02-25,1180,IVA acreditable,10674.24,0.00,Registro factura INV-00244,INV-00244,CC-100 Operaciones,Ana Ruiz 07 00001101
589,2026-03-22,2100,Cuentas por pagar,0.00,90251.48,Registro factura INV-00215,INV-00215,CC-100 Operaciones,Bruno Garcia 08 00001101
590,2026-01-29,1180,IVA acreditable,9644.80,0.00,Registro factura INV-00350,INV-00350,CC-100 Operaciones,Diego Luna 10 00001101
591,2026-06-03,1180,IVA acreditable,4042.08,0.00,Registro factura INV-00173,INV-00173,CC-100 Operaciones,Carla Soto 09 00001101
592,2026-06-17,2100,Cuentas por pagar,0.00,71979.16,Registro factura INV-00098,INV-00098,CC-100 Operaciones,Ana Ruiz 07 00001101
593,2026-01-20,5000,Gastos operativos,36462.00,0.00,Registro factura INV-00062,INV-00062,CC-100 Operaciones,Carla Soto 03 00001101
594,2026-04-01,2100,Cuentas por pagar,0.00,90844.24,Registro factura INV-00111,INV-00111,CC-100 Operaciones,Diego Luna 10 00001101
595,2026-03-03,2100,Cuentas por pagar,0.00,32068.20,Registro factura INV-00209,INV-00209,CC-100 Operaciones,Elena Mora 05 00001101
596,2026-03-27,1180,IVA acreditable,5054.08,0.00,Registro factura INV-00158,INV-00158,CC-100 Operaciones,Ana Ruiz 07 00001101
597,2026-01-15,5000,Gastos operativos,87725.00,0.00,Registro factura INV-00349,INV-00349,CC-100 Operaciones,Diego Luna 10 00001101
598,2026-04-15,1020,Bancos,0.00,27084.84,Pago factura INV-00291,INV-00291,CC-100 Operaciones,Bruno Garcia 02 00001101
599,2026-04-02,5000,Gastos operativos,65225.00,0.00,Registro factura INV-00180,INV-00180,CC-100 Operaciones,Ana Ruiz 07 00001101
600,2026-02-12,5000,Gastos operativos,29421.00,0.00,Registro factura INV-00195,INV-00195,CC-100 Operaciones,Diego Luna 10 00001101
601,2026-04-19,2100,Cuentas por pagar,0.00,96154.72,Registro factura INV-00187,INV-00187,CC-100 Operaciones,Fabian Rios 06 00001101
602,2026-02-19,1020,Bancos,0.00,69689.32,Pago factura INV-00008,INV-00008,CC-100 Operaciones,Bruno Garcia 02 00001101
603,2026-04-08,2100,Cuentas por pagar,53682.48,0.00,Pago factura INV-00279,INV-00279,CC-100 Operaciones,Bruno Garcia 02 00001101
604,2026-05-19,1020,Bancos,0.00,29374.68,Pago factura INV-00049,INV-00049,CC-100 Operaciones,Bruno Garcia 02 00001101
605,2026-03-28,2100,Cuentas por pagar,96167.48,0.00,Pago factura INV-00357,INV-00357,CC-100 Operaciones,Bruno Garcia 02 00001101
606,2026-02-05,1020,Bancos,0.00,61576.28,Pago factura INV-00287,INV-00287,CC-100 Operaciones,Bruno Garcia 02 00001101
607,2026-01-05,5000,Gastos operativos,44768.00,0.00,Registro factura INV-00216,INV-00216,CC-100 Operaciones,Bruno Garcia 08 00001101
608,2026-02-15,1020,Bancos,0.00,34496.08,Pago factura INV-00232,INV-00232,CC-100 Operaciones,Bruno Garcia 02 00001101
609,2026-02-20,2100,Cuentas por pagar,70190.44,0.00,Pago factura INV-00006,INV-00006,CC-100 Operaciones,Bruno Garcia 02 00001101
610,2026-01-22,1020,Bancos,0.00,83919.04,Pago factura INV-00125,INV-00125,CC-100 Operaciones,Bruno Garcia 02 00001101
611,2026-06-11,2100,Cuentas por pagar,78528.52,0.00,Pago factura INV-00181,INV-00181,CC-100 Operaciones,Bruno Garcia 02 00001101
612,2026-02-09,5000,Gastos operativos,93826.00,0.00,Registro factura INV-00074,INV-00074,CC-100 Operaciones,Ana Ruiz 01 00001101
613,2026-02-02,1180,IVA acreditable,13732.96,0.00,Registro factura INV-00162,INV-00162,CC-100 Operaciones,Fabian Rios 06 00001101
614,2026-03-23,1180,IVA acreditable,7912.48,0.00,Registro factura INV-00013,INV-00013,CC-100 Operaciones,Elena Mora 05 00001101
615,2026-03-17,5000,Gastos operativos,26474.00,0.00,Registro factura INV-00085,INV-00085,CC-100 Operaciones,Elena Mora 05 00001101
616,2026-03-11,2100,Cuentas por pagar,0.00,69670.76,Registro factura INV-00170,INV-00170,CC-100 Operaciones,Elena Mora 05 00001101
617,2026-01-31,2100,Cuentas por pagar,84276.32,0.00,Pago factura INV-00119,INV-00119,CC-100 Operaciones,Bruno Garcia 02 00001101
618,2026-05-12,1020,Bancos,0.00,36992.40,Pago factura INV-00309,INV-00309,CC-100 Operaciones,Bruno Garcia 02 00001101
619,2026-05-05,5000,Gastos operativos,60193.00,0.00,Registro factura INV-00346,INV-00346,CC-100 Operaciones,Bruno Garcia 02 00001101
620,2026-06-30,1020,Bancos,0.00,85688.04,Pago factura INV-00020,INV-00020,CC-100 Operaciones,Bruno Garcia 02 00001101
621,2026-05-16,2100,Cuentas por pagar,0.00,30250.48,Registro factura INV-00235,INV-00235,CC-100 Operaciones,Ana Ruiz 01 00001101
622,2026-06-06,1180,IVA acreditable,14767.84,0.00,Registro factura INV-00010,INV-00010,CC-100 Operaciones,Fabian Rios 06 00001101
623,2026-05-15,2100,Cuentas por pagar,69823.88,0.00,Pago factura INV-00346,INV-00346,CC-100 Operaciones,Bruno Garcia 02 00001101
624,2026-02-14,2100,Cuentas por pagar,0.00,88808.44,Registro factura INV-00018,INV-00018,CC-100 Operaciones,Fabian Rios 06 00001101
625,2026-02-23,1020,Bancos,0.00,109544.60,Pago factura INV-00110,INV-00110,CC-100 Operaciones,Bruno Garcia 02 00001101
626,2026-02-06,2100,Cuentas por pagar,0.00,61908.04,Registro factura INV-00268,INV-00268,CC-100 Operaciones,Bruno Garcia 02 00001101
627,2026-02-09,2100,Cuentas por pagar,0.00,99539.60,Registro factura INV-00206,INV-00206,CC-100 Operaciones,Diego Luna 10 00001101
628,2026-02-05,5000,Gastos operativos,29738.00,0.00,Registro factura INV-00232,INV-00232,CC-100 Operaciones,Carla Soto 03 00001101
629,2026-01-25,2100,Cuentas por pagar,0.00,86567.32,Registro factura INV-00072,INV-00072,CC-100 Operaciones,Diego Luna 04 00001101
630,2026-02-11,1020,Bancos,0.00,41192.76,Pago factura INV-00031,INV-00031,CC-100 Operaciones,Bruno Garcia 02 00001101
631,2026-06-28,5000,Gastos operativos,24894.00,0.00,Registro factura INV-00123,INV-00123,CC-100 Operaciones,Diego Luna 10 00001101
632,2026-04-14,2100,Cuentas por pagar,0.00,96906.40,Registro factura INV-00189,INV-00189,CC-100 Operaciones,Elena Mora 05 00001101
633,2026-03-23,1180,IVA acreditable,4469.28,0.00,Registro factura INV-00092,INV-00092,CC-100 Operaciones,Carla Soto 03 00001101
634,2026-03-19,1180,IVA acreditable,2342.24,0.00,Registro factura INV-00022,INV-00022,CC-100 Operaciones,Carla Soto 09 00001101
635,2026-03-14,5000,Gastos operativos,68631.00,0.00,Registro factura INV-00198,INV-00198,CC-100 Operaciones,Diego Luna 04 00001101
636,2026-06-28,5000,Gastos operativos,50639.00,0.00,Registro factura INV-00289,INV-00289,CC-100 Operaciones,Bruno Garcia 08 00001101
637,2026-03-08,5000,Gastos operativos,43716.00,0.00,Registro factura INV-00218,INV-00218,CC-100 Operaciones,Fabian Rios 06 00001101
638,2026-04-04,2100,Cuentas por pagar,43415.32,0.00,Pago factura INV-00154,INV-00154,CC-100 Operaciones,Bruno Garcia 02 00001101
639,2026-03-08,1020,Bancos,0.00,87365.40,Pago factura INV-00208,INV-00208,CC-100 Operaciones,Bruno Garcia 02 00001101
640,2026-04-13,1020,Bancos,0.00,70146.36,Pago factura INV-00096,INV-00096,CC-100 Operaciones,Bruno Garcia 02 00001101
641,2026-01-15,1180,IVA acreditable,6623.68,0.00,Registro factura INV-00071,INV-00071,CC-100 Operaciones,Bruno Garcia 02 00001101
642,2026-01-21,5000,Gastos operativos,18549.00,0.00,Registro factura INV-00036,INV-00036,CC-100 Operaciones,Diego Luna 10 00001101
643,2026-02-09,2100,Cuentas por pagar,0.00,69689.32,Registro factura INV-00008,INV-00008,CC-100 Operaciones,Carla Soto 03 00001101
644,2026-03-04,2100,Cuentas por pagar,0.00,28604.44,Registro factura INV-00311,INV-00311,CC-100 Operaciones,Diego Luna 10 00001101
645,2026-03-09,2100,Cuentas por pagar,76939.32,0.00,Pago factura INV-00055,INV-00055,CC-100 Operaciones,Bruno Garcia 02 00001101
646,2026-03-23,5000,Gastos operativos,49453.00,0.00,Registro factura INV-00013,INV-00013,CC-100 Operaciones,Elena Mora 05 00001101
647,2026-04-02,1020,Bancos,0.00,32402.28,Pago factura INV-00092,INV-00092,CC-100 Operaciones,Bruno Garcia 02 00001101
648,2026-05-25,1180,IVA acreditable,10654.72,0.00,Registro factura INV-00205,INV-00205,CC-100 Operaciones,Diego Luna 10 00001101
649,2026-05-06,2100,Cuentas por pagar,97633.72,0.00,Pago factura INV-00116,INV-00116,CC-100 Operaciones,Bruno Garcia 02 00001101
650,2026-01-20,2100,Cuentas por pagar,0.00,42295.92,Registro factura INV-00062,INV-00062,CC-100 Operaciones,Carla Soto 03 00001101
651,2026-06-22,5000,Gastos operativos,64309.00,0.00,Registro factura INV-00293,INV-00293,CC-100 Operaciones,Bruno Garcia 02 00001101
652,2026-03-05,1180,IVA acreditable,4758.08,0.00,Registro factura INV-00043,INV-00043,CC-100 Operaciones,Diego Luna 04 00001101
653,2026-03-05,5000,Gastos operativos,94504.00,0.00,Registro factura INV-00327,INV-00327,CC-100 Operaciones,Elena Mora 05 00001101
654,2026-04-19,5000,Gastos operativos,82892.00,0.00,Registro factura INV-00187,INV-00187,CC-100 Operaciones,Fabian Rios 06 00001101
655,2026-03-21,2100,Cuentas por pagar,61521.76,0.00,Pago factura INV-00050,INV-00050,CC-100 Operaciones,Bruno Garcia 02 00001101
656,2026-05-14,5000,Gastos operativos,41809.00,0.00,Registro factura INV-00255,INV-00255,CC-100 Operaciones,Carla Soto 09 00001101
657,2026-03-20,2100,Cuentas por pagar,0.00,15679.72,Registro factura INV-00083,INV-00083,CC-100 Operaciones,Diego Luna 04 00001101
658,2026-02-15,5000,Gastos operativos,39229.00,0.00,Registro factura INV-00133,INV-00133,CC-100 Operaciones,Ana Ruiz 01 00001101
659,2026-06-28,2100,Cuentas por pagar,72357.32,0.00,Pago factura INV-00087,INV-00087,CC-100 Operaciones,Bruno Garcia 02 00001101
660,2026-04-02,2100,Cuentas por pagar,0.00,99973.44,Registro factura INV-00143,INV-00143,CC-100 Operaciones,Carla Soto 09 00001101
661,2026-05-09,2100,Cuentas por pagar,0.00,73919.84,Registro factura INV-00290,INV-00290,CC-100 Operaciones,Bruno Garcia 08 00001101
662,2026-05-31,1180,IVA acreditable,2609.60,0.00,Registro factura INV-00196,INV-00196,CC-100 Operaciones,Diego Luna 10 00001101
663,2026-04-26,1020,Bancos,0.00,14931.52,Pago factura INV-00299,INV-00299,CC-100 Operaciones,Bruno Garcia 02 00001101
664,2026-05-08,5000,Gastos operativos,72210.00,0.00,Registro factura INV-00297,INV-00297,CC-100 Operaciones,Ana Ruiz 01 00001101
665,2026-06-27,2100,Cuentas por pagar,71979.16,0.00,Pago factura INV-00098,INV-00098,CC-100 Operaciones,Bruno Garcia 02 00001101
666,2026-06-15,1180,IVA acreditable,13438.56,0.00,Registro factura INV-00129,INV-00129,CC-100 Operaciones,Ana Ruiz 07 00001101
667,2026-02-22,2100,Cuentas por pagar,0.00,35856.76,Registro factura INV-00032,INV-00032,CC-100 Operaciones,Diego Luna 04 00001101
668,2026-02-08,2100,Cuentas por pagar,68440.00,0.00,Pago factura INV-00313,INV-00313,CC-100 Operaciones,Bruno Garcia 02 00001101
669,2026-04-28,2100,Cuentas por pagar,73996.40,0.00,Pago factura INV-00093,INV-00093,CC-100 Operaciones,Bruno Garcia 02 00001101
670,2026-06-29,5000,Gastos operativos,27789.00,0.00,Registro factura INV-00254,INV-00254,CC-100 Operaciones,Ana Ruiz 07 00001101
671,2026-01-29,5000,Gastos operativos,60280.00,0.00,Registro factura INV-00350,INV-00350,CC-100 Operaciones,Diego Luna 10 00001101
672,2026-06-27,5000,Gastos operativos,67723.00,0.00,Registro factura INV-00329,INV-00329,CC-100 Operaciones,Ana Ruiz 01 00001101
673,2026-05-04,2100,Cuentas por pagar,67803.16,0.00,Pago factura INV-00305,INV-00305,CC-100 Operaciones,Bruno Garcia 02 00001101
674,2026-06-18,1180,IVA acreditable,9980.32,0.00,Registro factura INV-00087,INV-00087,CC-100 Operaciones,Fabian Rios 06 00001101
675,2026-02-22,1020,Bancos,0.00,34128.36,Pago factura INV-00195,INV-00195,CC-100 Operaciones,Bruno Garcia 02 00001101
676,2026-01-31,5000,Gastos operativos,62321.00,0.00,Registro factura INV-00298,INV-00298,CC-100 Operaciones,Diego Luna 04 00001101
677,2026-02-24,2100,Cuentas por pagar,109444.84,0.00,Pago factura INV-00182,INV-00182,CC-100 Operaciones,Bruno Garcia 02 00001101
678,2026-06-10,5000,Gastos operativos,20361.00,0.00,Registro factura INV-00240,INV-00240,CC-100 Operaciones,Diego Luna 04 00001101
679,2026-04-22,2100,Cuentas por pagar,74789.84,0.00,Pago factura INV-00281,INV-00281,CC-100 Operaciones,Bruno Garcia 02 00001101
680,2026-05-17,1020,Bancos,0.00,47047.28,Pago factura INV-00201,INV-00201,CC-100 Operaciones,Bruno Garcia 02 00001101
681,2026-02-21,5000,Gastos operativos,15143.00,0.00,Registro factura INV-00066,INV-00066,CC-100 Operaciones,Ana Ruiz 01 00001101
682,2026-02-17,1180,IVA acreditable,11899.84,0.00,Registro factura INV-00303,INV-00303,CC-100 Operaciones,Carla Soto 03 00001101
683,2026-04-15,1180,IVA acreditable,13891.68,0.00,Registro factura INV-00342,INV-00342,CC-100 Operaciones,Bruno Garcia 02 00001101
684,2026-05-22,1180,IVA acreditable,7621.92,0.00,Registro factura INV-00168,INV-00168,CC-100 Operaciones,Carla Soto 09 00001101
685,2026-04-23,1180,IVA acreditable,13933.92,0.00,Registro factura INV-00221,INV-00221,CC-100 Operaciones,Bruno Garcia 02 00001101
686,2026-05-22,2100,Cuentas por pagar,66425.08,0.00,Pago factura INV-00160,INV-00160,CC-100 Operaciones,Bruno Garcia 02 00001101
687,2026-04-21,2100,Cuentas por pagar,0.00,56026.84,Registro factura INV-00147,INV-00147,CC-100 Operaciones,Diego Luna 10 00001101
688,2026-03-09,2100,Cuentas por pagar,0.00,60637.84,Registro factura INV-00099,INV-00099,CC-100 Operaciones,Ana Ruiz 01 00001101
689,2026-01-22,1180,IVA acreditable,14203.52,0.00,Registro factura INV-00358,INV-00358,CC-100 Operaciones,Elena Mora 05 00001101
690,2026-06-13,2100,Cuentas por pagar,21560.92,0.00,Pago factura INV-00274,INV-00274,CC-100 Operaciones,Bruno Garcia 02 00001101
691,2026-03-23,2100,Cuentas por pagar,0.00,32402.28,Registro factura INV-00092,INV-00092,CC-100 Operaciones,Carla Soto 03 00001101
692,2026-03-14,1180,IVA acreditable,10980.96,0.00,Registro factura INV-00198,INV-00198,CC-100 Operaciones,Diego Luna 04 00001101
693,2026-03-14,1020,Bancos,0.00,28604.44,Pago factura INV-00311,INV-00311,CC-100 Operaciones,Bruno Garcia 02 00001101
694,2026-04-05,5000,Gastos operativos,23349.00,0.00,Registro factura INV-00291,INV-00291,CC-100 Operaciones,Bruno Garcia 08 00001101
695,2026-03-13,1180,IVA acreditable,14002.88,0.00,Registro factura INV-00224,INV-00224,CC-100 Operaciones,Carla Soto 09 00001101
696,2026-04-23,1020,Bancos,0.00,73390.88,Pago factura INV-00261,INV-00261,CC-100 Operaciones,Bruno Garcia 02 00001101
697,2026-01-05,1180,IVA acreditable,4758.08,0.00,Registro factura INV-00038,INV-00038,CC-100 Operaciones,Bruno Garcia 02 00001101
698,2026-02-09,5000,Gastos operativos,85810.00,0.00,Registro factura INV-00206,INV-00206,CC-100 Operaciones,Diego Luna 10 00001101
699,2026-03-02,1020,Bancos,0.00,76442.84,Pago factura INV-00344,INV-00344,CC-100 Operaciones,Bruno Garcia 02 00001101
700,2026-05-12,2100,Cuentas por pagar,21799.41,0.00,Pago factura INV-00033,INV-00033,CC-100 Operaciones,Bruno Garcia 02 00001101
701,2026-01-19,2100,Cuentas por pagar,0.00,83261.32,Registro factura INV-00095,INV-00095,CC-100 Operaciones,Bruno Garcia 08 00001101
702,2026-02-05,1180,IVA acreditable,14270.56,0.00,Registro factura INV-00094,INV-00094,CC-100 Operaciones,Elena Mora 05 00001101
703,2026-02-01,1180,IVA acreditable,5681.76,0.00,Registro factura INV-00031,INV-00031,CC-100 Operaciones,Carla Soto 09 00001101
704,2026-05-30,2100,Cuentas por pagar,59285.28,0.00,Pago factura INV-00352,INV-00352,CC-100 Operaciones,Bruno Garcia 02 00001101
705,2026-03-24,5000,Gastos operativos,66396.00,0.00,Registro factura INV-00148,INV-00148,CC-100 Operaciones,Bruno Garcia 08 00001101
706,2026-04-17,2100,Cuentas por pagar,37565.44,0.00,Pago factura INV-00151,INV-00151,CC-100 Operaciones,Bruno Garcia 02 00001101
707,2026-01-09,2100,Cuentas por pagar,0.00,102399.00,Registro factura INV-00241,INV-00241,CC-100 Operaciones,Bruno Garcia 02 00001101
708,2026-05-01,1020,Bancos,0.00,24072.32,Pago factura INV-00073,INV-00073,CC-100 Operaciones,Bruno Garcia 02 00001101
709,2026-05-24,5000,Gastos operativos,17439.00,0.00,Registro factura INV-00101,INV-00101,CC-100 Operaciones,Carla Soto 03 00001101
710,2026-02-16,1050,Cuentas por cobrar,71340.00,0.00,Registro venta INV-00203,INV-00203,CC-100 Operaciones,Bruno Garcia 02 00001101
711,2026-06-30,2100,Cuentas por pagar,15567.20,0.00,Pago factura INV-00082,INV-00082,CC-100 Operaciones,Bruno Garcia 02 00001101
712,2026-03-02,2100,Cuentas por pagar,76442.84,0.00,Pago factura INV-00344,INV-00344,CC-100 Operaciones,Bruno Garcia 02 00001101
713,2026-04-06,1020,Bancos,0.00,95769.60,Pago factura INV-00361,INV-00361,CC-100 Operaciones,Bruno Garcia 02 00001101
714,2026-04-30,2100,Cuentas por pagar,81882.08,0.00,Pago factura INV-00142,INV-00142,CC-100 Operaciones,Bruno Garcia 02 00001101
715,2026-04-05,2100,Cuentas por pagar,0.00,67123.40,Registro factura INV-00138,INV-00138,CC-100 Operaciones,Fabian Rios 06 00001101
716,2026-05-01,2100,Cuentas por pagar,24072.32,0.00,Pago factura INV-00073,INV-00073,CC-100 Operaciones,Bruno Garcia 02 00001101
717,2026-06-06,2100,Cuentas por pagar,0.00,107066.84,Registro factura INV-00010,INV-00010,CC-100 Operaciones,Fabian Rios 06 00001101
718,2026-01-23,1180,IVA acreditable,13106.24,0.00,Registro factura INV-00340,INV-00340,CC-100 Operaciones,Diego Luna 04 00001101
719,2026-02-11,2100,Cuentas por pagar,0.00,53660.44,Registro factura INV-00200,INV-00200,CC-100 Operaciones,Elena Mora 05 00001101
720,2026-04-09,5000,Gastos operativos,49826.00,0.00,Registro factura INV-00070,INV-00070,CC-100 Operaciones,Diego Luna 04 00001101
721,2026-02-18,2100,Cuentas por pagar,27458.36,0.00,Pago factura INV-00078,INV-00078,CC-100 Operaciones,Bruno Garcia 02 00001101
722,2026-01-18,1180,IVA acreditable,2509.28,0.00,Registro factura INV-00132,INV-00132,CC-100 Operaciones,Carla Soto 09 00001101
723,2026-03-11,1180,IVA acreditable,9609.76,0.00,Registro factura INV-00170,INV-00170,CC-100 Operaciones,Elena Mora 05 00001101
724,2026-03-12,2100,Cuentas por pagar,0.00,14123.00,Registro factura INV-00323,INV-00323,CC-100 Operaciones,Bruno Garcia 02 00001101
725,2026-06-10,1180,IVA acreditable,9909.60,0.00,Registro factura INV-00316,INV-00316,CC-100 Operaciones,Bruno Garcia 02 00001101
726,2026-03-04,5000,Gastos operativos,24659.00,0.00,Registro factura INV-00311,INV-00311,CC-100 Operaciones,Diego Luna 10 00001101
727,2026-05-31,1020,Bancos,0.00,97626.76,Pago factura INV-00223,INV-00223,CC-100 Operaciones,Bruno Garcia 02 00001101
728,2026-01-22,2100,Cuentas por pagar,39260.20,0.00,Pago factura INV-00188,INV-00188,CC-100 Operaciones,Bruno Garcia 02 00001101
729,2026-03-19,2100,Cuentas por pagar,0.00,16981.24,Registro factura INV-00022,INV-00022,CC-100 Operaciones,Carla Soto 09 00001101
730,2026-03-30,1180,IVA acreditable,7650.24,0.00,Registro factura INV-00322,INV-00322,CC-100 Operaciones,Diego Luna 10 00001101
731,2026-02-10,1020,Bancos,0.00,40623.20,Pago factura INV-00090,INV-00090,CC-100 Operaciones,Bruno Garcia 02 00001101
732,2026-03-05,5000,Gastos operativos,44768.00,0.00,Registro factura INV-00171,INV-00171,CC-100 Operaciones,Diego Luna 10 00001101
733,2026-02-01,5000,Gastos operativos,35511.00,0.00,Registro factura INV-00031,INV-00031,CC-100 Operaciones,Carla Soto 09 00001101
734,2026-02-02,1020,Bancos,0.00,16648.32,Pago factura INV-00048,INV-00048,CC-100 Operaciones,Bruno Garcia 02 00001101
735,2026-01-23,1180,IVA acreditable,2296.32,0.00,Registro factura INV-00048,INV-00048,CC-100 Operaciones,Bruno Garcia 02 00001101
736,2026-06-18,2100,Cuentas por pagar,0.00,72357.32,Registro factura INV-00087,INV-00087,CC-100 Operaciones,Fabian Rios 06 00001101
737,2026-05-11,2100,Cuentas por pagar,37500.48,0.00,Pago factura INV-00045,INV-00045,CC-100 Operaciones,Bruno Garcia 02 00001101
738,2026-02-14,1180,IVA acreditable,15095.84,0.00,Registro factura INV-00182,INV-00182,CC-100 Operaciones,Diego Luna 04 00001101
739,2026-01-19,1180,IVA acreditable,3600.00,0.00,Registro factura INV-00086,INV-00086,CC-100 Operaciones,Carla Soto 09 00001101
740,2026-05-06,1180,IVA acreditable,9428.48,0.00,Registro factura INV-00165,INV-00165,CC-100 Operaciones,Ana Ruiz 07 00001101
741,2026-05-15,1020,Bancos,0.00,69823.88,Pago factura INV-00346,INV-00346,CC-100 Operaciones,Bruno Garcia 02 00001101
742,2026-04-17,2100,Cuentas por pagar,104839.64,0.00,Pago factura INV-00081,INV-00081,CC-100 Operaciones,Bruno Garcia 02 00001101
743,2026-03-28,2100,Cuentas por pagar,0.00,24204.56,Registro factura INV-00186,INV-00186,CC-100 Operaciones,Fabian Rios 06 00001101
744,2026-04-17,1020,Bancos,0.00,37565.44,Pago factura INV-00151,INV-00151,CC-100 Operaciones,Bruno Garcia 02 00001101
745,2026-06-21,1180,IVA acreditable,11819.04,0.00,Registro factura INV-00020,INV-00020,CC-100 Operaciones,Carla Soto 03 00001101
746,2026-05-22,2100,Cuentas por pagar,26338.96,0.00,Pago factura INV-00118,INV-00118,CC-100 Operaciones,Bruno Garcia 02 00001101
747,2026-06-21,2100,Cuentas por pagar,0.00,85688.04,Registro factura INV-00020,INV-00020,CC-100 Operaciones,Carla Soto 03 00001101
748,2026-03-21,2100,Cuentas por pagar,0.00,74801.44,Registro factura INV-00231,INV-00231,CC-100 Operaciones,Ana Ruiz 01 00001101
749,2026-06-22,2100,Cuentas por pagar,0.00,80075.96,Registro factura INV-00190,INV-00190,CC-100 Operaciones,Diego Luna 10 00001101
750,2026-01-24,1020,Bancos,0.00,84431.76,Pago factura INV-00360,INV-00360,CC-100 Operaciones,Bruno Garcia 02 00001101
751,2026-04-02,1180,IVA acreditable,13789.44,0.00,Registro factura INV-00143,INV-00143,CC-100 Operaciones,Carla Soto 09 00001101
752,2026-02-05,1180,IVA acreditable,7654.56,0.00,Registro factura INV-00183,INV-00183,CC-100 Operaciones,Ana Ruiz 07 00001101
753,2026-01-19,1180,IVA acreditable,13975.36,0.00,Registro factura INV-00197,INV-00197,CC-100 Operaciones,Fabian Rios 06 00001101
754,2026-05-31,2100,Cuentas por pagar,58926.84,0.00,Pago factura INV-00004,INV-00004,CC-100 Operaciones,Bruno Garcia 02 00001101
755,2026-02-18,1020,Bancos,0.00,81133.88,Pago factura INV-00304,INV-00304,CC-100 Operaciones,Bruno Garcia 02 00001101
756,2026-06-15,2100,Cuentas por pagar,0.00,95985.36,Registro factura INV-00263,INV-00263,CC-100 Operaciones,Elena Mora 05 00001101
757,2026-03-07,1180,IVA acreditable,3828.00,0.00,Registro factura INV-00105,INV-00105,CC-100 Operaciones,Carla Soto 09 00001101
758,2026-06-06,1020,Bancos,0.00,47948.60,Pago factura INV-00057,INV-00057,CC-100 Operaciones,Bruno Garcia 02 00001101
759,2026-05-07,1020,Bancos,0.00,54743.88,Pago factura INV-00212,INV-00212,CC-100 Operaciones,Bruno Garcia 02 00001101
760,2026-03-21,1020,Bancos,0.00,61521.76,Pago factura INV-00050,INV-00050,CC-100 Operaciones,Bruno Garcia 02 00001101
761,2026-03-24,2100,Cuentas por pagar,0.00,29165.88,Registro factura INV-00334,INV-00334,CC-100 Operaciones,Diego Luna 10 00001101
762,2026-03-24,5000,Gastos operativos,25143.00,0.00,Registro factura INV-00334,INV-00334,CC-100 Operaciones,Diego Luna 10 00001101
763,2026-01-09,5000,Gastos operativos,59612.00,0.00,Registro factura INV-00169,INV-00169,CC-100 Operaciones,Diego Luna 10 00001101
764,2026-05-12,2100,Cuentas por pagar,36992.40,0.00,Pago factura INV-00309,INV-00309,CC-100 Operaciones,Bruno Garcia 02 00001101
765,2026-04-04,1180,IVA acreditable,5068.32,0.00,Registro factura INV-00159,INV-00159,CC-100 Operaciones,Carla Soto 09 00001101
766,2026-03-15,5000,Gastos operativos,63530.00,0.00,Registro factura INV-00185,INV-00185,CC-100 Operaciones,Carla Soto 03 00001101
767,2026-03-13,2100,Cuentas por pagar,0.00,101520.88,Registro factura INV-00224,INV-00224,CC-100 Operaciones,Carla Soto 09 00001101
768,2026-06-26,1180,IVA acreditable,14682.56,0.00,Registro factura INV-00227,INV-00227,CC-100 Operaciones,Fabian Rios 06 00001101
769,2026-04-18,1020,Bancos,0.00,20066.84,Pago factura INV-00121,INV-00121,CC-100 Operaciones,Bruno Garcia 02 00001101
770,2026-03-02,2100,Cuentas por pagar,0.00,83478.24,Registro factura INV-00146,INV-00146,CC-100 Operaciones,Bruno Garcia 08 00001101
771,2026-01-28,2100,Cuentas por pagar,0.00,44335.20,Registro factura INV-00027,INV-00027,CC-100 Operaciones,Carla Soto 03 00001101
772,2026-06-05,2100,Cuentas por pagar,45505.64,0.00,Pago factura INV-00042,INV-00042,CC-100 Operaciones,Bruno Garcia 02 00001101
773,2026-02-17,1180,IVA acreditable,6997.60,0.00,Registro factura INV-00015,INV-00015,CC-100 Operaciones,Elena Mora 05 00001101
774,2026-03-30,1020,Bancos,0.00,15679.72,Pago factura INV-00083,INV-00083,CC-100 Operaciones,Bruno Garcia 02 00001101
775,2026-01-22,5000,Gastos operativos,16918.00,0.00,Registro factura INV-00104,INV-00104,CC-100 Operaciones,Ana Ruiz 07 00001101
776,2026-01-16,5000,Gastos operativos,84313.00,0.00,Registro factura INV-00153,INV-00153,CC-100 Operaciones,Carla Soto 09 00001101
777,2026-05-04,2100,Cuentas por pagar,0.00,91060.00,Registro factura INV-00301,INV-00301,CC-100 Operaciones,Carla Soto 03 00001101
778,2026-04-14,5000,Gastos operativos,60167.00,0.00,Registro factura INV-00280,INV-00280,CC-100 Operaciones,Ana Ruiz 07 00001101
779,2026-02-19,1180,IVA acreditable,2437.60,0.00,Registro factura INV-00259,INV-00259,CC-100 Operaciones,Elena Mora 05 00001101
780,2026-05-04,2100,Cuentas por pagar,0.00,37868.20,Registro factura INV-00005,INV-00005,CC-100 Operaciones,Elena Mora 05 00001101
781,2026-03-01,1020,Bancos,0.00,17672.60,Pago factura INV-00259,INV-00259,CC-100 Operaciones,Bruno Garcia 02 00001101
782,2026-05-18,2100,Cuentas por pagar,83763.60,0.00,Pago factura INV-00297,INV-00297,CC-100 Operaciones,Bruno Garcia 02 00001101
783,2026-01-30,1180,IVA acreditable,14545.44,0.00,Registro factura INV-00199,INV-00199,CC-100 Operaciones,Ana Ruiz 07 00001101
784,2026-06-02,1020,Bancos,0.00,14567.28,Pago factura INV-00245,INV-00245,CC-100 Operaciones,Bruno Garcia 02 00001101
785,2026-01-30,4000,Ingresos por servicios,0.00,38000.00,Registro venta INV-00319,INV-00319,CC-100 Operaciones,Bruno Garcia 02 00001101
786,2026-06-04,1020,Bancos,0.00,69997.88,Pago factura INV-00106,INV-00106,CC-100 Operaciones,Bruno Garcia 02 00001101
787,2026-03-29,5000,Gastos operativos,46278.00,0.00,Registro factura INV-00279,INV-00279,CC-100 Operaciones,Carla Soto 03 00001101
788,2026-03-05,5000,Gastos operativos,31321.00,0.00,Registro factura INV-00076,INV-00076,CC-100 Operaciones,Fabian Rios 06 00001101
789,2026-05-20,2100,Cuentas por pagar,0.00,59285.28,Registro factura INV-00352,INV-00352,CC-100 Operaciones,Carla Soto 09 00001101
790,2026-02-15,1020,Bancos,0.00,51930.88,Pago factura INV-00277,INV-00277,CC-100 Operaciones,Bruno Garcia 02 00001101
791,2026-04-05,5000,Gastos operativos,31321.00,0.00,Registro factura INV-00150,INV-00150,CC-100 Operaciones,Ana Ruiz 07 00001101
792,2026-04-24,2100,Cuentas por pagar,0.00,67803.16,Registro factura INV-00305,INV-00305,CC-100 Operaciones,Carla Soto 09 00001101
793,2026-03-08,1180,IVA acreditable,6994.56,0.00,Registro factura INV-00218,INV-00218,CC-100 Operaciones,Fabian Rios 06 00001101
794,2026-01-10,5000,Gastos operativos,72229.00,0.00,Registro factura INV-00317,INV-00317,CC-100 Operaciones,Ana Ruiz 07 00001101
795,2026-02-25,2100,Cuentas por pagar,0.00,77388.24,Registro factura INV-00244,INV-00244,CC-100 Operaciones,Ana Ruiz 07 00001101
796,2026-05-29,1020,Bancos,0.00,92521.60,Pago factura INV-00217,INV-00217,CC-100 Operaciones,Bruno Garcia 02 00001101
797,2026-01-12,1020,Bancos,0.00,20697.64,Pago factura INV-00038,INV-00038,CC-100 Operaciones,Bruno Garcia 02 00001101
798,2026-02-19,2100,Cuentas por pagar,0.00,69785.60,Registro factura INV-00351,INV-00351,CC-100 Operaciones,Ana Ruiz 07 00001101
799,2026-03-11,1020,Bancos,0.00,67392.52,Pago factura INV-00234,INV-00234,CC-100 Operaciones,Bruno Garcia 02 00001101
800,2026-03-02,2100,Cuentas por pagar,104688.84,0.00,Pago factura INV-00204,INV-00204,CC-100 Operaciones,Bruno Garcia 02 00001101
801,2026-02-03,1020,Bancos,0.00,97030.52,Pago factura INV-00034,INV-00034,CC-100 Operaciones,Bruno Garcia 02 00001101
802,2026-01-22,1180,IVA acreditable,2706.88,0.00,Registro factura INV-00104,INV-00104,CC-100 Operaciones,Ana Ruiz 07 00001101
803,2026-06-24,1180,IVA acreditable,10294.40,0.00,Registro factura INV-00193,INV-00193,CC-100 Operaciones,Bruno Garcia 02 00001101
804,2026-04-04,1020,Bancos,0.00,43415.32,Pago factura INV-00154,INV-00154,CC-100 Operaciones,Bruno Garcia 02 00001101
805,2026-04-24,2100,Cuentas por pagar,69793.72,0.00,Pago factura INV-00280,INV-00280,CC-100 Operaciones,Bruno Garcia 02 00001101
806,2026-04-04,1180,IVA acreditable,11739.84,0.00,Registro factura INV-00097,INV-00097,CC-100 Operaciones,Ana Ruiz 01 00001101
807,2026-02-16,4000,Ingresos por servicios,0.00,61500.00,Registro venta INV-00203,INV-00203,CC-100 Operaciones,Bruno Garcia 02 00001101
808,2026-06-05,1020,Bancos,0.00,45505.64,Pago factura INV-00042,INV-00042,CC-100 Operaciones,Bruno Garcia 02 00001101
809,2026-06-13,5000,Gastos operativos,31378.00,0.00,Registro factura INV-00233,INV-00233,CC-100 Operaciones,Ana Ruiz 01 00001101
810,2026-04-20,5000,Gastos operativos,70588.00,0.00,Registro factura INV-00142,INV-00142,CC-100 Operaciones,Elena Mora 05 00001101
811,2026-01-10,5000,Gastos operativos,37053.00,0.00,Registro factura INV-00220,INV-00220,CC-100 Operaciones,Carla Soto 09 00001101
812,2026-05-13,2100,Cuentas por pagar,0.00,49950.76,Registro factura INV-00331,INV-00331,CC-100 Operaciones,Bruno Garcia 02 00001101
813,2026-01-25,2100,Cuentas por pagar,48021.68,0.00,Pago factura INV-00071,INV-00071,CC-100 Operaciones,Bruno Garcia 02 00001101
814,2026-03-17,2100,Cuentas por pagar,44403.64,0.00,Pago factura INV-00100,INV-00100,CC-100 Operaciones,Bruno Garcia 02 00001101
815,2026-01-14,1180,IVA acreditable,11645.76,0.00,Registro factura INV-00360,INV-00360,CC-100 Operaciones,Carla Soto 03 00001101
816,2026-06-13,1020,Bancos,0.00,29305.08,Pago factura INV-00173,INV-00173,CC-100 Operaciones,Bruno Garcia 02 00001101
817,2026-04-29,5000,Gastos operativos,78714.00,0.00,Registro factura INV-00229,INV-00229,CC-100 Operaciones,Bruno Garcia 02 00001101
818,2026-03-11,1020,Bancos,0.00,50930.96,Pago factura INV-00114,INV-00114,CC-100 Operaciones,Bruno Garcia 02 00001101
819,2026-05-27,2100,Cuentas por pagar,0.00,102095.08,Registro factura INV-00296,INV-00296,CC-100 Operaciones,Bruno Garcia 02 00001101
820,2026-02-14,2100,Cuentas por pagar,73001.12,0.00,Pago factura INV-00164,INV-00164,CC-100 Operaciones,Bruno Garcia 02 00001101
821,2026-04-16,1180,IVA acreditable,11085.60,0.00,Registro factura INV-00059,INV-00059,CC-100 Operaciones,Carla Soto 09 00001101
822,2026-02-05,5000,Gastos operativos,89191.00,0.00,Registro factura INV-00094,INV-00094,CC-100 Operaciones,Elena Mora 05 00001101
823,2026-02-05,2100,Cuentas por pagar,0.00,34496.08,Registro factura INV-00232,INV-00232,CC-100 Operaciones,Carla Soto 03 00001101
824,2026-04-03,1180,IVA acreditable,5327.52,0.00,Registro factura INV-00253,INV-00253,CC-100 Operaciones,Diego Luna 04 00001101
825,2026-02-08,1020,Bancos,0.00,69924.80,Pago factura INV-00350,INV-00350,CC-100 Operaciones,Bruno Garcia 02 00001101
826,2026-02-03,1180,IVA acreditable,11559.36,0.00,Registro factura INV-00089,INV-00089,CC-100 Operaciones,Elena Mora 05 00001101
827,2026-02-14,1020,Bancos,0.00,92919.48,Pago factura INV-00339,INV-00339,CC-100 Operaciones,Bruno Garcia 02 00001101
828,2026-01-23,1020,Bancos,0.00,54479.40,Pago factura INV-00335,INV-00335,CC-100 Operaciones,Bruno Garcia 02 00001101
829,2026-02-17,1020,Bancos,0.00,24042.16,Pago factura INV-00269,INV-00269,CC-100 Operaciones,Bruno Garcia 02 00001101
830,2026-04-27,5000,Gastos operativos,44515.00,0.00,Registro factura INV-00156,INV-00156,CC-100 Operaciones,Diego Luna 10 00001101
831,2026-02-19,1020,Bancos,0.00,108838.16,Pago factura INV-00074,INV-00074,CC-100 Operaciones,Bruno Garcia 02 00001101
832,2026-02-11,5000,Gastos operativos,46259.00,0.00,Registro factura INV-00200,INV-00200,CC-100 Operaciones,Elena Mora 05 00001101
833,2026-06-26,2100,Cuentas por pagar,18014.80,0.00,Pago factura INV-00135,INV-00135,CC-100 Operaciones,Bruno Garcia 02 00001101
834,2026-05-15,1020,Bancos,0.00,57573.12,Pago factura INV-00248,INV-00248,CC-100 Operaciones,Bruno Garcia 02 00001101
835,2026-02-24,1020,Bancos,0.00,109444.84,Pago factura INV-00182,INV-00182,CC-100 Operaciones,Bruno Garcia 02 00001101
836,2026-03-31,1020,Bancos,0.00,62133.08,Pago factura INV-00131,INV-00131,CC-100 Operaciones,Bruno Garcia 02 00001101
837,2026-01-31,1020,Bancos,0.00,21516.84,Pago factura INV-00036,INV-00036,CC-100 Operaciones,Bruno Garcia 02 00001101
838,2026-06-08,5000,Gastos operativos,72441.00,0.00,Registro factura INV-00330,INV-00330,CC-100 Operaciones,Diego Luna 10 00001101
839,2026-03-12,5000,Gastos operativos,62845.00,0.00,Registro factura INV-00145,INV-00145,CC-100 Operaciones,Diego Luna 04 00001101
840,2026-02-15,1020,Bancos,0.00,36332.36,Pago factura INV-00007,INV-00007,CC-100 Operaciones,Bruno Garcia 02 00001101
841,2026-04-04,2100,Cuentas por pagar,108559.76,0.00,Pago factura INV-00210,INV-00210,CC-100 Operaciones,Bruno Garcia 02 00001101
842,2026-04-30,5000,Gastos operativos,52195.00,0.00,Registro factura INV-00312,INV-00312,CC-100 Operaciones,Ana Ruiz 07 00001101
843,2026-06-15,2100,Cuentas por pagar,105641.20,0.00,Pago factura INV-00088,INV-00088,CC-100 Operaciones,Bruno Garcia 02 00001101
844,2026-01-13,2100,Cuentas por pagar,0.00,54479.40,Registro factura INV-00335,INV-00335,CC-100 Operaciones,Fabian Rios 06 00001101
845,2026-05-04,5000,Gastos operativos,78500.00,0.00,Registro factura INV-00301,INV-00301,CC-100 Operaciones,Carla Soto 03 00001101
846,2026-02-17,2100,Cuentas por pagar,72735.48,0.00,Pago factura INV-00122,INV-00122,CC-100 Operaciones,Bruno Garcia 02 00001101
847,2026-06-14,1180,IVA acreditable,14388.16,0.00,Registro factura INV-00257,INV-00257,CC-100 Operaciones,Diego Luna 10 00001101
848,2026-02-20,2100,Cuentas por pagar,0.00,104688.84,Registro factura INV-00204,INV-00204,CC-100 Operaciones,Bruno Garcia 02 00001101
849,2026-05-04,2100,Cuentas por pagar,108199.00,0.00,Pago factura INV-00177,INV-00177,CC-100 Operaciones,Bruno Garcia 02 00001101
850,2026-01-25,1180,IVA acreditable,4318.88,0.00,Registro factura INV-00021,INV-00021,CC-100 Operaciones,Fabian Rios 06 00001101
851,2026-06-02,2100,Cuentas por pagar,0.00,60616.96,Registro factura INV-00213,INV-00213,CC-100 Operaciones,Diego Luna 10 00001101
852,2026-05-03,1020,Bancos,0.00,101020.92,Pago factura INV-00221,INV-00221,CC-100 Operaciones,Bruno Garcia 02 00001101
853,2026-06-18,1180,IVA acreditable,12489.76,0.00,Registro factura INV-00276,INV-00276,CC-100 Operaciones,Diego Luna 04 00001101
854,2026-06-09,5000,Gastos operativos,54802.00,0.00,Registro factura INV-00308,INV-00308,CC-100 Operaciones,Ana Ruiz 07 00001101
855,2026-01-24,2100,Cuentas por pagar,0.00,97030.52,Registro factura INV-00034,INV-00034,CC-100 Operaciones,Carla Soto 09 00001101
856,2026-04-12,1020,Bancos,0.00,75661.00,Pago factura INV-00180,INV-00180,CC-100 Operaciones,Bruno Garcia 02 00001101
857,2026-05-05,2100,Cuentas por pagar,0.00,36332.36,Registro factura INV-00033,INV-00033,CC-100 Operaciones,Bruno Garcia 08 00001101
858,2026-02-16,2080,IVA trasladado,0.00,9840.00,Registro venta INV-00203,INV-00203,CC-100 Operaciones,Bruno Garcia 02 00001101
859,2026-05-13,1180,IVA acreditable,6889.76,0.00,Registro factura INV-00331,INV-00331,CC-100 Operaciones,Bruno Garcia 02 00001101
860,2026-02-25,1020,Bancos,0.00,45505.64,Pago factura INV-00133,INV-00133,CC-100 Operaciones,Bruno Garcia 02 00001101
861,2026-03-05,2100,Cuentas por pagar,21896.16,0.00,Pago factura INV-00325,INV-00325,CC-100 Operaciones,Bruno Garcia 02 00001101
862,2026-02-18,2100,Cuentas por pagar,0.00,38427.32,Registro factura INV-00337,INV-00337,CC-100 Operaciones,Diego Luna 10 00001101
863,2026-02-21,2100,Cuentas por pagar,37869.36,0.00,Pago factura INV-00051,INV-00051,CC-100 Operaciones,Bruno Garcia 02 00001101
864,2026-06-30,1020,Bancos,0.00,106448.56,Pago factura INV-00227,INV-00227,CC-100 Operaciones,Bruno Garcia 02 00001101
865,2026-04-04,5000,Gastos operativos,31677.00,0.00,Registro factura INV-00159,INV-00159,CC-100 Operaciones,Carla Soto 09 00001101
866,2026-03-23,1020,Bancos,0.00,20772.36,Pago factura INV-00171,INV-00171,CC-100 Operaciones,Bruno Garcia 02 00001101
867,2026-02-18,1020,Bancos,0.00,27458.36,Pago factura INV-00078,INV-00078,CC-100 Operaciones,Bruno Garcia 02 00001101
868,2026-01-13,2100,Cuentas por pagar,0.00,74139.08,Registro factura INV-00266,INV-00266,CC-100 Operaciones,Bruno Garcia 08 00001101
869,2026-01-11,5000,Gastos operativos,24686.00,0.00,Registro factura INV-00115,INV-00115,CC-100 Operaciones,Fabian Rios 06 00001101
870,2026-05-24,1180,IVA acreditable,10100.16,0.00,Registro factura INV-00161,INV-00161,CC-100 Operaciones,Elena Mora 05 00001101
871,2026-03-18,2100,Cuentas por pagar,50710.56,0.00,Pago factura INV-00218,INV-00218,CC-100 Operaciones,Bruno Garcia 02 00001101
872,2026-02-19,2100,Cuentas por pagar,69689.32,0.00,Pago factura INV-00008,INV-00008,CC-100 Operaciones,Bruno Garcia 02 00001101
873,2026-06-25,5000,Gastos operativos,19308.00,0.00,Registro factura INV-00267,INV-00267,CC-100 Operaciones,Ana Ruiz 01 00001101
874,2026-02-05,2100,Cuentas por pagar,61576.28,0.00,Pago factura INV-00287,INV-00287,CC-100 Operaciones,Bruno Garcia 02 00001101
875,2026-01-28,1020,Bancos,0.00,16905.84,Pago factura INV-00348,INV-00348,CC-100 Operaciones,Bruno Garcia 02 00001101
876,2026-01-19,2100,Cuentas por pagar,0.00,101321.36,Registro factura INV-00197,INV-00197,CC-100 Operaciones,Fabian Rios 06 00001101
877,2026-02-12,1180,IVA acreditable,10952.80,0.00,Registro factura INV-00333,INV-00333,CC-100 Operaciones,Bruno Garcia 02 00001101
878,2026-05-12,2100,Cuentas por pagar,0.00,66425.08,Registro factura INV-00160,INV-00160,CC-100 Operaciones,Elena Mora 05 00001101
879,2026-02-22,1180,IVA acreditable,4945.76,0.00,Registro factura INV-00032,INV-00032,CC-100 Operaciones,Diego Luna 04 00001101
880,2026-03-06,2100,Cuentas por pagar,32047.32,0.00,Pago factura INV-00017,INV-00017,CC-100 Operaciones,Bruno Garcia 02 00001101
881,2026-04-19,5000,Gastos operativos,27779.00,0.00,Registro factura INV-00282,INV-00282,CC-100 Operaciones,Bruno Garcia 08 00001101
882,2026-06-14,2100,Cuentas por pagar,0.00,102945.36,Registro factura INV-00141,INV-00141,CC-100 Operaciones,Bruno Garcia 08 00001101
883,2026-04-03,1020,Bancos,0.00,77019.36,Pago factura INV-00148,INV-00148,CC-100 Operaciones,Bruno Garcia 02 00001101
884,2026-05-29,5000,Gastos operativos,18542.00,0.00,Registro factura INV-00102,INV-00102,CC-100 Operaciones,Fabian Rios 06 00001101
885,2026-05-26,2100,Cuentas por pagar,30250.48,0.00,Pago factura INV-00235,INV-00235,CC-100 Operaciones,Bruno Garcia 02 00001101
886,2026-01-15,1180,IVA acreditable,14036.00,0.00,Registro factura INV-00349,INV-00349,CC-100 Operaciones,Diego Luna 10 00001101
887,2026-04-23,5000,Gastos operativos,32079.00,0.00,Registro factura INV-00264,INV-00264,CC-100 Operaciones,Diego Luna 04 00001101
888,2026-04-16,2100,Cuentas por pagar,0.00,14931.52,Registro factura INV-00299,INV-00299,CC-100 Operaciones,Ana Ruiz 07 00001101
889,2026-04-21,2100,Cuentas por pagar,0.00,24072.32,Registro factura INV-00073,INV-00073,CC-100 Operaciones,Bruno Garcia 02 00001101
890,2026-04-14,2100,Cuentas por pagar,85113.84,0.00,Pago factura INV-00097,INV-00097,CC-100 Operaciones,Bruno Garcia 02 00001101
891,2026-06-04,2100,Cuentas por pagar,0.00,42406.12,Registro factura INV-00030,INV-00030,CC-100 Operaciones,Fabian Rios 06 00001101
892,2026-03-20,2100,Cuentas por pagar,0.00,22345.08,Registro factura INV-00283,INV-00283,CC-100 Operaciones,Bruno Garcia 02 00001101
893,2026-04-07,1020,Bancos,0.00,60490.52,Pago factura INV-00039,INV-00039,CC-100 Operaciones,Bruno Garcia 02 00001101
894,2026-06-12,2100,Cuentas por pagar,60616.96,0.00,Pago factura INV-00213,INV-00213,CC-100 Operaciones,Bruno Garcia 02 00001101
895,2026-03-04,2100,Cuentas por pagar,35856.76,0.00,Pago factura INV-00032,INV-00032,CC-100 Operaciones,Bruno Garcia 02 00001101
896,2026-03-14,2100,Cuentas por pagar,28604.44,0.00,Pago factura INV-00311,INV-00311,CC-100 Operaciones,Bruno Garcia 02 00001101
897,2026-06-05,1020,Bancos,0.00,38680.20,Pago factura INV-00061,INV-00061,CC-100 Operaciones,Bruno Garcia 02 00001101
898,2026-03-18,1020,Bancos,0.00,50710.56,Pago factura INV-00218,INV-00218,CC-100 Operaciones,Bruno Garcia 02 00001101
899,2026-03-19,5000,Gastos operativos,14639.00,0.00,Registro factura INV-00022,INV-00022,CC-100 Operaciones,Carla Soto 09 00001101
900,2026-03-17,2100,Cuentas por pagar,0.00,85726.32,Registro factura INV-00343,INV-00343,CC-100 Operaciones,Carla Soto 03 00001101
901,2026-02-18,1180,IVA acreditable,11456.16,0.00,Registro factura INV-00175,INV-00175,CC-100 Operaciones,Bruno Garcia 02 00001101
902,2026-02-02,5000,Gastos operativos,85831.00,0.00,Registro factura INV-00162,INV-00162,CC-100 Operaciones,Fabian Rios 06 00001101
903,2026-04-30,1020,Bancos,0.00,81882.08,Pago factura INV-00142,INV-00142,CC-100 Operaciones,Bruno Garcia 02 00001101
904,2026-03-10,5000,Gastos operativos,71966.00,0.00,Registro factura INV-00345,INV-00345,CC-100 Operaciones,Diego Luna 10 00001101
905,2026-02-24,2100,Cuentas por pagar,0.00,32047.32,Registro factura INV-00017,INV-00017,CC-100 Operaciones,Diego Luna 10 00001101
906,2026-03-21,1020,Bancos,0.00,69670.76,Pago factura INV-00170,INV-00170,CC-100 Operaciones,Bruno Garcia 02 00001101
907,2026-04-01,1020,Bancos,0.00,89749.20,Pago factura INV-00239,INV-00239,CC-100 Operaciones,Bruno Garcia 02 00001101
908,2026-02-07,1020,Bancos,0.00,44335.20,Pago factura INV-00027,INV-00027,CC-100 Operaciones,Bruno Garcia 02 00001101
909,2026-03-15,1020,Bancos,0.00,109624.64,Pago factura INV-00327,INV-00327,CC-100 Operaciones,Bruno Garcia 02 00001101
910,2026-02-27,1020,Bancos,0.00,50732.60,Pago factura INV-00015,INV-00015,CC-100 Operaciones,Bruno Garcia 02 00001101
911,2026-06-02,1180,IVA acreditable,9338.88,0.00,Registro factura INV-00117,INV-00117,CC-100 Operaciones,Bruno Garcia 02 00001101
912,2026-01-14,1180,IVA acreditable,6881.28,0.00,Registro factura INV-00149,INV-00149,CC-100 Operaciones,Elena Mora 05 00001101
913,2026-04-05,5000,Gastos operativos,29738.00,0.00,Registro factura INV-00113,INV-00113,CC-100 Operaciones,Elena Mora 05 00001101
914,2026-05-22,2100,Cuentas por pagar,0.00,21674.60,Registro factura INV-00324,INV-00324,CC-100 Operaciones,Ana Ruiz 01 00001101
915,2026-04-05,2100,Cuentas por pagar,0.00,36332.36,Registro factura INV-00150,INV-00150,CC-100 Operaciones,Ana Ruiz 07 00001101
916,2026-01-24,1180,IVA acreditable,13383.52,0.00,Registro factura INV-00034,INV-00034,CC-100 Operaciones,Carla Soto 09 00001101
917,2026-05-20,5000,Gastos operativos,90540.00,0.00,Registro factura INV-00214,INV-00214,CC-100 Operaciones,Ana Ruiz 07 00001101
918,2026-04-17,2100,Cuentas por pagar,0.00,76012.48,Registro factura INV-00243,INV-00243,CC-100 Operaciones,Diego Luna 04 00001101
919,2026-02-27,5000,Gastos operativos,66327.00,0.00,Registro factura INV-00055,INV-00055,CC-100 Operaciones,Ana Ruiz 07 00001101
920,2026-06-02,5000,Gastos operativos,52256.00,0.00,Registro factura INV-00213,INV-00213,CC-100 Operaciones,Diego Luna 10 00001101
921,2026-05-08,2100,Cuentas por pagar,0.00,83763.60,Registro factura INV-00297,INV-00297,CC-100 Operaciones,Ana Ruiz 01 00001101
922,2026-04-18,2100,Cuentas por pagar,69532.72,0.00,Pago factura INV-00271,INV-00271,CC-100 Operaciones,Bruno Garcia 02 00001101
923,2026-02-16,1020,Bancos,0.00,61908.04,Pago factura INV-00268,INV-00268,CC-100 Operaciones,Bruno Garcia 02 00001101
924,2026-05-12,5000,Gastos operativos,22706.00,0.00,Registro factura INV-00118,INV-00118,CC-100 Operaciones,Ana Ruiz 07 00001101
925,2026-04-29,2100,Cuentas por pagar,32223.64,0.00,Pago factura INV-00282,INV-00282,CC-100 Operaciones,Bruno Garcia 02 00001101
926,2026-06-08,1020,Bancos,0.00,49893.92,Pago factura INV-00172,INV-00172,CC-100 Operaciones,Bruno Garcia 02 00001101
927,2026-05-31,1180,IVA acreditable,2881.92,0.00,Registro factura INV-00040,INV-00040,CC-100 Operaciones,Bruno Garcia 08 00001101
928,2026-02-01,1020,Bancos,0.00,102975.52,Pago factura INV-00358,INV-00358,CC-100 Operaciones,Bruno Garcia 02 00001101
929,2026-02-22,2100,Cuentas por pagar,34128.36,0.00,Pago factura INV-00195,INV-00195,CC-100 Operaciones,Bruno Garcia 02 00001101
930,2026-02-05,5000,Gastos operativos,47841.00,0.00,Registro factura INV-00183,INV-00183,CC-100 Operaciones,Ana Ruiz 07 00001101
931,2026-02-17,5000,Gastos operativos,43735.00,0.00,Registro factura INV-00015,INV-00015,CC-100 Operaciones,Elena Mora 05 00001101
932,2026-01-19,5000,Gastos operativos,87346.00,0.00,Registro factura INV-00197,INV-00197,CC-100 Operaciones,Fabian Rios 06 00001101
933,2026-05-16,1180,IVA acreditable,4172.48,0.00,Registro factura INV-00235,INV-00235,CC-100 Operaciones,Ana Ruiz 01 00001101
934,2026-04-29,1020,Bancos,0.00,32223.64,Pago factura INV-00282,INV-00282,CC-100 Operaciones,Bruno Garcia 02 00001101
935,2026-06-29,2100,Cuentas por pagar,0.00,32235.24,Registro factura INV-00254,INV-00254,CC-100 Operaciones,Ana Ruiz 07 00001101
936,2026-04-14,1020,Bancos,0.00,36745.32,Pago factura INV-00159,INV-00159,CC-100 Operaciones,Bruno Garcia 02 00001101
937,2026-02-20,5000,Gastos operativos,65899.00,0.00,Registro factura INV-00344,INV-00344,CC-100 Operaciones,Diego Luna 04 00001101
938,2026-05-03,1180,IVA acreditable,9342.88,0.00,Registro factura INV-00284,INV-00284,CC-100 Operaciones,Bruno Garcia 08 00001101
939,2026-04-20,1180,IVA acreditable,11294.08,0.00,Registro factura INV-00142,INV-00142,CC-100 Operaciones,Elena Mora 05 00001101
940,2026-06-25,2100,Cuentas por pagar,95985.36,0.00,Pago factura INV-00263,INV-00263,CC-100 Operaciones,Bruno Garcia 02 00001101
941,2026-03-16,2100,Cuentas por pagar,0.00,97395.92,Registro factura INV-00247,INV-00247,CC-100 Operaciones,Bruno Garcia 08 00001101
942,2026-06-05,2100,Cuentas por pagar,38680.20,0.00,Pago factura INV-00061,INV-00061,CC-100 Operaciones,Bruno Garcia 02 00001101
943,2026-02-15,2100,Cuentas por pagar,0.00,46918.52,Registro factura INV-00103,INV-00103,CC-100 Operaciones,Carla Soto 09 00001101
944,2026-05-13,5000,Gastos operativos,43061.00,0.00,Registro factura INV-00331,INV-00331,CC-100 Operaciones,Bruno Garcia 02 00001101
945,2026-03-29,2100,Cuentas por pagar,0.00,53682.48,Registro factura INV-00279,INV-00279,CC-100 Operaciones,Carla Soto 03 00001101
946,2026-02-04,2100,Cuentas por pagar,0.00,92919.48,Registro factura INV-00339,INV-00339,CC-100 Operaciones,Bruno Garcia 08 00001101
947,2026-02-23,2100,Cuentas por pagar,109544.60,0.00,Pago factura INV-00110,INV-00110,CC-100 Operaciones,Bruno Garcia 02 00001101
948,2026-01-28,1180,IVA acreditable,6115.20,0.00,Registro factura INV-00027,INV-00027,CC-100 Operaciones,Carla Soto 03 00001101
949,2026-04-15,2100,Cuentas por pagar,0.00,100714.68,Registro factura INV-00342,INV-00342,CC-100 Operaciones,Bruno Garcia 02 00001101
950,2026-03-04,1180,IVA acreditable,3945.44,0.00,Registro factura INV-00311,INV-00311,CC-100 Operaciones,Diego Luna 10 00001101
951,2026-03-25,2100,Cuentas por pagar,0.00,43415.32,Registro factura INV-00154,INV-00154,CC-100 Operaciones,Elena Mora 05 00001101
952,2026-02-10,1180,IVA acreditable,9681.44,0.00,Registro factura INV-00006,INV-00006,CC-100 Operaciones,Diego Luna 10 00001101
953,2026-05-04,1020,Bancos,0.00,108199.00,Pago factura INV-00177,INV-00177,CC-100 Operaciones,Bruno Garcia 02 00001101
954,2026-05-05,2100,Cuentas por pagar,0.00,57573.12,Registro factura INV-00248,INV-00248,CC-100 Operaciones,Diego Luna 10 00001101
955,2026-02-21,2100,Cuentas por pagar,53660.44,0.00,Pago factura INV-00200,INV-00200,CC-100 Operaciones,Bruno Garcia 02 00001101
956,2026-02-23,1020,Bancos,0.00,53527.04,Pago factura INV-00037,INV-00037,CC-100 Operaciones,Bruno Garcia 02 00001101
957,2026-01-17,2100,Cuentas por pagar,0.00,44822.40,Registro factura INV-00023,INV-00023,CC-100 Operaciones,Bruno Garcia 02 00001101
958,2026-05-19,1020,Bancos,0.00,73919.84,Pago factura INV-00290,INV-00290,CC-100 Operaciones,Bruno Garcia 02 00001101
959,2026-04-01,1180,IVA acreditable,12530.24,0.00,Registro factura INV-00111,INV-00111,CC-100 Operaciones,Diego Luna 10 00001101
960,2026-01-29,1180,IVA acreditable,9440.00,0.00,Registro factura INV-00313,INV-00313,CC-100 Operaciones,Bruno Garcia 02 00001101
961,2026-03-04,1180,IVA acreditable,7651.84,0.00,Registro factura INV-00321,INV-00321,CC-100 Operaciones,Bruno Garcia 02 00001101
962,2026-03-07,2100,Cuentas por pagar,59484.80,0.00,Pago factura INV-00318,INV-00318,CC-100 Operaciones,Bruno Garcia 02 00001101
963,2026-04-11,1020,Bancos,0.00,32573.96,Pago factura INV-00332,INV-00332,CC-100 Operaciones,Bruno Garcia 02 00001101
964,2026-04-13,2100,Cuentas por pagar,0.00,73390.88,Registro factura INV-00261,INV-00261,CC-100 Operaciones,Bruno Garcia 08 00001101
965,2026-04-15,2100,Cuentas por pagar,34496.08,0.00,Pago factura INV-00113,INV-00113,CC-100 Operaciones,Bruno Garcia 02 00001101
966,2026-04-27,2100,Cuentas por pagar,76012.48,0.00,Pago factura INV-00243,INV-00243,CC-100 Operaciones,Bruno Garcia 02 00001101
967,2026-06-20,2100,Cuentas por pagar,23618.76,0.00,Pago factura INV-00240,INV-00240,CC-100 Operaciones,Bruno Garcia 02 00001101
968,2026-04-03,1180,IVA acreditable,9675.36,0.00,Registro factura INV-00096,INV-00096,CC-100 Operaciones,Fabian Rios 06 00001101
969,2026-06-17,2100,Cuentas por pagar,17128.56,0.00,Pago factura INV-00286,INV-00286,CC-100 Operaciones,Bruno Garcia 02 00001101
970,2026-04-20,2100,Cuentas por pagar,0.00,81882.08,Registro factura INV-00142,INV-00142,CC-100 Operaciones,Elena Mora 05 00001101
971,2026-04-20,2100,Cuentas por pagar,43947.76,0.00,Pago factura INV-00328,INV-00328,CC-100 Operaciones,Bruno Garcia 02 00001101
972,2026-06-08,2100,Cuentas por pagar,49893.92,0.00,Pago factura INV-00172,INV-00172,CC-100 Operaciones,Bruno Garcia 02 00001101
973,2026-03-12,5000,Gastos operativos,12175.00,0.00,Registro factura INV-00323,INV-00323,CC-100 Operaciones,Bruno Garcia 02 00001101
974,2026-03-19,1180,IVA acreditable,5901.12,0.00,Registro factura INV-00019,INV-00019,CC-100 Operaciones,Ana Ruiz 07 00001101
975,2026-01-21,1020,Bancos,0.00,89314.20,Pago factura INV-00320,INV-00320,CC-100 Operaciones,Bruno Garcia 02 00001101
976,2026-06-01,1180,IVA acreditable,10831.52,0.00,Registro factura INV-00181,INV-00181,CC-100 Operaciones,Elena Mora 05 00001101
977,2026-01-26,1020,Bancos,0.00,97803.08,Pago factura INV-00153,INV-00153,CC-100 Operaciones,Bruno Garcia 02 00001101
978,2026-02-23,5000,Gastos operativos,18876.00,0.00,Registro factura INV-00325,INV-00325,CC-100 Operaciones,Ana Ruiz 01 00001101
979,2026-06-28,1020,Bancos,0.00,90550.76,Pago factura INV-00276,INV-00276,CC-100 Operaciones,Bruno Garcia 02 00001101
980,2026-06-01,2100,Cuentas por pagar,21674.60,0.00,Pago factura INV-00324,INV-00324,CC-100 Operaciones,Bruno Garcia 02 00001101
981,2026-04-03,1020,Bancos,0.00,29165.88,Pago factura INV-00334,INV-00334,CC-100 Operaciones,Bruno Garcia 02 00001101
982,2026-05-26,2100,Cuentas por pagar,0.00,38680.20,Registro factura INV-00061,INV-00061,CC-100 Operaciones,Ana Ruiz 07 00001101
983,2026-06-11,5000,Gastos operativos,24598.00,0.00,Registro factura INV-00127,INV-00127,CC-100 Operaciones,Ana Ruiz 01 00001101
984,2026-05-02,1180,IVA acreditable,5102.40,0.00,Registro factura INV-00309,INV-00309,CC-100 Operaciones,Carla Soto 03 00001101
985,2026-05-16,2100,Cuentas por pagar,0.00,62920.72,Registro factura INV-00174,INV-00174,CC-100 Operaciones,Carla Soto 03 00001101
986,2026-06-08,2100,Cuentas por pagar,0.00,84031.56,Registro factura INV-00330,INV-00330,CC-100 Operaciones,Diego Luna 10 00001101
987,2026-02-25,1050,Cuentas por cobrar,0.00,71340.00,Cobro factura INV-00203,INV-00203,CC-100 Operaciones,Bruno Garcia 02 00001101
988,2026-01-18,5000,Gastos operativos,15683.00,0.00,Registro factura INV-00132,INV-00132,CC-100 Operaciones,Carla Soto 09 00001101
989,2026-05-22,1180,IVA acreditable,2989.60,0.00,Registro factura INV-00324,INV-00324,CC-100 Operaciones,Ana Ruiz 01 00001101
990,2026-05-21,2100,Cuentas por pagar,95769.60,0.00,Pago factura INV-00258,INV-00258,CC-100 Operaciones,Bruno Garcia 02 00001101
991,2026-05-03,2100,Cuentas por pagar,101020.92,0.00,Pago factura INV-00221,INV-00221,CC-100 Operaciones,Bruno Garcia 02 00001101
992,2026-06-23,2100,Cuentas por pagar,0.00,92405.60,Registro factura INV-00285,INV-00285,CC-100 Operaciones,Elena Mora 05 00001101
993,2026-02-09,1180,IVA acreditable,15012.16,0.00,Registro factura INV-00074,INV-00074,CC-100 Operaciones,Ana Ruiz 01 00001101
994,2026-04-22,5000,Gastos operativos,81202.00,0.00,Registro factura INV-00295,INV-00295,CC-100 Operaciones,Elena Mora 05 00001101
995,2026-03-15,2100,Cuentas por pagar,0.00,60705.12,Registro factura INV-00242,INV-00242,CC-100 Operaciones,Ana Ruiz 01 00001101
996,2026-05-21,5000,Gastos operativos,84161.00,0.00,Registro factura INV-00223,INV-00223,CC-100 Operaciones,Diego Luna 04 00001101
997,2026-01-18,1180,IVA acreditable,2331.84,0.00,Registro factura INV-00348,INV-00348,CC-100 Operaciones,Ana Ruiz 01 00001101
998,2026-05-02,1180,IVA acreditable,9543.84,0.00,Registro factura INV-00077,INV-00077,CC-100 Operaciones,Ana Ruiz 01 00001101
999,2026-05-31,2100,Cuentas por pagar,97626.76,0.00,Pago factura INV-00223,INV-00223,CC-100 Operaciones,Bruno Garcia 02 00001101
1000,2026-03-24,2100,Cuentas por pagar,0.00,77019.36,Registro factura INV-00148,INV-00148,CC-100 Operaciones,Bruno Garcia 08 00001101
1001,2026-05-23,5000,Gastos operativos,12558.00,0.00,Registro factura INV-00245,INV-00245,CC-100 Operaciones,Bruno Garcia 08 00001101
1002,2026-01-22,2100,Cuentas por pagar,0.00,102975.52,Registro factura INV-00358,INV-00358,CC-100 Operaciones,Elena Mora 05 00001101
1003,2026-05-09,1180,IVA acreditable,4051.68,0.00,Registro factura INV-00049,INV-00049,CC-100 Operaciones,Fabian Rios 06 00001101
1004,2026-05-12,1020,Bancos,0.00,20697.64,Pago factura INV-00025,INV-00025,CC-100 Operaciones,Bruno Garcia 02 00001101
1005,2026-06-02,1180,IVA acreditable,8360.96,0.00,Registro factura INV-00213,INV-00213,CC-100 Operaciones,Diego Luna 10 00001101
1006,2026-01-09,5000,Gastos operativos,88275.00,0.00,Registro factura INV-00241,INV-00241,CC-100 Operaciones,Bruno Garcia 02 00001101
1007,2026-03-13,2100,Cuentas por pagar,0.00,57038.36,Registro factura INV-00056,INV-00056,CC-100 Operaciones,Ana Ruiz 07 00001101
1008,2026-02-08,5000,Gastos operativos,23671.00,0.00,Registro factura INV-00078,INV-00078,CC-100 Operaciones,Diego Luna 04 00001101
1009,2026-06-30,2100,Cuentas por pagar,64036.64,0.00,Pago factura INV-00144,INV-00144,CC-100 Operaciones,Bruno Garcia 02 00001101
1010,2026-02-24,2100,Cuentas por pagar,0.00,70586.00,Registro factura INV-00249,INV-00249,CC-100 Operaciones,Bruno Garcia 08 00001101
1011,2026-05-02,2100,Cuentas por pagar,0.00,69192.84,Registro factura INV-00077,INV-00077,CC-100 Operaciones,Ana Ruiz 01 00001101
1012,2026-06-30,1020,Bancos,0.00,93555.16,Pago factura INV-00120,INV-00120,CC-100 Operaciones,Bruno Garcia 02 00001101
1013,2026-05-23,1020,Bancos,0.00,71048.84,Pago factura INV-00178,INV-00178,CC-100 Operaciones,Bruno Garcia 02 00001101
1014,2026-03-01,5000,Gastos operativos,58097.00,0.00,Registro factura INV-00234,INV-00234,CC-100 Operaciones,Ana Ruiz 01 00001101
1015,2026-03-16,5000,Gastos operativos,83962.00,0.00,Registro factura INV-00247,INV-00247,CC-100 Operaciones,Bruno Garcia 08 00001101
1016,2026-01-23,2100,Cuentas por pagar,74139.08,0.00,Pago factura INV-00266,INV-00266,CC-100 Operaciones,Bruno Garcia 02 00001101
1017,2026-01-14,5000,Gastos operativos,72786.00,0.00,Registro factura INV-00360,INV-00360,CC-100 Operaciones,Carla Soto 03 00001101
1018,2026-06-30,2100,Cuentas por pagar,106448.56,0.00,Pago factura INV-00227,INV-00227,CC-100 Operaciones,Bruno Garcia 02 00001101
1019,2026-06-30,1020,Bancos,0.00,78558.68,Pago factura INV-00329,INV-00329,CC-100 Operaciones,Bruno Garcia 02 00001101
1020,2026-03-08,1020,Bancos,0.00,43582.36,Pago factura INV-00230,INV-00230,CC-100 Operaciones,Bruno Garcia 02 00001101
1021,2026-06-14,1020,Bancos,0.00,85043.08,Pago factura INV-00011,INV-00011,CC-100 Operaciones,Bruno Garcia 02 00001101
1022,2026-04-25,2100,Cuentas por pagar,0.00,57698.40,Registro factura INV-00029,INV-00029,CC-100 Operaciones,Bruno Garcia 08 00001101
1023,2026-06-24,1180,IVA acreditable,13858.56,0.00,Registro factura INV-00026,INV-00026,CC-100 Operaciones,Diego Luna 04 00001101
1024,2026-03-10,5000,Gastos operativos,28204.00,0.00,Registro factura INV-00225,INV-00225,CC-100 Operaciones,Bruno Garcia 08 00001101
1025,2026-04-02,2100,Cuentas por pagar,32402.28,0.00,Pago factura INV-00092,INV-00092,CC-100 Operaciones,Bruno Garcia 02 00001101
1026,2026-04-06,2100,Cuentas por pagar,0.00,26131.32,Registro factura INV-00130,INV-00130,CC-100 Operaciones,Elena Mora 05 00001101
1027,2026-01-24,1180,IVA acreditable,14987.52,0.00,Registro factura INV-00028,INV-00028,CC-100 Operaciones,Ana Ruiz 07 00001101
1028,2026-05-23,1180,IVA acreditable,2009.28,0.00,Registro factura INV-00245,INV-00245,CC-100 Operaciones,Bruno Garcia 08 00001101
1029,2026-02-10,2100,Cuentas por pagar,0.00,70190.44,Registro factura INV-00006,INV-00006,CC-100 Operaciones,Diego Luna 10 00001101
1030,2026-01-30,5000,Gastos operativos,90909.00,0.00,Registro factura INV-00199,INV-00199,CC-100 Operaciones,Ana Ruiz 07 00001101
1031,2026-03-13,1020,Bancos,0.00,32068.20,Pago factura INV-00209,INV-00209,CC-100 Operaciones,Bruno Garcia 02 00001101
1032,2026-04-30,2100,Cuentas por pagar,0.00,83196.36,Registro factura INV-00139,INV-00139,CC-100 Operaciones,Carla Soto 09 00001101
1033,2026-01-20,5000,Gastos operativos,40349.00,0.00,Registro factura INV-00046,INV-00046,CC-100 Operaciones,Ana Ruiz 01 00001101
1034,2026-05-07,5000,Gastos operativos,40558.00,0.00,Registro factura INV-00201,INV-00201,CC-100 Operaciones,Diego Luna 04 00001101
1035,2026-05-06,1020,Bancos,0.00,97633.72,Pago factura INV-00116,INV-00116,CC-100 Operaciones,Bruno Garcia 02 00001101
1036,2026-02-11,2100,Cuentas por pagar,75666.80,0.00,Pago factura INV-00355,INV-00355,CC-100 Operaciones,Bruno Garcia 02 00001101
1037,2026-03-17,1020,Bancos,0.00,44403.64,Pago factura INV-00100,INV-00100,CC-100 Operaciones,Bruno Garcia 02 00001101
1038,2026-03-11,2100,Cuentas por pagar,67392.52,0.00,Pago factura INV-00234,INV-00234,CC-100 Operaciones,Bruno Garcia 02 00001101
1039,2026-06-17,1020,Bancos,0.00,96382.08,Pago factura INV-00338,INV-00338,CC-100 Operaciones,Bruno Garcia 02 00001101
1040,2026-03-26,1180,IVA acreditable,14471.84,0.00,Registro factura INV-00359,INV-00359,CC-100 Operaciones,Diego Luna 04 00001101
1041,2026-06-21,1020,Bancos,0.00,77476.40,Pago factura INV-00236,INV-00236,CC-100 Operaciones,Bruno Garcia 02 00001101
1042,2026-05-28,2100,Cuentas por pagar,0.00,96929.60,Registro factura INV-00341,INV-00341,CC-100 Operaciones,Carla Soto 09 00001101
1043,2026-05-21,1180,IVA acreditable,13465.76,0.00,Registro factura INV-00223,INV-00223,CC-100 Operaciones,Diego Luna 04 00001101
1044,2026-03-22,2100,Cuentas por pagar,0.00,89749.20,Registro factura INV-00239,INV-00239,CC-100 Operaciones,Fabian Rios 06 00001101
1045,2026-01-20,2100,Cuentas por pagar,83785.64,0.00,Pago factura INV-00317,INV-00317,CC-100 Operaciones,Bruno Garcia 02 00001101
1046,2026-01-13,5000,Gastos operativos,46965.00,0.00,Registro factura INV-00335,INV-00335,CC-100 Operaciones,Fabian Rios 06 00001101
1047,2026-05-23,2100,Cuentas por pagar,13798.44,0.00,Pago factura INV-00025,INV-00025,CC-100 Operaciones,Bruno Garcia 02 00001101
1048,2026-05-14,1180,IVA acreditable,6689.44,0.00,Registro factura INV-00255,INV-00255,CC-100 Operaciones,Carla Soto 09 00001101
1049,2026-06-12,2100,Cuentas por pagar,0.00,40891.16,Registro factura INV-00053,INV-00053,CC-100 Operaciones,Fabian Rios 06 00001101
1050,2026-03-01,2100,Cuentas por pagar,0.00,50930.96,Registro factura INV-00114,INV-00114,CC-100 Operaciones,Carla Soto 03 00001101
1051,2026-06-26,2100,Cuentas por pagar,0.00,106448.56,Registro factura INV-00227,INV-00227,CC-100 Operaciones,Fabian Rios 06 00001101
1052,2026-01-16,1180,IVA acreditable,5585.12,0.00,Registro factura INV-00134,INV-00134,CC-100 Operaciones,Ana Ruiz 07 00001101
1053,2026-01-26,2100,Cuentas por pagar,40492.12,0.00,Pago factura INV-00134,INV-00134,CC-100 Operaciones,Bruno Garcia 02 00001101
1054,2026-03-22,1020,Bancos,0.00,14123.00,Pago factura INV-00323,INV-00323,CC-100 Operaciones,Bruno Garcia 02 00001101
1055,2026-02-04,1180,IVA acreditable,12816.48,0.00,Registro factura INV-00339,INV-00339,CC-100 Operaciones,Bruno Garcia 08 00001101
1056,2026-01-12,1180,IVA acreditable,5415.20,0.00,Registro factura INV-00188,INV-00188,CC-100 Operaciones,Carla Soto 03 00001101
1057,2026-02-07,1180,IVA acreditable,10032.48,0.00,Registro factura INV-00122,INV-00122,CC-100 Operaciones,Carla Soto 09 00001101
1058,2026-03-23,2100,Cuentas por pagar,0.00,57365.48,Registro factura INV-00013,INV-00013,CC-100 Operaciones,Elena Mora 05 00001101
1059,2026-03-10,2100,Cuentas por pagar,16045.12,0.00,Pago factura INV-00001,INV-00001,CC-100 Operaciones,Bruno Garcia 02 00001101
1060,2026-04-07,5000,Gastos operativos,90379.00,0.00,Registro factura INV-00081,INV-00081,CC-100 Operaciones,Bruno Garcia 08 00001101
1061,2026-05-09,2100,Cuentas por pagar,36767.36,0.00,Pago factura INV-00044,INV-00044,CC-100 Operaciones,Bruno Garcia 02 00001101
1062,2026-03-05,2100,Cuentas por pagar,0.00,34496.08,Registro factura INV-00043,INV-00043,CC-100 Operaciones,Diego Luna 04 00001101
1063,2026-06-12,2100,Cuentas por pagar,67706.88,0.00,Pago factura INV-00117,INV-00117,CC-100 Operaciones,Bruno Garcia 02 00001101
1064,2026-03-09,5000,Gastos operativos,35038.00,0.00,Registro factura INV-00035,INV-00035,CC-100 Operaciones,Carla Soto 03 00001101
1065,2026-01-30,1050,Cuentas por cobrar,44080.00,0.00,Registro venta INV-00319,INV-00319,CC-100 Operaciones,Bruno Garcia 02 00001101
1066,2026-05-09,2100,Cuentas por pagar,0.00,29374.68,Registro factura INV-00049,INV-00049,CC-100 Operaciones,Fabian Rios 06 00001101
1067,2026-02-20,2100,Cuentas por pagar,0.00,76442.84,Registro factura INV-00344,INV-00344,CC-100 Operaciones,Diego Luna 04 00001101
1068,2026-06-22,2100,Cuentas por pagar,73589.24,0.00,Pago factura INV-00336,INV-00336,CC-100 Operaciones,Bruno Garcia 02 00001101
1069,2026-06-30,2100,Cuentas por pagar,56199.68,0.00,Pago factura INV-00152,INV-00152,CC-100 Operaciones,Bruno Garcia 02 00001101
1070,2026-02-20,1020,Bancos,0.00,22255.76,Pago factura INV-00009,INV-00009,CC-100 Operaciones,Bruno Garcia 02 00001101
1071,2026-01-17,5000,Gastos operativos,38640.00,0.00,Registro factura INV-00023,INV-00023,CC-100 Operaciones,Bruno Garcia 02 00001101
1072,2026-02-18,5000,Gastos operativos,33127.00,0.00,Registro factura INV-00337,INV-00337,CC-100 Operaciones,Diego Luna 10 00001101
1073,2026-04-12,2100,Cuentas por pagar,99973.44,0.00,Pago factura INV-00143,INV-00143,CC-100 Operaciones,Bruno Garcia 02 00001101
1074,2026-06-02,2100,Cuentas por pagar,14567.28,0.00,Pago factura INV-00245,INV-00245,CC-100 Operaciones,Bruno Garcia 02 00001101
1075,2026-04-03,2100,Cuentas por pagar,77019.36,0.00,Pago factura INV-00148,INV-00148,CC-100 Operaciones,Bruno Garcia 02 00001101
1076,2026-01-29,2100,Cuentas por pagar,83261.32,0.00,Pago factura INV-00095,INV-00095,CC-100 Operaciones,Bruno Garcia 02 00001101
1077,2026-05-21,1180,IVA acreditable,8127.84,0.00,Registro factura INV-00004,INV-00004,CC-100 Operaciones,Bruno Garcia 02 00001101
1078,2026-06-11,1020,Bancos,0.00,31745.72,Pago factura INV-00079,INV-00079,CC-100 Operaciones,Bruno Garcia 02 00001101
1079,2026-05-28,1020,Bancos,0.00,67976.00,Pago factura INV-00124,INV-00124,CC-100 Operaciones,Bruno Garcia 02 00001101
1080,2026-04-19,1180,IVA acreditable,13262.72,0.00,Registro factura INV-00187,INV-00187,CC-100 Operaciones,Fabian Rios 06 00001101
1081,2026-05-27,1180,IVA acreditable,14082.08,0.00,Registro factura INV-00296,INV-00296,CC-100 Operaciones,Bruno Garcia 02 00001101
1082,2026-02-26,2100,Cuentas por pagar,0.00,87365.40,Registro factura INV-00208,INV-00208,CC-100 Operaciones,Bruno Garcia 02 00001101
1083,2026-05-11,2100,Cuentas por pagar,49947.28,0.00,Pago factura INV-00246,INV-00246,CC-100 Operaciones,Bruno Garcia 02 00001101
1084,2026-03-11,2100,Cuentas por pagar,0.00,61521.76,Registro factura INV-00050,INV-00050,CC-100 Operaciones,Ana Ruiz 07 00001101
1085,2026-05-01,1020,Bancos,0.00,56026.84,Pago factura INV-00147,INV-00147,CC-100 Operaciones,Bruno Garcia 02 00001101
1086,2026-04-21,1020,Bancos,0.00,107657.28,Pago factura INV-00075,INV-00075,CC-100 Operaciones,Bruno Garcia 02 00001101
1087,2026-01-27,5000,Gastos operativos,49835.00,0.00,Registro factura INV-00211,INV-00211,CC-100 Operaciones,Diego Luna 10 00001101
1088,2026-01-14,5000,Gastos operativos,43008.00,0.00,Registro factura INV-00149,INV-00149,CC-100 Operaciones,Elena Mora 05 00001101
1089,2026-05-05,5000,Gastos operativos,29738.00,0.00,Registro factura INV-00025,INV-00025,CC-100 Operaciones,Fabian Rios 06 00001101
1090,2026-06-21,1180,IVA acreditable,14798.72,0.00,Registro factura INV-00272,INV-00272,CC-100 Operaciones,Elena Mora 05 00001101
1091,2026-03-22,1180,IVA acreditable,12379.20,0.00,Registro factura INV-00239,INV-00239,CC-100 Operaciones,Fabian Rios 06 00001101
1092,2026-03-13,1180,IVA acreditable,7867.36,0.00,Registro factura INV-00056,INV-00056,CC-100 Operaciones,Ana Ruiz 07 00001101
1093,2026-04-28,5000,Gastos operativos,16944.00,0.00,Registro factura INV-00166,INV-00166,CC-100 Operaciones,Elena Mora 05 00001101
1094,2026-04-22,1180,IVA acreditable,12992.32,0.00,Registro factura INV-00295,INV-00295,CC-100 Operaciones,Elena Mora 05 00001101
1095,2026-05-08,1180,IVA acreditable,11570.88,0.00,Registro factura INV-00353,INV-00353,CC-100 Operaciones,Carla Soto 09 00001101
1096,2026-03-23,2100,Cuentas por pagar,101520.88,0.00,Pago factura INV-00224,INV-00224,CC-100 Operaciones,Bruno Garcia 02 00001101
1097,2026-05-28,2100,Cuentas por pagar,67976.00,0.00,Pago factura INV-00124,INV-00124,CC-100 Operaciones,Bruno Garcia 02 00001101
1098,2026-02-09,1020,Bancos,0.00,105454.44,Pago factura INV-00199,INV-00199,CC-100 Operaciones,Bruno Garcia 02 00001101
1099,2026-04-11,2100,Cuentas por pagar,90844.24,0.00,Pago factura INV-00111,INV-00111,CC-100 Operaciones,Bruno Garcia 02 00001101
1100,2026-03-27,2100,Cuentas por pagar,0.00,95769.60,Registro factura INV-00361,INV-00361,CC-100 Operaciones,Carla Soto 09 00001101
1101,2026-06-19,1020,Bancos,0.00,63570.32,Pago factura INV-00308,INV-00308,CC-100 Operaciones,Bruno Garcia 02 00001101
1102,2026-03-09,1020,Bancos,0.00,76939.32,Pago factura INV-00055,INV-00055,CC-100 Operaciones,Bruno Garcia 02 00001101
1103,2026-02-16,1180,IVA acreditable,4282.56,0.00,Registro factura INV-00052,INV-00052,CC-100 Operaciones,Bruno Garcia 08 00001101
1104,2026-06-30,2100,Cuentas por pagar,93555.16,0.00,Pago factura INV-00120,INV-00120,CC-100 Operaciones,Bruno Garcia 02 00001101
1105,2026-04-09,2100,Cuentas por pagar,0.00,20489.08,Registro factura INV-00356,INV-00356,CC-100 Operaciones,Bruno Garcia 02 00001101
1106,2026-04-15,1020,Bancos,0.00,36332.36,Pago factura INV-00150,INV-00150,CC-100 Operaciones,Bruno Garcia 02 00001101
1107,2026-06-18,2100,Cuentas por pagar,84031.56,0.00,Pago factura INV-00330,INV-00330,CC-100 Operaciones,Bruno Garcia 02 00001101
1108,2026-06-29,1180,IVA acreditable,4446.24,0.00,Registro factura INV-00254,INV-00254,CC-100 Operaciones,Ana Ruiz 07 00001101
1109,2026-06-06,2100,Cuentas por pagar,0.00,106529.76,Registro factura INV-00179,INV-00179,CC-100 Operaciones,Bruno Garcia 08 00001101
1110,2026-02-17,2100,Cuentas por pagar,24042.16,0.00,Pago factura INV-00269,INV-00269,CC-100 Operaciones,Bruno Garcia 02 00001101
1111,2026-06-27,1020,Bancos,0.00,71979.16,Pago factura INV-00098,INV-00098,CC-100 Operaciones,Bruno Garcia 02 00001101
1112,2026-05-30,2100,Cuentas por pagar,0.00,89027.68,Registro factura INV-00270,INV-00270,CC-100 Operaciones,Ana Ruiz 01 00001101
1113,2026-03-14,1020,Bancos,0.00,55475.84,Pago factura INV-00321,INV-00321,CC-100 Operaciones,Bruno Garcia 02 00001101
1114,2026-03-21,1180,IVA acreditable,10317.44,0.00,Registro factura INV-00231,INV-00231,CC-100 Operaciones,Ana Ruiz 01 00001101
1115,2026-06-05,1180,IVA acreditable,4758.08,0.00,Registro factura INV-00273,INV-00273,CC-100 Operaciones,Ana Ruiz 07 00001101
1116,2026-02-04,1020,Bancos,0.00,31311.88,Pago factura INV-00021,INV-00021,CC-100 Operaciones,Bruno Garcia 02 00001101
1117,2026-04-30,1180,IVA acreditable,8351.20,0.00,Registro factura INV-00312,INV-00312,CC-100 Operaciones,Ana Ruiz 07 00001101
1118,2026-03-24,2100,Cuentas por pagar,101343.40,0.00,Pago factura INV-00300,INV-00300,CC-100 Operaciones,Bruno Garcia 02 00001101
1119,2026-02-15,2100,Cuentas por pagar,51930.88,0.00,Pago factura INV-00277,INV-00277,CC-100 Operaciones,Bruno Garcia 02 00001101
1120,2026-01-11,5000,Gastos operativos,76995.00,0.00,Registro factura INV-00320,INV-00320,CC-100 Operaciones,Diego Luna 04 00001101
1121,2026-04-04,1020,Bancos,0.00,108559.76,Pago factura INV-00210,INV-00210,CC-100 Operaciones,Bruno Garcia 02 00001101
1122,2026-04-06,5000,Gastos operativos,22527.00,0.00,Registro factura INV-00130,INV-00130,CC-100 Operaciones,Elena Mora 05 00001101
1123,2026-05-31,5000,Gastos operativos,16310.00,0.00,Registro factura INV-00196,INV-00196,CC-100 Operaciones,Diego Luna 10 00001101
1124,2026-06-12,1180,IVA acreditable,10150.24,0.00,Registro factura INV-00336,INV-00336,CC-100 Operaciones,Diego Luna 04 00001101
1125,2026-03-18,2100,Cuentas por pagar,0.00,18296.68,Registro factura INV-00176,INV-00176,CC-100 Operaciones,Diego Luna 10 00001101
1126,2026-03-07,1020,Bancos,0.00,77388.24,Pago factura INV-00244,INV-00244,CC-100 Operaciones,Bruno Garcia 02 00001101
1127,2026-03-04,1020,Bancos,0.00,35856.76,Pago factura INV-00032,INV-00032,CC-100 Operaciones,Bruno Garcia 02 00001101
1128,2026-05-13,2100,Cuentas por pagar,0.00,71048.84,Registro factura INV-00178,INV-00178,CC-100 Operaciones,Diego Luna 04 00001101
1129,2026-01-23,2100,Cuentas por pagar,13798.44,0.00,Pago factura INV-00038,INV-00038,CC-100 Operaciones,Bruno Garcia 02 00001101
1130,2026-03-19,2100,Cuentas por pagar,60637.84,0.00,Pago factura INV-00099,INV-00099,CC-100 Operaciones,Bruno Garcia 02 00001101
1131,2026-01-19,1020,Bancos,0.00,69149.92,Pago factura INV-00169,INV-00169,CC-100 Operaciones,Bruno Garcia 02 00001101
1132,2026-05-16,2100,Cuentas por pagar,68356.48,0.00,Pago factura INV-00165,INV-00165,CC-100 Operaciones,Bruno Garcia 02 00001101
1133,2026-03-05,2100,Cuentas por pagar,0.00,50448.40,Registro factura INV-00256,INV-00256,CC-100 Operaciones,Ana Ruiz 07 00001101
1134,2026-02-07,2100,Cuentas por pagar,44335.20,0.00,Pago factura INV-00027,INV-00027,CC-100 Operaciones,Bruno Garcia 02 00001101
1135,2026-03-31,2100,Cuentas por pagar,62133.08,0.00,Pago factura INV-00131,INV-00131,CC-100 Operaciones,Bruno Garcia 02 00001101
1136,2026-01-25,1020,Bancos,0.00,48021.68,Pago factura INV-00071,INV-00071,CC-100 Operaciones,Bruno Garcia 02 00001101
1137,2026-01-17,2100,Cuentas por pagar,0.00,73387.40,Registro factura INV-00184,INV-00184,CC-100 Operaciones,Diego Luna 04 00001101
1138,2026-04-26,1180,IVA acreditable,13466.72,0.00,Registro factura INV-00116,INV-00116,CC-100 Operaciones,Ana Ruiz 01 00001101
1139,2026-03-09,1180,IVA acreditable,5606.08,0.00,Registro factura INV-00035,INV-00035,CC-100 Operaciones,Carla Soto 03 00001101
1140,2026-02-16,5000,Gastos operativos,26766.00,0.00,Registro factura INV-00052,INV-00052,CC-100 Operaciones,Bruno Garcia 08 00001101
1141,2026-01-23,2100,Cuentas por pagar,54479.40,0.00,Pago factura INV-00335,INV-00335,CC-100 Operaciones,Bruno Garcia 02 00001101
1142,2026-04-13,2100,Cuentas por pagar,0.00,101377.04,Registro factura INV-00262,INV-00262,CC-100 Operaciones,Diego Luna 10 00001101
1143,2026-03-01,2100,Cuentas por pagar,69785.60,0.00,Pago factura INV-00351,INV-00351,CC-100 Operaciones,Bruno Garcia 02 00001101
1144,2026-01-30,2100,Cuentas por pagar,46804.84,0.00,Pago factura INV-00046,INV-00046,CC-100 Operaciones,Bruno Garcia 02 00001101
1145,2026-06-10,2100,Cuentas por pagar,18919.60,0.00,Pago factura INV-00196,INV-00196,CC-100 Operaciones,Bruno Garcia 02 00001101
1146,2026-02-13,1180,IVA acreditable,15109.60,0.00,Registro factura INV-00110,INV-00110,CC-100 Operaciones,Ana Ruiz 07 00001101
1147,2026-06-30,1020,Bancos,0.00,22397.28,Pago factura INV-00267,INV-00267,CC-100 Operaciones,Bruno Garcia 02 00001101
1148,2026-02-15,5000,Gastos operativos,40447.00,0.00,Registro factura INV-00103,INV-00103,CC-100 Operaciones,Carla Soto 09 00001101
1149,2026-03-05,1020,Bancos,0.00,21896.16,Pago factura INV-00325,INV-00325,CC-100 Operaciones,Bruno Garcia 02 00001101
1150,2026-02-22,2100,Cuentas por pagar,0.00,29395.56,Registro factura INV-00140,INV-00140,CC-100 Operaciones,Fabian Rios 06 00001101
1151,2026-05-23,1020,Bancos,0.00,13798.44,Pago factura INV-00025,INV-00025,CC-100 Operaciones,Bruno Garcia 02 00001101
1152,2026-04-09,1180,IVA acreditable,2826.08,0.00,Registro factura INV-00356,INV-00356,CC-100 Operaciones,Bruno Garcia 02 00001101
1153,2026-01-09,1180,IVA acreditable,14124.00,0.00,Registro factura INV-00241,INV-00241,CC-100 Operaciones,Bruno Garcia 02 00001101
1154,2026-04-07,1020,Bancos,0.00,24204.56,Pago factura INV-00186,INV-00186,CC-100 Operaciones,Bruno Garcia 02 00001101
1155,2026-05-27,1020,Bancos,0.00,28538.32,Pago factura INV-00065,INV-00065,CC-100 Operaciones,Bruno Garcia 02 00001101
1156,2026-03-06,2100,Cuentas por pagar,0.00,37632.72,Registro factura INV-00326,INV-00326,CC-100 Operaciones,Diego Luna 04 00001101
1157,2026-03-03,5000,Gastos operativos,27645.00,0.00,Registro factura INV-00209,INV-00209,CC-100 Operaciones,Elena Mora 05 00001101
1158,2026-04-20,2100,Cuentas por pagar,0.00,79135.20,Registro factura INV-00207,INV-00207,CC-100 Operaciones,Carla Soto 03 00001101
1159,2026-04-08,5000,Gastos operativos,59942.00,0.00,Registro factura INV-00271,INV-00271,CC-100 Operaciones,Elena Mora 05 00001101
1160,2026-06-18,2100,Cuentas por pagar,0.00,90550.76,Registro factura INV-00276,INV-00276,CC-100 Operaciones,Diego Luna 04 00001101
1161,2026-06-13,1020,Bancos,0.00,21560.92,Pago factura INV-00274,INV-00274,CC-100 Operaciones,Bruno Garcia 02 00001101
1162,2026-03-22,1180,IVA acreditable,12448.48,0.00,Registro factura INV-00215,INV-00215,CC-100 Operaciones,Bruno Garcia 08 00001101
1163,2026-02-06,5000,Gastos operativos,53369.00,0.00,Registro factura INV-00268,INV-00268,CC-100 Operaciones,Bruno Garcia 02 00001101
1164,2026-06-05,5000,Gastos operativos,15112.00,0.00,Registro factura INV-00016,INV-00016,CC-100 Operaciones,Ana Ruiz 01 00001101
1165,2026-04-29,5000,Gastos operativos,31696.00,0.00,Registro factura INV-00044,INV-00044,CC-100 Operaciones,Diego Luna 10 00001101
1166,2026-02-01,2100,Cuentas por pagar,19624.88,0.00,Pago factura INV-00104,INV-00104,CC-100 Operaciones,Bruno Garcia 02 00001101
1167,2026-01-25,1020,Bancos,0.00,101761.00,Pago factura INV-00349,INV-00349,CC-100 Operaciones,Bruno Garcia 02 00001101
1168,2026-03-05,2100,Cuentas por pagar,0.00,109624.64,Registro factura INV-00327,INV-00327,CC-100 Operaciones,Elena Mora 05 00001101
1169,2026-04-05,1020,Bancos,0.00,50919.36,Pago factura INV-00024,INV-00024,CC-100 Operaciones,Bruno Garcia 02 00001101
1170,2026-05-20,1020,Bancos,0.00,47317.56,Pago factura INV-00228,INV-00228,CC-100 Operaciones,Bruno Garcia 02 00001101
1171,2026-04-27,1020,Bancos,0.00,76012.48,Pago factura INV-00243,INV-00243,CC-100 Operaciones,Bruno Garcia 02 00001101
1172,2026-02-09,1180,IVA acreditable,13729.60,0.00,Registro factura INV-00206,INV-00206,CC-100 Operaciones,Diego Luna 10 00001101
1173,2026-04-25,2100,Cuentas por pagar,0.00,48871.96,Registro factura INV-00252,INV-00252,CC-100 Operaciones,Fabian Rios 06 00001101
1174,2026-02-02,2100,Cuentas por pagar,16648.32,0.00,Pago factura INV-00048,INV-00048,CC-100 Operaciones,Bruno Garcia 02 00001101
1175,2026-05-21,1020,Bancos,0.00,95769.60,Pago factura INV-00258,INV-00258,CC-100 Operaciones,Bruno Garcia 02 00001101
1176,2026-05-09,2100,Cuentas por pagar,91308.24,0.00,Pago factura INV-00229,INV-00229,CC-100 Operaciones,Bruno Garcia 02 00001101
1177,2026-02-21,1180,IVA acreditable,13660.00,0.00,Registro factura INV-00108,INV-00108,CC-100 Operaciones,Carla Soto 09 00001101
1178,2026-01-27,1180,IVA acreditable,11444.00,0.00,Registro factura INV-00251,INV-00251,CC-100 Operaciones,Bruno Garcia 08 00001101
1179,2026-04-20,2100,Cuentas por pagar,77300.08,0.00,Pago factura INV-00310,INV-00310,CC-100 Operaciones,Bruno Garcia 02 00001101
1180,2026-04-30,2100,Cuentas por pagar,0.00,60546.20,Registro factura INV-00312,INV-00312,CC-100 Operaciones,Ana Ruiz 07 00001101
1181,2026-02-05,2100,Cuentas por pagar,0.00,103461.56,Registro factura INV-00094,INV-00094,CC-100 Operaciones,Elena Mora 05 00001101
1182,2026-04-01,1020,Bancos,0.00,90251.48,Pago factura INV-00215,INV-00215,CC-100 Operaciones,Bruno Garcia 02 00001101
1183,2026-06-06,5000,Gastos operativos,91836.00,0.00,Registro factura INV-00179,INV-00179,CC-100 Operaciones,Bruno Garcia 08 00001101
1184,2026-04-08,5000,Gastos operativos,17299.00,0.00,Registro factura INV-00121,INV-00121,CC-100 Operaciones,Ana Ruiz 07 00001101
1185,2026-02-04,2100,Cuentas por pagar,31311.88,0.00,Pago factura INV-00021,INV-00021,CC-100 Operaciones,Bruno Garcia 02 00001101
1186,2026-04-18,1180,IVA acreditable,10206.40,0.00,Registro factura INV-00093,INV-00093,CC-100 Operaciones,Carla Soto 09 00001101
1187,2026-01-09,1180,IVA acreditable,9537.92,0.00,Registro factura INV-00169,INV-00169,CC-100 Operaciones,Diego Luna 10 00001101
1188,2026-02-06,1020,Bancos,0.00,57808.60,Pago factura INV-00211,INV-00211,CC-100 Operaciones,Bruno Garcia 02 00001101
1189,2026-05-25,2100,Cuentas por pagar,0.00,77246.72,Registro factura INV-00205,INV-00205,CC-100 Operaciones,Diego Luna 10 00001101
1190,2026-02-15,1020,Bancos,0.00,55495.56,Pago factura INV-00183,INV-00183,CC-100 Operaciones,Bruno Garcia 02 00001101
1191,2026-06-07,5000,Gastos operativos,14766.00,0.00,Registro factura INV-00286,INV-00286,CC-100 Operaciones,Elena Mora 05 00001101
1192,2026-06-03,5000,Gastos operativos,25263.00,0.00,Registro factura INV-00173,INV-00173,CC-100 Operaciones,Carla Soto 09 00001101
1193,2026-01-09,2100,Cuentas por pagar,0.00,69149.92,Registro factura INV-00169,INV-00169,CC-100 Operaciones,Diego Luna 10 00001101
1194,2026-03-01,1020,Bancos,0.00,69785.60,Pago factura INV-00351,INV-00351,CC-100 Operaciones,Bruno Garcia 02 00001101
1195,2026-05-19,1180,IVA acreditable,1948.80,0.00,Registro factura INV-00157,INV-00157,CC-100 Operaciones,Diego Luna 10 00001101
1196,2026-06-12,5000,Gastos operativos,35251.00,0.00,Registro factura INV-00053,INV-00053,CC-100 Operaciones,Fabian Rios 06 00001101
1197,2026-06-24,1020,Bancos,0.00,104314.16,Pago factura INV-00257,INV-00257,CC-100 Operaciones,Bruno Garcia 02 00001101
1198,2026-05-09,1020,Bancos,0.00,36767.36,Pago factura INV-00044,INV-00044,CC-100 Operaciones,Bruno Garcia 02 00001101
1199,2026-01-23,1020,Bancos,0.00,20772.36,Pago factura INV-00216,INV-00216,CC-100 Operaciones,Bruno Garcia 02 00001101
1200,2026-06-30,2100,Cuentas por pagar,28877.04,0.00,Pago factura INV-00123,INV-00123,CC-100 Operaciones,Bruno Garcia 02 00001101
1201,2026-02-03,2100,Cuentas por pagar,97030.52,0.00,Pago factura INV-00034,INV-00034,CC-100 Operaciones,Bruno Garcia 02 00001101
1202,2026-03-16,5000,Gastos operativos,85546.00,0.00,Registro factura INV-00219,INV-00219,CC-100 Operaciones,Fabian Rios 06 00001101
1203,2026-02-04,1180,IVA acreditable,10069.12,0.00,Registro factura INV-00164,INV-00164,CC-100 Operaciones,Diego Luna 10 00001101
1204,2026-02-06,2100,Cuentas por pagar,82969.00,0.00,Pago factura INV-00251,INV-00251,CC-100 Operaciones,Bruno Garcia 02 00001101
1205,2026-01-24,2100,Cuentas por pagar,49889.28,0.00,Pago factura INV-00149,INV-00149,CC-100 Operaciones,Bruno Garcia 02 00001101
1206,2026-02-25,2100,Cuentas por pagar,0.00,59484.80,Registro factura INV-00318,INV-00318,CC-100 Operaciones,Elena Mora 05 00001101
1207,2026-05-19,2100,Cuentas por pagar,29374.68,0.00,Pago factura INV-00049,INV-00049,CC-100 Operaciones,Bruno Garcia 02 00001101
1208,2026-04-15,1020,Bancos,0.00,34496.08,Pago factura INV-00113,INV-00113,CC-100 Operaciones,Bruno Garcia 02 00001101
1209,2026-03-28,1180,IVA acreditable,8343.52,0.00,Registro factura INV-00039,INV-00039,CC-100 Operaciones,Diego Luna 04 00001101
1210,2026-03-05,1020,Bancos,0.00,27048.88,Pago factura INV-00194,INV-00194,CC-100 Operaciones,Bruno Garcia 02 00001101
1211,2026-04-05,2100,Cuentas por pagar,0.00,34496.08,Registro factura INV-00113,INV-00113,CC-100 Operaciones,Elena Mora 05 00001101
1212,2026-03-22,2100,Cuentas por pagar,72900.20,0.00,Pago factura INV-00145,INV-00145,CC-100 Operaciones,Bruno Garcia 02 00001101
1213,2026-03-03,2100,Cuentas por pagar,17565.88,0.00,Pago factura INV-00066,INV-00066,CC-100 Operaciones,Bruno Garcia 02 00001101
1214,2026-06-29,1020,Bancos,0.00,79980.84,Pago factura INV-00260,INV-00260,CC-100 Operaciones,Bruno Garcia 02 00001101
1215,2026-03-18,1180,IVA acreditable,13264.48,0.00,Registro factura INV-00357,INV-00357,CC-100 Operaciones,Bruno Garcia 02 00001101
1216,2026-01-31,2100,Cuentas por pagar,0.00,40623.20,Registro factura INV-00090,INV-00090,CC-100 Operaciones,Bruno Garcia 02 00001101
1217,2026-06-27,1180,IVA acreditable,2147.20,0.00,Registro factura INV-00082,INV-00082,CC-100 Operaciones,Carla Soto 03 00001101
1218,2026-05-21,2100,Cuentas por pagar,0.00,58926.84,Registro factura INV-00004,INV-00004,CC-100 Operaciones,Bruno Garcia 02 00001101
1219,2026-06-16,1180,IVA acreditable,2484.80,0.00,Registro factura INV-00135,INV-00135,CC-100 Operaciones,Diego Luna 10 00001101
1220,2026-01-21,1020,Bancos,0.00,28635.76,Pago factura INV-00115,INV-00115,CC-100 Operaciones,Bruno Garcia 02 00001101
1221,2026-05-05,1020,Bancos,0.00,48871.96,Pago factura INV-00252,INV-00252,CC-100 Operaciones,Bruno Garcia 02 00001101
1222,2026-02-08,1180,IVA acreditable,3787.36,0.00,Registro factura INV-00078,INV-00078,CC-100 Operaciones,Diego Luna 04 00001101
1223,2026-06-16,5000,Gastos operativos,67751.00,0.00,Registro factura INV-00226,INV-00226,CC-100 Operaciones,Bruno Garcia 02 00001101
1224,2026-03-12,1020,Bancos,0.00,83478.24,Pago factura INV-00146,INV-00146,CC-100 Operaciones,Bruno Garcia 02 00001101
1225,2026-05-22,1020,Bancos,0.00,66425.08,Pago factura INV-00160,INV-00160,CC-100 Operaciones,Bruno Garcia 02 00001101
1226,2026-03-16,1180,IVA acreditable,13687.36,0.00,Registro factura INV-00219,INV-00219,CC-100 Operaciones,Fabian Rios 06 00001101
1227,2026-03-30,2100,Cuentas por pagar,15679.72,0.00,Pago factura INV-00083,INV-00083,CC-100 Operaciones,Bruno Garcia 02 00001101
1228,2026-01-21,5000,Gastos operativos,0.00,22500.00,Reversion de factura cancelada INV-00086,INV-00086,CC-100 Operaciones,Bruno Garcia 02 00001101
1229,2026-03-15,1180,IVA acreditable,8373.12,0.00,Registro factura INV-00242,INV-00242,CC-100 Operaciones,Ana Ruiz 01 00001101
1230,2026-06-07,1020,Bancos,0.00,96929.60,Pago factura INV-00341,INV-00341,CC-100 Operaciones,Bruno Garcia 02 00001101
1231,2026-02-14,1020,Bancos,0.00,73001.12,Pago factura INV-00164,INV-00164,CC-100 Operaciones,Bruno Garcia 02 00001101
1232,2026-04-09,1020,Bancos,0.00,55464.24,Pago factura INV-00322,INV-00322,CC-100 Operaciones,Bruno Garcia 02 00001101
1233,2026-05-21,2100,Cuentas por pagar,0.00,97626.76,Registro factura INV-00223,INV-00223,CC-100 Operaciones,Diego Luna 04 00001101
1234,2026-05-05,1180,IVA acreditable,4758.08,0.00,Registro factura INV-00025,INV-00025,CC-100 Operaciones,Fabian Rios 06 00001101
1235,2026-03-31,1180,IVA acreditable,8457.92,0.00,Registro factura INV-00080,INV-00080,CC-100 Operaciones,Carla Soto 03 00001101
1236,2026-02-05,1180,IVA acreditable,7162.88,0.00,Registro factura INV-00277,INV-00277,CC-100 Operaciones,Carla Soto 09 00001101
1237,2026-06-05,1180,IVA acreditable,5011.36,0.00,Registro factura INV-00107,INV-00107,CC-100 Operaciones,Carla Soto 09 00001101
1238,2026-03-26,5000,Gastos operativos,90449.00,0.00,Registro factura INV-00359,INV-00359,CC-100 Operaciones,Diego Luna 04 00001101
1239,2026-05-05,5000,Gastos operativos,44768.00,0.00,Registro factura INV-00250,INV-00250,CC-100 Operaciones,Bruno Garcia 02 00001101
1240,2026-03-04,2100,Cuentas por pagar,29395.56,0.00,Pago factura INV-00140,INV-00140,CC-100 Operaciones,Bruno Garcia 02 00001101
1241,2026-04-29,1020,Bancos,0.00,96154.72,Pago factura INV-00187,INV-00187,CC-100 Operaciones,Bruno Garcia 02 00001101
1242,2026-04-06,1180,IVA acreditable,13686.88,0.00,Registro factura INV-00063,INV-00063,CC-100 Operaciones,Carla Soto 03 00001101
1243,2026-04-25,5000,Gastos operativos,49740.00,0.00,Registro factura INV-00029,INV-00029,CC-100 Operaciones,Bruno Garcia 08 00001101
1244,2026-01-26,5000,Gastos operativos,80783.00,0.00,Registro factura INV-00307,INV-00307,CC-100 Operaciones,Ana Ruiz 01 00001101
1245,2026-06-30,1020,Bancos,0.00,74598.44,Pago factura INV-00293,INV-00293,CC-100 Operaciones,Bruno Garcia 02 00001101
1246,2026-05-15,1180,IVA acreditable,15015.68,0.00,Registro factura INV-00163,INV-00163,CC-100 Operaciones,Diego Luna 04 00001101
1247,2026-06-24,2100,Cuentas por pagar,0.00,74634.40,Registro factura INV-00193,INV-00193,CC-100 Operaciones,Bruno Garcia 02 00001101
1248,2026-04-07,2100,Cuentas por pagar,24204.56,0.00,Pago factura INV-00186,INV-00186,CC-100 Operaciones,Bruno Garcia 02 00001101
1249,2026-02-15,1020,Bancos,0.00,103461.56,Pago factura INV-00094,INV-00094,CC-100 Operaciones,Bruno Garcia 02 00001101
1250,2026-01-24,2100,Cuentas por pagar,84431.76,0.00,Pago factura INV-00360,INV-00360,CC-100 Operaciones,Bruno Garcia 02 00001101
1251,2026-06-16,1180,IVA acreditable,10840.16,0.00,Registro factura INV-00226,INV-00226,CC-100 Operaciones,Bruno Garcia 02 00001101
1252,2026-03-26,1020,Bancos,0.00,99233.36,Pago factura INV-00219,INV-00219,CC-100 Operaciones,Bruno Garcia 02 00001101
1253,2026-01-23,1020,Bancos,0.00,14532.95,Pago factura INV-00014,INV-00014,CC-100 Operaciones,Bruno Garcia 02 00001101
1254,2026-03-10,2100,Cuentas por pagar,0.00,32716.64,Registro factura INV-00225,INV-00225,CC-100 Operaciones,Bruno Garcia 08 00001101
1255,2026-05-05,1180,IVA acreditable,5011.36,0.00,Registro factura INV-00033,INV-00033,CC-100 Operaciones,Bruno Garcia 08 00001101
1256,2026-01-20,1020,Bancos,0.00,83785.64,Pago factura INV-00317,INV-00317,CC-100 Operaciones,Bruno Garcia 02 00001101
1257,2026-04-04,5000,Gastos operativos,73374.00,0.00,Registro factura INV-00097,INV-00097,CC-100 Operaciones,Ana Ruiz 01 00001101
1258,2026-06-15,1020,Bancos,0.00,51930.88,Pago factura INV-00238,INV-00238,CC-100 Operaciones,Bruno Garcia 02 00001101
1259,2026-05-18,1180,IVA acreditable,9376.00,0.00,Registro factura INV-00124,INV-00124,CC-100 Operaciones,Elena Mora 05 00001101
1260,2026-02-19,5000,Gastos operativos,60160.00,0.00,Registro factura INV-00351,INV-00351,CC-100 Operaciones,Ana Ruiz 07 00001101
1261,2026-03-26,1180,IVA acreditable,7023.36,0.00,Registro factura INV-00024,INV-00024,CC-100 Operaciones,Bruno Garcia 02 00001101
1262,2026-05-24,2100,Cuentas por pagar,0.00,73226.16,Registro factura INV-00161,INV-00161,CC-100 Operaciones,Elena Mora 05 00001101
1263,2026-03-10,1020,Bancos,0.00,73677.40,Pago factura INV-00084,INV-00084,CC-100 Operaciones,Bruno Garcia 02 00001101
1264,2026-02-13,1020,Bancos,0.00,49694.40,Pago factura INV-00191,INV-00191,CC-100 Operaciones,Bruno Garcia 02 00001101
1265,2026-05-18,1020,Bancos,0.00,83888.88,Pago factura INV-00353,INV-00353,CC-100 Operaciones,Bruno Garcia 02 00001101
1266,2026-01-18,5000,Gastos operativos,14574.00,0.00,Registro factura INV-00348,INV-00348,CC-100 Operaciones,Ana Ruiz 01 00001101
1267,2026-06-06,5000,Gastos operativos,92299.00,0.00,Registro factura INV-00010,INV-00010,CC-100 Operaciones,Fabian Rios 06 00001101
1268,2026-03-03,1180,IVA acreditable,4423.20,0.00,Registro factura INV-00209,INV-00209,CC-100 Operaciones,Elena Mora 05 00001101
1269,2026-06-15,2100,Cuentas por pagar,34496.08,0.00,Pago factura INV-00273,INV-00273,CC-100 Operaciones,Bruno Garcia 02 00001101
1270,2026-06-10,1020,Bancos,0.00,18919.60,Pago factura INV-00196,INV-00196,CC-100 Operaciones,Bruno Garcia 02 00001101
1271,2026-06-30,1020,Bancos,0.00,56199.68,Pago factura INV-00152,INV-00152,CC-100 Operaciones,Bruno Garcia 02 00001101
1272,2026-06-04,1020,Bancos,0.00,77246.72,Pago factura INV-00205,INV-00205,CC-100 Operaciones,Bruno Garcia 02 00001101
1273,2026-05-30,1020,Bancos,0.00,105026.40,Pago factura INV-00214,INV-00214,CC-100 Operaciones,Bruno Garcia 02 00001101
1274,2026-06-05,5000,Gastos operativos,44768.00,0.00,Registro factura INV-00238,INV-00238,CC-100 Operaciones,Carla Soto 03 00001101
1275,2026-01-21,2100,Cuentas por pagar,28635.76,0.00,Pago factura INV-00115,INV-00115,CC-100 Operaciones,Bruno Garcia 02 00001101
1276,2026-05-05,1180,IVA acreditable,9630.88,0.00,Registro factura INV-00346,INV-00346,CC-100 Operaciones,Bruno Garcia 02 00001101
1277,2026-05-04,1020,Bancos,0.00,67803.16,Pago factura INV-00305,INV-00305,CC-100 Operaciones,Bruno Garcia 02 00001101
1278,2026-05-16,1180,IVA acreditable,8678.72,0.00,Registro factura INV-00174,INV-00174,CC-100 Operaciones,Carla Soto 03 00001101
1279,2026-01-29,2100,Cuentas por pagar,0.00,69924.80,Registro factura INV-00350,INV-00350,CC-100 Operaciones,Diego Luna 10 00001101
1280,2026-05-26,2100,Cuentas por pagar,62920.72,0.00,Pago factura INV-00174,INV-00174,CC-100 Operaciones,Bruno Garcia 02 00001101
1281,2026-05-02,1020,Bancos,0.00,94194.32,Pago factura INV-00295,INV-00295,CC-100 Operaciones,Bruno Garcia 02 00001101
1282,2026-06-09,1180,IVA acreditable,13786.72,0.00,Registro factura INV-00302,INV-00302,CC-100 Operaciones,Elena Mora 05 00001101
1283,2026-05-26,1180,IVA acreditable,5335.20,0.00,Registro factura INV-00061,INV-00061,CC-100 Operaciones,Ana Ruiz 07 00001101
1284,2026-06-05,2100,Cuentas por pagar,0.00,105641.20,Registro factura INV-00088,INV-00088,CC-100 Operaciones,Carla Soto 09 00001101
1285,2026-01-30,2100,Cuentas por pagar,0.00,105454.44,Registro factura INV-00199,INV-00199,CC-100 Operaciones,Ana Ruiz 07 00001101
1286,2026-05-10,1020,Bancos,0.00,60546.20,Pago factura INV-00312,INV-00312,CC-100 Operaciones,Bruno Garcia 02 00001101
1287,2026-02-21,2100,Cuentas por pagar,0.00,17565.88,Registro factura INV-00066,INV-00066,CC-100 Operaciones,Ana Ruiz 01 00001101
1288,2026-02-08,2100,Cuentas por pagar,0.00,81133.88,Registro factura INV-00304,INV-00304,CC-100 Operaciones,Fabian Rios 06 00001101
1289,2026-05-24,1020,Bancos,0.00,107758.20,Pago factura INV-00012,INV-00012,CC-100 Operaciones,Bruno Garcia 02 00001101
1290,2026-03-11,1180,IVA acreditable,8485.76,0.00,Registro factura INV-00050,INV-00050,CC-100 Operaciones,Ana Ruiz 07 00001101
1291,2026-02-14,2100,Cuentas por pagar,92919.48,0.00,Pago factura INV-00339,INV-00339,CC-100 Operaciones,Bruno Garcia 02 00001101
1292,2026-02-27,2100,Cuentas por pagar,86273.84,0.00,Pago factura INV-00303,INV-00303,CC-100 Operaciones,Bruno Garcia 02 00001101
1293,2026-04-17,1180,IVA acreditable,10484.48,0.00,Registro factura INV-00243,INV-00243,CC-100 Operaciones,Diego Luna 04 00001101
1294,2026-02-19,2100,Cuentas por pagar,0.00,17672.60,Registro factura INV-00259,INV-00259,CC-100 Operaciones,Elena Mora 05 00001101
1295,2026-01-13,1180,IVA acreditable,10226.08,0.00,Registro factura INV-00266,INV-00266,CC-100 Operaciones,Bruno Garcia 08 00001101
1296,2026-05-03,1180,IVA acreditable,14842.24,0.00,Registro factura INV-00294,INV-00294,CC-100 Operaciones,Fabian Rios 06 00001101
1297,2026-06-30,2100,Cuentas por pagar,80075.96,0.00,Pago factura INV-00190,INV-00190,CC-100 Operaciones,Bruno Garcia 02 00001101
1298,2026-06-20,5000,Gastos operativos,55204.00,0.00,Registro factura INV-00144,INV-00144,CC-100 Operaciones,Fabian Rios 06 00001101
1299,2026-06-14,2100,Cuentas por pagar,42406.12,0.00,Pago factura INV-00030,INV-00030,CC-100 Operaciones,Bruno Garcia 02 00001101
1300,2026-01-22,2100,Cuentas por pagar,83919.04,0.00,Pago factura INV-00125,INV-00125,CC-100 Operaciones,Bruno Garcia 02 00001101
1301,2026-04-17,1180,IVA acreditable,10501.92,0.00,Registro factura INV-00126,INV-00126,CC-100 Operaciones,Fabian Rios 06 00001101
1302,2026-03-23,2100,Cuentas por pagar,20772.36,0.00,Pago factura INV-00171,INV-00171,CC-100 Operaciones,Bruno Garcia 02 00001101
1303,2026-04-28,2100,Cuentas por pagar,89792.12,0.00,Pago factura INV-00222,INV-00222,CC-100 Operaciones,Bruno Garcia 02 00001101
1304,2026-05-25,5000,Gastos operativos,60343.00,0.00,Registro factura INV-00106,INV-00106,CC-100 Operaciones,Bruno Garcia 08 00001101
1305,2026-03-06,1180,IVA acreditable,2375.36,0.00,Registro factura INV-00192,INV-00192,CC-100 Operaciones,Bruno Garcia 02 00001101
1306,2026-02-04,5000,Gastos operativos,80103.00,0.00,Registro factura INV-00339,INV-00339,CC-100 Operaciones,Bruno Garcia 08 00001101
1307,2026-02-15,2100,Cuentas por pagar,34496.08,0.00,Pago factura INV-00232,INV-00232,CC-100 Operaciones,Bruno Garcia 02 00001101
1308,2026-04-23,1020,Bancos,0.00,101377.04,Pago factura INV-00262,INV-00262,CC-100 Operaciones,Bruno Garcia 02 00001101
1309,2026-01-12,2100,Cuentas por pagar,31158.52,0.00,Pago factura INV-00216,INV-00216,CC-100 Operaciones,Bruno Garcia 02 00001101
1310,2026-04-27,1180,IVA acreditable,7122.40,0.00,Registro factura INV-00156,INV-00156,CC-100 Operaciones,Diego Luna 10 00001101
1311,2026-01-21,2100,Cuentas por pagar,0.00,21516.84,Registro factura INV-00036,INV-00036,CC-100 Operaciones,Diego Luna 10 00001101
1312,2026-03-19,1020,Bancos,0.00,60637.84,Pago factura INV-00099,INV-00099,CC-100 Operaciones,Bruno Garcia 02 00001101
1313,2026-03-11,2100,Cuentas por pagar,50930.96,0.00,Pago factura INV-00114,INV-00114,CC-100 Operaciones,Bruno Garcia 02 00001101
1314,2026-02-14,2100,Cuentas por pagar,0.00,109444.84,Registro factura INV-00182,INV-00182,CC-100 Operaciones,Diego Luna 04 00001101
1315,2026-05-23,1020,Bancos,0.00,49950.76,Pago factura INV-00331,INV-00331,CC-100 Operaciones,Bruno Garcia 02 00001101
1316,2026-04-19,2100,Cuentas por pagar,20489.08,0.00,Pago factura INV-00356,INV-00356,CC-100 Operaciones,Bruno Garcia 02 00001101
1317,2026-06-30,1020,Bancos,0.00,80075.96,Pago factura INV-00190,INV-00190,CC-100 Operaciones,Bruno Garcia 02 00001101
1318,2026-04-21,5000,Gastos operativos,20752.00,0.00,Registro factura INV-00073,INV-00073,CC-100 Operaciones,Bruno Garcia 02 00001101
1319,2026-06-02,1020,Bancos,0.00,24967.84,Pago factura INV-00112,INV-00112,CC-100 Operaciones,Bruno Garcia 02 00001101
1320,2026-04-22,2100,Cuentas por pagar,0.00,94194.32,Registro factura INV-00295,INV-00295,CC-100 Operaciones,Elena Mora 05 00001101
1321,2026-06-23,1020,Bancos,0.00,45466.20,Pago factura INV-00003,INV-00003,CC-100 Operaciones,Bruno Garcia 02 00001101
1322,2026-06-03,2100,Cuentas por pagar,73226.16,0.00,Pago factura INV-00161,INV-00161,CC-100 Operaciones,Bruno Garcia 02 00001101
1323,2026-03-07,5000,Gastos operativos,23925.00,0.00,Registro factura INV-00105,INV-00105,CC-100 Operaciones,Carla Soto 09 00001101
1324,2026-03-08,1180,IVA acreditable,12503.04,0.00,Registro factura INV-00202,INV-00202,CC-100 Operaciones,Bruno Garcia 08 00001101
1325,2026-02-28,1180,IVA acreditable,2213.12,0.00,Registro factura INV-00001,INV-00001,CC-100 Operaciones,Diego Luna 04 00001101
1326,2026-03-17,1180,IVA acreditable,11824.32,0.00,Registro factura INV-00343,INV-00343,CC-100 Operaciones,Carla Soto 03 00001101
1327,2026-03-09,1020,Bancos,0.00,96029.44,Pago factura INV-00064,INV-00064,CC-100 Operaciones,Bruno Garcia 02 00001101
1328,2026-04-24,5000,Gastos operativos,93275.00,0.00,Registro factura INV-00177,INV-00177,CC-100 Operaciones,Ana Ruiz 01 00001101
1329,2026-06-21,2100,Cuentas por pagar,0.00,107290.72,Registro factura INV-00272,INV-00272,CC-100 Operaciones,Elena Mora 05 00001101
1330,2026-05-30,1180,IVA acreditable,12279.68,0.00,Registro factura INV-00270,INV-00270,CC-100 Operaciones,Ana Ruiz 01 00001101
1331,2026-04-28,1180,IVA acreditable,2711.04,0.00,Registro factura INV-00166,INV-00166,CC-100 Operaciones,Elena Mora 05 00001101
1332,2026-06-30,2100,Cuentas por pagar,85688.04,0.00,Pago factura INV-00020,INV-00020,CC-100 Operaciones,Bruno Garcia 02 00001101
1333,2026-04-13,1180,IVA acreditable,10122.88,0.00,Registro factura INV-00261,INV-00261,CC-100 Operaciones,Bruno Garcia 08 00001101
1334,2026-05-05,2100,Cuentas por pagar,0.00,51930.88,Registro factura INV-00250,INV-00250,CC-100 Operaciones,Bruno Garcia 02 00001101
1335,2026-03-10,2100,Cuentas por pagar,73677.40,0.00,Pago factura INV-00084,INV-00084,CC-100 Operaciones,Bruno Garcia 02 00001101
1336,2026-03-29,2100,Cuentas por pagar,42783.12,0.00,Pago factura INV-00019,INV-00019,CC-100 Operaciones,Bruno Garcia 02 00001101
1337,2026-02-16,2100,Cuentas por pagar,97357.64,0.00,Pago factura INV-00288,INV-00288,CC-100 Operaciones,Bruno Garcia 02 00001101
1338,2026-04-04,2100,Cuentas por pagar,0.00,85113.84,Registro factura INV-00097,INV-00097,CC-100 Operaciones,Ana Ruiz 01 00001101
1339,2026-04-14,1180,IVA acreditable,13366.40,0.00,Registro factura INV-00189,INV-00189,CC-100 Operaciones,Elena Mora 05 00001101
1340,2026-02-05,1180,IVA acreditable,4758.08,0.00,Registro factura INV-00232,INV-00232,CC-100 Operaciones,Carla Soto 03 00001101
1341,2026-05-18,1020,Bancos,0.00,83763.60,Pago factura INV-00297,INV-00297,CC-100 Operaciones,Bruno Garcia 02 00001101
1342,2026-03-08,2100,Cuentas por pagar,0.00,90647.04,Registro factura INV-00202,INV-00202,CC-100 Operaciones,Bruno Garcia 08 00001101
1343,2026-01-05,1180,IVA acreditable,7162.88,0.00,Registro factura INV-00216,INV-00216,CC-100 Operaciones,Bruno Garcia 08 00001101
1344,2026-03-18,2100,Cuentas por pagar,90647.04,0.00,Pago factura INV-00202,INV-00202,CC-100 Operaciones,Bruno Garcia 02 00001101
1345,2026-05-14,5000,Gastos operativos,92895.00,0.00,Registro factura INV-00012,INV-00012,CC-100 Operaciones,Ana Ruiz 07 00001101
1346,2026-04-26,5000,Gastos operativos,84167.00,0.00,Registro factura INV-00116,INV-00116,CC-100 Operaciones,Ana Ruiz 01 00001101
1347,2026-01-13,5000,Gastos operativos,63913.00,0.00,Registro factura INV-00266,INV-00266,CC-100 Operaciones,Bruno Garcia 08 00001101
1348,2026-01-10,2100,Cuentas por pagar,0.00,83785.64,Registro factura INV-00317,INV-00317,CC-100 Operaciones,Ana Ruiz 07 00001101
1349,2026-02-02,1020,Bancos,0.00,95020.24,Pago factura INV-00340,INV-00340,CC-100 Operaciones,Bruno Garcia 02 00001101
1350,2026-06-20,5000,Gastos operativos,45942.00,0.00,Registro factura INV-00109,INV-00109,CC-100 Operaciones,Bruno Garcia 08 00001101
1351,2026-04-10,2100,Cuentas por pagar,61319.92,0.00,Pago factura INV-00080,INV-00080,CC-100 Operaciones,Bruno Garcia 02 00001101
1352,2026-04-15,2100,Cuentas por pagar,51930.88,0.00,Pago factura INV-00068,INV-00068,CC-100 Operaciones,Bruno Garcia 02 00001101
1353,2026-01-25,2100,Cuentas por pagar,0.00,31311.88,Registro factura INV-00021,INV-00021,CC-100 Operaciones,Fabian Rios 06 00001101
1354,2026-03-03,2100,Cuentas por pagar,99035.00,0.00,Pago factura INV-00108,INV-00108,CC-100 Operaciones,Bruno Garcia 02 00001101
1355,2026-02-04,1020,Bancos,0.00,86567.32,Pago factura INV-00072,INV-00072,CC-100 Operaciones,Bruno Garcia 02 00001101
1356,2026-05-24,5000,Gastos operativos,63126.00,0.00,Registro factura INV-00161,INV-00161,CC-100 Operaciones,Elena Mora 05 00001101
1357,2026-02-26,1020,Bancos,0.00,31048.56,Pago factura INV-00052,INV-00052,CC-100 Operaciones,Bruno Garcia 02 00001101
1358,2026-06-22,2100,Cuentas por pagar,0.00,74598.44,Registro factura INV-00293,INV-00293,CC-100 Operaciones,Bruno Garcia 02 00001101
1359,2026-03-16,2100,Cuentas por pagar,17221.36,0.00,Pago factura INV-00192,INV-00192,CC-100 Operaciones,Bruno Garcia 02 00001101
1360,2026-02-05,2100,Cuentas por pagar,93708.28,0.00,Pago factura INV-00307,INV-00307,CC-100 Operaciones,Bruno Garcia 02 00001101
1361,2026-04-10,5000,Gastos operativos,37886.00,0.00,Registro factura INV-00328,INV-00328,CC-100 Operaciones,Ana Ruiz 01 00001101
1362,2026-06-16,1020,Bancos,0.00,107066.84,Pago factura INV-00010,INV-00010,CC-100 Operaciones,Bruno Garcia 02 00001101
1363,2026-01-05,2100,Cuentas por pagar,0.00,34496.08,Registro factura INV-00038,INV-00038,CC-100 Operaciones,Bruno Garcia 02 00001101
1364,2026-05-09,1020,Bancos,0.00,91308.24,Pago factura INV-00229,INV-00229,CC-100 Operaciones,Bruno Garcia 02 00001101
1365,2026-03-29,1180,IVA acreditable,3116.64,0.00,Registro factura INV-00128,INV-00128,CC-100 Operaciones,Ana Ruiz 01 00001101
1366,2026-02-25,5000,Gastos operativos,51280.00,0.00,Registro factura INV-00318,INV-00318,CC-100 Operaciones,Elena Mora 05 00001101
1367,2026-05-27,5000,Gastos operativos,41335.00,0.00,Registro factura INV-00057,INV-00057,CC-100 Operaciones,Diego Luna 04 00001101
1368,2026-03-26,2100,Cuentas por pagar,97395.92,0.00,Pago factura INV-00247,INV-00247,CC-100 Operaciones,Bruno Garcia 02 00001101
1369,2026-03-24,1180,IVA acreditable,10623.36,0.00,Registro factura INV-00148,INV-00148,CC-100 Operaciones,Bruno Garcia 08 00001101
1370,2026-06-06,1180,IVA acreditable,14693.76,0.00,Registro factura INV-00179,INV-00179,CC-100 Operaciones,Bruno Garcia 08 00001101
1371,2026-04-02,2100,Cuentas por pagar,0.00,75661.00,Registro factura INV-00180,INV-00180,CC-100 Operaciones,Ana Ruiz 07 00001101
1372,2026-06-19,2100,Cuentas por pagar,0.00,79980.84,Registro factura INV-00260,INV-00260,CC-100 Operaciones,Ana Ruiz 01 00001101
1373,2026-02-15,2100,Cuentas por pagar,103461.56,0.00,Pago factura INV-00094,INV-00094,CC-100 Operaciones,Bruno Garcia 02 00001101
1374,2026-03-26,2100,Cuentas por pagar,0.00,104920.84,Registro factura INV-00359,INV-00359,CC-100 Operaciones,Diego Luna 04 00001101
1375,2026-04-26,2100,Cuentas por pagar,14931.52,0.00,Pago factura INV-00299,INV-00299,CC-100 Operaciones,Bruno Garcia 02 00001101
1376,2026-02-16,1180,IVA acreditable,9161.44,0.00,Registro factura INV-00069,INV-00069,CC-100 Operaciones,Fabian Rios 06 00001101
1377,2026-01-29,1020,Bancos,0.00,83261.32,Pago factura INV-00095,INV-00095,CC-100 Operaciones,Bruno Garcia 02 00001101
1378,2026-06-21,1020,Bancos,0.00,28533.68,Pago factura INV-00127,INV-00127,CC-100 Operaciones,Bruno Garcia 02 00001101
1379,2026-04-21,1180,IVA acreditable,3320.32,0.00,Registro factura INV-00073,INV-00073,CC-100 Operaciones,Bruno Garcia 02 00001101
1380,2026-06-09,5000,Gastos operativos,86167.00,0.00,Registro factura INV-00302,INV-00302,CC-100 Operaciones,Elena Mora 05 00001101
1381,2026-06-20,1020,Bancos,0.00,23618.76,Pago factura INV-00240,INV-00240,CC-100 Operaciones,Bruno Garcia 02 00001101
1382,2026-01-27,2100,Cuentas por pagar,0.00,82969.00,Registro factura INV-00251,INV-00251,CC-100 Operaciones,Bruno Garcia 08 00001101
1383,2026-04-05,1180,IVA acreditable,3735.84,0.00,Registro factura INV-00291,INV-00291,CC-100 Operaciones,Bruno Garcia 08 00001101
1384,2026-05-22,2100,Cuentas por pagar,0.00,55258.92,Registro factura INV-00168,INV-00168,CC-100 Operaciones,Carla Soto 09 00001101
1385,2026-01-12,1180,IVA acreditable,11575.04,0.00,Registro factura INV-00125,INV-00125,CC-100 Operaciones,Ana Ruiz 01 00001101
1386,2026-04-22,2100,Cuentas por pagar,71312.16,0.00,Pago factura INV-00067,INV-00067,CC-100 Operaciones,Bruno Garcia 02 00001101
1387,2026-01-17,1180,IVA acreditable,6182.40,0.00,Registro factura INV-00023,INV-00023,CC-100 Operaciones,Bruno Garcia 02 00001101
1388,2026-04-15,1020,Bancos,0.00,67123.40,Pago factura INV-00138,INV-00138,CC-100 Operaciones,Bruno Garcia 02 00001101
1389,2026-04-09,5000,Gastos operativos,17663.00,0.00,Registro factura INV-00356,INV-00356,CC-100 Operaciones,Bruno Garcia 02 00001101
1390,2026-04-25,1020,Bancos,0.00,29970.92,Pago factura INV-00136,INV-00136,CC-100 Operaciones,Bruno Garcia 02 00001101
1391,2026-05-01,2100,Cuentas por pagar,56026.84,0.00,Pago factura INV-00147,INV-00147,CC-100 Operaciones,Bruno Garcia 02 00001101
1392,2026-04-25,1180,IVA acreditable,6740.96,0.00,Registro factura INV-00252,INV-00252,CC-100 Operaciones,Fabian Rios 06 00001101
1393,2026-04-27,2100,Cuentas por pagar,0.00,51637.40,Registro factura INV-00156,INV-00156,CC-100 Operaciones,Diego Luna 10 00001101
1394,2026-05-09,1180,IVA acreditable,10195.84,0.00,Registro factura INV-00290,INV-00290,CC-100 Operaciones,Bruno Garcia 08 00001101
1395,2026-01-24,1020,Bancos,0.00,49889.28,Pago factura INV-00149,INV-00149,CC-100 Operaciones,Bruno Garcia 02 00001101
1396,2026-03-31,2100,Cuentas por pagar,0.00,18809.40,Registro factura INV-00137,INV-00137,CC-100 Operaciones,Elena Mora 05 00001101
1397,2026-04-03,5000,Gastos operativos,60471.00,0.00,Registro factura INV-00096,INV-00096,CC-100 Operaciones,Fabian Rios 06 00001101
1398,2026-02-08,1020,Bancos,44080.00,0.00,Cobro factura INV-00319,INV-00319,CC-100 Operaciones,Bruno Garcia 02 00001101
1399,2026-04-21,1020,Bancos,0.00,23396.04,Pago factura INV-00054,INV-00054,CC-100 Operaciones,Bruno Garcia 02 00001101
1400,2026-03-21,2100,Cuentas por pagar,0.00,62133.08,Registro factura INV-00131,INV-00131,CC-100 Operaciones,Carla Soto 09 00001101
1401,2026-03-07,2100,Cuentas por pagar,0.00,27753.00,Registro factura INV-00105,INV-00105,CC-100 Operaciones,Carla Soto 09 00001101
1402,2026-06-28,2100,Cuentas por pagar,90550.76,0.00,Pago factura INV-00276,INV-00276,CC-100 Operaciones,Bruno Garcia 02 00001101
1403,2026-06-20,2100,Cuentas por pagar,0.00,53292.72,Registro factura INV-00109,INV-00109,CC-100 Operaciones,Bruno Garcia 08 00001101
1404,2026-03-01,5000,Gastos operativos,43906.00,0.00,Registro factura INV-00114,INV-00114,CC-100 Operaciones,Carla Soto 03 00001101
1405,2026-03-23,1020,Bancos,0.00,13798.44,Pago factura INV-00043,INV-00043,CC-100 Operaciones,Bruno Garcia 02 00001101
1406,2026-06-26,1020,Bancos,0.00,18014.80,Pago factura INV-00135,INV-00135,CC-100 Operaciones,Bruno Garcia 02 00001101
1407,2026-02-27,2100,Cuentas por pagar,0.00,96029.44,Registro factura INV-00064,INV-00064,CC-100 Operaciones,Carla Soto 09 00001101
1408,2026-05-13,1180,IVA acreditable,9799.84,0.00,Registro factura INV-00178,INV-00178,CC-100 Operaciones,Diego Luna 04 00001101
1409,2026-06-09,1180,IVA acreditable,8768.32,0.00,Registro factura INV-00308,INV-00308,CC-100 Operaciones,Ana Ruiz 07 00001101
1410,2026-01-23,2100,Cuentas por pagar,14532.95,0.00,Pago factura INV-00014,INV-00014,CC-100 Operaciones,Bruno Garcia 02 00001101
1411,2026-02-21,1180,IVA acreditable,2422.88,0.00,Registro factura INV-00066,INV-00066,CC-100 Operaciones,Ana Ruiz 01 00001101
1412,2026-04-12,5000,Gastos operativos,64474.00,0.00,Registro factura INV-00281,INV-00281,CC-100 Operaciones,Carla Soto 03 00001101
1413,2026-03-01,1180,IVA acreditable,9295.52,0.00,Registro factura INV-00234,INV-00234,CC-100 Operaciones,Ana Ruiz 01 00001101
1414,2026-02-06,2100,Cuentas por pagar,57808.60,0.00,Pago factura INV-00211,INV-00211,CC-100 Operaciones,Bruno Garcia 02 00001101
1415,2026-06-10,1180,IVA acreditable,3257.76,0.00,Registro factura INV-00240,INV-00240,CC-100 Operaciones,Diego Luna 04 00001101
1416,2026-02-13,2100,Cuentas por pagar,83805.36,0.00,Pago factura INV-00089,INV-00089,CC-100 Operaciones,Bruno Garcia 02 00001101
1417,2026-03-07,5000,Gastos operativos,38279.00,0.00,Registro factura INV-00100,INV-00100,CC-100 Operaciones,Ana Ruiz 01 00001101
1418,2026-05-09,5000,Gastos operativos,63724.00,0.00,Registro factura INV-00290,INV-00290,CC-100 Operaciones,Bruno Garcia 08 00001101
1419,2026-03-05,1180,IVA acreditable,15120.64,0.00,Registro factura INV-00327,INV-00327,CC-100 Operaciones,Elena Mora 05 00001101
1420,2026-06-03,1180,IVA acreditable,2973.92,0.00,Registro factura INV-00274,INV-00274,CC-100 Operaciones,Ana Ruiz 07 00001101
1421,2026-05-14,2100,Cuentas por pagar,0.00,107758.20,Registro factura INV-00012,INV-00012,CC-100 Operaciones,Ana Ruiz 07 00001101
1422,2026-06-22,1020,Bancos,0.00,40891.16,Pago factura INV-00053,INV-00053,CC-100 Operaciones,Bruno Garcia 02 00001101
1423,2026-06-04,5000,Gastos operativos,73313.00,0.00,Registro factura INV-00011,INV-00011,CC-100 Operaciones,Diego Luna 04 00001101
1424,2026-02-19,2100,Cuentas por pagar,108838.16,0.00,Pago factura INV-00074,INV-00074,CC-100 Operaciones,Bruno Garcia 02 00001101
1425,2026-06-19,5000,Gastos operativos,68949.00,0.00,Registro factura INV-00260,INV-00260,CC-100 Operaciones,Ana Ruiz 01 00001101
1426,2026-05-10,2100,Cuentas por pagar,0.00,47317.56,Registro factura INV-00228,INV-00228,CC-100 Operaciones,Ana Ruiz 01 00001101
1427,2026-03-04,2100,Cuentas por pagar,0.00,55475.84,Registro factura INV-00321,INV-00321,CC-100 Operaciones,Bruno Garcia 02 00001101
1428,2026-06-29,2100,Cuentas por pagar,79980.84,0.00,Pago factura INV-00260,INV-00260,CC-100 Operaciones,Bruno Garcia 02 00001101
1429,2026-03-20,2100,Cuentas por pagar,32716.64,0.00,Pago factura INV-00225,INV-00225,CC-100 Operaciones,Bruno Garcia 02 00001101
1430,2026-01-22,2100,Cuentas por pagar,0.00,19624.88,Registro factura INV-00104,INV-00104,CC-100 Operaciones,Ana Ruiz 07 00001101
1431,2026-01-23,5000,Gastos operativos,14352.00,0.00,Registro factura INV-00048,INV-00048,CC-100 Operaciones,Bruno Garcia 02 00001101
1432,2026-05-23,2100,Cuentas por pagar,0.00,24967.84,Registro factura INV-00112,INV-00112,CC-100 Operaciones,Fabian Rios 06 00001101
1433,2026-05-08,2100,Cuentas por pagar,0.00,83888.88,Registro factura INV-00353,INV-00353,CC-100 Operaciones,Carla Soto 09 00001101
1434,2026-02-08,2100,Cuentas por pagar,69924.80,0.00,Pago factura INV-00350,INV-00350,CC-100 Operaciones,Bruno Garcia 02 00001101
1435,2026-02-23,2100,Cuentas por pagar,53527.04,0.00,Pago factura INV-00037,INV-00037,CC-100 Operaciones,Bruno Garcia 02 00001101
1436,2026-03-12,2100,Cuentas por pagar,21799.41,0.00,Pago factura INV-00076,INV-00076,CC-100 Operaciones,Bruno Garcia 02 00001101
1437,2026-05-08,1180,IVA acreditable,11553.60,0.00,Registro factura INV-00297,INV-00297,CC-100 Operaciones,Ana Ruiz 01 00001101
1438,2026-06-16,5000,Gastos operativos,15530.00,0.00,Registro factura INV-00135,INV-00135,CC-100 Operaciones,Diego Luna 10 00001101
1439,2026-05-25,2100,Cuentas por pagar,108863.68,0.00,Pago factura INV-00163,INV-00163,CC-100 Operaciones,Bruno Garcia 02 00001101
1440,2026-06-25,1020,Bancos,0.00,97429.56,Pago factura INV-00129,INV-00129,CC-100 Operaciones,Bruno Garcia 02 00001101
1441,2026-02-20,1180,IVA acreditable,14439.84,0.00,Registro factura INV-00204,INV-00204,CC-100 Operaciones,Bruno Garcia 02 00001101
1442,2026-03-28,5000,Gastos operativos,52147.00,0.00,Registro factura INV-00039,INV-00039,CC-100 Operaciones,Diego Luna 04 00001101
1443,2026-05-25,1020,Bancos,0.00,50441.44,Pago factura INV-00058,INV-00058,CC-100 Operaciones,Bruno Garcia 02 00001101
1444,2026-06-28,1180,IVA acreditable,3983.04,0.00,Registro factura INV-00123,INV-00123,CC-100 Operaciones,Diego Luna 10 00001101
1445,2026-03-22,2100,Cuentas por pagar,14123.00,0.00,Pago factura INV-00323,INV-00323,CC-100 Operaciones,Bruno Garcia 02 00001101
1446,2026-05-14,1020,Bancos,0.00,91060.00,Pago factura INV-00301,INV-00301,CC-100 Operaciones,Bruno Garcia 02 00001101
1447,2026-06-11,2100,Cuentas por pagar,31745.72,0.00,Pago factura INV-00079,INV-00079,CC-100 Operaciones,Bruno Garcia 02 00001101
1448,2026-06-09,1020,Bancos,0.00,89105.40,Pago factura INV-00347,INV-00347,CC-100 Operaciones,Bruno Garcia 02 00001101
1449,2026-01-22,1020,Bancos,0.00,39260.20,Pago factura INV-00188,INV-00188,CC-100 Operaciones,Bruno Garcia 02 00001101
1450,2026-01-15,5000,Gastos operativos,41398.00,0.00,Registro factura INV-00071,INV-00071,CC-100 Operaciones,Bruno Garcia 02 00001101
1451,2026-06-06,2100,Cuentas por pagar,47948.60,0.00,Pago factura INV-00057,INV-00057,CC-100 Operaciones,Bruno Garcia 02 00001101
1452,2026-02-15,1180,IVA acreditable,6276.64,0.00,Registro factura INV-00133,INV-00133,CC-100 Operaciones,Ana Ruiz 01 00001101
1453,2026-01-25,5000,Gastos operativos,26993.00,0.00,Registro factura INV-00021,INV-00021,CC-100 Operaciones,Fabian Rios 06 00001101
1454,2026-06-30,2100,Cuentas por pagar,89294.48,0.00,Pago factura INV-00354,INV-00354,CC-100 Operaciones,Bruno Garcia 02 00001101
1455,2026-06-13,2100,Cuentas por pagar,29305.08,0.00,Pago factura INV-00173,INV-00173,CC-100 Operaciones,Bruno Garcia 02 00001101
1456,2026-01-30,5000,Gastos operativos,32746.00,0.00,Registro factura INV-00265,INV-00265,CC-100 Operaciones,Carla Soto 09 00001101
1457,2026-03-16,1020,Bancos,0.00,37632.72,Pago factura INV-00326,INV-00326,CC-100 Operaciones,Bruno Garcia 02 00001101
1458,2026-02-28,2100,Cuentas por pagar,0.00,73677.40,Registro factura INV-00084,INV-00084,CC-100 Operaciones,Fabian Rios 06 00001101
1459,2026-03-12,1020,Bancos,0.00,21799.41,Pago factura INV-00076,INV-00076,CC-100 Operaciones,Bruno Garcia 02 00001101
1460,2026-06-14,5000,Gastos operativos,89926.00,0.00,Registro factura INV-00257,INV-00257,CC-100 Operaciones,Diego Luna 10 00001101
1461,2026-04-14,5000,Gastos operativos,83540.00,0.00,Registro factura INV-00189,INV-00189,CC-100 Operaciones,Elena Mora 05 00001101
1462,2026-03-25,1180,IVA acreditable,14973.76,0.00,Registro factura INV-00210,INV-00210,CC-100 Operaciones,Ana Ruiz 07 00001101
1463,2026-03-23,2100,Cuentas por pagar,57038.36,0.00,Pago factura INV-00056,INV-00056,CC-100 Operaciones,Bruno Garcia 02 00001101
1464,2026-05-13,1020,Bancos,0.00,107606.24,Pago factura INV-00294,INV-00294,CC-100 Operaciones,Bruno Garcia 02 00001101
1465,2026-06-30,2100,Cuentas por pagar,92405.60,0.00,Pago factura INV-00285,INV-00285,CC-100 Operaciones,Bruno Garcia 02 00001101
1466,2026-04-20,5000,Gastos operativos,68220.00,0.00,Registro factura INV-00207,INV-00207,CC-100 Operaciones,Carla Soto 03 00001101
1467,2026-03-18,1020,Bancos,0.00,90647.04,Pago factura INV-00202,INV-00202,CC-100 Operaciones,Bruno Garcia 02 00001101
1468,2026-02-22,2100,Cuentas por pagar,79407.80,0.00,Pago factura INV-00333,INV-00333,CC-100 Operaciones,Bruno Garcia 02 00001101
1469,2026-02-11,1180,IVA acreditable,7401.44,0.00,Registro factura INV-00200,INV-00200,CC-100 Operaciones,Elena Mora 05 00001101
1470,2026-04-20,1180,IVA acreditable,10915.20,0.00,Registro factura INV-00207,INV-00207,CC-100 Operaciones,Carla Soto 03 00001101
1471,2026-05-12,1020,Bancos,0.00,69192.84,Pago factura INV-00077,INV-00077,CC-100 Operaciones,Bruno Garcia 02 00001101
1472,2026-06-08,1020,Bancos,0.00,21508.72,Pago factura INV-00102,INV-00102,CC-100 Operaciones,Bruno Garcia 02 00001101
1473,2026-01-27,2100,Cuentas por pagar,44822.40,0.00,Pago factura INV-00023,INV-00023,CC-100 Operaciones,Bruno Garcia 02 00001101
1474,2026-03-29,1180,IVA acreditable,7404.48,0.00,Registro factura INV-00279,INV-00279,CC-100 Operaciones,Carla Soto 03 00001101
1475,2026-03-25,2100,Cuentas por pagar,0.00,108559.76,Registro factura INV-00210,INV-00210,CC-100 Operaciones,Ana Ruiz 07 00001101
1476,2026-06-16,2100,Cuentas por pagar,0.00,18014.80,Registro factura INV-00135,INV-00135,CC-100 Operaciones,Diego Luna 10 00001101
1477,2026-03-21,5000,Gastos operativos,64484.00,0.00,Registro factura INV-00231,INV-00231,CC-100 Operaciones,Ana Ruiz 01 00001101
1478,2026-04-25,1180,IVA acreditable,7958.40,0.00,Registro factura INV-00029,INV-00029,CC-100 Operaciones,Bruno Garcia 08 00001101
1479,2026-03-03,1020,Bancos,0.00,17565.88,Pago factura INV-00066,INV-00066,CC-100 Operaciones,Bruno Garcia 02 00001101
1480,2026-01-17,5000,Gastos operativos,63265.00,0.00,Registro factura INV-00184,INV-00184,CC-100 Operaciones,Diego Luna 04 00001101
1481,2026-02-11,1020,Bancos,0.00,75666.80,Pago factura INV-00355,INV-00355,CC-100 Operaciones,Bruno Garcia 02 00001101
1482,2026-01-24,5000,Gastos operativos,93672.00,0.00,Registro factura INV-00028,INV-00028,CC-100 Operaciones,Ana Ruiz 07 00001101
1483,2026-03-02,1180,IVA acreditable,11514.24,0.00,Registro factura INV-00146,INV-00146,CC-100 Operaciones,Bruno Garcia 08 00001101
1484,2026-05-01,1180,IVA acreditable,6889.28,0.00,Registro factura INV-00246,INV-00246,CC-100 Operaciones,Fabian Rios 06 00001101
1485,2026-05-01,2100,Cuentas por pagar,0.00,49947.28,Registro factura INV-00246,INV-00246,CC-100 Operaciones,Fabian Rios 06 00001101
1486,2026-04-20,1020,Bancos,0.00,43947.76,Pago factura INV-00328,INV-00328,CC-100 Operaciones,Bruno Garcia 02 00001101
1487,2026-04-12,1020,Bancos,0.00,99973.44,Pago factura INV-00143,INV-00143,CC-100 Operaciones,Bruno Garcia 02 00001101
1488,2026-02-02,2100,Cuentas por pagar,0.00,57823.68,Registro factura INV-00306,INV-00306,CC-100 Operaciones,Bruno Garcia 08 00001101
1489,2026-05-23,1020,Bancos,0.00,14532.95,Pago factura INV-00033,INV-00033,CC-100 Operaciones,Bruno Garcia 02 00001101
1490,2026-04-11,5000,Gastos operativos,20169.00,0.00,Registro factura INV-00054,INV-00054,CC-100 Operaciones,Diego Luna 04 00001101
1491,2026-06-01,2100,Cuentas por pagar,55258.92,0.00,Pago factura INV-00168,INV-00168,CC-100 Operaciones,Bruno Garcia 02 00001101
1492,2026-02-26,1180,IVA acreditable,6011.36,0.00,Registro factura INV-00230,INV-00230,CC-100 Operaciones,Diego Luna 10 00001101
1493,2026-05-21,1020,Bancos,0.00,30721.44,Pago factura INV-00315,INV-00315,CC-100 Operaciones,Bruno Garcia 02 00001101
1494,2026-02-23,5000,Gastos operativos,23318.00,0.00,Registro factura INV-00194,INV-00194,CC-100 Operaciones,Carla Soto 03 00001101
1495,2026-02-12,1020,Bancos,0.00,99563.96,Pago factura INV-00162,INV-00162,CC-100 Operaciones,Bruno Garcia 02 00001101
1496,2026-06-25,2100,Cuentas por pagar,97429.56,0.00,Pago factura INV-00129,INV-00129,CC-100 Operaciones,Bruno Garcia 02 00001101
1497,2026-04-29,2100,Cuentas por pagar,96154.72,0.00,Pago factura INV-00187,INV-00187,CC-100 Operaciones,Bruno Garcia 02 00001101
1498,2026-06-01,5000,Gastos operativos,27367.00,0.00,Registro factura INV-00079,INV-00079,CC-100 Operaciones,Carla Soto 03 00001101
1499,2026-03-11,5000,Gastos operativos,60061.00,0.00,Registro factura INV-00170,INV-00170,CC-100 Operaciones,Elena Mora 05 00001101
1500,2026-06-15,1020,Bancos,0.00,36332.36,Pago factura INV-00107,INV-00107,CC-100 Operaciones,Bruno Garcia 02 00001101
1501,2026-01-31,2100,Cuentas por pagar,0.00,72292.36,Registro factura INV-00298,INV-00298,CC-100 Operaciones,Diego Luna 04 00001101
1502,2026-06-25,5000,Gastos operativos,92667.00,0.00,Registro factura INV-00060,INV-00060,CC-100 Operaciones,Carla Soto 09 00001101
1503,2026-01-28,5000,Gastos operativos,35206.00,0.00,Registro factura INV-00041,INV-00041,CC-100 Operaciones,Elena Mora 05 00001101
1504,2026-02-22,5000,Gastos operativos,25341.00,0.00,Registro factura INV-00140,INV-00140,CC-100 Operaciones,Fabian Rios 06 00001101
1505,2026-02-05,1180,IVA acreditable,5011.36,0.00,Registro factura INV-00007,INV-00007,CC-100 Operaciones,Elena Mora 05 00001101
1506,2026-05-12,1180,IVA acreditable,9162.08,0.00,Registro factura INV-00160,INV-00160,CC-100 Operaciones,Elena Mora 05 00001101
1507,2026-02-04,2100,Cuentas por pagar,0.00,73001.12,Registro factura INV-00164,INV-00164,CC-100 Operaciones,Diego Luna 10 00001101
1508,2026-03-31,2100,Cuentas por pagar,0.00,61319.92,Registro factura INV-00080,INV-00080,CC-100 Operaciones,Carla Soto 03 00001101
1509,2026-02-06,2100,Cuentas por pagar,0.00,97357.64,Registro factura INV-00288,INV-00288,CC-100 Operaciones,Diego Luna 04 00001101
1510,2026-01-18,2100,Cuentas por pagar,0.00,16905.84,Registro factura INV-00348,INV-00348,CC-100 Operaciones,Ana Ruiz 01 00001101
1511,2026-04-10,1180,IVA acreditable,6061.76,0.00,Registro factura INV-00328,INV-00328,CC-100 Operaciones,Ana Ruiz 01 00001101
1512,2026-05-10,1020,Bancos,0.00,83196.36,Pago factura INV-00139,INV-00139,CC-100 Operaciones,Bruno Garcia 02 00001101
1513,2026-03-01,1180,IVA acreditable,7024.96,0.00,Registro factura INV-00114,INV-00114,CC-100 Operaciones,Carla Soto 03 00001101
1514,2026-06-18,5000,Gastos operativos,78061.00,0.00,Registro factura INV-00276,INV-00276,CC-100 Operaciones,Diego Luna 04 00001101
1515,2026-02-17,1020,Bancos,0.00,72735.48,Pago factura INV-00122,INV-00122,CC-100 Operaciones,Bruno Garcia 02 00001101
1516,2026-01-30,2100,Cuentas por pagar,0.00,37985.36,Registro factura INV-00265,INV-00265,CC-100 Operaciones,Carla Soto 09 00001101
1517,2026-03-28,2100,Cuentas por pagar,18296.68,0.00,Pago factura INV-00176,INV-00176,CC-100 Operaciones,Bruno Garcia 02 00001101
1518,2026-06-11,1180,IVA acreditable,10686.40,0.00,Registro factura INV-00236,INV-00236,CC-100 Operaciones,Carla Soto 09 00001101
1519,2026-05-01,1180,IVA acreditable,5172.48,0.00,Registro factura INV-00045,INV-00045,CC-100 Operaciones,Diego Luna 04 00001101
1520,2026-05-12,2100,Cuentas por pagar,69192.84,0.00,Pago factura INV-00077,INV-00077,CC-100 Operaciones,Bruno Garcia 02 00001101
1521,2026-02-10,2100,Cuentas por pagar,40623.20,0.00,Pago factura INV-00090,INV-00090,CC-100 Operaciones,Bruno Garcia 02 00001101
1522,2026-06-24,2100,Cuentas por pagar,102945.36,0.00,Pago factura INV-00141,INV-00141,CC-100 Operaciones,Bruno Garcia 02 00001101
1523,2026-02-05,2100,Cuentas por pagar,0.00,51930.88,Registro factura INV-00277,INV-00277,CC-100 Operaciones,Carla Soto 09 00001101
1524,2026-03-31,5000,Gastos operativos,16215.00,0.00,Registro factura INV-00137,INV-00137,CC-100 Operaciones,Elena Mora 05 00001101
1525,2026-06-07,2100,Cuentas por pagar,0.00,96382.08,Registro factura INV-00338,INV-00338,CC-100 Operaciones,Carla Soto 03 00001101
1526,2026-04-30,1020,Bancos,0.00,79135.20,Pago factura INV-00207,INV-00207,CC-100 Operaciones,Bruno Garcia 02 00001101
1527,2026-03-19,5000,Gastos operativos,36882.00,0.00,Registro factura INV-00019,INV-00019,CC-100 Operaciones,Ana Ruiz 07 00001101
1528,2026-04-15,1180,IVA acreditable,4133.92,0.00,Registro factura INV-00136,INV-00136,CC-100 Operaciones,Diego Luna 10 00001101
1529,2026-03-05,1180,IVA acreditable,7162.88,0.00,Registro factura INV-00171,INV-00171,CC-100 Operaciones,Diego Luna 10 00001101
1530,2026-02-08,5000,Gastos operativos,69943.00,0.00,Registro factura INV-00304,INV-00304,CC-100 Operaciones,Fabian Rios 06 00001101
1531,2026-06-03,2100,Cuentas por pagar,0.00,21560.92,Registro factura INV-00274,INV-00274,CC-100 Operaciones,Ana Ruiz 07 00001101
1532,2026-02-13,1020,Bancos,0.00,83805.36,Pago factura INV-00089,INV-00089,CC-100 Operaciones,Bruno Garcia 02 00001101
1533,2026-05-15,1180,IVA acreditable,6957.44,0.00,Registro factura INV-00058,INV-00058,CC-100 Operaciones,Fabian Rios 06 00001101
1534,2026-02-05,1020,Bancos,0.00,93708.28,Pago factura INV-00307,INV-00307,CC-100 Operaciones,Bruno Garcia 02 00001101
1535,2026-03-23,1020,Bancos,0.00,57038.36,Pago factura INV-00056,INV-00056,CC-100 Operaciones,Bruno Garcia 02 00001101
1536,2026-04-18,2100,Cuentas por pagar,0.00,89792.12,Registro factura INV-00222,INV-00222,CC-100 Operaciones,Ana Ruiz 01 00001101
1537,2026-03-30,1020,Bancos,0.00,22345.08,Pago factura INV-00283,INV-00283,CC-100 Operaciones,Bruno Garcia 02 00001101
1538,2026-04-12,2100,Cuentas por pagar,75661.00,0.00,Pago factura INV-00180,INV-00180,CC-100 Operaciones,Bruno Garcia 02 00001101
1539,2026-05-07,5000,Gastos operativos,87354.00,0.00,Registro factura INV-00091,INV-00091,CC-100 Operaciones,Bruno Garcia 02 00001101
1540,2026-06-15,2100,Cuentas por pagar,17529.92,0.00,Pago factura INV-00016,INV-00016,CC-100 Operaciones,Bruno Garcia 02 00001101
1541,2026-04-23,5000,Gastos operativos,87087.00,0.00,Registro factura INV-00221,INV-00221,CC-100 Operaciones,Bruno Garcia 02 00001101
1542,2026-03-16,1020,Bancos,0.00,17221.36,Pago factura INV-00192,INV-00192,CC-100 Operaciones,Bruno Garcia 02 00001101
1543,2026-03-16,2100,Cuentas por pagar,0.00,99233.36,Registro factura INV-00219,INV-00219,CC-100 Operaciones,Fabian Rios 06 00001101
1544,2026-01-26,1180,IVA acreditable,12925.28,0.00,Registro factura INV-00307,INV-00307,CC-100 Operaciones,Ana Ruiz 01 00001101
1545,2026-05-23,2100,Cuentas por pagar,20772.36,0.00,Pago factura INV-00250,INV-00250,CC-100 Operaciones,Bruno Garcia 02 00001101
1546,2026-02-12,2100,Cuentas por pagar,0.00,34128.36,Registro factura INV-00195,INV-00195,CC-100 Operaciones,Diego Luna 10 00001101
1547,2026-03-20,1020,Bancos,0.00,83480.56,Pago factura INV-00345,INV-00345,CC-100 Operaciones,Bruno Garcia 02 00001101
1548,2026-06-14,1020,Bancos,0.00,42406.12,Pago factura INV-00030,INV-00030,CC-100 Operaciones,Bruno Garcia 02 00001101
1549,2026-06-15,1020,Bancos,0.00,105641.20,Pago factura INV-00088,INV-00088,CC-100 Operaciones,Bruno Garcia 02 00001101
1550,2026-05-05,5000,Gastos operativos,31321.00,0.00,Registro factura INV-00033,INV-00033,CC-100 Operaciones,Bruno Garcia 08 00001101
1551,2026-06-10,2100,Cuentas por pagar,20893.92,0.00,Pago factura INV-00040,INV-00040,CC-100 Operaciones,Bruno Garcia 02 00001101
1552,2026-05-05,2100,Cuentas por pagar,0.00,34496.08,Registro factura INV-00025,INV-00025,CC-100 Operaciones,Fabian Rios 06 00001101
1553,2026-06-27,2100,Cuentas por pagar,0.00,15567.20,Registro factura INV-00082,INV-00082,CC-100 Operaciones,Carla Soto 03 00001101
1554,2026-03-21,5000,Gastos operativos,53563.00,0.00,Registro factura INV-00131,INV-00131,CC-100 Operaciones,Carla Soto 09 00001101
1555,2026-01-21,2100,Cuentas por pagar,0.00,84276.32,Registro factura INV-00119,INV-00119,CC-100 Operaciones,Bruno Garcia 08 00001101
1556,2026-06-30,2100,Cuentas por pagar,32235.24,0.00,Pago factura INV-00254,INV-00254,CC-100 Operaciones,Bruno Garcia 02 00001101
1557,2026-02-10,1180,IVA acreditable,3069.76,0.00,Registro factura INV-00009,INV-00009,CC-100 Operaciones,Bruno Garcia 08 00001101
1558,2026-03-18,5000,Gastos operativos,82903.00,0.00,Registro factura INV-00357,INV-00357,CC-100 Operaciones,Bruno Garcia 02 00001101
1559,2026-01-30,2080,IVA trasladado,0.00,6080.00,Registro venta INV-00319,INV-00319,CC-100 Operaciones,Bruno Garcia 02 00001101
1560,2026-05-18,2100,Cuentas por pagar,83888.88,0.00,Pago factura INV-00353,INV-00353,CC-100 Operaciones,Bruno Garcia 02 00001101
1561,2026-03-20,2100,Cuentas por pagar,83480.56,0.00,Pago factura INV-00345,INV-00345,CC-100 Operaciones,Bruno Garcia 02 00001101
1562,2026-02-13,5000,Gastos operativos,46144.00,0.00,Registro factura INV-00037,INV-00037,CC-100 Operaciones,Carla Soto 09 00001101
1563,2026-06-21,2100,Cuentas por pagar,28533.68,0.00,Pago factura INV-00127,INV-00127,CC-100 Operaciones,Bruno Garcia 02 00001101
1564,2026-03-05,1180,IVA acreditable,6958.40,0.00,Registro factura INV-00256,INV-00256,CC-100 Operaciones,Ana Ruiz 07 00001101
1565,2026-02-15,2100,Cuentas por pagar,0.00,45505.64,Registro factura INV-00133,INV-00133,CC-100 Operaciones,Ana Ruiz 01 00001101
1566,2026-06-10,2100,Cuentas por pagar,0.00,71844.60,Registro factura INV-00316,INV-00316,CC-100 Operaciones,Bruno Garcia 02 00001101
1567,2026-03-04,1020,Bancos,0.00,29395.56,Pago factura INV-00140,INV-00140,CC-100 Operaciones,Bruno Garcia 02 00001101
1568,2026-02-10,2100,Cuentas por pagar,0.00,22255.76,Registro factura INV-00009,INV-00009,CC-100 Operaciones,Bruno Garcia 08 00001101
1569,2026-02-20,2100,Cuentas por pagar,22255.76,0.00,Pago factura INV-00009,INV-00009,CC-100 Operaciones,Bruno Garcia 02 00001101
1570,2026-06-28,1180,IVA acreditable,8102.24,0.00,Registro factura INV-00289,INV-00289,CC-100 Operaciones,Bruno Garcia 08 00001101
1571,2026-03-16,1180,IVA acreditable,13433.92,0.00,Registro factura INV-00247,INV-00247,CC-100 Operaciones,Bruno Garcia 08 00001101
1572,2026-02-19,1180,IVA acreditable,9625.60,0.00,Registro factura INV-00351,INV-00351,CC-100 Operaciones,Ana Ruiz 07 00001101
1573,2026-06-16,2100,Cuentas por pagar,0.00,78591.16,Registro factura INV-00226,INV-00226,CC-100 Operaciones,Bruno Garcia 02 00001101
1574,2026-05-05,2100,Cuentas por pagar,57698.40,0.00,Pago factura INV-00029,INV-00029,CC-100 Operaciones,Bruno Garcia 02 00001101
1575,2026-05-08,5000,Gastos operativos,72318.00,0.00,Registro factura INV-00353,INV-00353,CC-100 Operaciones,Carla Soto 09 00001101
1576,2026-05-23,1020,Bancos,0.00,20772.36,Pago factura INV-00250,INV-00250,CC-100 Operaciones,Bruno Garcia 02 00001101
1577,2026-05-20,1180,IVA acreditable,14486.40,0.00,Registro factura INV-00214,INV-00214,CC-100 Operaciones,Ana Ruiz 07 00001101
1578,2026-05-15,2100,Cuentas por pagar,0.00,108863.68,Registro factura INV-00163,INV-00163,CC-100 Operaciones,Diego Luna 04 00001101
1579,2026-03-07,2100,Cuentas por pagar,0.00,44403.64,Registro factura INV-00100,INV-00100,CC-100 Operaciones,Ana Ruiz 01 00001101
1580,2026-06-04,1180,IVA acreditable,11730.08,0.00,Registro factura INV-00011,INV-00011,CC-100 Operaciones,Diego Luna 04 00001101
1581,2026-05-11,1180,IVA acreditable,13209.60,0.00,Registro factura INV-00258,INV-00258,CC-100 Operaciones,Bruno Garcia 08 00001101
1582,2026-05-24,1020,Bancos,0.00,48498.44,Pago factura INV-00255,INV-00255,CC-100 Operaciones,Bruno Garcia 02 00001101
1583,2026-04-21,2100,Cuentas por pagar,23396.04,0.00,Pago factura INV-00054,INV-00054,CC-100 Operaciones,Bruno Garcia 02 00001101
1584,2026-01-31,5000,Gastos operativos,35020.00,0.00,Registro factura INV-00090,INV-00090,CC-100 Operaciones,Bruno Garcia 02 00001101
1585,2026-05-08,2100,Cuentas por pagar,61408.08,0.00,Pago factura INV-00167,INV-00167,CC-100 Operaciones,Bruno Garcia 02 00001101
1586,2026-03-02,1020,Bancos,0.00,104688.84,Pago factura INV-00204,INV-00204,CC-100 Operaciones,Bruno Garcia 02 00001101
1587,2026-01-29,2100,Cuentas por pagar,101321.36,0.00,Pago factura INV-00197,INV-00197,CC-100 Operaciones,Bruno Garcia 02 00001101
1588,2026-03-08,2100,Cuentas por pagar,87365.40,0.00,Pago factura INV-00208,INV-00208,CC-100 Operaciones,Bruno Garcia 02 00001101
1589,2026-04-21,2100,Cuentas por pagar,107657.28,0.00,Pago factura INV-00075,INV-00075,CC-100 Operaciones,Bruno Garcia 02 00001101
1590,2026-06-30,1020,Bancos,0.00,107290.72,Pago factura INV-00272,INV-00272,CC-100 Operaciones,Bruno Garcia 02 00001101
1591,2026-04-11,5000,Gastos operativos,92808.00,0.00,Registro factura INV-00075,INV-00075,CC-100 Operaciones,Fabian Rios 06 00001101
1592,2026-05-10,2100,Cuentas por pagar,83196.36,0.00,Pago factura INV-00139,INV-00139,CC-100 Operaciones,Bruno Garcia 02 00001101
1593,2026-05-14,1020,Bancos,0.00,37868.20,Pago factura INV-00005,INV-00005,CC-100 Operaciones,Bruno Garcia 02 00001101
1594,2026-04-26,2100,Cuentas por pagar,0.00,97633.72,Registro factura INV-00116,INV-00116,CC-100 Operaciones,Ana Ruiz 01 00001101
1595,2026-01-24,2100,Cuentas por pagar,0.00,108659.52,Registro factura INV-00028,INV-00028,CC-100 Operaciones,Ana Ruiz 07 00001101
1596,2026-06-15,1020,Bancos,0.00,17529.92,Pago factura INV-00016,INV-00016,CC-100 Operaciones,Bruno Garcia 02 00001101
1597,2026-05-07,1180,IVA acreditable,6489.28,0.00,Registro factura INV-00201,INV-00201,CC-100 Operaciones,Diego Luna 04 00001101
1598,2026-06-05,1180,IVA acreditable,2417.92,0.00,Registro factura INV-00016,INV-00016,CC-100 Operaciones,Ana Ruiz 01 00001101
1599,2026-02-10,1020,Bancos,0.00,72292.36,Pago factura INV-00298,INV-00298,CC-100 Operaciones,Bruno Garcia 02 00001101
1600,2026-01-11,2100,Cuentas por pagar,0.00,89314.20,Registro factura INV-00320,INV-00320,CC-100 Operaciones,Diego Luna 04 00001101
1601,2026-05-20,2100,Cuentas por pagar,0.00,105026.40,Registro factura INV-00214,INV-00214,CC-100 Operaciones,Ana Ruiz 07 00001101
1602,2026-06-23,5000,Gastos operativos,48448.00,0.00,Registro factura INV-00152,INV-00152,CC-100 Operaciones,Ana Ruiz 07 00001101
1603,2026-04-13,5000,Gastos operativos,87394.00,0.00,Registro factura INV-00262,INV-00262,CC-100 Operaciones,Diego Luna 10 00001101
1604,2026-01-11,2100,Cuentas por pagar,0.00,28635.76,Registro factura INV-00115,INV-00115,CC-100 Operaciones,Fabian Rios 06 00001101
1605,2026-05-31,2100,Cuentas por pagar,0.00,18919.60,Registro factura INV-00196,INV-00196,CC-100 Operaciones,Diego Luna 10 00001101
1606,2026-04-08,1180,IVA acreditable,9590.72,0.00,Registro factura INV-00271,INV-00271,CC-100 Operaciones,Elena Mora 05 00001101
1607,2026-06-05,2100,Cuentas por pagar,0.00,51930.88,Registro factura INV-00238,INV-00238,CC-100 Operaciones,Carla Soto 03 00001101
1608,2026-03-29,2100,Cuentas por pagar,16981.24,0.00,Pago factura INV-00022,INV-00022,CC-100 Operaciones,Bruno Garcia 02 00001101
1609,2026-04-10,1020,Bancos,0.00,61319.92,Pago factura INV-00080,INV-00080,CC-100 Operaciones,Bruno Garcia 02 00001101
1610,2026-02-08,2100,Cuentas por pagar,0.00,27458.36,Registro factura INV-00078,INV-00078,CC-100 Operaciones,Diego Luna 04 00001101
1611,2026-03-05,2100,Cuentas por pagar,0.00,51930.88,Registro factura INV-00171,INV-00171,CC-100 Operaciones,Diego Luna 10 00001101
1612,2026-06-20,1020,Bancos,0.00,71844.60,Pago factura INV-00316,INV-00316,CC-100 Operaciones,Bruno Garcia 02 00001101
1613,2026-04-12,1180,IVA acreditable,9836.16,0.00,Registro factura INV-00067,INV-00067,CC-100 Operaciones,Ana Ruiz 01 00001101
1614,2026-01-19,2100,Cuentas por pagar,0.00,26100.00,Registro factura INV-00086,INV-00086,CC-100 Operaciones,Carla Soto 09 00001101
1615,2026-04-15,1020,Bancos,0.00,51930.88,Pago factura INV-00068,INV-00068,CC-100 Operaciones,Bruno Garcia 02 00001101
1616,2026-04-29,1180,IVA acreditable,5071.36,0.00,Registro factura INV-00044,INV-00044,CC-100 Operaciones,Diego Luna 10 00001101
1617,2026-01-11,1180,IVA acreditable,3949.76,0.00,Registro factura INV-00115,INV-00115,CC-100 Operaciones,Fabian Rios 06 00001101
1618,2026-04-01,1180,IVA acreditable,4492.96,0.00,Registro factura INV-00332,INV-00332,CC-100 Operaciones,Bruno Garcia 02 00001101
1619,2026-03-15,2100,Cuentas por pagar,109624.64,0.00,Pago factura INV-00327,INV-00327,CC-100 Operaciones,Bruno Garcia 02 00001101
1620,2026-03-20,5000,Gastos operativos,13517.00,0.00,Registro factura INV-00083,INV-00083,CC-100 Operaciones,Diego Luna 04 00001101
1621,2026-05-23,2100,Cuentas por pagar,71048.84,0.00,Pago factura INV-00178,INV-00178,CC-100 Operaciones,Bruno Garcia 02 00001101
1622,2026-03-01,2100,Cuentas por pagar,17672.60,0.00,Pago factura INV-00259,INV-00259,CC-100 Operaciones,Bruno Garcia 02 00001101
1623,2026-03-12,2100,Cuentas por pagar,31158.52,0.00,Pago factura INV-00171,INV-00171,CC-100 Operaciones,Bruno Garcia 02 00001101
1624,2026-03-27,2100,Cuentas por pagar,30709.84,0.00,Pago factura INV-00085,INV-00085,CC-100 Operaciones,Bruno Garcia 02 00001101
1625,2026-01-28,1180,IVA acreditable,5632.96,0.00,Registro factura INV-00041,INV-00041,CC-100 Operaciones,Elena Mora 05 00001101
1626,2026-04-07,2100,Cuentas por pagar,0.00,104839.64,Registro factura INV-00081,INV-00081,CC-100 Operaciones,Bruno Garcia 08 00001101
1627,2026-02-16,5000,Gastos operativos,57259.00,0.00,Registro factura INV-00069,INV-00069,CC-100 Operaciones,Fabian Rios 06 00001101
1628,2026-01-27,2100,Cuentas por pagar,0.00,57808.60,Registro factura INV-00211,INV-00211,CC-100 Operaciones,Diego Luna 10 00001101
1629,2026-01-30,1180,IVA acreditable,5239.36,0.00,Registro factura INV-00265,INV-00265,CC-100 Operaciones,Carla Soto 09 00001101
1630,2026-02-13,5000,Gastos operativos,94435.00,0.00,Registro factura INV-00110,INV-00110,CC-100 Operaciones,Ana Ruiz 07 00001101
1631,2026-06-05,1180,IVA acreditable,7162.88,0.00,Registro factura INV-00238,INV-00238,CC-100 Operaciones,Carla Soto 03 00001101
1632,2026-05-07,2100,Cuentas por pagar,51637.40,0.00,Pago factura INV-00156,INV-00156,CC-100 Operaciones,Bruno Garcia 02 00001101
1633,2026-03-03,1180,IVA acreditable,14499.36,0.00,Registro factura INV-00047,INV-00047,CC-100 Operaciones,Carla Soto 03 00001101
1634,2026-05-31,1020,Bancos,0.00,58926.84,Pago factura INV-00004,INV-00004,CC-100 Operaciones,Bruno Garcia 02 00001101
1635,2026-03-07,1020,Bancos,0.00,59484.80,Pago factura INV-00318,INV-00318,CC-100 Operaciones,Bruno Garcia 02 00001101
1636,2026-03-14,2100,Cuentas por pagar,0.00,79611.96,Registro factura INV-00198,INV-00198,CC-100 Operaciones,Diego Luna 04 00001101
1637,2026-06-30,1020,Bancos,0.00,89294.48,Pago factura INV-00354,INV-00354,CC-100 Operaciones,Bruno Garcia 02 00001101
1638,2026-04-28,2100,Cuentas por pagar,0.00,61408.08,Registro factura INV-00167,INV-00167,CC-100 Operaciones,Ana Ruiz 07 00001101
1639,2026-02-13,1180,IVA acreditable,7383.04,0.00,Registro factura INV-00037,INV-00037,CC-100 Operaciones,Carla Soto 09 00001101
1640,2026-01-23,5000,Gastos operativos,81914.00,0.00,Registro factura INV-00340,INV-00340,CC-100 Operaciones,Diego Luna 04 00001101
1641,2026-06-20,1180,IVA acreditable,7350.72,0.00,Registro factura INV-00109,INV-00109,CC-100 Operaciones,Bruno Garcia 08 00001101
1642,2026-01-12,2100,Cuentas por pagar,0.00,83919.04,Registro factura INV-00125,INV-00125,CC-100 Operaciones,Ana Ruiz 01 00001101
1643,2026-01-23,1020,Bancos,0.00,74139.08,Pago factura INV-00266,INV-00266,CC-100 Operaciones,Bruno Garcia 02 00001101
1644,2026-06-11,2100,Cuentas por pagar,0.00,77476.40,Registro factura INV-00236,INV-00236,CC-100 Operaciones,Carla Soto 09 00001101
1645,2026-01-21,1180,IVA acreditable,2967.84,0.00,Registro factura INV-00036,INV-00036,CC-100 Operaciones,Diego Luna 10 00001101
1646,2026-02-21,5000,Gastos operativos,85375.00,0.00,Registro factura INV-00108,INV-00108,CC-100 Operaciones,Carla Soto 09 00001101
1647,2026-02-09,1020,Bancos,0.00,37985.36,Pago factura INV-00265,INV-00265,CC-100 Operaciones,Bruno Garcia 02 00001101
1648,2026-03-31,1180,IVA acreditable,2594.40,0.00,Registro factura INV-00137,INV-00137,CC-100 Operaciones,Elena Mora 05 00001101
1649,2026-06-15,5000,Gastos operativos,83991.00,0.00,Registro factura INV-00129,INV-00129,CC-100 Operaciones,Ana Ruiz 07 00001101
1650,2026-02-22,1020,Bancos,0.00,79407.80,Pago factura INV-00333,INV-00333,CC-100 Operaciones,Bruno Garcia 02 00001101
1651,2026-03-03,1020,Bancos,0.00,99035.00,Pago factura INV-00108,INV-00108,CC-100 Operaciones,Bruno Garcia 02 00001101
1652,2026-03-30,2100,Cuentas por pagar,0.00,55464.24,Registro factura INV-00322,INV-00322,CC-100 Operaciones,Diego Luna 10 00001101
1653,2026-05-23,2100,Cuentas por pagar,49950.76,0.00,Pago factura INV-00331,INV-00331,CC-100 Operaciones,Bruno Garcia 02 00001101
1654,2026-02-03,2100,Cuentas por pagar,0.00,83805.36,Registro factura INV-00089,INV-00089,CC-100 Operaciones,Elena Mora 05 00001101
1655,2026-01-26,5000,Gastos operativos,53083.00,0.00,Registro factura INV-00287,INV-00287,CC-100 Operaciones,Carla Soto 03 00001101
1656,2026-06-23,1020,Bancos,0.00,36398.48,Pago factura INV-00233,INV-00233,CC-100 Operaciones,Bruno Garcia 02 00001101
1657,2026-05-26,5000,Gastos operativos,39229.00,0.00,Registro factura INV-00042,INV-00042,CC-100 Operaciones,Elena Mora 05 00001101
1658,2026-04-16,1020,Bancos,0.00,99229.88,Pago factura INV-00063,INV-00063,CC-100 Operaciones,Bruno Garcia 02 00001101
1659,2026-02-16,2100,Cuentas por pagar,61908.04,0.00,Pago factura INV-00268,INV-00268,CC-100 Operaciones,Bruno Garcia 02 00001101
1660,2026-02-05,2100,Cuentas por pagar,0.00,55495.56,Registro factura INV-00183,INV-00183,CC-100 Operaciones,Ana Ruiz 07 00001101
1661,2026-06-01,1020,Bancos,0.00,21674.60,Pago factura INV-00324,INV-00324,CC-100 Operaciones,Bruno Garcia 02 00001101
1662,2026-02-18,2100,Cuentas por pagar,0.00,83057.16,Registro factura INV-00175,INV-00175,CC-100 Operaciones,Bruno Garcia 02 00001101
1663,2026-03-12,1020,Bancos,0.00,20697.64,Pago factura INV-00043,INV-00043,CC-100 Operaciones,Bruno Garcia 02 00001101
1664,2026-06-23,1180,IVA acreditable,12745.60,0.00,Registro factura INV-00285,INV-00285,CC-100 Operaciones,Elena Mora 05 00001101
1665,2026-04-25,1020,Bancos,0.00,100714.68,Pago factura INV-00342,INV-00342,CC-100 Operaciones,Bruno Garcia 02 00001101
1666,2026-03-23,5000,Gastos operativos,27933.00,0.00,Registro factura INV-00092,INV-00092,CC-100 Operaciones,Carla Soto 03 00001101
1667,2026-02-13,2100,Cuentas por pagar,49694.40,0.00,Pago factura INV-00191,INV-00191,CC-100 Operaciones,Bruno Garcia 02 00001101
1668,2026-05-27,2100,Cuentas por pagar,0.00,47948.60,Registro factura INV-00057,INV-00057,CC-100 Operaciones,Diego Luna 04 00001101
1669,2026-03-29,5000,Gastos operativos,19479.00,0.00,Registro factura INV-00128,INV-00128,CC-100 Operaciones,Ana Ruiz 01 00001101
1670,2026-02-08,1180,IVA acreditable,11190.88,0.00,Registro factura INV-00304,INV-00304,CC-100 Operaciones,Fabian Rios 06 00001101
1671,2026-03-02,5000,Gastos operativos,20249.00,0.00,Registro factura INV-00314,INV-00314,CC-100 Operaciones,Fabian Rios 06 00001101
1672,2026-06-30,1020,Bancos,0.00,32235.24,Pago factura INV-00254,INV-00254,CC-100 Operaciones,Bruno Garcia 02 00001101
1673,2026-04-05,1180,IVA acreditable,9258.40,0.00,Registro factura INV-00138,INV-00138,CC-100 Operaciones,Fabian Rios 06 00001101
1674,2026-05-01,5000,Gastos operativos,43058.00,0.00,Registro factura INV-00246,INV-00246,CC-100 Operaciones,Fabian Rios 06 00001101
1675,2026-06-24,5000,Gastos operativos,86616.00,0.00,Registro factura INV-00026,INV-00026,CC-100 Operaciones,Diego Luna 04 00001101
1676,2026-01-21,1180,IVA acreditable,0.00,3600.00,Reversion de factura cancelada INV-00086,INV-00086,CC-100 Operaciones,Bruno Garcia 02 00001101
1677,2026-02-20,1180,IVA acreditable,10543.84,0.00,Registro factura INV-00344,INV-00344,CC-100 Operaciones,Diego Luna 04 00001101
1678,2026-06-07,5000,Gastos operativos,83088.00,0.00,Registro factura INV-00338,INV-00338,CC-100 Operaciones,Carla Soto 03 00001101
1679,2026-02-05,2100,Cuentas por pagar,0.00,36332.36,Registro factura INV-00007,INV-00007,CC-100 Operaciones,Elena Mora 05 00001101
1680,2026-04-15,2100,Cuentas por pagar,0.00,29970.92,Registro factura INV-00136,INV-00136,CC-100 Operaciones,Diego Luna 10 00001101
1681,2026-02-02,2100,Cuentas por pagar,95020.24,0.00,Pago factura INV-00340,INV-00340,CC-100 Operaciones,Bruno Garcia 02 00001101
1682,2026-05-13,2100,Cuentas por pagar,67735.88,0.00,Pago factura INV-00284,INV-00284,CC-100 Operaciones,Bruno Garcia 02 00001101
1683,2026-03-17,1180,IVA acreditable,4235.84,0.00,Registro factura INV-00085,INV-00085,CC-100 Operaciones,Elena Mora 05 00001101
1684,2026-03-18,5000,Gastos operativos,15773.00,0.00,Registro factura INV-00176,INV-00176,CC-100 Operaciones,Diego Luna 10 00001101
1685,2026-03-15,1020,Bancos,0.00,50448.40,Pago factura INV-00256,INV-00256,CC-100 Operaciones,Bruno Garcia 02 00001101
1686,2026-04-18,1020,Bancos,0.00,69532.72,Pago factura INV-00271,INV-00271,CC-100 Operaciones,Bruno Garcia 02 00001101
1687,2026-06-04,2100,Cuentas por pagar,69997.88,0.00,Pago factura INV-00106,INV-00106,CC-100 Operaciones,Bruno Garcia 02 00001101
1688,2026-04-13,1180,IVA acreditable,13983.04,0.00,Registro factura INV-00262,INV-00262,CC-100 Operaciones,Diego Luna 10 00001101
1689,2026-01-28,2100,Cuentas por pagar,0.00,40838.96,Registro factura INV-00041,INV-00041,CC-100 Operaciones,Elena Mora 05 00001101
1690,2026-03-30,2100,Cuentas por pagar,0.00,31410.48,Registro factura INV-00292,INV-00292,CC-100 Operaciones,Bruno Garcia 08 00001101
1691,2026-04-28,1020,Bancos,0.00,73996.40,Pago factura INV-00093,INV-00093,CC-100 Operaciones,Bruno Garcia 02 00001101
1692,2026-02-07,2100,Cuentas por pagar,0.00,72735.48,Registro factura INV-00122,INV-00122,CC-100 Operaciones,Carla Soto 09 00001101
1693,2026-04-05,1020,Bancos,0.00,104920.84,Pago factura INV-00359,INV-00359,CC-100 Operaciones,Bruno Garcia 02 00001101
1694,2026-06-16,1020,Bancos,0.00,106529.76,Pago factura INV-00179,INV-00179,CC-100 Operaciones,Bruno Garcia 02 00001101
1695,2026-04-15,2100,Cuentas por pagar,36332.36,0.00,Pago factura INV-00150,INV-00150,CC-100 Operaciones,Bruno Garcia 02 00001101
1696,2026-05-12,2100,Cuentas por pagar,20697.64,0.00,Pago factura INV-00025,INV-00025,CC-100 Operaciones,Bruno Garcia 02 00001101
1697,2026-03-01,2100,Cuentas por pagar,0.00,67392.52,Registro factura INV-00234,INV-00234,CC-100 Operaciones,Ana Ruiz 01 00001101
1698,2026-03-17,5000,Gastos operativos,73902.00,0.00,Registro factura INV-00343,INV-00343,CC-100 Operaciones,Carla Soto 03 00001101
1699,2026-06-29,5000,Gastos operativos,76978.00,0.00,Registro factura INV-00354,INV-00354,CC-100 Operaciones,Elena Mora 05 00001101
1700,2026-06-13,5000,Gastos operativos,39195.00,0.00,Registro factura INV-00003,INV-00003,CC-100 Operaciones,Carla Soto 03 00001101
1701,2026-05-23,1180,IVA acreditable,3443.84,0.00,Registro factura INV-00112,INV-00112,CC-100 Operaciones,Fabian Rios 06 00001101
1702,2026-01-27,5000,Gastos operativos,71525.00,0.00,Registro factura INV-00251,INV-00251,CC-100 Operaciones,Bruno Garcia 08 00001101
1703,2026-05-18,2100,Cuentas por pagar,0.00,67976.00,Registro factura INV-00124,INV-00124,CC-100 Operaciones,Elena Mora 05 00001101
1704,2026-02-04,5000,Gastos operativos,62932.00,0.00,Registro factura INV-00164,INV-00164,CC-100 Operaciones,Diego Luna 10 00001101
1705,2026-05-26,1020,Bancos,0.00,30250.48,Pago factura INV-00235,INV-00235,CC-100 Operaciones,Bruno Garcia 02 00001101
1706,2026-04-09,1020,Bancos,0.00,31410.48,Pago factura INV-00292,INV-00292,CC-100 Operaciones,Bruno Garcia 02 00001101
1707,2026-06-30,2100,Cuentas por pagar,74634.40,0.00,Pago factura INV-00193,INV-00193,CC-100 Operaciones,Bruno Garcia 02 00001101
1708,2026-02-02,1180,IVA acreditable,7975.68,0.00,Registro factura INV-00306,INV-00306,CC-100 Operaciones,Bruno Garcia 08 00001101
1709,2026-04-05,2100,Cuentas por pagar,104920.84,0.00,Pago factura INV-00359,INV-00359,CC-100 Operaciones,Bruno Garcia 02 00001101
1710,2026-06-12,5000,Gastos operativos,63439.00,0.00,Registro factura INV-00336,INV-00336,CC-100 Operaciones,Diego Luna 04 00001101
1711,2026-05-28,1020,Bancos,0.00,82672.04,Pago factura INV-00278,INV-00278,CC-100 Operaciones,Bruno Garcia 02 00001101
1712,2026-02-22,1180,IVA acreditable,4054.56,0.00,Registro factura INV-00140,INV-00140,CC-100 Operaciones,Fabian Rios 06 00001101
1713,2026-02-14,5000,Gastos operativos,94349.00,0.00,Registro factura INV-00182,INV-00182,CC-100 Operaciones,Diego Luna 04 00001101
1714,2026-03-29,1020,Bancos,0.00,16981.24,Pago factura INV-00022,INV-00022,CC-100 Operaciones,Bruno Garcia 02 00001101
1715,2026-04-23,2100,Cuentas por pagar,0.00,101020.92,Registro factura INV-00221,INV-00221,CC-100 Operaciones,Bruno Garcia 02 00001101
1716,2026-02-10,5000,Gastos operativos,19186.00,0.00,Registro factura INV-00009,INV-00009,CC-100 Operaciones,Bruno Garcia 08 00001101
1717,2026-06-23,1180,IVA acreditable,7751.68,0.00,Registro factura INV-00152,INV-00152,CC-100 Operaciones,Ana Ruiz 07 00001101
1718,2026-04-02,2100,Cuentas por pagar,57365.48,0.00,Pago factura INV-00013,INV-00013,CC-100 Operaciones,Bruno Garcia 02 00001101
1719,2026-06-08,2100,Cuentas por pagar,21508.72,0.00,Pago factura INV-00102,INV-00102,CC-100 Operaciones,Bruno Garcia 02 00001101
1720,2026-04-06,2100,Cuentas por pagar,95769.60,0.00,Pago factura INV-00361,INV-00361,CC-100 Operaciones,Bruno Garcia 02 00001101
1721,2026-05-17,2100,Cuentas por pagar,0.00,28538.32,Registro factura INV-00065,INV-00065,CC-100 Operaciones,Bruno Garcia 08 00001101
1722,2026-04-08,1180,IVA acreditable,2767.84,0.00,Registro factura INV-00121,INV-00121,CC-100 Operaciones,Ana Ruiz 07 00001101
1723,2026-05-04,1180,IVA acreditable,5223.20,0.00,Registro factura INV-00005,INV-00005,CC-100 Operaciones,Elena Mora 05 00001101
1724,2026-02-04,2100,Cuentas por pagar,86567.32,0.00,Pago factura INV-00072,INV-00072,CC-100 Operaciones,Bruno Garcia 02 00001101
1725,2026-03-12,2100,Cuentas por pagar,20697.64,0.00,Pago factura INV-00043,INV-00043,CC-100 Operaciones,Bruno Garcia 02 00001101
1726,2026-06-07,2100,Cuentas por pagar,96929.60,0.00,Pago factura INV-00341,INV-00341,CC-100 Operaciones,Bruno Garcia 02 00001101
1727,2026-04-14,1020,Bancos,0.00,85113.84,Pago factura INV-00097,INV-00097,CC-100 Operaciones,Bruno Garcia 02 00001101
1728,2026-06-17,5000,Gastos operativos,88948.00,0.00,Registro factura INV-00237,INV-00237,CC-100 Operaciones,Carla Soto 09 00001101
1729,2026-01-19,5000,Gastos operativos,22500.00,0.00,Registro factura INV-00086,INV-00086,CC-100 Operaciones,Carla Soto 09 00001101
1730,2026-05-23,2100,Cuentas por pagar,14532.95,0.00,Pago factura INV-00033,INV-00033,CC-100 Operaciones,Bruno Garcia 02 00001101
1731,2026-04-12,1180,IVA acreditable,10315.84,0.00,Registro factura INV-00281,INV-00281,CC-100 Operaciones,Carla Soto 03 00001101
1732,2026-05-25,2100,Cuentas por pagar,0.00,69997.88,Registro factura INV-00106,INV-00106,CC-100 Operaciones,Bruno Garcia 08 00001101
1733,2026-03-09,5000,Gastos operativos,52274.00,0.00,Registro factura INV-00099,INV-00099,CC-100 Operaciones,Ana Ruiz 01 00001101
1734,2026-06-04,1180,IVA acreditable,5849.12,0.00,Registro factura INV-00030,INV-00030,CC-100 Operaciones,Fabian Rios 06 00001101
1735,2026-03-25,2100,Cuentas por pagar,60705.12,0.00,Pago factura INV-00242,INV-00242,CC-100 Operaciones,Bruno Garcia 02 00001101
1736,2026-03-20,1180,IVA acreditable,3082.08,0.00,Registro factura INV-00283,INV-00283,CC-100 Operaciones,Bruno Garcia 02 00001101
1737,2026-04-25,2100,Cuentas por pagar,100714.68,0.00,Pago factura INV-00342,INV-00342,CC-100 Operaciones,Bruno Garcia 02 00001101
1738,2026-05-30,1020,Bancos,0.00,59285.28,Pago factura INV-00352,INV-00352,CC-100 Operaciones,Bruno Garcia 02 00001101
1739,2026-05-03,1020,Bancos,0.00,37211.64,Pago factura INV-00264,INV-00264,CC-100 Operaciones,Bruno Garcia 02 00001101
1740,2026-01-12,2100,Cuentas por pagar,20697.64,0.00,Pago factura INV-00038,INV-00038,CC-100 Operaciones,Bruno Garcia 02 00001101
1741,2026-04-16,2100,Cuentas por pagar,99229.88,0.00,Pago factura INV-00063,INV-00063,CC-100 Operaciones,Bruno Garcia 02 00001101
1742,2026-01-05,2100,Cuentas por pagar,0.00,51930.88,Registro factura INV-00216,INV-00216,CC-100 Operaciones,Bruno Garcia 08 00001101
1743,2026-04-05,1180,IVA acreditable,5011.36,0.00,Registro factura INV-00150,INV-00150,CC-100 Operaciones,Ana Ruiz 07 00001101
1744,2026-01-23,2100,Cuentas por pagar,0.00,95020.24,Registro factura INV-00340,INV-00340,CC-100 Operaciones,Diego Luna 04 00001101
1745,2026-06-12,1020,Bancos,0.00,67706.88,Pago factura INV-00117,INV-00117,CC-100 Operaciones,Bruno Garcia 02 00001101
1746,2026-06-06,2100,Cuentas por pagar,102095.08,0.00,Pago factura INV-00296,INV-00296,CC-100 Operaciones,Bruno Garcia 02 00001101
1747,2026-02-25,2100,Cuentas por pagar,46918.52,0.00,Pago factura INV-00103,INV-00103,CC-100 Operaciones,Bruno Garcia 02 00001101
1748,2026-03-22,5000,Gastos operativos,77370.00,0.00,Registro factura INV-00239,INV-00239,CC-100 Operaciones,Fabian Rios 06 00001101
1749,2026-05-17,2100,Cuentas por pagar,101330.64,0.00,Pago factura INV-00091,INV-00091,CC-100 Operaciones,Bruno Garcia 02 00001101
1750,2026-03-17,2100,Cuentas por pagar,27753.00,0.00,Pago factura INV-00105,INV-00105,CC-100 Operaciones,Bruno Garcia 02 00001101
1751,2026-02-23,2100,Cuentas por pagar,0.00,27048.88,Registro factura INV-00194,INV-00194,CC-100 Operaciones,Carla Soto 03 00001101
1752,2026-03-15,2100,Cuentas por pagar,50448.40,0.00,Pago factura INV-00256,INV-00256,CC-100 Operaciones,Bruno Garcia 02 00001101
1753,2026-06-16,2100,Cuentas por pagar,106529.76,0.00,Pago factura INV-00179,INV-00179,CC-100 Operaciones,Bruno Garcia 02 00001101
1754,2026-06-19,2100,Cuentas por pagar,63570.32,0.00,Pago factura INV-00308,INV-00308,CC-100 Operaciones,Bruno Garcia 02 00001101
1755,2026-05-10,2100,Cuentas por pagar,0.00,31086.84,Registro factura INV-00275,INV-00275,CC-100 Operaciones,Carla Soto 03 00001101
1756,2026-02-26,2100,Cuentas por pagar,66420.44,0.00,Pago factura INV-00069,INV-00069,CC-100 Operaciones,Bruno Garcia 02 00001101
1757,2026-04-07,5000,Gastos operativos,32384.00,0.00,Registro factura INV-00151,INV-00151,CC-100 Operaciones,Diego Luna 10 00001101
1758,2026-06-27,2100,Cuentas por pagar,103179.68,0.00,Pago factura INV-00237,INV-00237,CC-100 Operaciones,Bruno Garcia 02 00001101
1759,2026-04-16,2100,Cuentas por pagar,0.00,80370.60,Registro factura INV-00059,INV-00059,CC-100 Operaciones,Carla Soto 09 00001101
1760,2026-05-30,2100,Cuentas por pagar,0.00,89105.40,Registro factura INV-00347,INV-00347,CC-100 Operaciones,Carla Soto 03 00001101
1761,2026-06-13,1180,IVA acreditable,5020.48,0.00,Registro factura INV-00233,INV-00233,CC-100 Operaciones,Ana Ruiz 01 00001101
1762,2026-05-19,2100,Cuentas por pagar,73919.84,0.00,Pago factura INV-00290,INV-00290,CC-100 Operaciones,Bruno Garcia 02 00001101
1763,2026-05-16,5000,Gastos operativos,54242.00,0.00,Registro factura INV-00174,INV-00174,CC-100 Operaciones,Carla Soto 03 00001101
1764,2026-03-05,5000,Gastos operativos,29738.00,0.00,Registro factura INV-00043,INV-00043,CC-100 Operaciones,Diego Luna 04 00001101
1765,2026-01-23,2100,Cuentas por pagar,0.00,16648.32,Registro factura INV-00048,INV-00048,CC-100 Operaciones,Bruno Garcia 02 00001101
1766,2026-06-30,1020,Bancos,0.00,58741.24,Pago factura INV-00289,INV-00289,CC-100 Operaciones,Bruno Garcia 02 00001101
1767,2026-02-26,1180,IVA acreditable,12050.40,0.00,Registro factura INV-00208,INV-00208,CC-100 Operaciones,Bruno Garcia 02 00001101
1768,2026-03-09,1180,IVA acreditable,8363.84,0.00,Registro factura INV-00099,INV-00099,CC-100 Operaciones,Ana Ruiz 01 00001101
1769,2026-05-28,2100,Cuentas por pagar,82672.04,0.00,Pago factura INV-00278,INV-00278,CC-100 Operaciones,Bruno Garcia 02 00001101
1770,2026-05-29,2100,Cuentas por pagar,14128.80,0.00,Pago factura INV-00157,INV-00157,CC-100 Operaciones,Bruno Garcia 02 00001101
1771,2026-02-26,2100,Cuentas por pagar,31048.56,0.00,Pago factura INV-00052,INV-00052,CC-100 Operaciones,Bruno Garcia 02 00001101
1772,2026-04-17,1020,Bancos,0.00,104839.64,Pago factura INV-00081,INV-00081,CC-100 Operaciones,Bruno Garcia 02 00001101
1773,2026-06-09,2100,Cuentas por pagar,0.00,99953.72,Registro factura INV-00302,INV-00302,CC-100 Operaciones,Elena Mora 05 00001101
1774,2026-02-27,1180,IVA acreditable,10612.32,0.00,Registro factura INV-00055,INV-00055,CC-100 Operaciones,Ana Ruiz 07 00001101
1775,2026-05-24,2100,Cuentas por pagar,107758.20,0.00,Pago factura INV-00012,INV-00012,CC-100 Operaciones,Bruno Garcia 02 00001101
1776,2026-05-02,5000,Gastos operativos,59649.00,0.00,Registro factura INV-00077,INV-00077,CC-100 Operaciones,Ana Ruiz 01 00001101
1777,2026-02-01,1020,Bancos,0.00,19624.88,Pago factura INV-00104,INV-00104,CC-100 Operaciones,Bruno Garcia 02 00001101
1778,2026-05-11,5000,Gastos operativos,82560.00,0.00,Registro factura INV-00258,INV-00258,CC-100 Operaciones,Bruno Garcia 08 00001101
1779,2026-05-17,1020,Bancos,0.00,101330.64,Pago factura INV-00091,INV-00091,CC-100 Operaciones,Bruno Garcia 02 00001101
1780,2026-06-23,2100,Cuentas por pagar,45466.20,0.00,Pago factura INV-00003,INV-00003,CC-100 Operaciones,Bruno Garcia 02 00001101
1781,2026-05-11,1180,IVA acreditable,4237.44,0.00,Registro factura INV-00315,INV-00315,CC-100 Operaciones,Diego Luna 10 00001101
1782,2026-05-12,1020,Bancos,0.00,21799.41,Pago factura INV-00033,INV-00033,CC-100 Operaciones,Bruno Garcia 02 00001101
1783,2026-06-30,2100,Cuentas por pagar,78558.68,0.00,Pago factura INV-00329,INV-00329,CC-100 Operaciones,Bruno Garcia 02 00001101
1784,2026-05-03,2100,Cuentas por pagar,37211.64,0.00,Pago factura INV-00264,INV-00264,CC-100 Operaciones,Bruno Garcia 02 00001101
1785,2026-02-10,5000,Gastos operativos,60509.00,0.00,Registro factura INV-00006,INV-00006,CC-100 Operaciones,Diego Luna 10 00001101
1786,2026-01-31,1180,IVA acreditable,9971.36,0.00,Registro factura INV-00298,INV-00298,CC-100 Operaciones,Diego Luna 04 00001101
1787,2026-04-17,5000,Gastos operativos,65637.00,0.00,Registro factura INV-00126,INV-00126,CC-100 Operaciones,Fabian Rios 06 00001101
1788,2026-06-21,2100,Cuentas por pagar,77476.40,0.00,Pago factura INV-00236,INV-00236,CC-100 Operaciones,Bruno Garcia 02 00001101
1789,2026-05-17,5000,Gastos operativos,24602.00,0.00,Registro factura INV-00065,INV-00065,CC-100 Operaciones,Bruno Garcia 08 00001101
1790,2026-03-23,2100,Cuentas por pagar,13798.44,0.00,Pago factura INV-00043,INV-00043,CC-100 Operaciones,Bruno Garcia 02 00001101
1791,2026-03-24,2100,Cuentas por pagar,79611.96,0.00,Pago factura INV-00198,INV-00198,CC-100 Operaciones,Bruno Garcia 02 00001101
1792,2026-04-03,5000,Gastos operativos,33297.00,0.00,Registro factura INV-00253,INV-00253,CC-100 Operaciones,Diego Luna 04 00001101
1793,2026-05-22,1020,Bancos,0.00,26338.96,Pago factura INV-00118,INV-00118,CC-100 Operaciones,Bruno Garcia 02 00001101
1794,2026-03-29,2100,Cuentas por pagar,0.00,22595.64,Registro factura INV-00128,INV-00128,CC-100 Operaciones,Ana Ruiz 01 00001101
1795,2026-06-17,2100,Cuentas por pagar,96382.08,0.00,Pago factura INV-00338,INV-00338,CC-100 Operaciones,Bruno Garcia 02 00001101
1796,2026-01-31,1020,Bancos,0.00,84276.32,Pago factura INV-00119,INV-00119,CC-100 Operaciones,Bruno Garcia 02 00001101
1797,2026-02-17,5000,Gastos operativos,74374.00,0.00,Registro factura INV-00303,INV-00303,CC-100 Operaciones,Carla Soto 03 00001101
1798,2026-03-05,2100,Cuentas por pagar,27048.88,0.00,Pago factura INV-00194,INV-00194,CC-100 Operaciones,Bruno Garcia 02 00001101
1799,2026-05-03,2100,Cuentas por pagar,0.00,107606.24,Registro factura INV-00294,INV-00294,CC-100 Operaciones,Fabian Rios 06 00001101
1800,2026-02-27,1020,Bancos,0.00,86273.84,Pago factura INV-00303,INV-00303,CC-100 Operaciones,Bruno Garcia 02 00001101
1801,2026-02-09,2100,Cuentas por pagar,37985.36,0.00,Pago factura INV-00265,INV-00265,CC-100 Operaciones,Bruno Garcia 02 00001101
1802,2026-05-08,1020,Bancos,0.00,19655.04,Pago factura INV-00166,INV-00166,CC-100 Operaciones,Bruno Garcia 02 00001101
1803,2026-06-30,2100,Cuentas por pagar,74598.44,0.00,Pago factura INV-00293,INV-00293,CC-100 Operaciones,Bruno Garcia 02 00001101
1804,2026-03-10,1180,IVA acreditable,4512.64,0.00,Registro factura INV-00225,INV-00225,CC-100 Operaciones,Bruno Garcia 08 00001101
1805,2026-06-03,5000,Gastos operativos,18587.00,0.00,Registro factura INV-00274,INV-00274,CC-100 Operaciones,Ana Ruiz 07 00001101
1806,2026-02-17,2100,Cuentas por pagar,0.00,86273.84,Registro factura INV-00303,INV-00303,CC-100 Operaciones,Carla Soto 03 00001101
1807,2026-05-13,2100,Cuentas por pagar,107606.24,0.00,Pago factura INV-00294,INV-00294,CC-100 Operaciones,Bruno Garcia 02 00001101
1808,2026-02-19,5000,Gastos operativos,15235.00,0.00,Registro factura INV-00259,INV-00259,CC-100 Operaciones,Elena Mora 05 00001101
1809,2026-02-03,1180,IVA acreditable,6854.40,0.00,Registro factura INV-00191,INV-00191,CC-100 Operaciones,Carla Soto 03 00001101
1810,2026-06-09,1020,Bancos,0.00,89027.68,Pago factura INV-00270,INV-00270,CC-100 Operaciones,Bruno Garcia 02 00001101
1811,2026-04-18,5000,Gastos operativos,63790.00,0.00,Registro factura INV-00093,INV-00093,CC-100 Operaciones,Carla Soto 09 00001101
1812,2026-02-16,1020,Bancos,0.00,97357.64,Pago factura INV-00288,INV-00288,CC-100 Operaciones,Bruno Garcia 02 00001101
1813,2026-03-13,1020,Bancos,0.00,105120.36,Pago factura INV-00047,INV-00047,CC-100 Operaciones,Bruno Garcia 02 00001101
1814,2026-03-25,1020,Bancos,0.00,60705.12,Pago factura INV-00242,INV-00242,CC-100 Operaciones,Bruno Garcia 02 00001101
1815,2026-05-01,2100,Cuentas por pagar,0.00,37500.48,Registro factura INV-00045,INV-00045,CC-100 Operaciones,Diego Luna 04 00001101
1816,2026-06-30,1020,Bancos,0.00,64036.64,Pago factura INV-00144,INV-00144,CC-100 Operaciones,Bruno Garcia 02 00001101
1817,2026-06-17,1020,Bancos,0.00,17128.56,Pago factura INV-00286,INV-00286,CC-100 Operaciones,Bruno Garcia 02 00001101
1818,2026-05-20,5000,Gastos operativos,51108.00,0.00,Registro factura INV-00352,INV-00352,CC-100 Operaciones,Carla Soto 09 00001101
1819,2026-06-23,5000,Gastos operativos,79660.00,0.00,Registro factura INV-00285,INV-00285,CC-100 Operaciones,Elena Mora 05 00001101
1820,2026-06-15,2100,Cuentas por pagar,0.00,97429.56,Registro factura INV-00129,INV-00129,CC-100 Operaciones,Ana Ruiz 07 00001101
1821,2026-05-16,5000,Gastos operativos,26078.00,0.00,Registro factura INV-00235,INV-00235,CC-100 Operaciones,Ana Ruiz 01 00001101
1822,2026-04-19,1020,Bancos,0.00,57798.16,Pago factura INV-00070,INV-00070,CC-100 Operaciones,Bruno Garcia 02 00001101
1823,2026-02-14,5000,Gastos operativos,76559.00,0.00,Registro factura INV-00018,INV-00018,CC-100 Operaciones,Fabian Rios 06 00001101
1824,2026-06-12,2100,Cuentas por pagar,0.00,73589.24,Registro factura INV-00336,INV-00336,CC-100 Operaciones,Diego Luna 04 00001101
