entry_id,date,account_code,account_name,debit,credit,description,invoice_uuid,cost_center,approver
1,2026-02-01,1180,IVA acreditable,7987.36,0.00,Registro factura INV-00242,INV-00242,CC-100 Operaciones,Ana Ruiz 01 00001202
2,2026-05-05,5000,Gastos operativos,31627.00,0.00,Registro factura INV-00338,INV-00338,CC-100 Operaciones,Bruno Garcia 08 00001202
3,2026-01-30,1050,Cuentas por cobrar,44080.00,0.00,Registro venta INV-00328,INV-00328,CC-100 Operaciones,Bruno Garcia 02 00001202
4,2026-01-19,2100,Cuentas por pagar,88264.40,0.00,Pago factura INV-00111,INV-00111,CC-100 Operaciones,Bruno Garcia 02 00001202
5,2026-02-21,5000,Gastos operativos,40109.00,0.00,Registro factura INV-00031,INV-00031,CC-100 Operaciones,Diego Luna 04 00001202
6,2026-02-07,1020,Bancos,0.00,93675.80,Pago factura INV-00125,INV-00125,CC-100 Operaciones,Bruno Garcia 02 00001202
7,2026-03-18,2100,Cuentas por pagar,91229.36,0.00,Pago factura INV-00127,INV-00127,CC-100 Operaciones,Bruno Garcia 02 00001202
8,2026-02-24,2100,Cuentas por pagar,0.00,38593.20,Registro factura INV-00141,INV-00141,CC-100 Operaciones,Diego Luna 10 00001202
9,2026-01-12,5000,Gastos operativos,69227.00,0.00,Registro factura INV-00352,INV-00352,CC-100 Operaciones,Carla Soto 03 00001202
10,2026-03-28,1180,IVA acreditable,13603.36,0.00,Registro factura INV-00122,INV-00122,CC-100 Operaciones,Diego Luna 04 00001202
11,2026-01-29,2100,Cuentas por pagar,0.00,48716.52,Registro factura INV-00049,INV-00049,CC-100 Operaciones,Bruno Garcia 02 00001202
12,2026-03-04,2100,Cuentas por pagar,0.00,60255.04,Registro factura INV-00351,INV-00351,CC-100 Operaciones,Diego Luna 10 00001202
13,2026-04-02,1180,IVA acreditable,9600.00,0.00,Registro factura INV-00118,INV-00118,CC-100 Operaciones,Ana Ruiz 07 00001202
14,2026-02-14,2100,Cuentas por pagar,41562.80,0.00,Pago factura INV-00194,INV-00194,CC-100 Operaciones,Bruno Garcia 02 00001202
15,2026-05-18,2100,Cuentas por pagar,86729.72,0.00,Pago factura INV-00084,INV-00084,CC-100 Operaciones,Bruno Garcia 02 00001202
16,2026-03-04,2100,Cuentas por pagar,15923.32,0.00,Pago factura INV-00099,INV-00099,CC-100 Operaciones,Bruno Garcia 02 00001202
17,2026-03-19,1020,Bancos,0.00,38196.48,Pago factura INV-00158,INV-00158,CC-100 Operaciones,Bruno Garcia 02 00001202
18,2026-05-21,2100,Cuentas por pagar,0.00,41870.20,Registro factura INV-00285,INV-00285,CC-100 Operaciones,Bruno Garcia 02 00001202
19,2026-06-03,1180,IVA acreditable,6397.28,0.00,Registro factura INV-00172,INV-00172,CC-100 Operaciones,Carla Soto 09 00001202
20,2026-06-15,1020,Bancos,0.00,38775.32,Pago factura INV-00230,INV-00230,CC-100 Operaciones,Bruno Garcia 02 00001202
21,2026-02-24,5000,Gastos operativos,33270.00,0.00,Registro factura INV-00141,INV-00141,CC-100 Operaciones,Diego Luna 10 00001202
22,2026-06-28,1180,IVA acreditable,11593.12,0.00,Registro factura INV-00282,INV-00282,CC-100 Operaciones,Bruno Garcia 08 00001202
23,2026-06-15,2100,Cuentas por pagar,79951.84,0.00,Pago factura INV-00358,INV-00358,CC-100 Operaciones,Bruno Garcia 02 00001202
24,2026-06-08,5000,Gastos operativos,28750.00,0.00,Registro factura INV-00268,INV-00268,CC-100 Operaciones,Diego Luna 10 00001202
25,2026-05-18,5000,Gastos operativos,12885.00,0.00,Registro factura INV-00266,INV-00266,CC-100 Operaciones,Carla Soto 03 00001202
26,2026-02-26,1180,IVA acreditable,3788.96,0.00,Registro factura INV-00061,INV-00061,CC-100 Operaciones,Bruno Garcia 02 00001202
27,2026-06-30,2100,Cuentas por pagar,76901.04,0.00,Pago factura INV-00284,INV-00284,CC-100 Operaciones,Bruno Garcia 02 00001202
28,2026-04-25,2100,Cuentas por pagar,0.00,26805.28,Registro factura INV-00097,INV-00097,CC-100 Operaciones,Fabian Rios 06 00001202
29,2026-04-17,2100,Cuentas por pagar,38610.60,0.00,Pago factura INV-00333,INV-00333,CC-100 Operaciones,Bruno Garcia 02 00001202
30,2026-02-11,5000,Gastos operativos,52340.00,0.00,Registro factura INV-00189,INV-00189,CC-100 Operaciones,Carla Soto 03 00001202
31,2026-06-02,2100,Cuentas por pagar,104306.04,0.00,Pago factura INV-00219,INV-00219,CC-100 Operaciones,Bruno Garcia 02 00001202
32,2026-01-19,2100,Cuentas por pagar,46998.56,0.00,Pago factura INV-00183,INV-00183,CC-100 Operaciones,Bruno Garcia 02 00001202
33,2026-01-05,2100,Cuentas por pagar,0.00,36687.32,Registro factura INV-00299,INV-00299,CC-100 Operaciones,Diego Luna 04 00001202
34,2026-06-03,2100,Cuentas por pagar,18909.16,0.00,Pago factura INV-00146,INV-00146,CC-100 Operaciones,Bruno Garcia 02 00001202
35,2026-03-19,2100,Cuentas por pagar,0.00,70101.12,Registro factura INV-00133,INV-00133,CC-100 Operaciones,Ana Ruiz 07 00001202
36,2026-04-25,2100,Cuentas por pagar,36954.12,0.00,Pago factura INV-00260,INV-00260,CC-100 Operaciones,Bruno Garcia 02 00001202
37,2026-03-17,5000,Gastos operativos,72514.00,0.00,Registro factura INV-00209,INV-00209,CC-100 Operaciones,Elena Mora 05 00001202
38,2026-04-21,1180,IVA acreditable,14930.88,0.00,Registro factura INV-00069,INV-00069,CC-100 Operaciones,Bruno Garcia 02 00001202
39,2026-03-07,1020,Bancos,0.00,78323.20,Pago factura INV-00206,INV-00206,CC-100 Operaciones,Bruno Garcia 02 00001202
40,2026-02-25,1020,Bancos,0.00,84692.76,Pago factura INV-00047,INV-00047,CC-100 Operaciones,Bruno Garcia 02 00001202
41,2026-04-01,1020,Bancos,0.00,62608.68,Pago factura INV-00370,INV-00370,CC-100 Operaciones,Bruno Garcia 02 00001202
42,2026-03-31,2100,Cuentas por pagar,0.00,104576.32,Registro factura INV-00336,INV-00336,CC-100 Operaciones,Carla Soto 03 00001202
43,2026-05-27,5000,Gastos operativos,45069.00,0.00,Registro factura INV-00023,INV-00023,CC-100 Operaciones,Bruno Garcia 02 00001202
44,2026-05-17,1020,Bancos,0.00,18111.08,Pago factura INV-00004,INV-00004,CC-100 Operaciones,Bruno Garcia 02 00001202
45,2026-05-08,1180,IVA acreditable,11962.72,0.00,Registro factura INV-00084,INV-00084,CC-100 Operaciones,Ana Ruiz 01 00001202
46,2026-06-24,1180,IVA acreditable,7326.72,0.00,Registro factura INV-00078,INV-00078,CC-100 Operaciones,Bruno Garcia 02 00001202
47,2026-05-08,5000,Gastos operativos,74767.00,0.00,Registro factura INV-00084,INV-00084,CC-100 Operaciones,Ana Ruiz 01 00001202
48,2026-04-20,2100,Cuentas por pagar,0.00,84152.20,Registro factura INV-00151,INV-00151,CC-100 Operaciones,Carla Soto 03 00001202
49,2026-04-11,2100,Cuentas por pagar,89133.24,0.00,Pago factura INV-00107,INV-00107,CC-100 Operaciones,Bruno Garcia 02 00001202
50,2026-03-23,1020,Bancos,0.00,76035.68,Pago factura INV-00104,INV-00104,CC-100 Operaciones,Bruno Garcia 02 00001202
51,2026-01-26,2100,Cuentas por pagar,99417.80,0.00,Pago factura INV-00366,INV-00366,CC-100 Operaciones,Bruno Garcia 02 00001202
52,2026-02-25,1180,IVA acreditable,10803.20,0.00,Registro factura INV-00206,INV-00206,CC-100 Operaciones,Ana Ruiz 07 00001202
53,2026-03-10,2100,Cuentas por pagar,20011.16,0.00,Pago factura INV-00360,INV-00360,CC-100 Operaciones,Bruno Garcia 02 00001202
54,2026-03-25,1050,Cuentas por cobrar,0.00,63800.00,Reversion de venta cancelada INV-00046,INV-00046,CC-100 Operaciones,Bruno Garcia 02 00001202
55,2026-05-17,1020,Bancos,0.00,78077.28,Pago factura INV-00114,INV-00114,CC-100 Operaciones,Bruno Garcia 02 00001202
56,2026-02-28,2100,Cuentas por pagar,0.00,108405.48,Registro factura INV-00345,INV-00345,CC-100 Operaciones,Fabian Rios 06 00001202
57,2026-04-05,2100,Cuentas por pagar,32478.84,0.00,Pago factura INV-00037,INV-00037,CC-100 Operaciones,Bruno Garcia 02 00001202
58,2026-03-16,2100,Cuentas por pagar,0.00,15274.88,Registro factura INV-00074,INV-00074,CC-100 Operaciones,Fabian Rios 06 00001202
59,2026-05-12,2100,Cuentas por pagar,19615.36,0.00,Pago factura INV-00016,INV-00016,CC-100 Operaciones,Bruno Garcia 02 00001202
60,2026-04-22,1180,IVA acreditable,10147.20,0.00,Registro factura INV-00025,INV-00025,CC-100 Operaciones,Ana Ruiz 07 00001202
61,2026-03-15,2100,Cuentas por pagar,58431.52,0.00,Pago factura INV-00196,INV-00196,CC-100 Operaciones,Bruno Garcia 02 00001202
62,2026-02-08,1020,Bancos,0.00,77189.88,Pago factura INV-00247,INV-00247,CC-100 Operaciones,Bruno Garcia 02 00001202
63,2026-02-02,2100,Cuentas por pagar,28511.64,0.00,Pago factura INV-00252,INV-00252,CC-100 Operaciones,Bruno Garcia 02 00001202
64,2026-05-29,2100,Cuentas por pagar,0.00,53674.36,Registro factura INV-00086,INV-00086,CC-100 Operaciones,Fabian Rios 06 00001202
65,2026-03-03,2100,Cuentas por pagar,0.00,91856.92,Registro factura INV-00071,INV-00071,CC-100 Operaciones,Carla Soto 03 00001202
66,2026-03-31,1020,Bancos,0.00,102163.52,Pago factura INV-00368,INV-00368,CC-100 Operaciones,Bruno Garcia 02 00001202
67,2026-01-24,2100,Cuentas por pagar,40374.96,0.00,Pago factura INV-00043,INV-00043,CC-100 Operaciones,Bruno Garcia 02 00001202
68,2026-03-31,2100,Cuentas por pagar,102163.52,0.00,Pago factura INV-00368,INV-00368,CC-100 Operaciones,Bruno Garcia 02 00001202
69,2026-06-14,1020,Bancos,0.00,72975.60,Pago factura INV-00170,INV-00170,CC-100 Operaciones,Bruno Garcia 02 00001202
70,2026-01-12,1020,Bancos,0.00,22012.39,Pago factura INV-00299,INV-00299,CC-100 Operaciones,Bruno Garcia 02 00001202
71,2026-06-22,1020,Bancos,0.00,64801.08,Pago factura INV-00144,INV-00144,CC-100 Operaciones,Bruno Garcia 02 00001202
72,2026-04-27,1180,IVA acreditable,13904.80,0.00,Registro factura INV-00120,INV-00120,CC-100 Operaciones,Diego Luna 10 00001202
73,2026-04-15,2100,Cuentas por pagar,48025.16,0.00,Pago factura INV-00342,INV-00342,CC-100 Operaciones,Bruno Garcia 02 00001202
74,2026-02-26,1020,Bancos,0.00,108977.36,Pago factura INV-00041,INV-00041,CC-100 Operaciones,Bruno Garcia 02 00001202
75,2026-03-24,1050,Cuentas por cobrar,63800.00,0.00,Registro venta INV-00046,INV-00046,CC-100 Operaciones,Bruno Garcia 02 00001202
76,2026-06-11,1020,Bancos,0.00,46875.60,Pago factura INV-00123,INV-00123,CC-100 Operaciones,Bruno Garcia 02 00001202
77,2026-02-07,2100,Cuentas por pagar,53157.00,0.00,Pago factura INV-00246,INV-00246,CC-100 Operaciones,Bruno Garcia 02 00001202
78,2026-01-23,1020,Bancos,0.00,15510.13,Pago factura INV-00032,INV-00032,CC-100 Operaciones,Bruno Garcia 02 00001202
79,2026-02-18,2100,Cuentas por pagar,0.00,80720.92,Registro factura INV-00014,INV-00014,CC-100 Operaciones,Diego Luna 10 00001202
80,2026-03-13,5000,Gastos operativos,31424.00,0.00,Registro factura INV-00347,INV-00347,CC-100 Operaciones,Carla Soto 09 00001202
81,2026-02-14,1180,IVA acreditable,9473.76,0.00,Registro factura INV-00356,INV-00356,CC-100 Operaciones,Fabian Rios 06 00001202
82,2026-02-09,1180,IVA acreditable,3575.04,0.00,Registro factura INV-00211,INV-00211,CC-100 Operaciones,Ana Ruiz 01 00001202
83,2026-05-28,2100,Cuentas por pagar,14946.60,0.00,Pago factura INV-00266,INV-00266,CC-100 Operaciones,Bruno Garcia 02 00001202
84,2026-02-18,2100,Cuentas por pagar,34673.56,0.00,Pago factura INV-00344,INV-00344,CC-100 Operaciones,Bruno Garcia 02 00001202
85,2026-02-25,2100,Cuentas por pagar,0.00,92340.64,Registro factura INV-00083,INV-00083,CC-100 Operaciones,Elena Mora 05 00001202
86,2026-02-17,2100,Cuentas por pagar,0.00,34054.12,Registro factura INV-00130,INV-00130,CC-100 Operaciones,Carla Soto 03 00001202
87,2026-03-14,2100,Cuentas por pagar,60255.04,0.00,Pago factura INV-00351,INV-00351,CC-100 Operaciones,Bruno Garcia 02 00001202
88,2026-05-17,2100,Cuentas por pagar,78077.28,0.00,Pago factura INV-00114,INV-00114,CC-100 Operaciones,Bruno Garcia 02 00001202
89,2026-05-12,2100,Cuentas por pagar,0.00,27894.52,Registro factura INV-00072,INV-00072,CC-100 Operaciones,Elena Mora 05 00001202
90,2026-02-09,2100,Cuentas por pagar,0.00,25919.04,Registro factura INV-00211,INV-00211,CC-100 Operaciones,Ana Ruiz 01 00001202
91,2026-06-25,5000,Gastos operativos,31703.00,0.00,Registro factura INV-00063,INV-00063,CC-100 Operaciones,Ana Ruiz 01 00001202
92,2026-04-05,2100,Cuentas por pagar,101278.44,0.00,Pago factura INV-00036,INV-00036,CC-100 Operaciones,Bruno Garcia 02 00001202
93,2026-01-10,1180,IVA acreditable,4793.28,0.00,Registro factura INV-00076,INV-00076,CC-100 Operaciones,Ana Ruiz 07 00001202
94,2026-06-15,2100,Cuentas por pagar,100903.76,0.00,Pago factura INV-00079,INV-00079,CC-100 Operaciones,Bruno Garcia 02 00001202
95,2026-06-13,1020,Bancos,0.00,103219.12,Pago factura INV-00045,INV-00045,CC-100 Operaciones,Bruno Garcia 02 00001202
96,2026-04-13,5000,Gastos operativos,78270.00,0.00,Registro factura INV-00195,INV-00195,CC-100 Operaciones,Bruno Garcia 08 00001202
97,2026-04-23,2100,Cuentas por pagar,90793.20,0.00,Pago factura INV-00195,INV-00195,CC-100 Operaciones,Bruno Garcia 02 00001202
98,2026-05-12,1020,Bancos,0.00,72254.08,Pago factura INV-00062,INV-00062,CC-100 Operaciones,Bruno Garcia 02 00001202
99,2026-04-02,5000,Gastos operativos,50606.00,0.00,Registro factura INV-00009,INV-00009,CC-100 Operaciones,Ana Ruiz 07 00001202
100,2026-01-11,2100,Cuentas por pagar,0.00,88379.24,Registro factura INV-00244,INV-00244,CC-100 Operaciones,Diego Luna 04 00001202
101,2026-03-22,1180,IVA acreditable,3944.32,0.00,Registro factura INV-00249,INV-00249,CC-100 Operaciones,Fabian Rios 06 00001202
102,2026-06-17,2100,Cuentas por pagar,0.00,59559.04,Registro factura INV-00253,INV-00253,CC-100 Operaciones,Carla Soto 09 00001202
103,2026-06-24,1180,IVA acreditable,11372.16,0.00,Registro factura INV-00201,INV-00201,CC-100 Operaciones,Diego Luna 04 00001202
104,2026-03-06,2100,Cuentas por pagar,0.00,56720.52,Registro factura INV-00348,INV-00348,CC-100 Operaciones,Diego Luna 04 00001202
105,2026-03-10,2100,Cuentas por pagar,0.00,56408.48,Registro factura INV-00259,INV-00259,CC-100 Operaciones,Bruno Garcia 08 00001202
106,2026-04-09,5000,Gastos operativos,72011.00,0.00,Registro factura INV-00213,INV-00213,CC-100 Operaciones,Bruno Garcia 02 00001202
107,2026-04-03,2100,Cuentas por pagar,0.00,55243.84,Registro factura INV-00365,INV-00365,CC-100 Operaciones,Fabian Rios 06 00001202
108,2026-02-15,5000,Gastos operativos,21324.00,0.00,Registro factura INV-00222,INV-00222,CC-100 Operaciones,Carla Soto 09 00001202
109,2026-01-12,5000,Gastos operativos,43214.00,0.00,Registro factura INV-00240,INV-00240,CC-100 Operaciones,Ana Ruiz 01 00001202
110,2026-03-20,5000,Gastos operativos,91041.00,0.00,Registro factura INV-00339,INV-00339,CC-100 Operaciones,Diego Luna 04 00001202
111,2026-06-12,1180,IVA acreditable,8938.08,0.00,Registro factura INV-00144,INV-00144,CC-100 Operaciones,Fabian Rios 06 00001202
112,2026-06-28,5000,Gastos operativos,72457.00,0.00,Registro factura INV-00282,INV-00282,CC-100 Operaciones,Bruno Garcia 08 00001202
113,2026-06-26,5000,Gastos operativos,53636.00,0.00,Registro factura INV-00060,INV-00060,CC-100 Operaciones,Bruno Garcia 08 00001202
114,2026-06-12,2100,Cuentas por pagar,19156.24,0.00,Pago factura INV-00081,INV-00081,CC-100 Operaciones,Bruno Garcia 02 00001202
115,2026-04-04,2100,Cuentas por pagar,85597.56,0.00,Pago factura INV-00155,INV-00155,CC-100 Operaciones,Bruno Garcia 02 00001202
116,2026-02-08,2100,Cuentas por pagar,77189.88,0.00,Pago factura INV-00247,INV-00247,CC-100 Operaciones,Bruno Garcia 02 00001202
117,2026-04-07,1180,IVA acreditable,5325.60,0.00,Registro factura INV-00333,INV-00333,CC-100 Operaciones,Bruno Garcia 08 00001202
118,2026-06-05,5000,Gastos operativos,28183.00,0.00,Registro factura INV-00176,INV-00176,CC-100 Operaciones,Ana Ruiz 07 00001202
119,2026-02-23,2100,Cuentas por pagar,0.00,66919.24,Registro factura INV-00040,INV-00040,CC-100 Operaciones,Carla Soto 03 00001202
120,2026-03-23,5000,Gastos operativos,57076.00,0.00,Registro factura INV-00281,INV-00281,CC-100 Operaciones,Elena Mora 05 00001202
121,2026-03-08,1020,Bancos,0.00,27469.96,Pago factura INV-00061,INV-00061,CC-100 Operaciones,Bruno Garcia 02 00001202
122,2026-06-26,2100,Cuentas por pagar,0.00,35200.20,Registro factura INV-00265,INV-00265,CC-100 Operaciones,Fabian Rios 06 00001202
123,2026-04-26,1020,Bancos,0.00,45003.36,Pago factura INV-00287,INV-00287,CC-100 Operaciones,Bruno Garcia 02 00001202
124,2026-05-13,1180,IVA acreditable,5291.04,0.00,Registro factura INV-00156,INV-00156,CC-100 Operaciones,Bruno Garcia 02 00001202
125,2026-01-28,5000,Gastos operativos,45825.00,0.00,Registro factura INV-00246,INV-00246,CC-100 Operaciones,Elena Mora 05 00001202
126,2026-05-07,1020,Bancos,0.00,100809.80,Pago factura INV-00120,INV-00120,CC-100 Operaciones,Bruno Garcia 02 00001202
127,2026-05-07,2100,Cuentas por pagar,0.00,18111.08,Registro factura INV-00004,INV-00004,CC-100 Operaciones,Bruno Garcia 02 00001202
128,2026-02-13,1180,IVA acreditable,10112.32,0.00,Registro factura INV-00318,INV-00318,CC-100 Operaciones,Carla Soto 09 00001202
129,2026-06-17,2100,Cuentas por pagar,101750.56,0.00,Pago factura INV-00353,INV-00353,CC-100 Operaciones,Bruno Garcia 02 00001202
130,2026-02-25,1050,Cuentas por cobrar,0.00,71340.00,Cobro factura INV-00286,INV-00286,CC-100 Operaciones,Bruno Garcia 02 00001202
131,2026-05-15,2100,Cuentas por pagar,97788.00,0.00,Pago factura INV-00218,INV-00218,CC-100 Operaciones,Bruno Garcia 02 00001202
132,2026-06-27,2100,Cuentas por pagar,0.00,39572.24,Registro factura INV-00212,INV-00212,CC-100 Operaciones,Ana Ruiz 01 00001202
133,2026-05-31,1180,IVA acreditable,11292.64,0.00,Registro factura INV-00017,INV-00017,CC-100 Operaciones,Bruno Garcia 08 00001202
134,2026-05-23,1180,IVA acreditable,4471.36,0.00,Registro factura INV-00340,INV-00340,CC-100 Operaciones,Bruno Garcia 08 00001202
135,2026-03-18,1020,Bancos,0.00,91229.36,Pago factura INV-00127,INV-00127,CC-100 Operaciones,Bruno Garcia 02 00001202
136,2026-03-23,2100,Cuentas por pagar,0.00,102704.08,Registro factura INV-00089,INV-00089,CC-100 Operaciones,Carla Soto 03 00001202
137,2026-05-29,1180,IVA acreditable,7403.36,0.00,Registro factura INV-00086,INV-00086,CC-100 Operaciones,Fabian Rios 06 00001202
138,2026-06-09,1020,Bancos,0.00,74114.72,Pago factura INV-00124,INV-00124,CC-100 Operaciones,Bruno Garcia 02 00001202
139,2026-06-30,2100,Cuentas por pagar,23683.72,0.00,Pago factura INV-00323,INV-00323,CC-100 Operaciones,Bruno Garcia 02 00001202
140,2026-05-11,5000,Gastos operativos,64914.00,0.00,Registro factura INV-00290,INV-00290,CC-100 Operaciones,Bruno Garcia 08 00001202
141,2026-05-27,2100,Cuentas por pagar,57797.00,0.00,Pago factura INV-00094,INV-00094,CC-100 Operaciones,Bruno Garcia 02 00001202
142,2026-01-23,1180,IVA acreditable,3860.80,0.00,Registro factura INV-00291,INV-00291,CC-100 Operaciones,Diego Luna 04 00001202
143,2026-02-11,1050,Cuentas por cobrar,63943.84,0.00,Registro venta INV-00372,INV-00372,CC-100 Operaciones,Bruno Garcia 02 00001202
144,2026-01-22,5000,Gastos operativos,58611.00,0.00,Registro factura INV-00224,INV-00224,CC-100 Operaciones,Elena Mora 05 00001202
145,2026-02-23,5000,Gastos operativos,57689.00,0.00,Registro factura INV-00040,INV-00040,CC-100 Operaciones,Carla Soto 03 00001202
146,2026-03-08,1020,Bancos,0.00,38016.68,Pago factura INV-00059,INV-00059,CC-100 Operaciones,Bruno Garcia 02 00001202
147,2026-06-03,1020,Bancos,0.00,55660.28,Pago factura INV-00052,INV-00052,CC-100 Operaciones,Bruno Garcia 02 00001202
148,2026-01-25,2100,Cuentas por pagar,0.00,106696.80,Registro factura INV-00117,INV-00117,CC-100 Operaciones,Diego Luna 04 00001202
149,2026-06-19,1180,IVA acreditable,15072.96,0.00,Registro factura INV-00048,INV-00048,CC-100 Operaciones,Ana Ruiz 01 00001202
150,2026-06-13,2100,Cuentas por pagar,46380.28,0.00,Pago factura INV-00172,INV-00172,CC-100 Operaciones,Bruno Garcia 02 00001202
151,2026-03-20,2100,Cuentas por pagar,51360.16,0.00,Pago factura INV-00226,INV-00226,CC-100 Operaciones,Bruno Garcia 02 00001202
152,2026-06-12,1020,Bancos,0.00,19156.24,Pago factura INV-00081,INV-00081,CC-100 Operaciones,Bruno Garcia 02 00001202
153,2026-06-01,1180,IVA acreditable,12807.04,0.00,Registro factura INV-00149,INV-00149,CC-100 Operaciones,Carla Soto 03 00001202
154,2026-06-01,2100,Cuentas por pagar,98787.92,0.00,Pago factura INV-00192,INV-00192,CC-100 Operaciones,Bruno Garcia 02 00001202
155,2026-04-24,2100,Cuentas por pagar,0.00,36082.96,Registro factura INV-00175,INV-00175,CC-100 Operaciones,Ana Ruiz 01 00001202
156,2026-04-11,1180,IVA acreditable,6160.80,0.00,Registro factura INV-00179,INV-00179,CC-100 Operaciones,Diego Luna 04 00001202
157,2026-02-23,1020,Bancos,0.00,98887.68,Pago factura INV-00157,INV-00157,CC-100 Operaciones,Bruno Garcia 02 00001202
158,2026-03-08,2100,Cuentas por pagar,27469.96,0.00,Pago factura INV-00061,INV-00061,CC-100 Operaciones,Bruno Garcia 02 00001202
159,2026-03-09,2100,Cuentas por pagar,46419.72,0.00,Pago factura INV-00314,INV-00314,CC-100 Operaciones,Bruno Garcia 02 00001202
160,2026-05-23,2100,Cuentas por pagar,13076.92,0.00,Pago factura INV-00016,INV-00016,CC-100 Operaciones,Bruno Garcia 02 00001202
161,2026-03-19,5000,Gastos operativos,60432.00,0.00,Registro factura INV-00133,INV-00133,CC-100 Operaciones,Ana Ruiz 07 00001202
162,2026-02-22,5000,Gastos operativos,49882.00,0.00,Registro factura INV-00275,INV-00275,CC-100 Operaciones,Diego Luna 04 00001202
163,2026-05-04,5000,Gastos operativos,93516.00,0.00,Registro factura INV-00269,INV-00269,CC-100 Operaciones,Carla Soto 03 00001202
164,2026-02-15,5000,Gastos operativos,73011.00,0.00,Registro factura INV-00047,INV-00047,CC-100 Operaciones,Ana Ruiz 01 00001202
165,2026-03-07,2100,Cuentas por pagar,0.00,55380.72,Registro factura INV-00058,INV-00058,CC-100 Operaciones,Carla Soto 09 00001202
166,2026-06-10,5000,Gastos operativos,77073.00,0.00,Registro factura INV-00128,INV-00128,CC-100 Operaciones,Bruno Garcia 02 00001202
167,2026-04-15,2100,Cuentas por pagar,0.00,25706.76,Registro factura INV-00121,INV-00121,CC-100 Operaciones,Diego Luna 10 00001202
168,2026-04-09,1180,IVA acreditable,6400.00,0.00,Registro factura INV-00096,INV-00096,CC-100 Operaciones,Bruno Garcia 08 00001202
169,2026-02-12,5000,Gastos operativos,24113.00,0.00,Registro factura INV-00241,INV-00241,CC-100 Operaciones,Bruno Garcia 02 00001202
170,2026-04-30,2100,Cuentas por pagar,0.00,85347.00,Registro factura INV-00018,INV-00018,CC-100 Operaciones,Carla Soto 09 00001202
171,2026-05-22,1180,IVA acreditable,13625.92,0.00,Registro factura INV-00192,INV-00192,CC-100 Operaciones,Carla Soto 09 00001202
172,2026-01-30,2100,Cuentas por pagar,91595.92,0.00,Pago factura INV-00020,INV-00020,CC-100 Operaciones,Bruno Garcia 02 00001202
173,2026-04-10,1020,Bancos,0.00,49300.00,Pago factura INV-00364,INV-00364,CC-100 Operaciones,Bruno Garcia 02 00001202
174,2026-05-05,1180,IVA acreditable,4509.28,0.00,Registro factura INV-00016,INV-00016,CC-100 Operaciones,Fabian Rios 06 00001202
175,2026-06-05,1180,IVA acreditable,5348.32,0.00,Registro factura INV-00230,INV-00230,CC-100 Operaciones,Carla Soto 03 00001202
176,2026-03-02,1020,Bancos,0.00,52916.88,Pago factura INV-00324,INV-00324,CC-100 Operaciones,Bruno Garcia 02 00001202
177,2026-04-24,2100,Cuentas por pagar,89482.40,0.00,Pago factura INV-00361,INV-00361,CC-100 Operaciones,Bruno Garcia 02 00001202
178,2026-03-30,2100,Cuentas por pagar,0.00,49300.00,Registro factura INV-00312,INV-00312,CC-100 Operaciones,Fabian Rios 06 00001202
179,2026-01-31,5000,Gastos operativos,68203.00,0.00,Registro factura INV-00235,INV-00235,CC-100 Operaciones,Bruno Garcia 02 00001202
180,2026-02-12,2100,Cuentas por pagar,0.00,41580.20,Registro factura INV-00147,INV-00147,CC-100 Operaciones,Diego Luna 10 00001202
181,2026-05-03,5000,Gastos operativos,89018.00,0.00,Registro factura INV-00320,INV-00320,CC-100 Operaciones,Fabian Rios 06 00001202
182,2026-01-29,1020,Bancos,0.00,62272.28,Pago factura INV-00332,INV-00332,CC-100 Operaciones,Bruno Garcia 02 00001202
183,2026-02-14,5000,Gastos operativos,59211.00,0.00,Registro factura INV-00356,INV-00356,CC-100 Operaciones,Fabian Rios 06 00001202
184,2026-04-29,1020,Bancos,0.00,18463.72,Pago factura INV-00142,INV-00142,CC-100 Operaciones,Bruno Garcia 02 00001202
185,2026-03-15,1180,IVA acreditable,15091.52,0.00,Registro factura INV-00180,INV-00180,CC-100 Operaciones,Ana Ruiz 01 00001202
186,2026-03-02,1180,IVA acreditable,9401.44,0.00,Registro factura INV-00354,INV-00354,CC-100 Operaciones,Bruno Garcia 08 00001202
187,2026-05-29,5000,Gastos operativos,50568.00,0.00,Registro factura INV-00277,INV-00277,CC-100 Operaciones,Diego Luna 04 00001202
188,2026-02-23,2100,Cuentas por pagar,0.00,35049.40,Registro factura INV-00258,INV-00258,CC-100 Operaciones,Ana Ruiz 01 00001202
189,2026-06-12,2100,Cuentas por pagar,0.00,86494.24,Registro factura INV-00330,INV-00330,CC-100 Operaciones,Diego Luna 04 00001202
190,2026-02-08,2100,Cuentas por pagar,0.00,34673.56,Registro factura INV-00344,INV-00344,CC-100 Operaciones,Diego Luna 04 00001202
191,2026-06-17,1180,IVA acreditable,8215.04,0.00,Registro factura INV-00253,INV-00253,CC-100 Operaciones,Carla Soto 09 00001202
192,2026-02-17,5000,Gastos operativos,14404.00,0.00,Registro factura INV-00053,INV-00053,CC-100 Operaciones,Elena Mora 05 00001202
193,2026-01-22,2100,Cuentas por pagar,80303.32,0.00,Pago factura INV-00352,INV-00352,CC-100 Operaciones,Bruno Garcia 02 00001202
194,2026-05-07,1020,Bancos,0.00,46547.32,Pago factura INV-00013,INV-00013,CC-100 Operaciones,Bruno Garcia 02 00001202
195,2026-05-09,1020,Bancos,0.00,40638.28,Pago factura INV-00102,INV-00102,CC-100 Operaciones,Bruno Garcia 02 00001202
196,2026-05-28,2100,Cuentas por pagar,0.00,93457.72,Registro factura INV-00288,INV-00288,CC-100 Operaciones,Carla Soto 09 00001202
197,2026-01-31,1020,Bancos,0.00,71328.40,Pago factura INV-00350,INV-00350,CC-100 Operaciones,Bruno Garcia 02 00001202
198,2026-04-20,2100,Cuentas por pagar,54697.48,0.00,Pago factura INV-00115,INV-00115,CC-100 Operaciones,Bruno Garcia 02 00001202
199,2026-06-04,1180,IVA acreditable,10065.60,0.00,Registro factura INV-00170,INV-00170,CC-100 Operaciones,Diego Luna 04 00001202
200,2026-04-05,5000,Gastos operativos,52498.00,0.00,Registro factura INV-00254,INV-00254,CC-100 Operaciones,Fabian Rios 06 00001202
201,2026-02-15,2100,Cuentas por pagar,32692.28,0.00,Pago factura INV-00070,INV-00070,CC-100 Operaciones,Bruno Garcia 02 00001202
202,2026-06-09,2100,Cuentas por pagar,0.00,66814.84,Registro factura INV-00237,INV-00237,CC-100 Operaciones,Elena Mora 05 00001202
203,2026-03-23,1180,IVA acreditable,9132.16,0.00,Registro factura INV-00281,INV-00281,CC-100 Operaciones,Elena Mora 05 00001202
204,2026-02-18,5000,Gastos operativos,93604.00,0.00,Registro factura INV-00042,INV-00042,CC-100 Operaciones,Bruno Garcia 02 00001202
205,2026-01-19,1020,Bancos,0.00,88264.40,Pago factura INV-00111,INV-00111,CC-100 Operaciones,Bruno Garcia 02 00001202
206,2026-05-27,1020,Bancos,0.00,57797.00,Pago factura INV-00094,INV-00094,CC-100 Operaciones,Bruno Garcia 02 00001202
207,2026-03-27,5000,Gastos operativos,66215.00,0.00,Registro factura INV-00021,INV-00021,CC-100 Operaciones,Carla Soto 09 00001202
208,2026-04-12,1180,IVA acreditable,14415.52,0.00,Registro factura INV-00054,INV-00054,CC-100 Operaciones,Carla Soto 03 00001202
209,2026-06-18,5000,Gastos operativos,60856.00,0.00,Registro factura INV-00006,INV-00006,CC-100 Operaciones,Diego Luna 04 00001202
210,2026-05-22,5000,Gastos operativos,74975.00,0.00,Registro factura INV-00177,INV-00177,CC-100 Operaciones,Ana Ruiz 01 00001202
211,2026-06-26,1020,Bancos,0.00,47970.64,Pago factura INV-00171,INV-00171,CC-100 Operaciones,Bruno Garcia 02 00001202
212,2026-04-15,1180,IVA acreditable,3545.76,0.00,Registro factura INV-00121,INV-00121,CC-100 Operaciones,Diego Luna 10 00001202
213,2026-05-05,1180,IVA acreditable,6746.56,0.00,Registro factura INV-00308,INV-00308,CC-100 Operaciones,Bruno Garcia 02 00001202
214,2026-05-19,1020,Bancos,0.00,80301.00,Pago factura INV-00293,INV-00293,CC-100 Operaciones,Bruno Garcia 02 00001202
215,2026-04-15,2100,Cuentas por pagar,0.00,36954.12,Registro factura INV-00260,INV-00260,CC-100 Operaciones,Bruno Garcia 02 00001202
216,2026-06-30,1020,Bancos,0.00,84050.12,Pago factura INV-00282,INV-00282,CC-100 Operaciones,Bruno Garcia 02 00001202
217,2026-04-06,2100,Cuentas por pagar,0.00,15887.36,Registro factura INV-00198,INV-00198,CC-100 Operaciones,Carla Soto 03 00001202
218,2026-02-03,2100,Cuentas por pagar,0.00,63376.60,Registro factura INV-00294,INV-00294,CC-100 Operaciones,Elena Mora 05 00001202
219,2026-01-24,5000,Gastos operativos,71828.00,0.00,Registro factura INV-00203,INV-00203,CC-100 Operaciones,Carla Soto 09 00001202
220,2026-02-11,2100,Cuentas por pagar,57908.36,0.00,Pago factura INV-00242,INV-00242,CC-100 Operaciones,Bruno Garcia 02 00001202
221,2026-06-30,2100,Cuentas por pagar,109696.56,0.00,Pago factura INV-00169,INV-00169,CC-100 Operaciones,Bruno Garcia 02 00001202
222,2026-01-15,2100,Cuentas por pagar,0.00,72823.64,Registro factura INV-00057,INV-00057,CC-100 Operaciones,Diego Luna 10 00001202
223,2026-05-07,5000,Gastos operativos,67308.00,0.00,Registro factura INV-00114,INV-00114,CC-100 Operaciones,Diego Luna 04 00001202
224,2026-01-29,1180,IVA acreditable,10646.88,0.00,Registro factura INV-00247,INV-00247,CC-100 Operaciones,Diego Luna 10 00001202
225,2026-04-13,2100,Cuentas por pagar,0.00,90793.20,Registro factura INV-00195,INV-00195,CC-100 Operaciones,Bruno Garcia 08 00001202
226,2026-06-04,1180,IVA acreditable,10771.52,0.00,Registro factura INV-00068,INV-00068,CC-100 Operaciones,Fabian Rios 06 00001202
227,2026-06-15,1020,Bancos,0.00,36687.32,Pago factura INV-00051,INV-00051,CC-100 Operaciones,Bruno Garcia 02 00001202
228,2026-04-01,5000,Gastos operativos,43327.00,0.00,Registro factura INV-00087,INV-00087,CC-100 Operaciones,Bruno Garcia 02 00001202
229,2026-03-17,2100,Cuentas por pagar,55380.72,0.00,Pago factura INV-00058,INV-00058,CC-100 Operaciones,Bruno Garcia 02 00001202
230,2026-04-11,2100,Cuentas por pagar,0.00,44665.80,Registro factura INV-00179,INV-00179,CC-100 Operaciones,Diego Luna 04 00001202
231,2026-04-11,1180,IVA acreditable,12298.56,0.00,Registro factura INV-00090,INV-00090,CC-100 Operaciones,Fabian Rios 06 00001202
232,2026-03-11,1180,IVA acreditable,10209.76,0.00,Registro factura INV-00113,INV-00113,CC-100 Operaciones,Ana Ruiz 07 00001202
233,2026-03-25,2080,IVA trasladado,8800.00,0.00,Reversion de venta cancelada INV-00046,INV-00046,CC-100 Operaciones,Bruno Garcia 02 00001202
234,2026-01-16,1180,IVA acreditable,13210.08,0.00,Registro factura INV-00153,INV-00153,CC-100 Operaciones,Carla Soto 09 00001202
235,2026-05-11,1180,IVA acreditable,10386.24,0.00,Registro factura INV-00290,INV-00290,CC-100 Operaciones,Bruno Garcia 08 00001202
236,2026-06-16,1020,Bancos,0.00,90128.52,Pago factura INV-00232,INV-00232,CC-100 Operaciones,Bruno Garcia 02 00001202
237,2026-05-11,1020,Bancos,0.00,32375.60,Pago factura INV-00303,INV-00303,CC-100 Operaciones,Bruno Garcia 02 00001202
238,2026-06-06,2100,Cuentas por pagar,52280.04,0.00,Pago factura INV-00023,INV-00023,CC-100 Operaciones,Bruno Garcia 02 00001202
239,2026-04-19,2100,Cuentas por pagar,103278.28,0.00,Pago factura INV-00064,INV-00064,CC-100 Operaciones,Bruno Garcia 02 00001202
240,2026-06-25,1180,IVA acreditable,5072.48,0.00,Registro factura INV-00063,INV-00063,CC-100 Operaciones,Ana Ruiz 01 00001202
241,2026-03-28,2100,Cuentas por pagar,0.00,80615.36,Registro factura INV-00363,INV-00363,CC-100 Operaciones,Fabian Rios 06 00001202
242,2026-05-04,1020,Bancos,0.00,36082.96,Pago factura INV-00175,INV-00175,CC-100 Operaciones,Bruno Garcia 02 00001202
243,2026-01-18,2100,Cuentas por pagar,0.00,93240.80,Registro factura INV-00162,INV-00162,CC-100 Operaciones,Carla Soto 09 00001202
244,2026-05-29,1020,Bancos,0.00,97714.92,Pago factura INV-00131,INV-00131,CC-100 Operaciones,Bruno Garcia 02 00001202
245,2026-02-14,1180,IVA acreditable,11353.12,0.00,Registro factura INV-00028,INV-00028,CC-100 Operaciones,Diego Luna 04 00001202
246,2026-03-29,2100,Cuentas por pagar,70101.12,0.00,Pago factura INV-00133,INV-00133,CC-100 Operaciones,Bruno Garcia 02 00001202
247,2026-05-13,1180,IVA acreditable,14625.60,0.00,Registro factura INV-00077,INV-00077,CC-100 Operaciones,Diego Luna 04 00001202
248,2026-02-05,1020,Bancos,0.00,79987.80,Pago factura INV-00295,INV-00295,CC-100 Operaciones,Bruno Garcia 02 00001202
249,2026-04-07,1020,Bancos,0.00,98624.36,Pago factura INV-00122,INV-00122,CC-100 Operaciones,Bruno Garcia 02 00001202
250,2026-01-18,5000,Gastos operativos,32076.00,0.00,Registro factura INV-00065,INV-00065,CC-100 Operaciones,Ana Ruiz 01 00001202
251,2026-01-25,1180,IVA acreditable,14716.80,0.00,Registro factura INV-00117,INV-00117,CC-100 Operaciones,Diego Luna 04 00001202
252,2026-04-09,2100,Cuentas por pagar,0.00,83532.76,Registro factura INV-00213,INV-00213,CC-100 Operaciones,Bruno Garcia 02 00001202
253,2026-06-11,2100,Cuentas por pagar,0.00,63209.56,Registro factura INV-00029,INV-00029,CC-100 Operaciones,Ana Ruiz 01 00001202
254,2026-03-10,1180,IVA acreditable,7780.48,0.00,Registro factura INV-00259,INV-00259,CC-100 Operaciones,Bruno Garcia 08 00001202
255,2026-04-18,2100,Cuentas por pagar,0.00,80455.28,Registro factura INV-00362,INV-00362,CC-100 Operaciones,Carla Soto 09 00001202
256,2026-06-26,2100,Cuentas por pagar,47970.64,0.00,Pago factura INV-00171,INV-00171,CC-100 Operaciones,Bruno Garcia 02 00001202
257,2026-03-25,4000,Ingresos por servicios,55000.00,0.00,Reversion de venta cancelada INV-00046,INV-00046,CC-100 Operaciones,Bruno Garcia 02 00001202
258,2026-03-22,2100,Cuentas por pagar,0.00,28596.32,Registro factura INV-00249,INV-00249,CC-100 Operaciones,Fabian Rios 06 00001202
259,2026-05-09,5000,Gastos operativos,69225.00,0.00,Registro factura INV-00293,INV-00293,CC-100 Operaciones,Fabian Rios 06 00001202
260,2026-06-29,2100,Cuentas por pagar,0.00,76901.04,Registro factura INV-00284,INV-00284,CC-100 Operaciones,Elena Mora 05 00001202
261,2026-02-11,1180,IVA acreditable,8374.40,0.00,Registro factura INV-00189,INV-00189,CC-100 Operaciones,Carla Soto 03 00001202
262,2026-06-16,2100,Cuentas por pagar,0.00,34346.44,Registro factura INV-00101,INV-00101,CC-100 Operaciones,Diego Luna 10 00001202
263,2026-06-15,1020,Bancos,0.00,100903.76,Pago factura INV-00079,INV-00079,CC-100 Operaciones,Bruno Garcia 02 00001202
264,2026-01-21,5000,Gastos operativos,61490.00,0.00,Registro factura INV-00350,INV-00350,CC-100 Operaciones,Bruno Garcia 08 00001202
265,2026-03-13,2100,Cuentas por pagar,91856.92,0.00,Pago factura INV-00071,INV-00071,CC-100 Operaciones,Bruno Garcia 02 00001202
266,2026-06-30,1020,Bancos,0.00,14647.32,Pago factura INV-00140,INV-00140,CC-100 Operaciones,Bruno Garcia 02 00001202
267,2026-04-07,2100,Cuentas por pagar,0.00,68182.48,Registro factura INV-00103,INV-00103,CC-100 Operaciones,Diego Luna 10 00001202
268,2026-04-14,2100,Cuentas por pagar,68481.76,0.00,Pago factura INV-00216,INV-00216,CC-100 Operaciones,Bruno Garcia 02 00001202
269,2026-06-14,5000,Gastos operativos,17409.00,0.00,Registro factura INV-00143,INV-00143,CC-100 Operaciones,Diego Luna 10 00001202
270,2026-02-26,5000,Gastos operativos,32773.00,0.00,Registro factura INV-00059,INV-00059,CC-100 Operaciones,Diego Luna 10 00001202
271,2026-02-04,1020,Bancos,0.00,106696.80,Pago factura INV-00117,INV-00117,CC-100 Operaciones,Bruno Garcia 02 00001202
272,2026-02-06,2100,Cuentas por pagar,0.00,84318.08,Registro factura INV-00207,INV-00207,CC-100 Operaciones,Bruno Garcia 02 00001202
273,2026-01-12,2100,Cuentas por pagar,0.00,80303.32,Registro factura INV-00352,INV-00352,CC-100 Operaciones,Carla Soto 03 00001202
274,2026-04-15,2100,Cuentas por pagar,38775.32,0.00,Pago factura INV-00132,INV-00132,CC-100 Operaciones,Bruno Garcia 02 00001202
275,2026-05-13,5000,Gastos operativos,33069.00,0.00,Registro factura INV-00156,INV-00156,CC-100 Operaciones,Bruno Garcia 02 00001202
276,2026-06-15,5000,Gastos operativos,55959.00,0.00,Registro factura INV-00248,INV-00248,CC-100 Operaciones,Elena Mora 05 00001202
277,2026-06-08,2100,Cuentas por pagar,0.00,33350.00,Registro factura INV-00268,INV-00268,CC-100 Operaciones,Diego Luna 10 00001202
278,2026-06-07,2100,Cuentas por pagar,0.00,101750.56,Registro factura INV-00353,INV-00353,CC-100 Operaciones,Carla Soto 03 00001202
279,2026-06-17,2100,Cuentas por pagar,0.00,14152.00,Registro factura INV-00311,INV-00311,CC-100 Operaciones,Ana Ruiz 07 00001202
280,2026-03-17,5000,Gastos operativos,58258.00,0.00,Registro factura INV-00322,INV-00322,CC-100 Operaciones,Carla Soto 03 00001202
281,2026-02-14,2100,Cuentas por pagar,59369.96,0.00,Pago factura INV-00138,INV-00138,CC-100 Operaciones,Bruno Garcia 02 00001202
282,2026-01-29,5000,Gastos operativos,41997.00,0.00,Registro factura INV-00049,INV-00049,CC-100 Operaciones,Bruno Garcia 02 00001202
283,2026-01-27,2100,Cuentas por pagar,0.00,76677.16,Registro factura INV-00302,INV-00302,CC-100 Operaciones,Diego Luna 10 00001202
284,2026-05-09,2100,Cuentas por pagar,40638.28,0.00,Pago factura INV-00102,INV-00102,CC-100 Operaciones,Bruno Garcia 02 00001202
285,2026-02-17,2100,Cuentas por pagar,86423.48,0.00,Pago factura INV-00357,INV-00357,CC-100 Operaciones,Bruno Garcia 02 00001202
286,2026-01-13,1180,IVA acreditable,9140.80,0.00,Registro factura INV-00202,INV-00202,CC-100 Operaciones,Bruno Garcia 08 00001202
287,2026-05-25,5000,Gastos operativos,43993.00,0.00,Registro factura INV-00231,INV-00231,CC-100 Operaciones,Diego Luna 10 00001202
288,2026-04-03,5000,Gastos operativos,82018.00,0.00,Registro factura INV-00325,INV-00325,CC-100 Operaciones,Diego Luna 04 00001202
289,2026-01-05,5000,Gastos operativos,31627.00,0.00,Registro factura INV-00299,INV-00299,CC-100 Operaciones,Diego Luna 04 00001202
290,2026-04-12,2100,Cuentas por pagar,58702.96,0.00,Pago factura INV-00009,INV-00009,CC-100 Operaciones,Bruno Garcia 02 00001202
291,2026-04-28,2100,Cuentas por pagar,0.00,21509.88,Registro factura INV-00298,INV-00298,CC-100 Operaciones,Ana Ruiz 07 00001202
292,2026-06-05,1180,IVA acreditable,11027.84,0.00,Registro factura INV-00358,INV-00358,CC-100 Operaciones,Carla Soto 09 00001202
293,2026-05-04,2100,Cuentas por pagar,59818.88,0.00,Pago factura INV-00008,INV-00008,CC-100 Operaciones,Bruno Garcia 02 00001202
294,2026-06-23,1020,Bancos,0.00,40480.52,Pago factura INV-00326,INV-00326,CC-100 Operaciones,Bruno Garcia 02 00001202
295,2026-04-06,2100,Cuentas por pagar,87000.00,0.00,Pago factura INV-00236,INV-00236,CC-100 Operaciones,Bruno Garcia 02 00001202
296,2026-04-14,5000,Gastos operativos,0.00,4310.34,Reembolso proveedor INV-00118,INV-00118,CC-100 Operaciones,Bruno Garcia 02 00001202
297,2026-03-26,2100,Cuentas por pagar,74463.88,0.00,Pago factura INV-00304,INV-00304,CC-100 Operaciones,Bruno Garcia 02 00001202
298,2026-02-22,1180,IVA acreditable,6450.08,0.00,Registro factura INV-00234,INV-00234,CC-100 Operaciones,Diego Luna 04 00001202
299,2026-03-29,5000,Gastos operativos,35906.00,0.00,Registro factura INV-00321,INV-00321,CC-100 Operaciones,Carla Soto 03 00001202
300,2026-03-27,2100,Cuentas por pagar,84116.24,0.00,Pago factura INV-00209,INV-00209,CC-100 Operaciones,Bruno Garcia 02 00001202
301,2026-05-01,5000,Gastos operativos,45722.00,0.00,Registro factura INV-00056,INV-00056,CC-100 Operaciones,Diego Luna 04 00001202
302,2026-05-12,2100,Cuentas por pagar,103200.56,0.00,Pago factura INV-00093,INV-00093,CC-100 Operaciones,Bruno Garcia 02 00001202
303,2026-02-05,1180,IVA acreditable,4509.28,0.00,Registro factura INV-00070,INV-00070,CC-100 Operaciones,Carla Soto 03 00001202
304,2026-05-31,1020,Bancos,0.00,35825.44,Pago factura INV-00349,INV-00349,CC-100 Operaciones,Bruno Garcia 02 00001202
305,2026-02-28,2100,Cuentas por pagar,108580.64,0.00,Pago factura INV-00042,INV-00042,CC-100 Operaciones,Bruno Garcia 02 00001202
306,2026-04-11,1020,Bancos,0.00,49300.00,Pago factura INV-00161,INV-00161,CC-100 Operaciones,Bruno Garcia 02 00001202
307,2026-06-02,1020,Bancos,0.00,104306.04,Pago factura INV-00219,INV-00219,CC-100 Operaciones,Bruno Garcia 02 00001202
308,2026-01-15,5000,Gastos operativos,87211.00,0.00,Registro factura INV-00279,INV-00279,CC-100 Operaciones,Bruno Garcia 02 00001202
309,2026-03-25,1020,Bancos,0.00,109413.52,Pago factura INV-00180,INV-00180,CC-100 Operaciones,Bruno Garcia 02 00001202
310,2026-06-13,5000,Gastos operativos,34897.00,0.00,Registro factura INV-00326,INV-00326,CC-100 Operaciones,Carla Soto 03 00001202
311,2026-05-14,5000,Gastos operativos,22337.00,0.00,Registro factura INV-00297,INV-00297,CC-100 Operaciones,Ana Ruiz 07 00001202
312,2026-05-13,2100,Cuentas por pagar,0.00,106035.60,Registro factura INV-00077,INV-00077,CC-100 Operaciones,Diego Luna 04 00001202
313,2026-05-06,2100,Cuentas por pagar,109222.12,0.00,Pago factura INV-00187,INV-00187,CC-100 Operaciones,Bruno Garcia 02 00001202
314,2026-04-08,5000,Gastos operativos,35745.00,0.00,Registro factura INV-00217,INV-00217,CC-100 Operaciones,Elena Mora 05 00001202
315,2026-01-27,2100,Cuentas por pagar,0.00,105010.16,Registro factura INV-00022,INV-00022,CC-100 Operaciones,Bruno Garcia 08 00001202
316,2026-04-29,1180,IVA acreditable,11146.40,0.00,Registro factura INV-00267,INV-00267,CC-100 Operaciones,Diego Luna 10 00001202
317,2026-05-18,2100,Cuentas por pagar,29647.28,0.00,Pago factura INV-00129,INV-00129,CC-100 Operaciones,Bruno Garcia 02 00001202
318,2026-06-25,2100,Cuentas por pagar,109306.80,0.00,Pago factura INV-00126,INV-00126,CC-100 Operaciones,Bruno Garcia 02 00001202
319,2026-05-11,5000,Gastos operativos,89205.00,0.00,Registro factura INV-00359,INV-00359,CC-100 Operaciones,Diego Luna 10 00001202
320,2026-05-10,1020,Bancos,0.00,85347.00,Pago factura INV-00018,INV-00018,CC-100 Operaciones,Bruno Garcia 02 00001202
321,2026-04-14,1020,Bancos,0.00,68481.76,Pago factura INV-00216,INV-00216,CC-100 Operaciones,Bruno Garcia 02 00001202
322,2026-03-24,4000,Ingresos por servicios,0.00,55000.00,Registro venta INV-00046,INV-00046,CC-100 Operaciones,Bruno Garcia 02 00001202
323,2026-04-25,2100,Cuentas por pagar,25706.76,0.00,Pago factura INV-00121,INV-00121,CC-100 Operaciones,Bruno Garcia 02 00001202
324,2026-01-22,2100,Cuentas por pagar,0.00,67988.76,Registro factura INV-00224,INV-00224,CC-100 Operaciones,Elena Mora 05 00001202
325,2026-02-20,1020,Bancos,0.00,19869.64,Pago factura INV-00199,INV-00199,CC-100 Operaciones,Bruno Garcia 02 00001202
326,2026-06-11,2100,Cuentas por pagar,0.00,21732.60,Registro factura INV-00182,INV-00182,CC-100 Operaciones,Carla Soto 09 00001202
327,2026-03-15,2100,Cuentas por pagar,0.00,17285.16,Registro factura INV-00262,INV-00262,CC-100 Operaciones,Carla Soto 03 00001202
328,2026-05-28,1020,Bancos,0.00,14946.60,Pago factura INV-00266,INV-00266,CC-100 Operaciones,Bruno Garcia 02 00001202
329,2026-05-27,2100,Cuentas por pagar,0.00,52280.04,Registro factura INV-00023,INV-00023,CC-100 Operaciones,Bruno Garcia 02 00001202
330,2026-06-02,1180,IVA acreditable,2642.24,0.00,Registro factura INV-00081,INV-00081,CC-100 Operaciones,Bruno Garcia 02 00001202
331,2026-04-14,1020,Bancos,5000.00,0.00,Reembolso proveedor INV-00118,INV-00118,CC-100 Operaciones,Bruno Garcia 02 00001202
332,2026-04-10,2100,Cuentas por pagar,49300.00,0.00,Pago factura INV-00364,INV-00364,CC-100 Operaciones,Bruno Garcia 02 00001202
333,2026-05-06,5000,Gastos operativos,32386.00,0.00,Registro factura INV-00098,INV-00098,CC-100 Operaciones,Ana Ruiz 07 00001202
334,2026-04-14,1180,IVA acreditable,6286.88,0.00,Registro factura INV-00221,INV-00221,CC-100 Operaciones,Ana Ruiz 07 00001202
335,2026-05-14,1180,IVA acreditable,3573.92,0.00,Registro factura INV-00297,INV-00297,CC-100 Operaciones,Ana Ruiz 07 00001202
336,2026-03-24,2100,Cuentas por pagar,61621.52,0.00,Pago factura INV-00271,INV-00271,CC-100 Operaciones,Bruno Garcia 02 00001202
337,2026-04-30,1020,Bancos,0.00,46023.00,Pago factura INV-00191,INV-00191,CC-100 Operaciones,Bruno Garcia 02 00001202
338,2026-06-27,5000,Gastos operativos,34114.00,0.00,Registro factura INV-00212,INV-00212,CC-100 Operaciones,Ana Ruiz 01 00001202
339,2026-04-07,5000,Gastos operativos,33285.00,0.00,Registro factura INV-00333,INV-00333,CC-100 Operaciones,Bruno Garcia 08 00001202
340,2026-04-12,2100,Cuentas por pagar,85399.20,0.00,Pago factura INV-00026,INV-00026,CC-100 Operaciones,Bruno Garcia 02 00001202
341,2026-03-26,5000,Gastos operativos,27999.00,0.00,Registro factura INV-00037,INV-00037,CC-100 Operaciones,Bruno Garcia 02 00001202
342,2026-05-25,2100,Cuentas por pagar,66244.12,0.00,Pago factura INV-00039,INV-00039,CC-100 Operaciones,Bruno Garcia 02 00001202
343,2026-04-13,2100,Cuentas por pagar,0.00,29486.04,Registro factura INV-00315,INV-00315,CC-100 Operaciones,Diego Luna 10 00001202
344,2026-03-16,1020,Bancos,0.00,60021.88,Pago factura INV-00331,INV-00331,CC-100 Operaciones,Bruno Garcia 02 00001202
345,2026-04-28,1020,Bancos,0.00,28023.28,Pago factura INV-00278,INV-00278,CC-100 Operaciones,Bruno Garcia 02 00001202
346,2026-05-10,5000,Gastos operativos,75491.00,0.00,Registro factura INV-00112,INV-00112,CC-100 Operaciones,Ana Ruiz 01 00001202
347,2026-03-04,1180,IVA acreditable,14443.36,0.00,Registro factura INV-00197,INV-00197,CC-100 Operaciones,Bruno Garcia 02 00001202
348,2026-05-05,2100,Cuentas por pagar,0.00,36687.32,Registro factura INV-00338,INV-00338,CC-100 Operaciones,Bruno Garcia 08 00001202
349,2026-05-29,2100,Cuentas por pagar,37872.84,0.00,Pago factura INV-00264,INV-00264,CC-100 Operaciones,Bruno Garcia 02 00001202
350,2026-04-19,2100,Cuentas por pagar,0.00,44450.04,Registro factura INV-00220,INV-00220,CC-100 Operaciones,Bruno Garcia 08 00001202
351,2026-04-23,1180,IVA acreditable,4097.92,0.00,Registro factura INV-00251,INV-00251,CC-100 Operaciones,Diego Luna 04 00001202
352,2026-03-01,1180,IVA acreditable,3207.52,0.00,Registro factura INV-00003,INV-00003,CC-100 Operaciones,Ana Ruiz 01 00001202
353,2026-05-12,5000,Gastos operativos,24047.00,0.00,Registro factura INV-00072,INV-00072,CC-100 Operaciones,Elena Mora 05 00001202
354,2026-03-30,1180,IVA acreditable,6800.00,0.00,Registro factura INV-00312,INV-00312,CC-100 Operaciones,Fabian Rios 06 00001202
355,2026-01-15,1180,IVA acreditable,10044.64,0.00,Registro factura INV-00057,INV-00057,CC-100 Operaciones,Diego Luna 10 00001202
356,2026-03-01,2100,Cuentas por pagar,57916.48,0.00,Pago factura INV-00167,INV-00167,CC-100 Operaciones,Bruno Garcia 02 00001202
357,2026-01-22,2100,Cuentas por pagar,0.00,75025.32,Registro factura INV-00109,INV-00109,CC-100 Operaciones,Ana Ruiz 07 00001202
358,2026-04-27,1020,Bancos,0.00,46256.16,Pago factura INV-00329,INV-00329,CC-100 Operaciones,Bruno Garcia 02 00001202
359,2026-03-08,1180,IVA acreditable,12583.36,0.00,Registro factura INV-00127,INV-00127,CC-100 Operaciones,Bruno Garcia 08 00001202
360,2026-05-22,1020,Bancos,0.00,102254.00,Pago factura INV-00038,INV-00038,CC-100 Operaciones,Bruno Garcia 02 00001202
361,2026-03-25,1020,Bancos,0.00,17285.16,Pago factura INV-00262,INV-00262,CC-100 Operaciones,Bruno Garcia 02 00001202
362,2026-05-06,1020,Bancos,0.00,109222.12,Pago factura INV-00187,INV-00187,CC-100 Operaciones,Bruno Garcia 02 00001202
363,2026-04-13,1180,IVA acreditable,12523.20,0.00,Registro factura INV-00195,INV-00195,CC-100 Operaciones,Bruno Garcia 08 00001202
364,2026-04-02,2100,Cuentas por pagar,0.00,69600.00,Registro factura INV-00118,INV-00118,CC-100 Operaciones,Ana Ruiz 07 00001202
365,2026-02-03,1180,IVA acreditable,8741.60,0.00,Registro factura INV-00294,INV-00294,CC-100 Operaciones,Elena Mora 05 00001202
366,2026-06-30,1020,Bancos,0.00,53118.72,Pago factura INV-00078,INV-00078,CC-100 Operaciones,Bruno Garcia 02 00001202
367,2026-03-14,1020,Bancos,0.00,104714.36,Pago factura INV-00197,INV-00197,CC-100 Operaciones,Bruno Garcia 02 00001202
368,2026-03-12,2100,Cuentas por pagar,22012.39,0.00,Pago factura INV-00080,INV-00080,CC-100 Operaciones,Bruno Garcia 02 00001202
369,2026-02-10,2100,Cuentas por pagar,0.00,19869.64,Registro factura INV-00199,INV-00199,CC-100 Operaciones,Diego Luna 10 00001202
370,2026-05-25,1020,Bancos,0.00,66244.12,Pago factura INV-00039,INV-00039,CC-100 Operaciones,Bruno Garcia 02 00001202
371,2026-06-16,2100,Cuentas por pagar,0.00,47970.64,Registro factura INV-00171,INV-00171,CC-100 Operaciones,Bruno Garcia 02 00001202
372,2026-01-27,1020,Bancos,0.00,70945.60,Pago factura INV-00034,INV-00034,CC-100 Operaciones,Bruno Garcia 02 00001202
373,2026-03-08,2100,Cuentas por pagar,0.00,91229.36,Registro factura INV-00127,INV-00127,CC-100 Operaciones,Bruno Garcia 08 00001202
374,2026-03-05,1180,IVA acreditable,4509.28,0.00,Registro factura INV-00317,INV-00317,CC-100 Operaciones,Diego Luna 04 00001202
375,2026-01-29,2100,Cuentas por pagar,41639.36,0.00,Pago factura INV-00276,INV-00276,CC-100 Operaciones,Bruno Garcia 02 00001202
376,2026-01-05,1180,IVA acreditable,5348.32,0.00,Registro factura INV-00032,INV-00032,CC-100 Operaciones,Bruno Garcia 08 00001202
377,2026-05-21,2100,Cuentas por pagar,103477.80,0.00,Pago factura INV-00359,INV-00359,CC-100 Operaciones,Bruno Garcia 02 00001202
378,2026-03-09,1180,IVA acreditable,5268.48,0.00,Registro factura INV-00158,INV-00158,CC-100 Operaciones,Ana Ruiz 01 00001202
379,2026-02-28,1020,Bancos,0.00,80720.92,Pago factura INV-00014,INV-00014,CC-100 Operaciones,Bruno Garcia 02 00001202
380,2026-04-29,2100,Cuentas por pagar,0.00,40638.28,Registro factura INV-00102,INV-00102,CC-100 Operaciones,Bruno Garcia 02 00001202
381,2026-05-05,5000,Gastos operativos,84300.00,0.00,Registro factura INV-00218,INV-00218,CC-100 Operaciones,Diego Luna 10 00001202
382,2026-04-12,1180,IVA acreditable,3978.24,0.00,Registro factura INV-00119,INV-00119,CC-100 Operaciones,Ana Ruiz 01 00001202
383,2026-02-14,1020,Bancos,0.00,59369.96,Pago factura INV-00138,INV-00138,CC-100 Operaciones,Bruno Garcia 02 00001202
384,2026-03-05,5000,Gastos operativos,31627.00,0.00,Registro factura INV-00080,INV-00080,CC-100 Operaciones,Fabian Rios 06 00001202
385,2026-04-15,1020,Bancos,0.00,36687.32,Pago factura INV-00316,INV-00316,CC-100 Operaciones,Bruno Garcia 02 00001202
386,2026-04-09,2100,Cuentas por pagar,76164.44,0.00,Pago factura INV-00341,INV-00341,CC-100 Operaciones,Bruno Garcia 02 00001202
387,2026-04-21,1180,IVA acreditable,0.00,6400.00,Reembolso proveedor INV-00096,INV-00096,CC-100 Operaciones,Bruno Garcia 02 00001202
388,2026-02-04,2100,Cuentas por pagar,0.00,41562.80,Registro factura INV-00194,INV-00194,CC-100 Operaciones,Diego Luna 10 00001202
389,2026-06-25,1020,Bancos,0.00,109306.80,Pago factura INV-00126,INV-00126,CC-100 Operaciones,Bruno Garcia 02 00001202
390,2026-02-09,5000,Gastos operativos,72970.00,0.00,Registro factura INV-00306,INV-00306,CC-100 Operaciones,Carla Soto 03 00001202
391,2026-02-05,2100,Cuentas por pagar,0.00,38775.32,Registro factura INV-00137,INV-00137,CC-100 Operaciones,Carla Soto 09 00001202
392,2026-04-14,2100,Cuentas por pagar,0.00,89482.40,Registro factura INV-00361,INV-00361,CC-100 Operaciones,Elena Mora 05 00001202
393,2026-03-13,1020,Bancos,0.00,91856.92,Pago factura INV-00071,INV-00071,CC-100 Operaciones,Bruno Garcia 02 00001202
394,2026-05-24,1180,IVA acreditable,7677.28,0.00,Registro factura INV-00052,INV-00052,CC-100 Operaciones,Carla Soto 03 00001202
395,2026-03-01,5000,Gastos operativos,20047.00,0.00,Registro factura INV-00003,INV-00003,CC-100 Operaciones,Ana Ruiz 01 00001202
396,2026-06-05,2100,Cuentas por pagar,0.00,36687.32,Registro factura INV-00051,INV-00051,CC-100 Operaciones,Carla Soto 09 00001202
397,2026-06-15,1180,IVA acreditable,8953.44,0.00,Registro factura INV-00248,INV-00248,CC-100 Operaciones,Elena Mora 05 00001202
398,2026-03-27,2100,Cuentas por pagar,0.00,76809.40,Registro factura INV-00021,INV-00021,CC-100 Operaciones,Carla Soto 09 00001202
399,2026-02-07,1180,IVA acreditable,10065.28,0.00,Registro factura INV-00263,INV-00263,CC-100 Operaciones,Carla Soto 09 00001202
400,2026-01-20,5000,Gastos operativos,20068.00,0.00,Registro factura INV-00027,INV-00027,CC-100 Operaciones,Ana Ruiz 01 00001202
401,2026-05-16,2100,Cuentas por pagar,0.00,98159.20,Registro factura INV-00168,INV-00168,CC-100 Operaciones,Ana Ruiz 01 00001202
402,2026-03-23,2100,Cuentas por pagar,0.00,66208.16,Registro factura INV-00281,INV-00281,CC-100 Operaciones,Elena Mora 05 00001202
403,2026-01-28,5000,Gastos operativos,80755.00,0.00,Registro factura INV-00125,INV-00125,CC-100 Operaciones,Carla Soto 03 00001202
404,2026-01-09,2100,Cuentas por pagar,0.00,46998.56,Registro factura INV-00183,INV-00183,CC-100 Operaciones,Diego Luna 10 00001202
405,2026-01-30,2100,Cuentas por pagar,0.00,37106.08,Registro factura INV-00300,INV-00300,CC-100 Operaciones,Carla Soto 09 00001202
406,2026-01-28,2100,Cuentas por pagar,37208.16,0.00,Pago factura INV-00065,INV-00065,CC-100 Operaciones,Bruno Garcia 02 00001202
407,2026-06-25,5000,Gastos operativos,33115.00,0.00,Registro factura INV-00250,INV-00250,CC-100 Operaciones,Carla Soto 09 00001202
408,2026-01-28,2100,Cuentas por pagar,93240.80,0.00,Pago factura INV-00162,INV-00162,CC-100 Operaciones,Bruno Garcia 02 00001202
409,2026-06-12,1180,IVA acreditable,11930.24,0.00,Registro factura INV-00330,INV-00330,CC-100 Operaciones,Diego Luna 04 00001202
410,2026-06-09,2100,Cuentas por pagar,0.00,28096.36,Registro factura INV-00066,INV-00066,CC-100 Operaciones,Ana Ruiz 07 00001202
411,2026-01-23,2100,Cuentas por pagar,14674.93,0.00,Pago factura INV-00299,INV-00299,CC-100 Operaciones,Bruno Garcia 02 00001202
412,2026-01-20,1180,IVA acreditable,12633.92,0.00,Registro factura INV-00020,INV-00020,CC-100 Operaciones,Carla Soto 03 00001202
413,2026-06-09,1180,IVA acreditable,9215.84,0.00,Registro factura INV-00237,INV-00237,CC-100 Operaciones,Elena Mora 05 00001202
414,2026-06-14,2100,Cuentas por pagar,78093.52,0.00,Pago factura INV-00068,INV-00068,CC-100 Operaciones,Bruno Garcia 02 00001202
415,2026-03-06,1180,IVA acreditable,8278.88,0.00,Registro factura INV-00331,INV-00331,CC-100 Operaciones,Bruno Garcia 02 00001202
416,2026-03-04,1020,Bancos,0.00,15923.32,Pago factura INV-00099,INV-00099,CC-100 Operaciones,Bruno Garcia 02 00001202
417,2026-02-17,1180,IVA acreditable,4697.12,0.00,Registro factura INV-00130,INV-00130,CC-100 Operaciones,Carla Soto 03 00001202
418,2026-04-27,2100,Cuentas por pagar,46256.16,0.00,Pago factura INV-00329,INV-00329,CC-100 Operaciones,Bruno Garcia 02 00001202
419,2026-04-15,2100,Cuentas por pagar,32692.28,0.00,Pago factura INV-00181,INV-00181,CC-100 Operaciones,Bruno Garcia 02 00001202
420,2026-02-05,2100,Cuentas por pagar,42743.68,0.00,Pago factura INV-00272,INV-00272,CC-100 Operaciones,Bruno Garcia 02 00001202
421,2026-02-18,5000,Gastos operativos,69587.00,0.00,Registro factura INV-00014,INV-00014,CC-100 Operaciones,Diego Luna 10 00001202
422,2026-06-24,5000,Gastos operativos,71076.00,0.00,Registro factura INV-00201,INV-00201,CC-100 Operaciones,Diego Luna 04 00001202
423,2026-02-12,1020,Bancos,0.00,64029.68,Pago factura INV-00188,INV-00188,CC-100 Operaciones,Bruno Garcia 02 00001202
424,2026-06-30,1020,Bancos,0.00,45823.48,Pago factura INV-00174,INV-00174,CC-100 Operaciones,Bruno Garcia 02 00001202
425,2026-03-16,5000,Gastos operativos,64193.00,0.00,Registro factura INV-00304,INV-00304,CC-100 Operaciones,Bruno Garcia 08 00001202
426,2026-03-03,5000,Gastos operativos,84948.00,0.00,Registro factura INV-00019,INV-00019,CC-100 Operaciones,Elena Mora 05 00001202
427,2026-02-01,2100,Cuentas por pagar,67988.76,0.00,Pago factura INV-00224,INV-00224,CC-100 Operaciones,Bruno Garcia 02 00001202
428,2026-03-12,2100,Cuentas por pagar,68160.44,0.00,Pago factura INV-00354,INV-00354,CC-100 Operaciones,Bruno Garcia 02 00001202
429,2026-05-07,1180,IVA acreditable,2498.08,0.00,Registro factura INV-00004,INV-00004,CC-100 Operaciones,Bruno Garcia 02 00001202
430,2026-03-28,1180,IVA acreditable,11119.36,0.00,Registro factura INV-00363,INV-00363,CC-100 Operaciones,Fabian Rios 06 00001202
431,2026-02-28,1180,IVA acreditable,2760.16,0.00,Registro factura INV-00360,INV-00360,CC-100 Operaciones,Diego Luna 04 00001202
432,2026-03-03,1180,IVA acreditable,13591.68,0.00,Registro factura INV-00019,INV-00019,CC-100 Operaciones,Elena Mora 05 00001202
433,2026-03-16,1180,IVA acreditable,2106.88,0.00,Registro factura INV-00074,INV-00074,CC-100 Operaciones,Fabian Rios 06 00001202
434,2026-01-11,5000,Gastos operativos,76189.00,0.00,Registro factura INV-00244,INV-00244,CC-100 Operaciones,Diego Luna 04 00001202
435,2026-06-22,2100,Cuentas por pagar,86494.24,0.00,Pago factura INV-00330,INV-00330,CC-100 Operaciones,Bruno Garcia 02 00001202
436,2026-06-09,5000,Gastos operativos,24221.00,0.00,Registro factura INV-00066,INV-00066,CC-100 Operaciones,Ana Ruiz 07 00001202
437,2026-04-10,2100,Cuentas por pagar,104576.32,0.00,Pago factura INV-00336,INV-00336,CC-100 Operaciones,Bruno Garcia 02 00001202
438,2026-03-01,1020,Bancos,0.00,57916.48,Pago factura INV-00167,INV-00167,CC-100 Operaciones,Bruno Garcia 02 00001202
439,2026-02-12,1050,Cuentas por cobrar,64349.84,0.00,Registro venta INV-00289,INV-00289,CC-100 Operaciones,Bruno Garcia 02 00001202
440,2026-06-30,2100,Cuentas por pagar,82448.16,0.00,Pago factura INV-00201,INV-00201,CC-100 Operaciones,Bruno Garcia 02 00001202
441,2026-03-18,1020,Bancos,0.00,83101.24,Pago factura INV-00095,INV-00095,CC-100 Operaciones,Bruno Garcia 02 00001202
442,2026-04-10,5000,Gastos operativos,79029.00,0.00,Registro factura INV-00369,INV-00369,CC-100 Operaciones,Carla Soto 09 00001202
443,2026-05-15,5000,Gastos operativos,74421.00,0.00,Registro factura INV-00165,INV-00165,CC-100 Operaciones,Fabian Rios 06 00001202
444,2026-04-16,2100,Cuentas por pagar,0.00,45003.36,Registro factura INV-00287,INV-00287,CC-100 Operaciones,Carla Soto 09 00001202
445,2026-06-23,1180,IVA acreditable,15130.56,0.00,Registro factura INV-00169,INV-00169,CC-100 Operaciones,Ana Ruiz 07 00001202
446,2026-01-16,2100,Cuentas por pagar,0.00,95773.08,Registro factura INV-00153,INV-00153,CC-100 Operaciones,Carla Soto 09 00001202
447,2026-05-18,1020,Bancos,0.00,29647.28,Pago factura INV-00129,INV-00129,CC-100 Operaciones,Bruno Garcia 02 00001202
448,2026-03-23,1180,IVA acreditable,14166.08,0.00,Registro factura INV-00089,INV-00089,CC-100 Operaciones,Carla Soto 03 00001202
449,2026-03-12,1020,Bancos,0.00,19615.36,Pago factura INV-00317,INV-00317,CC-100 Operaciones,Bruno Garcia 02 00001202
450,2026-02-05,2100,Cuentas por pagar,0.00,32692.28,Registro factura INV-00070,INV-00070,CC-100 Operaciones,Carla Soto 03 00001202
451,2026-06-01,2100,Cuentas por pagar,0.00,46875.60,Registro factura INV-00123,INV-00123,CC-100 Operaciones,Elena Mora 05 00001202
452,2026-02-16,1180,IVA acreditable,4709.44,0.00,Registro factura INV-00154,INV-00154,CC-100 Operaciones,Fabian Rios 06 00001202
453,2026-04-23,5000,Gastos operativos,25612.00,0.00,Registro factura INV-00251,INV-00251,CC-100 Operaciones,Diego Luna 04 00001202
454,2026-04-20,1020,Bancos,0.00,91673.64,Pago factura INV-00369,INV-00369,CC-100 Operaciones,Bruno Garcia 02 00001202
455,2026-03-16,5000,Gastos operativos,13168.00,0.00,Registro factura INV-00074,INV-00074,CC-100 Operaciones,Fabian Rios 06 00001202
456,2026-03-24,5000,Gastos operativos,64474.00,0.00,Registro factura INV-00135,INV-00135,CC-100 Operaciones,Diego Luna 10 00001202
457,2026-02-02,2100,Cuentas por pagar,27990.80,0.00,Pago factura INV-00291,INV-00291,CC-100 Operaciones,Bruno Garcia 02 00001202
458,2026-05-15,1020,Bancos,0.00,97788.00,Pago factura INV-00218,INV-00218,CC-100 Operaciones,Bruno Garcia 02 00001202
459,2026-06-11,2100,Cuentas por pagar,46875.60,0.00,Pago factura INV-00123,INV-00123,CC-100 Operaciones,Bruno Garcia 02 00001202
460,2026-03-07,2100,Cuentas por pagar,92340.64,0.00,Pago factura INV-00083,INV-00083,CC-100 Operaciones,Bruno Garcia 02 00001202
461,2026-03-20,1020,Bancos,0.00,51360.16,Pago factura INV-00226,INV-00226,CC-100 Operaciones,Bruno Garcia 02 00001202
462,2026-05-30,2100,Cuentas por pagar,66566.60,0.00,Pago factura INV-00150,INV-00150,CC-100 Operaciones,Bruno Garcia 02 00001202
463,2026-03-17,2100,Cuentas por pagar,0.00,84116.24,Registro factura INV-00209,INV-00209,CC-100 Operaciones,Elena Mora 05 00001202
464,2026-05-03,2100,Cuentas por pagar,52980.68,0.00,Pago factura INV-00214,INV-00214,CC-100 Operaciones,Bruno Garcia 02 00001202
465,2026-06-26,2100,Cuentas por pagar,0.00,62217.76,Registro factura INV-00060,INV-00060,CC-100 Operaciones,Bruno Garcia 08 00001202
466,2026-05-02,2100,Cuentas por pagar,0.00,72254.08,Registro factura INV-00062,INV-00062,CC-100 Operaciones,Ana Ruiz 01 00001202
467,2026-02-19,1020,Bancos,0.00,84645.20,Pago factura INV-00306,INV-00306,CC-100 Operaciones,Bruno Garcia 02 00001202
468,2026-06-30,2100,Cuentas por pagar,50565.56,0.00,Pago factura INV-00082,INV-00082,CC-100 Operaciones,Bruno Garcia 02 00001202
469,2026-06-05,5000,Gastos operativos,86986.00,0.00,Registro factura INV-00079,INV-00079,CC-100 Operaciones,Ana Ruiz 01 00001202
470,2026-06-20,2100,Cuentas por pagar,69129.04,0.00,Pago factura INV-00015,INV-00015,CC-100 Operaciones,Bruno Garcia 02 00001202
471,2026-02-05,1180,IVA acreditable,5060.32,0.00,Registro factura INV-00050,INV-00050,CC-100 Operaciones,Elena Mora 05 00001202
472,2026-05-26,1020,Bancos,0.00,98159.20,Pago factura INV-00168,INV-00168,CC-100 Operaciones,Bruno Garcia 02 00001202
473,2026-01-17,1180,IVA acreditable,9785.60,0.00,Registro factura INV-00034,INV-00034,CC-100 Operaciones,Diego Luna 04 00001202
474,2026-04-15,5000,Gastos operativos,22161.00,0.00,Registro factura INV-00121,INV-00121,CC-100 Operaciones,Diego Luna 10 00001202
475,2026-04-16,1020,Bancos,0.00,68364.60,Pago factura INV-00373,INV-00373,CC-100 Operaciones,Bruno Garcia 02 00001202
476,2026-01-20,1020,Bancos,0.00,76556.52,Pago factura INV-00166,INV-00166,CC-100 Operaciones,Bruno Garcia 02 00001202
477,2026-01-14,5000,Gastos operativos,76622.00,0.00,Registro factura INV-00305,INV-00305,CC-100 Operaciones,Elena Mora 05 00001202
478,2026-01-21,1020,Bancos,0.00,65485.48,Pago factura INV-00255,INV-00255,CC-100 Operaciones,Bruno Garcia 02 00001202
479,2026-03-06,5000,Gastos operativos,48897.00,0.00,Registro factura INV-00348,INV-00348,CC-100 Operaciones,Diego Luna 04 00001202
480,2026-01-20,2100,Cuentas por pagar,76556.52,0.00,Pago factura INV-00166,INV-00166,CC-100 Operaciones,Bruno Garcia 02 00001202
481,2026-04-04,2100,Cuentas por pagar,0.00,68481.76,Registro factura INV-00216,INV-00216,CC-100 Operaciones,Ana Ruiz 01 00001202
482,2026-06-30,2100,Cuentas por pagar,35200.20,0.00,Pago factura INV-00265,INV-00265,CC-100 Operaciones,Bruno Garcia 02 00001202
483,2026-03-13,2100,Cuentas por pagar,98539.68,0.00,Pago factura INV-00019,INV-00019,CC-100 Operaciones,Bruno Garcia 02 00001202
484,2026-01-30,2100,Cuentas por pagar,0.00,51127.00,Registro factura INV-00215,INV-00215,CC-100 Operaciones,Ana Ruiz 07 00001202
485,2026-04-26,1180,IVA acreditable,15065.12,0.00,Registro factura INV-00187,INV-00187,CC-100 Operaciones,Carla Soto 03 00001202
486,2026-04-02,1180,IVA acreditable,8096.96,0.00,Registro factura INV-00009,INV-00009,CC-100 Operaciones,Ana Ruiz 07 00001202
487,2026-02-13,2100,Cuentas por pagar,61823.36,0.00,Pago factura INV-00190,INV-00190,CC-100 Operaciones,Bruno Garcia 02 00001202
488,2026-05-08,1020,Bancos,0.00,21509.88,Pago factura INV-00298,INV-00298,CC-100 Operaciones,Bruno Garcia 02 00001202
489,2026-03-06,2100,Cuentas por pagar,17295.60,0.00,Pago factura INV-00204,INV-00204,CC-100 Operaciones,Bruno Garcia 02 00001202
490,2026-04-01,2100,Cuentas por pagar,62608.68,0.00,Pago factura INV-00370,INV-00370,CC-100 Operaciones,Bruno Garcia 02 00001202
491,2026-03-11,2100,Cuentas por pagar,23254.52,0.00,Pago factura INV-00003,INV-00003,CC-100 Operaciones,Bruno Garcia 02 00001202
492,2026-03-23,5000,Gastos operativos,88538.00,0.00,Registro factura INV-00089,INV-00089,CC-100 Operaciones,Carla Soto 03 00001202
493,2026-02-19,2100,Cuentas por pagar,0.00,57916.48,Registro factura INV-00167,INV-00167,CC-100 Operaciones,Ana Ruiz 07 00001202
494,2026-01-26,2100,Cuentas por pagar,0.00,79987.80,Registro factura INV-00295,INV-00295,CC-100 Operaciones,Carla Soto 03 00001202
495,2026-04-09,5000,Gastos operativos,40000.00,0.00,Registro factura INV-00096,INV-00096,CC-100 Operaciones,Bruno Garcia 08 00001202
496,2026-04-04,1020,Bancos,0.00,17575.16,Pago factura INV-00116,INV-00116,CC-100 Operaciones,Bruno Garcia 02 00001202
497,2026-04-04,2100,Cuentas por pagar,0.00,54045.56,Registro factura INV-00257,INV-00257,CC-100 Operaciones,Carla Soto 09 00001202
498,2026-04-30,2100,Cuentas por pagar,84152.20,0.00,Pago factura INV-00151,INV-00151,CC-100 Operaciones,Bruno Garcia 02 00001202
499,2026-06-13,2100,Cuentas por pagar,103219.12,0.00,Pago factura INV-00045,INV-00045,CC-100 Operaciones,Bruno Garcia 02 00001202
500,2026-03-31,1180,IVA acreditable,14424.32,0.00,Registro factura INV-00336,INV-00336,CC-100 Operaciones,Carla Soto 03 00001202
501,2026-02-16,2100,Cuentas por pagar,0.00,108977.36,Registro factura INV-00041,INV-00041,CC-100 Operaciones,Bruno Garcia 08 00001202
502,2026-04-03,2100,Cuentas por pagar,33820.96,0.00,Pago factura INV-00073,INV-00073,CC-100 Operaciones,Bruno Garcia 02 00001202
503,2026-04-13,1180,IVA acreditable,4067.04,0.00,Registro factura INV-00315,INV-00315,CC-100 Operaciones,Diego Luna 10 00001202
504,2026-02-10,1020,Bancos,0.00,79115.48,Pago factura INV-00235,INV-00235,CC-100 Operaciones,Bruno Garcia 02 00001202
505,2026-05-08,5000,Gastos operativos,25558.00,0.00,Registro factura INV-00129,INV-00129,CC-100 Operaciones,Carla Soto 09 00001202
506,2026-06-22,5000,Gastos operativos,12627.00,0.00,Registro factura INV-00140,INV-00140,CC-100 Operaciones,Diego Luna 10 00001202
507,2026-03-07,5000,Gastos operativos,47742.00,0.00,Registro factura INV-00058,INV-00058,CC-100 Operaciones,Carla Soto 09 00001202
508,2026-06-28,2100,Cuentas por pagar,0.00,84050.12,Registro factura INV-00282,INV-00282,CC-100 Operaciones,Bruno Garcia 08 00001202
509,2026-06-22,2100,Cuentas por pagar,64801.08,0.00,Pago factura INV-00144,INV-00144,CC-100 Operaciones,Bruno Garcia 02 00001202
510,2026-01-26,1180,IVA acreditable,11032.80,0.00,Registro factura INV-00295,INV-00295,CC-100 Operaciones,Carla Soto 03 00001202
511,2026-04-15,1020,Bancos,0.00,48025.16,Pago factura INV-00342,INV-00342,CC-100 Operaciones,Bruno Garcia 02 00001202
512,2026-04-04,1180,IVA acreditable,9445.76,0.00,Registro factura INV-00216,INV-00216,CC-100 Operaciones,Ana Ruiz 01 00001202
513,2026-06-10,1020,Bancos,0.00,81871.64,Pago factura INV-00017,INV-00017,CC-100 Operaciones,Bruno Garcia 02 00001202
514,2026-01-31,2100,Cuentas por pagar,71328.40,0.00,Pago factura INV-00350,INV-00350,CC-100 Operaciones,Bruno Garcia 02 00001202
515,2026-01-19,2100,Cuentas por pagar,0.00,26100.00,Registro factura INV-00256,INV-00256,CC-100 Operaciones,Carla Soto 09 00001202
516,2026-02-19,2100,Cuentas por pagar,25919.04,0.00,Pago factura INV-00211,INV-00211,CC-100 Operaciones,Bruno Garcia 02 00001202
517,2026-01-16,2100,Cuentas por pagar,0.00,99417.80,Registro factura INV-00366,INV-00366,CC-100 Operaciones,Ana Ruiz 07 00001202
518,2026-03-06,5000,Gastos operativos,51743.00,0.00,Registro factura INV-00331,INV-00331,CC-100 Operaciones,Bruno Garcia 02 00001202
519,2026-05-16,5000,Gastos operativos,84620.00,0.00,Registro factura INV-00168,INV-00168,CC-100 Operaciones,Ana Ruiz 01 00001202
520,2026-03-20,5000,Gastos operativos,40210.00,0.00,Registro factura INV-00228,INV-00228,CC-100 Operaciones,Bruno Garcia 02 00001202
521,2026-05-29,2100,Cuentas por pagar,0.00,58658.88,Registro factura INV-00277,INV-00277,CC-100 Operaciones,Diego Luna 04 00001202
522,2026-04-21,1180,IVA acreditable,14141.44,0.00,Registro factura INV-00005,INV-00005,CC-100 Operaciones,Diego Luna 10 00001202
523,2026-05-05,2100,Cuentas por pagar,0.00,38775.32,Registro factura INV-00296,INV-00296,CC-100 Operaciones,Bruno Garcia 02 00001202
524,2026-05-24,2100,Cuentas por pagar,0.00,18909.16,Registro factura INV-00146,INV-00146,CC-100 Operaciones,Elena Mora 05 00001202
525,2026-03-01,5000,Gastos operativos,26398.00,0.00,Registro factura INV-00105,INV-00105,CC-100 Operaciones,Carla Soto 03 00001202
526,2026-02-22,2100,Cuentas por pagar,0.00,57863.12,Registro factura INV-00275,INV-00275,CC-100 Operaciones,Diego Luna 04 00001202
527,2026-05-11,2100,Cuentas por pagar,32375.60,0.00,Pago factura INV-00303,INV-00303,CC-100 Operaciones,Bruno Garcia 02 00001202
528,2026-01-12,1180,IVA acreditable,11076.32,0.00,Registro factura INV-00352,INV-00352,CC-100 Operaciones,Carla Soto 03 00001202
529,2026-02-21,2100,Cuentas por pagar,0.00,46526.44,Registro factura INV-00031,INV-00031,CC-100 Operaciones,Diego Luna 04 00001202
530,2026-02-21,1020,Bancos,0.00,60714.40,Pago factura INV-00189,INV-00189,CC-100 Operaciones,Bruno Garcia 02 00001202
531,2026-06-14,1180,IVA acreditable,10100.96,0.00,Registro factura INV-00270,INV-00270,CC-100 Operaciones,Bruno Garcia 08 00001202
532,2026-05-07,5000,Gastos operativos,15613.00,0.00,Registro factura INV-00004,INV-00004,CC-100 Operaciones,Bruno Garcia 02 00001202
533,2026-03-13,1180,IVA acreditable,10487.68,0.00,Registro factura INV-00104,INV-00104,CC-100 Operaciones,Ana Ruiz 07 00001202
534,2026-05-21,5000,Gastos operativos,36095.00,0.00,Registro factura INV-00285,INV-00285,CC-100 Operaciones,Bruno Garcia 02 00001202
535,2026-02-03,2100,Cuentas por pagar,83320.48,0.00,Pago factura INV-00203,INV-00203,CC-100 Operaciones,Bruno Garcia 02 00001202
536,2026-05-31,1180,IVA acreditable,2752.96,0.00,Registro factura INV-00274,INV-00274,CC-100 Operaciones,Diego Luna 10 00001202
537,2026-05-01,2100,Cuentas por pagar,0.00,53037.52,Registro factura INV-00056,INV-00056,CC-100 Operaciones,Diego Luna 04 00001202
538,2026-04-16,2100,Cuentas por pagar,15887.36,0.00,Pago factura INV-00198,INV-00198,CC-100 Operaciones,Bruno Garcia 02 00001202
539,2026-01-30,5000,Gastos operativos,44075.00,0.00,Registro factura INV-00215,INV-00215,CC-100 Operaciones,Ana Ruiz 07 00001202
540,2026-03-12,2100,Cuentas por pagar,0.00,43788.84,Registro factura INV-00319,INV-00319,CC-100 Operaciones,Diego Luna 04 00001202
541,2026-04-29,1020,Bancos,0.00,44450.04,Pago factura INV-00220,INV-00220,CC-100 Operaciones,Bruno Garcia 02 00001202
542,2026-05-15,1180,IVA acreditable,11907.36,0.00,Registro factura INV-00165,INV-00165,CC-100 Operaciones,Fabian Rios 06 00001202
543,2026-03-02,5000,Gastos operativos,58759.00,0.00,Registro factura INV-00354,INV-00354,CC-100 Operaciones,Bruno Garcia 08 00001202
544,2026-06-28,1020,Bancos,0.00,70592.96,Pago factura INV-00006,INV-00006,CC-100 Operaciones,Bruno Garcia 02 00001202
545,2026-06-17,1020,Bancos,0.00,101750.56,Pago factura INV-00353,INV-00353,CC-100 Operaciones,Bruno Garcia 02 00001202
546,2026-06-23,2100,Cuentas por pagar,0.00,109696.56,Registro factura INV-00169,INV-00169,CC-100 Operaciones,Ana Ruiz 07 00001202
547,2026-06-29,2100,Cuentas por pagar,109278.96,0.00,Pago factura INV-00048,INV-00048,CC-100 Operaciones,Bruno Garcia 02 00001202
548,2026-04-16,1020,Bancos,0.00,15887.36,Pago factura INV-00198,INV-00198,CC-100 Operaciones,Bruno Garcia 02 00001202
549,2026-06-12,2100,Cuentas por pagar,99331.96,0.00,Pago factura INV-00044,INV-00044,CC-100 Operaciones,Bruno Garcia 02 00001202
550,2026-01-05,5000,Gastos operativos,33427.00,0.00,Registro factura INV-00032,INV-00032,CC-100 Operaciones,Bruno Garcia 08 00001202
551,2026-01-21,5000,Gastos operativos,65976.00,0.00,Registro factura INV-00239,INV-00239,CC-100 Operaciones,Diego Luna 10 00001202
552,2026-03-27,2100,Cuentas por pagar,0.00,93179.32,Registro factura INV-00163,INV-00163,CC-100 Operaciones,Ana Ruiz 07 00001202
553,2026-05-08,2100,Cuentas por pagar,79956.48,0.00,Pago factura INV-00001,INV-00001,CC-100 Operaciones,Bruno Garcia 02 00001202
554,2026-05-10,2100,Cuentas por pagar,0.00,93084.20,Registro factura INV-00011,INV-00011,CC-100 Operaciones,Carla Soto 03 00001202
555,2026-02-21,1180,IVA acreditable,6417.44,0.00,Registro factura INV-00031,INV-00031,CC-100 Operaciones,Diego Luna 04 00001202
556,2026-02-20,1180,IVA acreditable,6317.60,0.00,Registro factura INV-00335,INV-00335,CC-100 Operaciones,Diego Luna 04 00001202
557,2026-02-24,1020,Bancos,0.00,68684.76,Pago factura INV-00356,INV-00356,CC-100 Operaciones,Bruno Garcia 02 00001202
558,2026-02-03,2100,Cuentas por pagar,0.00,61823.36,Registro factura INV-00190,INV-00190,CC-100 Operaciones,Carla Soto 03 00001202
559,2026-02-21,2100,Cuentas por pagar,60714.40,0.00,Pago factura INV-00189,INV-00189,CC-100 Operaciones,Bruno Garcia 02 00001202
560,2026-05-23,1020,Bancos,0.00,13076.92,Pago factura INV-00016,INV-00016,CC-100 Operaciones,Bruno Garcia 02 00001202
561,2026-06-02,5000,Gastos operativos,85631.00,0.00,Registro factura INV-00044,INV-00044,CC-100 Operaciones,Diego Luna 10 00001202
562,2026-06-30,1020,Bancos,0.00,73816.60,Pago factura INV-00227,INV-00227,CC-100 Operaciones,Bruno Garcia 02 00001202
563,2026-04-01,2100,Cuentas por pagar,0.00,50259.32,Registro factura INV-00087,INV-00087,CC-100 Operaciones,Bruno Garcia 02 00001202
564,2026-02-06,2100,Cuentas por pagar,105010.16,0.00,Pago factura INV-00022,INV-00022,CC-100 Operaciones,Bruno Garcia 02 00001202
565,2026-04-28,2100,Cuentas por pagar,28023.28,0.00,Pago factura INV-00278,INV-00278,CC-100 Operaciones,Bruno Garcia 02 00001202
566,2026-04-24,5000,Gastos operativos,31106.00,0.00,Registro factura INV-00175,INV-00175,CC-100 Operaciones,Ana Ruiz 01 00001202
567,2026-05-21,1180,IVA acreditable,5775.20,0.00,Registro factura INV-00285,INV-00285,CC-100 Operaciones,Bruno Garcia 02 00001202
568,2026-05-21,1020,Bancos,0.00,103477.80,Pago factura INV-00359,INV-00359,CC-100 Operaciones,Bruno Garcia 02 00001202
569,2026-01-22,1020,Bancos,0.00,80303.32,Pago factura INV-00352,INV-00352,CC-100 Operaciones,Bruno Garcia 02 00001202
570,2026-04-23,1020,Bancos,0.00,29486.04,Pago factura INV-00315,INV-00315,CC-100 Operaciones,Bruno Garcia 02 00001202
571,2026-03-01,2100,Cuentas por pagar,84478.16,0.00,Pago factura INV-00164,INV-00164,CC-100 Operaciones,Bruno Garcia 02 00001202
572,2026-03-17,2100,Cuentas por pagar,45773.60,0.00,Pago factura INV-00313,INV-00313,CC-100 Operaciones,Bruno Garcia 02 00001202
573,2026-06-05,1020,Bancos,0.00,90745.64,Pago factura INV-00106,INV-00106,CC-100 Operaciones,Bruno Garcia 02 00001202
574,2026-04-29,2100,Cuentas por pagar,44450.04,0.00,Pago factura INV-00220,INV-00220,CC-100 Operaciones,Bruno Garcia 02 00001202
575,2026-04-06,5000,Gastos operativos,13696.00,0.00,Registro factura INV-00198,INV-00198,CC-100 Operaciones,Carla Soto 03 00001202
576,2026-06-19,2100,Cuentas por pagar,28096.36,0.00,Pago factura INV-00066,INV-00066,CC-100 Operaciones,Bruno Garcia 02 00001202
577,2026-03-03,1020,Bancos,0.00,90634.28,Pago factura INV-00229,INV-00229,CC-100 Operaciones,Bruno Garcia 02 00001202
578,2026-02-24,2100,Cuentas por pagar,82310.12,0.00,Pago factura INV-00028,INV-00028,CC-100 Operaciones,Bruno Garcia 02 00001202
579,2026-04-05,1180,IVA acreditable,6624.16,0.00,Registro factura INV-00342,INV-00342,CC-100 Operaciones,Bruno Garcia 08 00001202
580,2026-01-31,2100,Cuentas por pagar,0.00,95136.24,Registro factura INV-00088,INV-00088,CC-100 Operaciones,Diego Luna 04 00001202
581,2026-05-02,1020,Bancos,0.00,14417.64,Pago factura INV-00245,INV-00245,CC-100 Operaciones,Bruno Garcia 02 00001202
582,2026-03-27,1180,IVA acreditable,12000.00,0.00,Registro factura INV-00236,INV-00236,CC-100 Operaciones,Carla Soto 03 00001202
583,2026-04-11,2100,Cuentas por pagar,49300.00,0.00,Pago factura INV-00161,INV-00161,CC-100 Operaciones,Bruno Garcia 02 00001202
584,2026-02-01,1020,Bancos,0.00,67988.76,Pago factura INV-00224,INV-00224,CC-100 Operaciones,Bruno Garcia 02 00001202
585,2026-04-28,2100,Cuentas por pagar,80455.28,0.00,Pago factura INV-00362,INV-00362,CC-100 Operaciones,Bruno Garcia 02 00001202
586,2026-02-08,5000,Gastos operativos,13628.00,0.00,Registro factura INV-00243,INV-00243,CC-100 Operaciones,Fabian Rios 06 00001202
587,2026-03-26,2100,Cuentas por pagar,0.00,32478.84,Registro factura INV-00037,INV-00037,CC-100 Operaciones,Bruno Garcia 02 00001202
588,2026-02-26,5000,Gastos operativos,23681.00,0.00,Registro factura INV-00061,INV-00061,CC-100 Operaciones,Bruno Garcia 02 00001202
589,2026-04-09,1180,IVA acreditable,14245.28,0.00,Registro factura INV-00064,INV-00064,CC-100 Operaciones,Diego Luna 04 00001202
590,2026-02-13,1180,IVA acreditable,13639.68,0.00,Registro factura INV-00157,INV-00157,CC-100 Operaciones,Diego Luna 10 00001202
591,2026-04-10,2100,Cuentas por pagar,0.00,54697.48,Registro factura INV-00115,INV-00115,CC-100 Operaciones,Ana Ruiz 01 00001202
592,2026-01-13,5000,Gastos operativos,57130.00,0.00,Registro factura INV-00202,INV-00202,CC-100 Operaciones,Bruno Garcia 08 00001202
593,2026-05-13,2100,Cuentas por pagar,103260.88,0.00,Pago factura INV-00320,INV-00320,CC-100 Operaciones,Bruno Garcia 02 00001202
594,2026-04-18,5000,Gastos operativos,69358.00,0.00,Registro factura INV-00362,INV-00362,CC-100 Operaciones,Carla Soto 09 00001202
595,2026-06-13,2100,Cuentas por pagar,0.00,36238.40,Registro factura INV-00110,INV-00110,CC-100 Operaciones,Ana Ruiz 01 00001202
596,2026-02-27,1180,IVA acreditable,6402.72,0.00,Registro factura INV-00314,INV-00314,CC-100 Operaciones,Carla Soto 09 00001202
597,2026-04-20,2100,Cuentas por pagar,0.00,46023.00,Registro factura INV-00191,INV-00191,CC-100 Operaciones,Elena Mora 05 00001202
598,2026-05-05,2100,Cuentas por pagar,26805.28,0.00,Pago factura INV-00097,INV-00097,CC-100 Operaciones,Bruno Garcia 02 00001202
599,2026-04-22,2100,Cuentas por pagar,28842.24,0.00,Pago factura INV-00119,INV-00119,CC-100 Operaciones,Bruno Garcia 02 00001202
600,2026-06-27,2100,Cuentas por pagar,59559.04,0.00,Pago factura INV-00253,INV-00253,CC-100 Operaciones,Bruno Garcia 02 00001202
601,2026-05-02,5000,Gastos operativos,62288.00,0.00,Registro factura INV-00062,INV-00062,CC-100 Operaciones,Ana Ruiz 01 00001202
602,2026-06-10,2100,Cuentas por pagar,19958.96,0.00,Pago factura INV-00274,INV-00274,CC-100 Operaciones,Bruno Garcia 02 00001202
603,2026-02-20,5000,Gastos operativos,45618.00,0.00,Registro factura INV-00324,INV-00324,CC-100 Operaciones,Diego Luna 04 00001202
604,2026-04-21,2100,Cuentas por pagar,44665.80,0.00,Pago factura INV-00179,INV-00179,CC-100 Operaciones,Bruno Garcia 02 00001202
605,2026-04-19,2100,Cuentas por pagar,46400.00,0.00,Pago factura INV-00096,INV-00096,CC-100 Operaciones,Bruno Garcia 02 00001202
606,2026-03-28,5000,Gastos operativos,85021.00,0.00,Registro factura INV-00122,INV-00122,CC-100 Operaciones,Diego Luna 04 00001202
607,2026-04-13,1020,Bancos,0.00,55243.84,Pago factura INV-00365,INV-00365,CC-100 Operaciones,Bruno Garcia 02 00001202
608,2026-03-07,5000,Gastos operativos,39460.00,0.00,Registro factura INV-00313,INV-00313,CC-100 Operaciones,Ana Ruiz 01 00001202
609,2026-05-29,1180,IVA acreditable,8090.88,0.00,Registro factura INV-00277,INV-00277,CC-100 Operaciones,Diego Luna 04 00001202
610,2026-04-01,1180,IVA acreditable,6932.32,0.00,Registro factura INV-00087,INV-00087,CC-100 Operaciones,Bruno Garcia 02 00001202
611,2026-03-30,5000,Gastos operativos,50274.00,0.00,Registro factura INV-00152,INV-00152,CC-100 Operaciones,Bruno Garcia 08 00001202
612,2026-01-28,2100,Cuentas por pagar,0.00,93675.80,Registro factura INV-00125,INV-00125,CC-100 Operaciones,Carla Soto 03 00001202
613,2026-05-01,2100,Cuentas por pagar,0.00,32375.60,Registro factura INV-00303,INV-00303,CC-100 Operaciones,Fabian Rios 06 00001202
614,2026-01-19,1180,IVA acreditable,3600.00,0.00,Registro factura INV-00256,INV-00256,CC-100 Operaciones,Carla Soto 09 00001202
615,2026-05-06,2100,Cuentas por pagar,70843.52,0.00,Pago factura INV-00371,INV-00371,CC-100 Operaciones,Bruno Garcia 02 00001202
616,2026-02-12,2100,Cuentas por pagar,92338.32,0.00,Pago factura INV-00035,INV-00035,CC-100 Operaciones,Bruno Garcia 02 00001202
617,2026-03-24,2100,Cuentas por pagar,105764.16,0.00,Pago factura INV-00007,INV-00007,CC-100 Operaciones,Bruno Garcia 02 00001202
618,2026-05-20,1180,IVA acreditable,2110.40,0.00,Registro factura INV-00108,INV-00108,CC-100 Operaciones,Carla Soto 09 00001202
619,2026-01-10,2100,Cuentas por pagar,0.00,76556.52,Registro factura INV-00166,INV-00166,CC-100 Operaciones,Carla Soto 09 00001202
620,2026-02-25,1020,Bancos,0.00,24735.84,Pago factura INV-00222,INV-00222,CC-100 Operaciones,Bruno Garcia 02 00001202
621,2026-03-06,1180,IVA acreditable,7823.52,0.00,Registro factura INV-00348,INV-00348,CC-100 Operaciones,Diego Luna 04 00001202
622,2026-04-08,1180,IVA acreditable,6856.00,0.00,Registro factura INV-00085,INV-00085,CC-100 Operaciones,Ana Ruiz 07 00001202
623,2026-01-23,2100,Cuentas por pagar,0.00,28511.64,Registro factura INV-00252,INV-00252,CC-100 Operaciones,Bruno Garcia 02 00001202
624,2026-04-20,1180,IVA acreditable,11607.20,0.00,Registro factura INV-00151,INV-00151,CC-100 Operaciones,Carla Soto 03 00001202
625,2026-05-02,1180,IVA acreditable,14234.56,0.00,Registro factura INV-00093,INV-00093,CC-100 Operaciones,Carla Soto 03 00001202
626,2026-03-30,2100,Cuentas por pagar,105607.56,0.00,Pago factura INV-00339,INV-00339,CC-100 Operaciones,Bruno Garcia 02 00001202
627,2026-02-28,2100,Cuentas por pagar,0.00,20011.16,Registro factura INV-00360,INV-00360,CC-100 Operaciones,Diego Luna 04 00001202
628,2026-06-20,5000,Gastos operativos,20417.00,0.00,Registro factura INV-00323,INV-00323,CC-100 Operaciones,Bruno Garcia 08 00001202
629,2026-01-12,2100,Cuentas por pagar,0.00,50128.24,Registro factura INV-00240,INV-00240,CC-100 Operaciones,Ana Ruiz 01 00001202
630,2026-06-19,1020,Bancos,0.00,66814.84,Pago factura INV-00237,INV-00237,CC-100 Operaciones,Bruno Garcia 02 00001202
631,2026-02-16,1020,Bancos,0.00,55036.20,Pago factura INV-00327,INV-00327,CC-100 Operaciones,Bruno Garcia 02 00001202
632,2026-01-31,1180,IVA acreditable,13122.24,0.00,Registro factura INV-00088,INV-00088,CC-100 Operaciones,Diego Luna 04 00001202
633,2026-02-04,5000,Gastos operativos,35830.00,0.00,Registro factura INV-00194,INV-00194,CC-100 Operaciones,Diego Luna 10 00001202
634,2026-03-14,1180,IVA acreditable,8499.52,0.00,Registro factura INV-00271,INV-00271,CC-100 Operaciones,Fabian Rios 06 00001202
635,2026-02-02,5000,Gastos operativos,79602.00,0.00,Registro factura INV-00035,INV-00035,CC-100 Operaciones,Fabian Rios 06 00001202
636,2026-02-08,1020,Bancos,44080.00,0.00,Cobro factura INV-00328,INV-00328,CC-100 Operaciones,Bruno Garcia 02 00001202
637,2026-02-28,1180,IVA acreditable,14952.48,0.00,Registro factura INV-00345,INV-00345,CC-100 Operaciones,Fabian Rios 06 00001202
638,2026-05-12,5000,Gastos operativos,88150.00,0.00,Registro factura INV-00038,INV-00038,CC-100 Operaciones,Ana Ruiz 07 00001202
639,2026-02-20,2100,Cuentas por pagar,0.00,52916.88,Registro factura INV-00324,INV-00324,CC-100 Operaciones,Diego Luna 04 00001202
640,2026-06-07,2100,Cuentas por pagar,93457.72,0.00,Pago factura INV-00288,INV-00288,CC-100 Operaciones,Bruno Garcia 02 00001202
641,2026-02-27,1020,Bancos,0.00,34054.12,Pago factura INV-00130,INV-00130,CC-100 Operaciones,Bruno Garcia 02 00001202
642,2026-06-30,2100,Cuentas por pagar,53118.72,0.00,Pago factura INV-00078,INV-00078,CC-100 Operaciones,Bruno Garcia 02 00001202
643,2026-03-09,2100,Cuentas por pagar,0.00,38196.48,Registro factura INV-00158,INV-00158,CC-100 Operaciones,Ana Ruiz 01 00001202
644,2026-05-24,1180,IVA acreditable,2608.16,0.00,Registro factura INV-00146,INV-00146,CC-100 Operaciones,Elena Mora 05 00001202
645,2026-02-28,2100,Cuentas por pagar,80720.92,0.00,Pago factura INV-00014,INV-00014,CC-100 Operaciones,Bruno Garcia 02 00001202
646,2026-06-18,2100,Cuentas por pagar,33350.00,0.00,Pago factura INV-00268,INV-00268,CC-100 Operaciones,Bruno Garcia 02 00001202
647,2026-03-02,1020,Bancos,0.00,45802.60,Pago factura INV-00335,INV-00335,CC-100 Operaciones,Bruno Garcia 02 00001202
648,2026-03-26,1180,IVA acreditable,4479.84,0.00,Registro factura INV-00037,INV-00037,CC-100 Operaciones,Bruno Garcia 02 00001202
649,2026-05-02,2100,Cuentas por pagar,14417.64,0.00,Pago factura INV-00245,INV-00245,CC-100 Operaciones,Bruno Garcia 02 00001202
650,2026-06-07,1020,Bancos,0.00,93457.72,Pago factura INV-00288,INV-00288,CC-100 Operaciones,Bruno Garcia 02 00001202
651,2026-06-28,2100,Cuentas por pagar,0.00,109149.04,Registro factura INV-00280,INV-00280,CC-100 Operaciones,Diego Luna 10 00001202
652,2026-06-30,2100,Cuentas por pagar,45823.48,0.00,Pago factura INV-00174,INV-00174,CC-100 Operaciones,Bruno Garcia 02 00001202
653,2026-03-13,5000,Gastos operativos,65548.00,0.00,Registro factura INV-00104,INV-00104,CC-100 Operaciones,Ana Ruiz 07 00001202
654,2026-06-30,1020,Bancos,0.00,50565.56,Pago factura INV-00082,INV-00082,CC-100 Operaciones,Bruno Garcia 02 00001202
655,2026-01-25,5000,Gastos operativos,75998.00,0.00,Registro factura INV-00100,INV-00100,CC-100 Operaciones,Fabian Rios 06 00001202
656,2026-05-22,2100,Cuentas por pagar,102254.00,0.00,Pago factura INV-00038,INV-00038,CC-100 Operaciones,Bruno Garcia 02 00001202
657,2026-02-02,2100,Cuentas por pagar,0.00,64029.68,Registro factura INV-00188,INV-00188,CC-100 Operaciones,Bruno Garcia 08 00001202
658,2026-03-31,1020,Bancos,0.00,109558.52,Pago factura INV-00210,INV-00210,CC-100 Operaciones,Bruno Garcia 02 00001202
659,2026-06-28,1180,IVA acreditable,15055.04,0.00,Registro factura INV-00280,INV-00280,CC-100 Operaciones,Diego Luna 10 00001202
660,2026-06-27,2100,Cuentas por pagar,14152.00,0.00,Pago factura INV-00311,INV-00311,CC-100 Operaciones,Bruno Garcia 02 00001202
661,2026-06-08,2100,Cuentas por pagar,58658.88,0.00,Pago factura INV-00277,INV-00277,CC-100 Operaciones,Bruno Garcia 02 00001202
662,2026-04-06,5000,Gastos operativos,58935.00,0.00,Registro factura INV-00373,INV-00373,CC-100 Operaciones,Elena Mora 05 00001202
663,2026-05-05,5000,Gastos operativos,33427.00,0.00,Registro factura INV-00296,INV-00296,CC-100 Operaciones,Bruno Garcia 02 00001202
664,2026-06-30,2100,Cuentas por pagar,64624.76,0.00,Pago factura INV-00273,INV-00273,CC-100 Operaciones,Bruno Garcia 02 00001202
665,2026-04-06,1020,Bancos,0.00,76809.40,Pago factura INV-00021,INV-00021,CC-100 Operaciones,Bruno Garcia 02 00001202
666,2026-01-05,5000,Gastos operativos,28183.00,0.00,Registro factura INV-00307,INV-00307,CC-100 Operaciones,Bruno Garcia 02 00001202
667,2026-03-08,2100,Cuentas por pagar,0.00,83101.24,Registro factura INV-00095,INV-00095,CC-100 Operaciones,Fabian Rios 06 00001202
668,2026-06-15,2100,Cuentas por pagar,36687.32,0.00,Pago factura INV-00051,INV-00051,CC-100 Operaciones,Bruno Garcia 02 00001202
669,2026-02-16,2100,Cuentas por pagar,84318.08,0.00,Pago factura INV-00207,INV-00207,CC-100 Operaciones,Bruno Garcia 02 00001202
670,2026-02-20,2100,Cuentas por pagar,62346.52,0.00,Pago factura INV-00355,INV-00355,CC-100 Operaciones,Bruno Garcia 02 00001202
671,2026-02-16,1020,Bancos,0.00,84318.08,Pago factura INV-00207,INV-00207,CC-100 Operaciones,Bruno Garcia 02 00001202
672,2026-02-20,2100,Cuentas por pagar,19869.64,0.00,Pago factura INV-00199,INV-00199,CC-100 Operaciones,Bruno Garcia 02 00001202
673,2026-03-18,2100,Cuentas por pagar,83101.24,0.00,Pago factura INV-00095,INV-00095,CC-100 Operaciones,Bruno Garcia 02 00001202
674,2026-06-30,2100,Cuentas por pagar,35715.24,0.00,Pago factura INV-00337,INV-00337,CC-100 Operaciones,Bruno Garcia 02 00001202
675,2026-05-23,5000,Gastos operativos,27946.00,0.00,Registro factura INV-00340,INV-00340,CC-100 Operaciones,Bruno Garcia 08 00001202
676,2026-05-09,2100,Cuentas por pagar,80811.40,0.00,Pago factura INV-00267,INV-00267,CC-100 Operaciones,Bruno Garcia 02 00001202
677,2026-05-01,1020,Bancos,0.00,102525.44,Pago factura INV-00005,INV-00005,CC-100 Operaciones,Bruno Garcia 02 00001202
678,2026-05-16,2100,Cuentas por pagar,37567.76,0.00,Pago factura INV-00098,INV-00098,CC-100 Operaciones,Bruno Garcia 02 00001202
679,2026-05-28,5000,Gastos operativos,80567.00,0.00,Registro factura INV-00288,INV-00288,CC-100 Operaciones,Carla Soto 09 00001202
680,2026-01-22,5000,Gastos operativos,64677.00,0.00,Registro factura INV-00109,INV-00109,CC-100 Operaciones,Ana Ruiz 07 00001202
681,2026-05-30,1180,IVA acreditable,4860.96,0.00,Registro factura INV-00030,INV-00030,CC-100 Operaciones,Ana Ruiz 01 00001202
682,2026-01-05,1180,IVA acreditable,4509.28,0.00,Registro factura INV-00307,INV-00307,CC-100 Operaciones,Bruno Garcia 02 00001202
683,2026-06-11,1180,IVA acreditable,8718.56,0.00,Registro factura INV-00029,INV-00029,CC-100 Operaciones,Ana Ruiz 01 00001202
684,2026-06-04,1020,Bancos,0.00,24953.92,Pago factura INV-00283,INV-00283,CC-100 Operaciones,Bruno Garcia 02 00001202
685,2026-03-27,1180,IVA acreditable,12852.32,0.00,Registro factura INV-00163,INV-00163,CC-100 Operaciones,Ana Ruiz 07 00001202
686,2026-05-01,2100,Cuentas por pagar,108248.88,0.00,Pago factura INV-00069,INV-00069,CC-100 Operaciones,Bruno Garcia 02 00001202
687,2026-06-12,2100,Cuentas por pagar,0.00,64801.08,Registro factura INV-00144,INV-00144,CC-100 Operaciones,Fabian Rios 06 00001202
688,2026-04-24,1020,Bancos,0.00,45579.88,Pago factura INV-00221,INV-00221,CC-100 Operaciones,Bruno Garcia 02 00001202
689,2026-01-13,2100,Cuentas por pagar,0.00,66270.80,Registro factura INV-00202,INV-00202,CC-100 Operaciones,Bruno Garcia 08 00001202
690,2026-06-10,2100,Cuentas por pagar,0.00,69129.04,Registro factura INV-00015,INV-00015,CC-100 Operaciones,Diego Luna 04 00001202
691,2026-06-04,5000,Gastos operativos,62910.00,0.00,Registro factura INV-00170,INV-00170,CC-100 Operaciones,Diego Luna 04 00001202
692,2026-03-18,1180,IVA acreditable,3377.76,0.00,Registro factura INV-00238,INV-00238,CC-100 Operaciones,Bruno Garcia 02 00001202
693,2026-04-17,2100,Cuentas por pagar,0.00,46256.16,Registro factura INV-00329,INV-00329,CC-100 Operaciones,Diego Luna 04 00001202
694,2026-06-17,5000,Gastos operativos,12200.00,0.00,Registro factura INV-00311,INV-00311,CC-100 Operaciones,Ana Ruiz 07 00001202
695,2026-04-03,2100,Cuentas por pagar,0.00,95140.88,Registro factura INV-00325,INV-00325,CC-100 Operaciones,Diego Luna 04 00001202
696,2026-02-04,2100,Cuentas por pagar,0.00,59369.96,Registro factura INV-00138,INV-00138,CC-100 Operaciones,Bruno Garcia 08 00001202
697,2026-02-06,5000,Gastos operativos,47445.00,0.00,Registro factura INV-00327,INV-00327,CC-100 Operaciones,Diego Luna 04 00001202
698,2026-03-23,1020,Bancos,0.00,14674.93,Pago factura INV-00080,INV-00080,CC-100 Operaciones,Bruno Garcia 02 00001202
699,2026-02-06,2100,Cuentas por pagar,0.00,55036.20,Registro factura INV-00327,INV-00327,CC-100 Operaciones,Diego Luna 04 00001202
700,2026-03-30,1020,Bancos,0.00,105607.56,Pago factura INV-00339,INV-00339,CC-100 Operaciones,Bruno Garcia 02 00001202
701,2026-01-23,1020,Bancos,0.00,66270.80,Pago factura INV-00202,INV-00202,CC-100 Operaciones,Bruno Garcia 02 00001202
702,2026-02-26,2100,Cuentas por pagar,0.00,38016.68,Registro factura INV-00059,INV-00059,CC-100 Operaciones,Diego Luna 10 00001202
703,2026-01-24,5000,Gastos operativos,52875.00,0.00,Registro factura INV-00178,INV-00178,CC-100 Operaciones,Ana Ruiz 07 00001202
704,2026-02-17,1020,Bancos,0.00,72973.28,Pago factura INV-00263,INV-00263,CC-100 Operaciones,Bruno Garcia 02 00001202
705,2026-02-04,2100,Cuentas por pagar,88157.68,0.00,Pago factura INV-00100,INV-00100,CC-100 Operaciones,Bruno Garcia 02 00001202
706,2026-04-05,5000,Gastos operativos,41401.00,0.00,Registro factura INV-00342,INV-00342,CC-100 Operaciones,Bruno Garcia 08 00001202
707,2026-06-30,1020,Bancos,0.00,109696.56,Pago factura INV-00169,INV-00169,CC-100 Operaciones,Bruno Garcia 02 00001202
708,2026-06-13,1180,IVA acreditable,4998.40,0.00,Registro factura INV-00110,INV-00110,CC-100 Operaciones,Ana Ruiz 01 00001202
709,2026-04-01,1180,IVA acreditable,12294.24,0.00,Registro factura INV-00107,INV-00107,CC-100 Operaciones,Diego Luna 10 00001202
710,2026-01-27,2100,Cuentas por pagar,70945.60,0.00,Pago factura INV-00034,INV-00034,CC-100 Operaciones,Bruno Garcia 02 00001202
711,2026-05-05,1020,Bancos,0.00,26805.28,Pago factura INV-00097,INV-00097,CC-100 Operaciones,Bruno Garcia 02 00001202
712,2026-03-15,1180,IVA acreditable,2384.16,0.00,Registro factura INV-00262,INV-00262,CC-100 Operaciones,Carla Soto 03 00001202
713,2026-04-26,2100,Cuentas por pagar,45003.36,0.00,Pago factura INV-00287,INV-00287,CC-100 Operaciones,Bruno Garcia 02 00001202
714,2026-01-29,1180,IVA acreditable,6719.52,0.00,Registro factura INV-00049,INV-00049,CC-100 Operaciones,Bruno Garcia 02 00001202
715,2026-04-09,1020,Bancos,0.00,76164.44,Pago factura INV-00341,INV-00341,CC-100 Operaciones,Bruno Garcia 02 00001202
716,2026-03-09,1180,IVA acreditable,4549.44,0.00,Registro factura INV-00134,INV-00134,CC-100 Operaciones,Carla Soto 03 00001202
717,2026-05-20,1020,Bancos,0.00,93084.20,Pago factura INV-00011,INV-00011,CC-100 Operaciones,Bruno Garcia 02 00001202
718,2026-04-29,5000,Gastos operativos,69665.00,0.00,Registro factura INV-00267,INV-00267,CC-100 Operaciones,Diego Luna 10 00001202
719,2026-04-19,5000,Gastos operativos,38319.00,0.00,Registro factura INV-00220,INV-00220,CC-100 Operaciones,Bruno Garcia 08 00001202
720,2026-05-07,2100,Cuentas por pagar,0.00,78077.28,Registro factura INV-00114,INV-00114,CC-100 Operaciones,Diego Luna 04 00001202
721,2026-03-06,2100,Cuentas por pagar,0.00,60021.88,Registro factura INV-00331,INV-00331,CC-100 Operaciones,Bruno Garcia 02 00001202
722,2026-04-11,5000,Gastos operativos,38505.00,0.00,Registro factura INV-00179,INV-00179,CC-100 Operaciones,Diego Luna 04 00001202
723,2026-05-31,1020,Bancos,0.00,41870.20,Pago factura INV-00285,INV-00285,CC-100 Operaciones,Bruno Garcia 02 00001202
724,2026-06-18,5000,Gastos operativos,44588.00,0.00,Registro factura INV-00159,INV-00159,CC-100 Operaciones,Fabian Rios 06 00001202
725,2026-04-05,2100,Cuentas por pagar,0.00,60897.68,Registro factura INV-00254,INV-00254,CC-100 Operaciones,Fabian Rios 06 00001202
726,2026-06-21,2100,Cuentas por pagar,21732.60,0.00,Pago factura INV-00182,INV-00182,CC-100 Operaciones,Bruno Garcia 02 00001202
727,2026-02-28,1020,Bancos,0.00,108580.64,Pago factura INV-00042,INV-00042,CC-100 Operaciones,Bruno Garcia 02 00001202
728,2026-03-15,2100,Cuentas por pagar,68117.52,0.00,Pago factura INV-00145,INV-00145,CC-100 Operaciones,Bruno Garcia 02 00001202
729,2026-02-08,2100,Cuentas por pagar,48716.52,0.00,Pago factura INV-00049,INV-00049,CC-100 Operaciones,Bruno Garcia 02 00001202
730,2026-04-14,5000,Gastos operativos,77140.00,0.00,Registro factura INV-00361,INV-00361,CC-100 Operaciones,Elena Mora 05 00001202
731,2026-03-20,2100,Cuentas por pagar,56408.48,0.00,Pago factura INV-00259,INV-00259,CC-100 Operaciones,Bruno Garcia 02 00001202
732,2026-06-21,5000,Gastos operativos,79123.00,0.00,Registro factura INV-00200,INV-00200,CC-100 Operaciones,Elena Mora 05 00001202
733,2026-03-05,2100,Cuentas por pagar,35049.40,0.00,Pago factura INV-00258,INV-00258,CC-100 Operaciones,Bruno Garcia 02 00001202
734,2026-02-12,2100,Cuentas por pagar,64029.68,0.00,Pago factura INV-00188,INV-00188,CC-100 Operaciones,Bruno Garcia 02 00001202
735,2026-02-15,2100,Cuentas por pagar,38713.84,0.00,Pago factura INV-00223,INV-00223,CC-100 Operaciones,Bruno Garcia 02 00001202
736,2026-06-30,1020,Bancos,0.00,76901.04,Pago factura INV-00284,INV-00284,CC-100 Operaciones,Bruno Garcia 02 00001202
737,2026-03-03,2100,Cuentas por pagar,50564.40,0.00,Pago factura INV-00012,INV-00012,CC-100 Operaciones,Bruno Garcia 02 00001202
738,2026-02-02,2100,Cuentas por pagar,0.00,92338.32,Registro factura INV-00035,INV-00035,CC-100 Operaciones,Fabian Rios 06 00001202
739,2026-06-08,2100,Cuentas por pagar,53674.36,0.00,Pago factura INV-00086,INV-00086,CC-100 Operaciones,Bruno Garcia 02 00001202
740,2026-06-15,2100,Cuentas por pagar,0.00,109306.80,Registro factura INV-00126,INV-00126,CC-100 Operaciones,Ana Ruiz 07 00001202
741,2026-02-13,5000,Gastos operativos,48997.00,0.00,Registro factura INV-00343,INV-00343,CC-100 Operaciones,Ana Ruiz 07 00001202
742,2026-06-03,2100,Cuentas por pagar,0.00,103219.12,Registro factura INV-00045,INV-00045,CC-100 Operaciones,Ana Ruiz 07 00001202
743,2026-02-11,1020,Bancos,0.00,57908.36,Pago factura INV-00242,INV-00242,CC-100 Operaciones,Bruno Garcia 02 00001202
744,2026-06-16,1020,Bancos,0.00,110171.00,Pago factura INV-00024,INV-00024,CC-100 Operaciones,Bruno Garcia 02 00001202
745,2026-04-21,1020,Bancos,0.00,44665.80,Pago factura INV-00179,INV-00179,CC-100 Operaciones,Bruno Garcia 02 00001202
746,2026-06-30,2100,Cuentas por pagar,81658.20,0.00,Pago factura INV-00002,INV-00002,CC-100 Operaciones,Bruno Garcia 02 00001202
747,2026-06-14,5000,Gastos operativos,63131.00,0.00,Registro factura INV-00270,INV-00270,CC-100 Operaciones,Bruno Garcia 08 00001202
748,2026-03-18,5000,Gastos operativos,21111.00,0.00,Registro factura INV-00238,INV-00238,CC-100 Operaciones,Bruno Garcia 02 00001202
749,2026-06-05,1180,IVA acreditable,4509.28,0.00,Registro factura INV-00176,INV-00176,CC-100 Operaciones,Ana Ruiz 07 00001202
750,2026-01-05,1180,IVA acreditable,5060.32,0.00,Registro factura INV-00299,INV-00299,CC-100 Operaciones,Diego Luna 04 00001202
751,2026-06-03,2100,Cuentas por pagar,0.00,46380.28,Registro factura INV-00172,INV-00172,CC-100 Operaciones,Carla Soto 09 00001202
752,2026-06-30,1020,Bancos,0.00,64624.76,Pago factura INV-00273,INV-00273,CC-100 Operaciones,Bruno Garcia 02 00001202
753,2026-05-14,2100,Cuentas por pagar,0.00,25910.92,Registro factura INV-00297,INV-00297,CC-100 Operaciones,Ana Ruiz 07 00001202
754,2026-06-11,5000,Gastos operativos,54491.00,0.00,Registro factura INV-00029,INV-00029,CC-100 Operaciones,Ana Ruiz 01 00001202
755,2026-04-18,2100,Cuentas por pagar,41464.20,0.00,Pago factura INV-00217,INV-00217,CC-100 Operaciones,Bruno Garcia 02 00001202
756,2026-03-21,5000,Gastos operativos,88072.00,0.00,Registro factura INV-00368,INV-00368,CC-100 Operaciones,Ana Ruiz 01 00001202
757,2026-03-18,5000,Gastos operativos,28568.00,0.00,Registro factura INV-00075,INV-00075,CC-100 Operaciones,Diego Luna 10 00001202
758,2026-06-10,5000,Gastos operativos,59594.00,0.00,Registro factura INV-00015,INV-00015,CC-100 Operaciones,Diego Luna 04 00001202
759,2026-05-22,1020,Bancos,0.00,27894.52,Pago factura INV-00072,INV-00072,CC-100 Operaciones,Bruno Garcia 02 00001202
760,2026-06-01,1180,IVA acreditable,6465.60,0.00,Registro factura INV-00123,INV-00123,CC-100 Operaciones,Elena Mora 05 00001202
761,2026-03-13,2100,Cuentas por pagar,0.00,76035.68,Registro factura INV-00104,INV-00104,CC-100 Operaciones,Ana Ruiz 07 00001202
762,2026-06-14,2100,Cuentas por pagar,0.00,73231.96,Registro factura INV-00270,INV-00270,CC-100 Operaciones,Bruno Garcia 08 00001202
763,2026-02-11,4000,Ingresos por servicios,0.00,55124.00,Registro venta INV-00372,INV-00372,CC-100 Operaciones,Bruno Garcia 02 00001202
764,2026-06-05,2100,Cuentas por pagar,58815.48,0.00,Pago factura INV-00301,INV-00301,CC-100 Operaciones,Bruno Garcia 02 00001202
765,2026-05-18,2100,Cuentas por pagar,0.00,79859.04,Registro factura INV-00184,INV-00184,CC-100 Operaciones,Elena Mora 05 00001202
766,2026-05-08,2100,Cuentas por pagar,0.00,86729.72,Registro factura INV-00084,INV-00084,CC-100 Operaciones,Ana Ruiz 01 00001202
767,2026-05-10,5000,Gastos operativos,80245.00,0.00,Registro factura INV-00011,INV-00011,CC-100 Operaciones,Carla Soto 03 00001202
768,2026-04-14,2100,Cuentas por pagar,54045.56,0.00,Pago factura INV-00257,INV-00257,CC-100 Operaciones,Bruno Garcia 02 00001202
769,2026-05-31,5000,Gastos operativos,17206.00,0.00,Registro factura INV-00274,INV-00274,CC-100 Operaciones,Diego Luna 10 00001202
770,2026-02-07,2100,Cuentas por pagar,0.00,86423.48,Registro factura INV-00357,INV-00357,CC-100 Operaciones,Ana Ruiz 01 00001202
771,2026-03-09,2100,Cuentas por pagar,0.00,32983.44,Registro factura INV-00134,INV-00134,CC-100 Operaciones,Carla Soto 03 00001202
772,2026-03-27,1180,IVA acreditable,10594.40,0.00,Registro factura INV-00021,INV-00021,CC-100 Operaciones,Carla Soto 09 00001202
773,2026-03-14,5000,Gastos operativos,91176.00,0.00,Registro factura INV-00007,INV-00007,CC-100 Operaciones,Diego Luna 04 00001202
774,2026-04-09,1020,Bancos,0.00,49300.00,Pago factura INV-00312,INV-00312,CC-100 Operaciones,Bruno Garcia 02 00001202
775,2026-05-05,1180,IVA acreditable,5348.32,0.00,Registro factura INV-00296,INV-00296,CC-100 Operaciones,Bruno Garcia 02 00001202
776,2026-06-30,2100,Cuentas por pagar,38413.40,0.00,Pago factura INV-00250,INV-00250,CC-100 Operaciones,Bruno Garcia 02 00001202
777,2026-02-27,2100,Cuentas por pagar,34054.12,0.00,Pago factura INV-00130,INV-00130,CC-100 Operaciones,Bruno Garcia 02 00001202
778,2026-05-27,1180,IVA acreditable,7211.04,0.00,Registro factura INV-00023,INV-00023,CC-100 Operaciones,Bruno Garcia 02 00001202
779,2026-02-01,5000,Gastos operativos,19931.00,0.00,Registro factura INV-00374,INV-00374,CC-100 Operaciones,Carla Soto 09 00001202
780,2026-05-07,2100,Cuentas por pagar,100809.80,0.00,Pago factura INV-00120,INV-00120,CC-100 Operaciones,Bruno Garcia 02 00001202
781,2026-05-24,5000,Gastos operativos,16301.00,0.00,Registro factura INV-00146,INV-00146,CC-100 Operaciones,Elena Mora 05 00001202
782,2026-04-08,2100,Cuentas por pagar,0.00,41464.20,Registro factura INV-00217,INV-00217,CC-100 Operaciones,Elena Mora 05 00001202
783,2026-05-29,2100,Cuentas por pagar,97714.92,0.00,Pago factura INV-00131,INV-00131,CC-100 Operaciones,Bruno Garcia 02 00001202
784,2026-01-15,2100,Cuentas por pagar,0.00,101164.76,Registro factura INV-00279,INV-00279,CC-100 Operaciones,Bruno Garcia 02 00001202
785,2026-05-05,2100,Cuentas por pagar,0.00,48912.56,Registro factura INV-00308,INV-00308,CC-100 Operaciones,Bruno Garcia 02 00001202
786,2026-06-25,1020,Bancos,0.00,64912.44,Pago factura INV-00248,INV-00248,CC-100 Operaciones,Bruno Garcia 02 00001202
787,2026-04-19,1020,Bancos,0.00,103278.28,Pago factura INV-00064,INV-00064,CC-100 Operaciones,Bruno Garcia 02 00001202
788,2026-01-28,1180,IVA acreditable,7332.00,0.00,Registro factura INV-00246,INV-00246,CC-100 Operaciones,Elena Mora 05 00001202
789,2026-06-10,1180,IVA acreditable,12331.68,0.00,Registro factura INV-00128,INV-00128,CC-100 Operaciones,Bruno Garcia 02 00001202
790,2026-06-26,1020,Bancos,0.00,34346.44,Pago factura INV-00101,INV-00101,CC-100 Operaciones,Bruno Garcia 02 00001202
791,2026-04-09,2100,Cuentas por pagar,49300.00,0.00,Pago factura INV-00312,INV-00312,CC-100 Operaciones,Bruno Garcia 02 00001202
792,2026-06-04,1020,Bancos,0.00,51031.88,Pago factura INV-00231,INV-00231,CC-100 Operaciones,Bruno Garcia 02 00001202
793,2026-06-30,2100,Cuentas por pagar,39572.24,0.00,Pago factura INV-00212,INV-00212,CC-100 Operaciones,Bruno Garcia 02 00001202
794,2026-05-30,2100,Cuentas por pagar,0.00,35241.96,Registro factura INV-00030,INV-00030,CC-100 Operaciones,Ana Ruiz 01 00001202
795,2026-04-15,1020,Bancos,0.00,38775.32,Pago factura INV-00132,INV-00132,CC-100 Operaciones,Bruno Garcia 02 00001202
796,2026-06-15,2100,Cuentas por pagar,32692.28,0.00,Pago factura INV-00176,INV-00176,CC-100 Operaciones,Bruno Garcia 02 00001202
797,2026-03-10,2100,Cuentas por pagar,0.00,51360.16,Registro factura INV-00226,INV-00226,CC-100 Operaciones,Diego Luna 10 00001202
798,2026-02-25,5000,Gastos operativos,67520.00,0.00,Registro factura INV-00206,INV-00206,CC-100 Operaciones,Ana Ruiz 07 00001202
799,2026-05-11,2100,Cuentas por pagar,53037.52,0.00,Pago factura INV-00056,INV-00056,CC-100 Operaciones,Bruno Garcia 02 00001202
800,2026-05-23,2100,Cuentas por pagar,0.00,104306.04,Registro factura INV-00219,INV-00219,CC-100 Operaciones,Fabian Rios 06 00001202
801,2026-04-30,2100,Cuentas por pagar,0.00,23556.12,Registro factura INV-00173,INV-00173,CC-100 Operaciones,Ana Ruiz 07 00001202
802,2026-01-13,2100,Cuentas por pagar,0.00,32000.92,Registro factura INV-00136,INV-00136,CC-100 Operaciones,Fabian Rios 06 00001202
803,2026-02-12,1180,IVA acreditable,5735.20,0.00,Registro factura INV-00147,INV-00147,CC-100 Operaciones,Diego Luna 10 00001202
804,2026-02-13,2100,Cuentas por pagar,0.00,73314.32,Registro factura INV-00318,INV-00318,CC-100 Operaciones,Carla Soto 09 00001202
805,2026-05-06,2100,Cuentas por pagar,0.00,37567.76,Registro factura INV-00098,INV-00098,CC-100 Operaciones,Ana Ruiz 07 00001202
806,2026-03-12,5000,Gastos operativos,39840.00,0.00,Registro factura INV-00139,INV-00139,CC-100 Operaciones,Bruno Garcia 02 00001202
807,2026-06-15,5000,Gastos operativos,94230.00,0.00,Registro factura INV-00126,INV-00126,CC-100 Operaciones,Ana Ruiz 07 00001202
808,2026-04-01,2100,Cuentas por pagar,28596.32,0.00,Pago factura INV-00249,INV-00249,CC-100 Operaciones,Bruno Garcia 02 00001202
809,2026-02-09,2100,Cuentas por pagar,0.00,84645.20,Registro factura INV-00306,INV-00306,CC-100 Operaciones,Carla Soto 03 00001202
810,2026-02-05,1180,IVA acreditable,12452.64,0.00,Registro factura INV-00261,INV-00261,CC-100 Operaciones,Elena Mora 05 00001202
811,2026-05-21,5000,Gastos operativos,30884.00,0.00,Registro factura INV-00349,INV-00349,CC-100 Operaciones,Diego Luna 04 00001202
812,2026-06-20,1180,IVA acreditable,3266.72,0.00,Registro factura INV-00323,INV-00323,CC-100 Operaciones,Bruno Garcia 08 00001202
813,2026-02-01,5000,Gastos operativos,49921.00,0.00,Registro factura INV-00242,INV-00242,CC-100 Operaciones,Ana Ruiz 01 00001202
814,2026-02-21,5000,Gastos operativos,78133.00,0.00,Registro factura INV-00229,INV-00229,CC-100 Operaciones,Carla Soto 09 00001202
815,2026-02-11,2100,Cuentas por pagar,23119.96,0.00,Pago factura INV-00374,INV-00374,CC-100 Operaciones,Bruno Garcia 02 00001202
816,2026-06-17,1020,Bancos,0.00,65015.68,Pago factura INV-00067,INV-00067,CC-100 Operaciones,Bruno Garcia 02 00001202
817,2026-05-18,2100,Cuentas por pagar,0.00,14946.60,Registro factura INV-00266,INV-00266,CC-100 Operaciones,Carla Soto 03 00001202
818,2026-02-01,2100,Cuentas por pagar,0.00,57908.36,Registro factura INV-00242,INV-00242,CC-100 Operaciones,Ana Ruiz 01 00001202
819,2026-06-25,1180,IVA acreditable,5298.40,0.00,Registro factura INV-00250,INV-00250,CC-100 Operaciones,Carla Soto 09 00001202
820,2026-06-06,1020,Bancos,0.00,41603.40,Pago factura INV-00309,INV-00309,CC-100 Operaciones,Bruno Garcia 02 00001202
821,2026-06-15,2100,Cuentas por pagar,0.00,64912.44,Registro factura INV-00248,INV-00248,CC-100 Operaciones,Elena Mora 05 00001202
822,2026-04-02,1180,IVA acreditable,11779.20,0.00,Registro factura INV-00026,INV-00026,CC-100 Operaciones,Carla Soto 09 00001202
823,2026-03-22,1020,Bancos,0.00,43788.84,Pago factura INV-00319,INV-00319,CC-100 Operaciones,Bruno Garcia 02 00001202
824,2026-04-17,1180,IVA acreditable,6380.16,0.00,Registro factura INV-00329,INV-00329,CC-100 Operaciones,Diego Luna 04 00001202
825,2026-03-22,2100,Cuentas por pagar,43788.84,0.00,Pago factura INV-00319,INV-00319,CC-100 Operaciones,Bruno Garcia 02 00001202
826,2026-01-22,1020,Bancos,0.00,50128.24,Pago factura INV-00240,INV-00240,CC-100 Operaciones,Bruno Garcia 02 00001202
827,2026-05-26,1180,IVA acreditable,8112.48,0.00,Registro factura INV-00301,INV-00301,CC-100 Operaciones,Ana Ruiz 07 00001202
828,2026-04-26,1020,Bancos,0.00,30697.08,Pago factura INV-00186,INV-00186,CC-100 Operaciones,Bruno Garcia 02 00001202
829,2026-04-23,1180,IVA acreditable,7307.68,0.00,Registro factura INV-00214,INV-00214,CC-100 Operaciones,Bruno Garcia 02 00001202
830,2026-05-26,2100,Cuentas por pagar,0.00,58815.48,Registro factura INV-00301,INV-00301,CC-100 Operaciones,Ana Ruiz 07 00001202
831,2026-02-14,2100,Cuentas por pagar,0.00,68684.76,Registro factura INV-00356,INV-00356,CC-100 Operaciones,Fabian Rios 06 00001202
832,2026-02-21,5000,Gastos operativos,43590.00,0.00,Registro factura INV-00012,INV-00012,CC-100 Operaciones,Ana Ruiz 01 00001202
833,2026-06-26,2100,Cuentas por pagar,34346.44,0.00,Pago factura INV-00101,INV-00101,CC-100 Operaciones,Bruno Garcia 02 00001202
834,2026-06-24,2100,Cuentas por pagar,0.00,53118.72,Registro factura INV-00078,INV-00078,CC-100 Operaciones,Bruno Garcia 02 00001202
835,2026-02-13,1020,Bancos,0.00,61823.36,Pago factura INV-00190,INV-00190,CC-100 Operaciones,Bruno Garcia 02 00001202
836,2026-03-01,1180,IVA acreditable,4223.68,0.00,Registro factura INV-00105,INV-00105,CC-100 Operaciones,Carla Soto 03 00001202
837,2026-04-28,5000,Gastos operativos,68928.00,0.00,Registro factura INV-00001,INV-00001,CC-100 Operaciones,Elena Mora 05 00001202
838,2026-03-16,2100,Cuentas por pagar,56720.52,0.00,Pago factura INV-00348,INV-00348,CC-100 Operaciones,Bruno Garcia 02 00001202
839,2026-05-12,1020,Bancos,0.00,103200.56,Pago factura INV-00093,INV-00093,CC-100 Operaciones,Bruno Garcia 02 00001202
840,2026-05-05,5000,Gastos operativos,42166.00,0.00,Registro factura INV-00308,INV-00308,CC-100 Operaciones,Bruno Garcia 02 00001202
841,2026-02-10,5000,Gastos operativos,53747.00,0.00,Registro factura INV-00355,INV-00355,CC-100 Operaciones,Bruno Garcia 08 00001202
842,2026-02-19,2100,Cuentas por pagar,0.00,84478.16,Registro factura INV-00164,INV-00164,CC-100 Operaciones,Elena Mora 05 00001202
843,2026-05-04,2100,Cuentas por pagar,0.00,54700.96,Registro factura INV-00292,INV-00292,CC-100 Operaciones,Elena Mora 05 00001202
844,2026-04-15,1180,IVA acreditable,5097.12,0.00,Registro factura INV-00260,INV-00260,CC-100 Operaciones,Bruno Garcia 02 00001202
845,2026-04-29,2100,Cuentas por pagar,18463.72,0.00,Pago factura INV-00142,INV-00142,CC-100 Operaciones,Bruno Garcia 02 00001202
846,2026-06-30,1020,Bancos,0.00,62217.76,Pago factura INV-00060,INV-00060,CC-100 Operaciones,Bruno Garcia 02 00001202
847,2026-04-13,2100,Cuentas por pagar,95140.88,0.00,Pago factura INV-00325,INV-00325,CC-100 Operaciones,Bruno Garcia 02 00001202
848,2026-03-24,2080,IVA trasladado,0.00,8800.00,Registro venta INV-00046,INV-00046,CC-100 Operaciones,Bruno Garcia 02 00001202
849,2026-03-11,2100,Cuentas por pagar,0.00,70816.84,Registro factura INV-00310,INV-00310,CC-100 Operaciones,Elena Mora 05 00001202
850,2026-06-08,1180,IVA acreditable,4600.00,0.00,Registro factura INV-00268,INV-00268,CC-100 Operaciones,Diego Luna 10 00001202
851,2026-06-16,2100,Cuentas por pagar,90128.52,0.00,Pago factura INV-00232,INV-00232,CC-100 Operaciones,Bruno Garcia 02 00001202
852,2026-01-19,5000,Gastos operativos,22500.00,0.00,Registro factura INV-00256,INV-00256,CC-100 Operaciones,Carla Soto 09 00001202
853,2026-02-27,2100,Cuentas por pagar,16708.64,0.00,Pago factura INV-00053,INV-00053,CC-100 Operaciones,Bruno Garcia 02 00001202
854,2026-01-24,2100,Cuentas por pagar,0.00,61335.00,Registro factura INV-00178,INV-00178,CC-100 Operaciones,Ana Ruiz 07 00001202
855,2026-06-12,5000,Gastos operativos,74564.00,0.00,Registro factura INV-00330,INV-00330,CC-100 Operaciones,Diego Luna 04 00001202
856,2026-05-03,2100,Cuentas por pagar,0.00,103260.88,Registro factura INV-00320,INV-00320,CC-100 Operaciones,Fabian Rios 06 00001202
857,2026-03-16,1020,Bancos,0.00,56720.52,Pago factura INV-00348,INV-00348,CC-100 Operaciones,Bruno Garcia 02 00001202
858,2026-03-24,1020,Bancos,0.00,105764.16,Pago factura INV-00007,INV-00007,CC-100 Operaciones,Bruno Garcia 02 00001202
859,2026-03-25,5000,Gastos operativos,15151.00,0.00,Registro factura INV-00116,INV-00116,CC-100 Operaciones,Elena Mora 05 00001202
860,2026-06-23,2100,Cuentas por pagar,0.00,35715.24,Registro factura INV-00337,INV-00337,CC-100 Operaciones,Elena Mora 05 00001202
861,2026-03-02,1180,IVA acreditable,8868.96,0.00,Registro factura INV-00160,INV-00160,CC-100 Operaciones,Fabian Rios 06 00001202
862,2026-04-25,1180,IVA acreditable,10625.76,0.00,Registro factura INV-00346,INV-00346,CC-100 Operaciones,Bruno Garcia 08 00001202
863,2026-02-24,1180,IVA acreditable,2385.60,0.00,Registro factura INV-00204,INV-00204,CC-100 Operaciones,Bruno Garcia 08 00001202
864,2026-04-24,1020,Bancos,0.00,89482.40,Pago factura INV-00361,INV-00361,CC-100 Operaciones,Bruno Garcia 02 00001202
865,2026-01-17,1180,IVA acreditable,10204.96,0.00,Registro factura INV-00185,INV-00185,CC-100 Operaciones,Bruno Garcia 02 00001202
866,2026-01-21,1180,IVA acreditable,9838.40,0.00,Registro factura INV-00350,INV-00350,CC-100 Operaciones,Bruno Garcia 08 00001202
867,2026-05-19,5000,Gastos operativos,84237.00,0.00,Registro factura INV-00131,INV-00131,CC-100 Operaciones,Diego Luna 10 00001202
868,2026-06-05,2100,Cuentas por pagar,0.00,32692.28,Registro factura INV-00176,INV-00176,CC-100 Operaciones,Ana Ruiz 07 00001202
869,2026-04-11,2100,Cuentas por pagar,0.00,89164.56,Registro factura INV-00090,INV-00090,CC-100 Operaciones,Fabian Rios 06 00001202
870,2026-04-08,1020,Bancos,0.00,94712.84,Pago factura INV-00055,INV-00055,CC-100 Operaciones,Bruno Garcia 02 00001202
871,2026-02-01,2100,Cuentas por pagar,75025.32,0.00,Pago factura INV-00109,INV-00109,CC-100 Operaciones,Bruno Garcia 02 00001202
872,2026-03-24,5000,Gastos operativos,29156.00,0.00,Registro factura INV-00073,INV-00073,CC-100 Operaciones,Bruno Garcia 08 00001202
873,2026-05-13,1020,Bancos,0.00,79733.76,Pago factura INV-00193,INV-00193,CC-100 Operaciones,Bruno Garcia 02 00001202
874,2026-03-29,1020,Bancos,0.00,105527.52,Pago factura INV-00367,INV-00367,CC-100 Operaciones,Bruno Garcia 02 00001202
875,2026-04-12,2100,Cuentas por pagar,69600.00,0.00,Pago factura INV-00118,INV-00118,CC-100 Operaciones,Bruno Garcia 02 00001202
876,2026-03-29,1020,Bancos,0.00,70101.12,Pago factura INV-00133,INV-00133,CC-100 Operaciones,Bruno Garcia 02 00001202
877,2026-02-08,2100,Cuentas por pagar,0.00,15808.48,Registro factura INV-00243,INV-00243,CC-100 Operaciones,Fabian Rios 06 00001202
878,2026-06-17,1180,IVA acreditable,1952.00,0.00,Registro factura INV-00311,INV-00311,CC-100 Operaciones,Ana Ruiz 07 00001202
879,2026-03-22,2100,Cuentas por pagar,0.00,62608.68,Registro factura INV-00370,INV-00370,CC-100 Operaciones,Bruno Garcia 08 00001202
880,2026-05-19,2100,Cuentas por pagar,54840.16,0.00,Pago factura INV-00225,INV-00225,CC-100 Operaciones,Bruno Garcia 02 00001202
881,2026-05-14,2100,Cuentas por pagar,0.00,54565.24,Registro factura INV-00208,INV-00208,CC-100 Operaciones,Carla Soto 09 00001202
882,2026-04-03,1180,IVA acreditable,13122.88,0.00,Registro factura INV-00325,INV-00325,CC-100 Operaciones,Diego Luna 04 00001202
883,2026-04-02,2100,Cuentas por pagar,66208.16,0.00,Pago factura INV-00281,INV-00281,CC-100 Operaciones,Bruno Garcia 02 00001202
884,2026-02-16,4000,Ingresos por servicios,0.00,61500.00,Registro venta INV-00286,INV-00286,CC-100 Operaciones,Bruno Garcia 02 00001202
885,2026-04-22,1020,Bancos,0.00,104512.52,Pago factura INV-00054,INV-00054,CC-100 Operaciones,Bruno Garcia 02 00001202
886,2026-02-02,1020,Bancos,0.00,28511.64,Pago factura INV-00252,INV-00252,CC-100 Operaciones,Bruno Garcia 02 00001202
887,2026-03-05,1180,IVA acreditable,5348.32,0.00,Registro factura INV-00091,INV-00091,CC-100 Operaciones,Diego Luna 10 00001202
888,2026-05-30,5000,Gastos operativos,63892.00,0.00,Registro factura INV-00124,INV-00124,CC-100 Operaciones,Carla Soto 03 00001202
889,2026-06-13,1180,IVA acreditable,5583.52,0.00,Registro factura INV-00326,INV-00326,CC-100 Operaciones,Carla Soto 03 00001202
890,2026-06-01,1020,Bancos,0.00,98787.92,Pago factura INV-00192,INV-00192,CC-100 Operaciones,Bruno Garcia 02 00001202
891,2026-05-12,2100,Cuentas por pagar,23265.19,0.00,Pago factura INV-00296,INV-00296,CC-100 Operaciones,Bruno Garcia 02 00001202
892,2026-05-31,2100,Cuentas por pagar,41870.20,0.00,Pago factura INV-00285,INV-00285,CC-100 Operaciones,Bruno Garcia 02 00001202
893,2026-05-17,1180,IVA acreditable,7972.00,0.00,Registro factura INV-00094,INV-00094,CC-100 Operaciones,Bruno Garcia 08 00001202
894,2026-03-15,2100,Cuentas por pagar,0.00,109413.52,Registro factura INV-00180,INV-00180,CC-100 Operaciones,Ana Ruiz 01 00001202
895,2026-06-01,5000,Gastos operativos,80044.00,0.00,Registro factura INV-00149,INV-00149,CC-100 Operaciones,Carla Soto 03 00001202
896,2026-04-10,1020,Bancos,0.00,104576.32,Pago factura INV-00336,INV-00336,CC-100 Operaciones,Bruno Garcia 02 00001202
897,2026-04-01,1020,Bancos,0.00,28596.32,Pago factura INV-00249,INV-00249,CC-100 Operaciones,Bruno Garcia 02 00001202
898,2026-03-29,2100,Cuentas por pagar,0.00,41650.96,Registro factura INV-00321,INV-00321,CC-100 Operaciones,Carla Soto 03 00001202
899,2026-05-01,5000,Gastos operativos,27910.00,0.00,Registro factura INV-00303,INV-00303,CC-100 Operaciones,Fabian Rios 06 00001202
900,2026-04-16,2100,Cuentas por pagar,68364.60,0.00,Pago factura INV-00373,INV-00373,CC-100 Operaciones,Bruno Garcia 02 00001202
901,2026-05-04,2100,Cuentas por pagar,0.00,108478.56,Registro factura INV-00269,INV-00269,CC-100 Operaciones,Carla Soto 03 00001202
902,2026-01-23,1180,IVA acreditable,3932.64,0.00,Registro factura INV-00252,INV-00252,CC-100 Operaciones,Bruno Garcia 02 00001202
903,2026-02-05,5000,Gastos operativos,33427.00,0.00,Registro factura INV-00137,INV-00137,CC-100 Operaciones,Carla Soto 09 00001202
904,2026-02-14,5000,Gastos operativos,70957.00,0.00,Registro factura INV-00028,INV-00028,CC-100 Operaciones,Diego Luna 04 00001202
905,2026-01-19,2100,Cuentas por pagar,0.00,62272.28,Registro factura INV-00332,INV-00332,CC-100 Operaciones,Fabian Rios 06 00001202
906,2026-01-14,5000,Gastos operativos,34806.00,0.00,Registro factura INV-00043,INV-00043,CC-100 Operaciones,Carla Soto 03 00001202
907,2026-03-28,1020,Bancos,0.00,33138.88,Pago factura INV-00075,INV-00075,CC-100 Operaciones,Bruno Garcia 02 00001202
908,2026-05-31,5000,Gastos operativos,70579.00,0.00,Registro factura INV-00017,INV-00017,CC-100 Operaciones,Bruno Garcia 08 00001202
909,2026-06-06,2100,Cuentas por pagar,41603.40,0.00,Pago factura INV-00309,INV-00309,CC-100 Operaciones,Bruno Garcia 02 00001202
910,2026-05-02,2100,Cuentas por pagar,0.00,103200.56,Registro factura INV-00093,INV-00093,CC-100 Operaciones,Carla Soto 03 00001202
911,2026-03-22,5000,Gastos operativos,24652.00,0.00,Registro factura INV-00249,INV-00249,CC-100 Operaciones,Fabian Rios 06 00001202
912,2026-02-23,5000,Gastos operativos,30215.00,0.00,Registro factura INV-00258,INV-00258,CC-100 Operaciones,Ana Ruiz 01 00001202
913,2026-05-19,5000,Gastos operativos,32649.00,0.00,Registro factura INV-00264,INV-00264,CC-100 Operaciones,Bruno Garcia 02 00001202
914,2026-02-22,1020,Bancos,0.00,41580.20,Pago factura INV-00147,INV-00147,CC-100 Operaciones,Bruno Garcia 02 00001202
915,2026-04-17,2100,Cuentas por pagar,68182.48,0.00,Pago factura INV-00103,INV-00103,CC-100 Operaciones,Bruno Garcia 02 00001202
916,2026-06-14,2100,Cuentas por pagar,72975.60,0.00,Pago factura INV-00170,INV-00170,CC-100 Operaciones,Bruno Garcia 02 00001202
917,2026-05-09,2100,Cuentas por pagar,0.00,54840.16,Registro factura INV-00225,INV-00225,CC-100 Operaciones,Bruno Garcia 08 00001202
918,2026-03-04,5000,Gastos operativos,51944.00,0.00,Registro factura INV-00351,INV-00351,CC-100 Operaciones,Diego Luna 10 00001202
919,2026-02-27,5000,Gastos operativos,40017.00,0.00,Registro factura INV-00314,INV-00314,CC-100 Operaciones,Carla Soto 09 00001202
920,2026-02-12,1180,IVA acreditable,3858.08,0.00,Registro factura INV-00241,INV-00241,CC-100 Operaciones,Bruno Garcia 02 00001202
921,2026-01-26,1180,IVA acreditable,5895.68,0.00,Registro factura INV-00272,INV-00272,CC-100 Operaciones,Ana Ruiz 01 00001202
922,2026-02-10,2100,Cuentas por pagar,79115.48,0.00,Pago factura INV-00235,INV-00235,CC-100 Operaciones,Bruno Garcia 02 00001202
923,2026-05-27,2100,Cuentas por pagar,0.00,41603.40,Registro factura INV-00309,INV-00309,CC-100 Operaciones,Diego Luna 04 00001202
924,2026-03-05,2100,Cuentas por pagar,0.00,38775.32,Registro factura INV-00091,INV-00091,CC-100 Operaciones,Diego Luna 10 00001202
925,2026-06-14,1020,Bancos,0.00,78093.52,Pago factura INV-00068,INV-00068,CC-100 Operaciones,Bruno Garcia 02 00001202
926,2026-01-16,1180,IVA acreditable,13712.80,0.00,Registro factura INV-00366,INV-00366,CC-100 Operaciones,Ana Ruiz 07 00001202
927,2026-02-16,2080,IVA trasladado,0.00,9840.00,Registro venta INV-00286,INV-00286,CC-100 Operaciones,Bruno Garcia 02 00001202
928,2026-06-18,1180,IVA acreditable,7134.08,0.00,Registro factura INV-00159,INV-00159,CC-100 Operaciones,Fabian Rios 06 00001202
929,2026-03-30,2100,Cuentas por pagar,46643.60,0.00,Pago factura INV-00228,INV-00228,CC-100 Operaciones,Bruno Garcia 02 00001202
930,2026-05-05,1180,IVA acreditable,5060.32,0.00,Registro factura INV-00338,INV-00338,CC-100 Operaciones,Bruno Garcia 08 00001202
931,2026-04-24,2100,Cuentas por pagar,45579.88,0.00,Pago factura INV-00221,INV-00221,CC-100 Operaciones,Bruno Garcia 02 00001202
932,2026-05-18,1020,Bancos,0.00,86729.72,Pago factura INV-00084,INV-00084,CC-100 Operaciones,Bruno Garcia 02 00001202
933,2026-03-05,2100,Cuentas por pagar,0.00,32692.28,Registro factura INV-00317,INV-00317,CC-100 Operaciones,Diego Luna 04 00001202
934,2026-03-28,2100,Cuentas por pagar,0.00,98624.36,Registro factura INV-00122,INV-00122,CC-100 Operaciones,Diego Luna 04 00001202
935,2026-01-09,5000,Gastos operativos,40516.00,0.00,Registro factura INV-00183,INV-00183,CC-100 Operaciones,Diego Luna 10 00001202
936,2026-05-05,2100,Cuentas por pagar,0.00,32692.28,Registro factura INV-00016,INV-00016,CC-100 Operaciones,Fabian Rios 06 00001202
937,2026-06-03,5000,Gastos operativos,88982.00,0.00,Registro factura INV-00045,INV-00045,CC-100 Operaciones,Ana Ruiz 07 00001202
938,2026-03-05,1180,IVA acreditable,9395.52,0.00,Registro factura INV-00145,INV-00145,CC-100 Operaciones,Elena Mora 05 00001202
939,2026-05-22,2100,Cuentas por pagar,27894.52,0.00,Pago factura INV-00072,INV-00072,CC-100 Operaciones,Bruno Garcia 02 00001202
940,2026-06-27,1180,IVA acreditable,11263.20,0.00,Registro factura INV-00002,INV-00002,CC-100 Operaciones,Carla Soto 03 00001202
941,2026-03-21,2100,Cuentas por pagar,74020.76,0.00,Pago factura INV-00113,INV-00113,CC-100 Operaciones,Bruno Garcia 02 00001202
942,2026-02-04,1020,Bancos,0.00,88157.68,Pago factura INV-00100,INV-00100,CC-100 Operaciones,Bruno Garcia 02 00001202
943,2026-03-04,2100,Cuentas por pagar,46763.08,0.00,Pago factura INV-00234,INV-00234,CC-100 Operaciones,Bruno Garcia 02 00001202
944,2026-04-21,5000,Gastos operativos,88384.00,0.00,Registro factura INV-00005,INV-00005,CC-100 Operaciones,Diego Luna 10 00001202
945,2026-01-21,1020,Bancos,0.00,88379.24,Pago factura INV-00244,INV-00244,CC-100 Operaciones,Bruno Garcia 02 00001202
946,2026-03-12,1020,Bancos,0.00,22012.39,Pago factura INV-00080,INV-00080,CC-100 Operaciones,Bruno Garcia 02 00001202
947,2026-04-04,5000,Gastos operativos,59036.00,0.00,Registro factura INV-00216,INV-00216,CC-100 Operaciones,Ana Ruiz 01 00001202
948,2026-04-05,1180,IVA acreditable,4509.28,0.00,Registro factura INV-00181,INV-00181,CC-100 Operaciones,Elena Mora 05 00001202
949,2026-03-09,1020,Bancos,0.00,46419.72,Pago factura INV-00314,INV-00314,CC-100 Operaciones,Bruno Garcia 02 00001202
950,2026-03-29,5000,Gastos operativos,81649.00,0.00,Registro factura INV-00055,INV-00055,CC-100 Operaciones,Ana Ruiz 01 00001202
951,2026-03-14,1180,IVA acreditable,14588.16,0.00,Registro factura INV-00007,INV-00007,CC-100 Operaciones,Diego Luna 04 00001202
952,2026-03-02,1020,Bancos,0.00,28308.64,Pago factura INV-00148,INV-00148,CC-100 Operaciones,Bruno Garcia 02 00001202
953,2026-01-17,5000,Gastos operativos,63781.00,0.00,Registro factura INV-00185,INV-00185,CC-100 Operaciones,Bruno Garcia 02 00001202
954,2026-04-17,1020,Bancos,0.00,38610.60,Pago factura INV-00333,INV-00333,CC-100 Operaciones,Bruno Garcia 02 00001202
955,2026-04-03,1020,Bancos,0.00,74789.84,Pago factura INV-00135,INV-00135,CC-100 Operaciones,Bruno Garcia 02 00001202
956,2026-04-09,2100,Cuentas por pagar,58317.84,0.00,Pago factura INV-00152,INV-00152,CC-100 Operaciones,Bruno Garcia 02 00001202
957,2026-05-04,5000,Gastos operativos,47156.00,0.00,Registro factura INV-00292,INV-00292,CC-100 Operaciones,Elena Mora 05 00001202
958,2026-03-04,1020,Bancos,0.00,57863.12,Pago factura INV-00275,INV-00275,CC-100 Operaciones,Bruno Garcia 02 00001202
959,2026-02-12,2100,Cuentas por pagar,0.00,27971.08,Registro factura INV-00241,INV-00241,CC-100 Operaciones,Bruno Garcia 02 00001202
960,2026-06-09,2100,Cuentas por pagar,74114.72,0.00,Pago factura INV-00124,INV-00124,CC-100 Operaciones,Bruno Garcia 02 00001202
961,2026-02-05,2100,Cuentas por pagar,0.00,38713.84,Registro factura INV-00223,INV-00223,CC-100 Operaciones,Ana Ruiz 07 00001202
962,2026-05-28,1180,IVA acreditable,12890.72,0.00,Registro factura INV-00288,INV-00288,CC-100 Operaciones,Carla Soto 09 00001202
963,2026-02-07,2100,Cuentas por pagar,93675.80,0.00,Pago factura INV-00125,INV-00125,CC-100 Operaciones,Bruno Garcia 02 00001202
964,2026-05-10,2100,Cuentas por pagar,23556.12,0.00,Pago factura INV-00173,INV-00173,CC-100 Operaciones,Bruno Garcia 02 00001202
965,2026-03-05,5000,Gastos operativos,58722.00,0.00,Registro factura INV-00145,INV-00145,CC-100 Operaciones,Elena Mora 05 00001202
966,2026-01-29,5000,Gastos operativos,66543.00,0.00,Registro factura INV-00247,INV-00247,CC-100 Operaciones,Diego Luna 10 00001202
967,2026-02-21,1180,IVA acreditable,12501.28,0.00,Registro factura INV-00229,INV-00229,CC-100 Operaciones,Carla Soto 09 00001202
968,2026-04-15,5000,Gastos operativos,31857.00,0.00,Registro factura INV-00260,INV-00260,CC-100 Operaciones,Bruno Garcia 02 00001202
969,2026-06-09,1180,IVA acreditable,3875.36,0.00,Registro factura INV-00066,INV-00066,CC-100 Operaciones,Ana Ruiz 07 00001202
970,2026-02-23,2100,Cuentas por pagar,73314.32,0.00,Pago factura INV-00318,INV-00318,CC-100 Operaciones,Bruno Garcia 02 00001202
971,2026-03-10,1180,IVA acreditable,7084.16,0.00,Registro factura INV-00226,INV-00226,CC-100 Operaciones,Diego Luna 10 00001202
972,2026-02-19,1180,IVA acreditable,11652.16,0.00,Registro factura INV-00164,INV-00164,CC-100 Operaciones,Elena Mora 05 00001202
973,2026-02-20,5000,Gastos operativos,39485.00,0.00,Registro factura INV-00335,INV-00335,CC-100 Operaciones,Diego Luna 04 00001202
974,2026-02-16,5000,Gastos operativos,29434.00,0.00,Registro factura INV-00154,INV-00154,CC-100 Operaciones,Fabian Rios 06 00001202
975,2026-04-18,1020,Bancos,0.00,41464.20,Pago factura INV-00217,INV-00217,CC-100 Operaciones,Bruno Garcia 02 00001202
976,2026-02-18,2100,Cuentas por pagar,0.00,108580.64,Registro factura INV-00042,INV-00042,CC-100 Operaciones,Bruno Garcia 02 00001202
977,2026-01-05,2100,Cuentas por pagar,0.00,38775.32,Registro factura INV-00032,INV-00032,CC-100 Operaciones,Bruno Garcia 08 00001202
978,2026-01-20,2100,Cuentas por pagar,34751.28,0.00,Pago factura INV-00076,INV-00076,CC-100 Operaciones,Bruno Garcia 02 00001202
979,2026-06-16,1180,IVA acreditable,4737.44,0.00,Registro factura INV-00101,INV-00101,CC-100 Operaciones,Diego Luna 10 00001202
980,2026-04-05,5000,Gastos operativos,33427.00,0.00,Registro factura INV-00132,INV-00132,CC-100 Operaciones,Ana Ruiz 01 00001202
981,2026-06-19,2100,Cuentas por pagar,0.00,109278.96,Registro factura INV-00048,INV-00048,CC-100 Operaciones,Ana Ruiz 01 00001202
982,2026-04-07,1180,IVA acreditable,9404.48,0.00,Registro factura INV-00103,INV-00103,CC-100 Operaciones,Diego Luna 10 00001202
983,2026-02-20,1180,IVA acreditable,3904.64,0.00,Registro factura INV-00148,INV-00148,CC-100 Operaciones,Bruno Garcia 02 00001202
984,2026-04-12,1020,Bancos,0.00,58702.96,Pago factura INV-00009,INV-00009,CC-100 Operaciones,Bruno Garcia 02 00001202
985,2026-02-03,1180,IVA acreditable,8527.36,0.00,Registro factura INV-00190,INV-00190,CC-100 Operaciones,Carla Soto 03 00001202
986,2026-03-19,2100,Cuentas por pagar,38196.48,0.00,Pago factura INV-00158,INV-00158,CC-100 Operaciones,Bruno Garcia 02 00001202
987,2026-04-05,1020,Bancos,0.00,32478.84,Pago factura INV-00037,INV-00037,CC-100 Operaciones,Bruno Garcia 02 00001202
988,2026-02-25,1180,IVA acreditable,12736.64,0.00,Registro factura INV-00083,INV-00083,CC-100 Operaciones,Elena Mora 05 00001202
989,2026-02-15,2100,Cuentas por pagar,38775.32,0.00,Pago factura INV-00137,INV-00137,CC-100 Operaciones,Bruno Garcia 02 00001202
990,2026-04-23,2100,Cuentas por pagar,29486.04,0.00,Pago factura INV-00315,INV-00315,CC-100 Operaciones,Bruno Garcia 02 00001202
991,2026-05-05,2100,Cuentas por pagar,77036.76,0.00,Pago factura INV-00346,INV-00346,CC-100 Operaciones,Bruno Garcia 02 00001202
992,2026-05-03,1180,IVA acreditable,10997.76,0.00,Registro factura INV-00193,INV-00193,CC-100 Operaciones,Bruno Garcia 08 00001202
993,2026-05-12,1020,Bancos,0.00,19615.36,Pago factura INV-00016,INV-00016,CC-100 Operaciones,Bruno Garcia 02 00001202
994,2026-04-28,1180,IVA acreditable,2966.88,0.00,Registro factura INV-00298,INV-00298,CC-100 Operaciones,Ana Ruiz 07 00001202
995,2026-06-16,5000,Gastos operativos,29609.00,0.00,Registro factura INV-00101,INV-00101,CC-100 Operaciones,Diego Luna 10 00001202
996,2026-04-09,2100,Cuentas por pagar,0.00,46400.00,Registro factura INV-00096,INV-00096,CC-100 Operaciones,Bruno Garcia 08 00001202
997,2026-05-20,2100,Cuentas por pagar,93084.20,0.00,Pago factura INV-00011,INV-00011,CC-100 Operaciones,Bruno Garcia 02 00001202
998,2026-05-20,1020,Bancos,0.00,87569.56,Pago factura INV-00112,INV-00112,CC-100 Operaciones,Bruno Garcia 02 00001202
999,2026-03-11,5000,Gastos operativos,63811.00,0.00,Registro factura INV-00113,INV-00113,CC-100 Operaciones,Ana Ruiz 07 00001202
1000,2026-06-11,1180,IVA acreditable,2997.60,0.00,Registro factura INV-00182,INV-00182,CC-100 Operaciones,Carla Soto 09 00001202
1001,2026-05-12,1180,IVA acreditable,3847.52,0.00,Registro factura INV-00072,INV-00072,CC-100 Operaciones,Elena Mora 05 00001202
1002,2026-06-18,2100,Cuentas por pagar,0.00,51722.08,Registro factura INV-00159,INV-00159,CC-100 Operaciones,Fabian Rios 06 00001202
1003,2026-02-11,1180,IVA acreditable,11033.60,0.00,Registro factura INV-00010,INV-00010,CC-100 Operaciones,Elena Mora 05 00001202
1004,2026-06-30,1020,Bancos,0.00,39572.24,Pago factura INV-00212,INV-00212,CC-100 Operaciones,Bruno Garcia 02 00001202
1005,2026-01-15,5000,Gastos operativos,62779.00,0.00,Registro factura INV-00057,INV-00057,CC-100 Operaciones,Diego Luna 10 00001202
1006,2026-02-21,1020,Bancos,0.00,79993.60,Pago factura INV-00010,INV-00010,CC-100 Operaciones,Bruno Garcia 02 00001202
1007,2026-03-27,5000,Gastos operativos,80327.00,0.00,Registro factura INV-00163,INV-00163,CC-100 Operaciones,Ana Ruiz 07 00001202
1008,2026-06-01,5000,Gastos operativos,40410.00,0.00,Registro factura INV-00123,INV-00123,CC-100 Operaciones,Elena Mora 05 00001202
1009,2026-06-30,2100,Cuentas por pagar,91782.68,0.00,Pago factura INV-00200,INV-00200,CC-100 Operaciones,Bruno Garcia 02 00001202
1010,2026-02-24,1020,Bancos,0.00,82310.12,Pago factura INV-00028,INV-00028,CC-100 Operaciones,Bruno Garcia 02 00001202
1011,2026-03-21,1020,Bancos,0.00,70816.84,Pago factura INV-00310,INV-00310,CC-100 Operaciones,Bruno Garcia 02 00001202
1012,2026-04-25,1180,IVA acreditable,3697.28,0.00,Registro factura INV-00097,INV-00097,CC-100 Operaciones,Fabian Rios 06 00001202
1013,2026-03-30,2100,Cuentas por pagar,0.00,58317.84,Registro factura INV-00152,INV-00152,CC-100 Operaciones,Bruno Garcia 08 00001202
1014,2026-06-07,5000,Gastos operativos,56048.00,0.00,Registro factura INV-00067,INV-00067,CC-100 Operaciones,Elena Mora 05 00001202
1015,2026-03-19,2100,Cuentas por pagar,0.00,105527.52,Registro factura INV-00367,INV-00367,CC-100 Operaciones,Carla Soto 09 00001202
1016,2026-02-25,1020,Bancos,71340.00,0.00,Cobro factura INV-00286,INV-00286,CC-100 Operaciones,Bruno Garcia 02 00001202
1017,2026-06-29,1180,IVA acreditable,6974.56,0.00,Registro factura INV-00082,INV-00082,CC-100 Operaciones,Ana Ruiz 07 00001202
1018,2026-02-09,1020,Bancos,0.00,51127.00,Pago factura INV-00215,INV-00215,CC-100 Operaciones,Bruno Garcia 02 00001202
1019,2026-02-05,2100,Cuentas por pagar,79987.80,0.00,Pago factura INV-00295,INV-00295,CC-100 Operaciones,Bruno Garcia 02 00001202
1020,2026-06-25,2100,Cuentas por pagar,0.00,38413.40,Registro factura INV-00250,INV-00250,CC-100 Operaciones,Carla Soto 09 00001202
1021,2026-01-24,2100,Cuentas por pagar,88881.52,0.00,Pago factura INV-00305,INV-00305,CC-100 Operaciones,Bruno Garcia 02 00001202
1022,2026-01-14,1180,IVA acreditable,5568.96,0.00,Registro factura INV-00043,INV-00043,CC-100 Operaciones,Carla Soto 03 00001202
1023,2026-02-23,1020,Bancos,0.00,73314.32,Pago factura INV-00318,INV-00318,CC-100 Operaciones,Bruno Garcia 02 00001202
1024,2026-02-05,1020,Bancos,0.00,42743.68,Pago factura INV-00272,INV-00272,CC-100 Operaciones,Bruno Garcia 02 00001202
1025,2026-06-20,2100,Cuentas por pagar,89404.68,0.00,Pago factura INV-00128,INV-00128,CC-100 Operaciones,Bruno Garcia 02 00001202
1026,2026-06-22,5000,Gastos operativos,63635.00,0.00,Registro factura INV-00227,INV-00227,CC-100 Operaciones,Bruno Garcia 02 00001202
1027,2026-04-16,1180,IVA acreditable,6207.36,0.00,Registro factura INV-00287,INV-00287,CC-100 Operaciones,Carla Soto 09 00001202
1028,2026-06-09,5000,Gastos operativos,57599.00,0.00,Registro factura INV-00237,INV-00237,CC-100 Operaciones,Elena Mora 05 00001202
1029,2026-05-25,2100,Cuentas por pagar,0.00,51031.88,Registro factura INV-00231,INV-00231,CC-100 Operaciones,Diego Luna 10 00001202
1030,2026-05-16,1180,IVA acreditable,13539.20,0.00,Registro factura INV-00168,INV-00168,CC-100 Operaciones,Ana Ruiz 01 00001202
1031,2026-05-19,1180,IVA acreditable,5223.84,0.00,Registro factura INV-00264,INV-00264,CC-100 Operaciones,Bruno Garcia 02 00001202
1032,2026-04-26,2100,Cuentas por pagar,30697.08,0.00,Pago factura INV-00186,INV-00186,CC-100 Operaciones,Bruno Garcia 02 00001202
1033,2026-06-30,2100,Cuentas por pagar,109149.04,0.00,Pago factura INV-00280,INV-00280,CC-100 Operaciones,Bruno Garcia 02 00001202
1034,2026-05-23,2100,Cuentas por pagar,106035.60,0.00,Pago factura INV-00077,INV-00077,CC-100 Operaciones,Bruno Garcia 02 00001202
1035,2026-04-04,1020,Bancos,0.00,85597.56,Pago factura INV-00155,INV-00155,CC-100 Operaciones,Bruno Garcia 02 00001202
1036,2026-02-09,2100,Cuentas por pagar,51127.00,0.00,Pago factura INV-00215,INV-00215,CC-100 Operaciones,Bruno Garcia 02 00001202
1037,2026-03-12,2100,Cuentas por pagar,0.00,46214.40,Registro factura INV-00139,INV-00139,CC-100 Operaciones,Bruno Garcia 02 00001202
1038,2026-04-04,2100,Cuentas por pagar,17575.16,0.00,Pago factura INV-00116,INV-00116,CC-100 Operaciones,Bruno Garcia 02 00001202
1039,2026-03-12,5000,Gastos operativos,37749.00,0.00,Registro factura INV-00319,INV-00319,CC-100 Operaciones,Diego Luna 04 00001202
1040,2026-01-19,2100,Cuentas por pagar,0.00,41639.36,Registro factura INV-00276,INV-00276,CC-100 Operaciones,Bruno Garcia 08 00001202
1041,2026-03-24,2100,Cuentas por pagar,0.00,33820.96,Registro factura INV-00073,INV-00073,CC-100 Operaciones,Bruno Garcia 08 00001202
1042,2026-03-22,5000,Gastos operativos,53973.00,0.00,Registro factura INV-00370,INV-00370,CC-100 Operaciones,Bruno Garcia 08 00001202
1043,2026-04-05,1020,Bancos,0.00,101278.44,Pago factura INV-00036,INV-00036,CC-100 Operaciones,Bruno Garcia 02 00001202
1044,2026-04-11,5000,Gastos operativos,76866.00,0.00,Registro factura INV-00090,INV-00090,CC-100 Operaciones,Fabian Rios 06 00001202
1045,2026-03-03,1180,IVA acreditable,12669.92,0.00,Registro factura INV-00071,INV-00071,CC-100 Operaciones,Carla Soto 03 00001202
1046,2026-04-17,1020,Bancos,0.00,68182.48,Pago factura INV-00103,INV-00103,CC-100 Operaciones,Bruno Garcia 02 00001202
1047,2026-06-04,2100,Cuentas por pagar,24953.92,0.00,Pago factura INV-00283,INV-00283,CC-100 Operaciones,Bruno Garcia 02 00001202
1048,2026-03-30,5000,Gastos operativos,65659.00,0.00,Registro factura INV-00341,INV-00341,CC-100 Operaciones,Diego Luna 10 00001202
1049,2026-02-03,1020,Bancos,0.00,83320.48,Pago factura INV-00203,INV-00203,CC-100 Operaciones,Bruno Garcia 02 00001202
1050,2026-02-23,1180,IVA acreditable,4834.40,0.00,Registro factura INV-00258,INV-00258,CC-100 Operaciones,Ana Ruiz 01 00001202
1051,2026-06-23,5000,Gastos operativos,30789.00,0.00,Registro factura INV-00337,INV-00337,CC-100 Operaciones,Elena Mora 05 00001202
1052,2026-03-15,5000,Gastos operativos,14901.00,0.00,Registro factura INV-00262,INV-00262,CC-100 Operaciones,Carla Soto 03 00001202
1053,2026-02-13,1020,Bancos,0.00,63376.60,Pago factura INV-00294,INV-00294,CC-100 Operaciones,Bruno Garcia 02 00001202
1054,2026-06-27,2100,Cuentas por pagar,0.00,81658.20,Registro factura INV-00002,INV-00002,CC-100 Operaciones,Carla Soto 03 00001202
1055,2026-06-13,5000,Gastos operativos,31240.00,0.00,Registro factura INV-00110,INV-00110,CC-100 Operaciones,Ana Ruiz 01 00001202
1056,2026-06-05,5000,Gastos operativos,31627.00,0.00,Registro factura INV-00051,INV-00051,CC-100 Operaciones,Carla Soto 09 00001202
1057,2026-06-18,2100,Cuentas por pagar,0.00,70592.96,Registro factura INV-00006,INV-00006,CC-100 Operaciones,Diego Luna 04 00001202
1058,2026-01-29,1020,Bancos,0.00,41639.36,Pago factura INV-00276,INV-00276,CC-100 Operaciones,Bruno Garcia 02 00001202
1059,2026-06-27,1020,Bancos,0.00,59559.04,Pago factura INV-00253,INV-00253,CC-100 Operaciones,Bruno Garcia 02 00001202
1060,2026-02-17,2100,Cuentas por pagar,0.00,16708.64,Registro factura INV-00053,INV-00053,CC-100 Operaciones,Elena Mora 05 00001202
1061,2026-05-21,2100,Cuentas por pagar,0.00,35825.44,Registro factura INV-00349,INV-00349,CC-100 Operaciones,Diego Luna 04 00001202
1062,2026-01-11,1180,IVA acreditable,9032.48,0.00,Registro factura INV-00255,INV-00255,CC-100 Operaciones,Fabian Rios 06 00001202
1063,2026-01-26,5000,Gastos operativos,68955.00,0.00,Registro factura INV-00295,INV-00295,CC-100 Operaciones,Carla Soto 03 00001202
1064,2026-05-11,2100,Cuentas por pagar,0.00,103477.80,Registro factura INV-00359,INV-00359,CC-100 Operaciones,Diego Luna 10 00001202
1065,2026-04-15,2100,Cuentas por pagar,36687.32,0.00,Pago factura INV-00316,INV-00316,CC-100 Operaciones,Bruno Garcia 02 00001202
1066,2026-02-03,1020,Bancos,0.00,61335.00,Pago factura INV-00178,INV-00178,CC-100 Operaciones,Bruno Garcia 02 00001202
1067,2026-05-21,1180,IVA acreditable,4941.44,0.00,Registro factura INV-00349,INV-00349,CC-100 Operaciones,Diego Luna 04 00001202
1068,2026-02-19,5000,Gastos operativos,49928.00,0.00,Registro factura INV-00167,INV-00167,CC-100 Operaciones,Ana Ruiz 07 00001202
1069,2026-03-24,2100,Cuentas por pagar,0.00,74789.84,Registro factura INV-00135,INV-00135,CC-100 Operaciones,Diego Luna 10 00001202
1070,2026-06-28,1020,Bancos,0.00,51722.08,Pago factura INV-00159,INV-00159,CC-100 Operaciones,Bruno Garcia 02 00001202
1071,2026-06-30,2100,Cuentas por pagar,14647.32,0.00,Pago factura INV-00140,INV-00140,CC-100 Operaciones,Bruno Garcia 02 00001202
1072,2026-06-29,2100,Cuentas por pagar,0.00,50565.56,Registro factura INV-00082,INV-00082,CC-100 Operaciones,Ana Ruiz 07 00001202
1073,2026-01-27,1180,IVA acreditable,10576.16,0.00,Registro factura INV-00302,INV-00302,CC-100 Operaciones,Diego Luna 10 00001202
1074,2026-04-23,2100,Cuentas por pagar,0.00,29709.92,Registro factura INV-00251,INV-00251,CC-100 Operaciones,Diego Luna 04 00001202
1075,2026-03-23,1020,Bancos,0.00,36451.84,Pago factura INV-00347,INV-00347,CC-100 Operaciones,Bruno Garcia 02 00001202
1076,2026-03-30,2100,Cuentas por pagar,0.00,76164.44,Registro factura INV-00341,INV-00341,CC-100 Operaciones,Diego Luna 10 00001202
1077,2026-02-15,1020,Bancos,0.00,36687.32,Pago factura INV-00050,INV-00050,CC-100 Operaciones,Bruno Garcia 02 00001202
1078,2026-06-12,1020,Bancos,0.00,99331.96,Pago factura INV-00044,INV-00044,CC-100 Operaciones,Bruno Garcia 02 00001202
1079,2026-02-10,5000,Gastos operativos,17129.00,0.00,Registro factura INV-00199,INV-00199,CC-100 Operaciones,Diego Luna 10 00001202
1080,2026-04-19,1180,IVA acreditable,6131.04,0.00,Registro factura INV-00220,INV-00220,CC-100 Operaciones,Bruno Garcia 08 00001202
1081,2026-03-24,1180,IVA acreditable,4664.96,0.00,Registro factura INV-00073,INV-00073,CC-100 Operaciones,Bruno Garcia 08 00001202
1082,2026-04-22,1180,IVA acreditable,1988.64,0.00,Registro factura INV-00245,INV-00245,CC-100 Operaciones,Elena Mora 05 00001202
1083,2026-05-29,1020,Bancos,0.00,37872.84,Pago factura INV-00264,INV-00264,CC-100 Operaciones,Bruno Garcia 02 00001202
1084,2026-03-17,1020,Bancos,0.00,55380.72,Pago factura INV-00058,INV-00058,CC-100 Operaciones,Bruno Garcia 02 00001202
1085,2026-06-21,2100,Cuentas por pagar,0.00,91782.68,Registro factura INV-00200,INV-00200,CC-100 Operaciones,Elena Mora 05 00001202
1086,2026-06-03,2100,Cuentas por pagar,55660.28,0.00,Pago factura INV-00052,INV-00052,CC-100 Operaciones,Bruno Garcia 02 00001202
1087,2026-01-10,1180,IVA acreditable,10559.52,0.00,Registro factura INV-00166,INV-00166,CC-100 Operaciones,Carla Soto 09 00001202
1088,2026-06-21,5000,Gastos operativos,39503.00,0.00,Registro factura INV-00174,INV-00174,CC-100 Operaciones,Carla Soto 03 00001202
1089,2026-04-27,1180,IVA acreditable,6420.32,0.00,Registro factura INV-00013,INV-00013,CC-100 Operaciones,Bruno Garcia 08 00001202
1090,2026-05-26,2100,Cuentas por pagar,98159.20,0.00,Pago factura INV-00168,INV-00168,CC-100 Operaciones,Bruno Garcia 02 00001202
1091,2026-01-31,2100,Cuentas por pagar,76532.16,0.00,Pago factura INV-00239,INV-00239,CC-100 Operaciones,Bruno Garcia 02 00001202
1092,2026-05-12,1020,Bancos,0.00,23265.19,Pago factura INV-00296,INV-00296,CC-100 Operaciones,Bruno Garcia 02 00001202
1093,2026-01-25,2100,Cuentas por pagar,0.00,88157.68,Registro factura INV-00100,INV-00100,CC-100 Operaciones,Fabian Rios 06 00001202
1094,2026-02-19,1020,Bancos,0.00,25919.04,Pago factura INV-00211,INV-00211,CC-100 Operaciones,Bruno Garcia 02 00001202
1095,2026-03-12,2100,Cuentas por pagar,19615.36,0.00,Pago factura INV-00317,INV-00317,CC-100 Operaciones,Bruno Garcia 02 00001202
1096,2026-02-18,1020,Bancos,0.00,34673.56,Pago factura INV-00344,INV-00344,CC-100 Operaciones,Bruno Garcia 02 00001202
1097,2026-05-07,1180,IVA acreditable,10769.28,0.00,Registro factura INV-00114,INV-00114,CC-100 Operaciones,Diego Luna 04 00001202
1098,2026-05-31,2100,Cuentas por pagar,35825.44,0.00,Pago factura INV-00349,INV-00349,CC-100 Operaciones,Bruno Garcia 02 00001202
1099,2026-04-28,1180,IVA acreditable,11028.48,0.00,Registro factura INV-00001,INV-00001,CC-100 Operaciones,Elena Mora 05 00001202
1100,2026-04-18,1180,IVA acreditable,3865.28,0.00,Registro factura INV-00278,INV-00278,CC-100 Operaciones,Ana Ruiz 01 00001202
1101,2026-06-16,1180,IVA acreditable,6616.64,0.00,Registro factura INV-00171,INV-00171,CC-100 Operaciones,Bruno Garcia 02 00001202
1102,2026-01-16,5000,Gastos operativos,85705.00,0.00,Registro factura INV-00366,INV-00366,CC-100 Operaciones,Ana Ruiz 07 00001202
1103,2026-06-05,1020,Bancos,0.00,58815.48,Pago factura INV-00301,INV-00301,CC-100 Operaciones,Bruno Garcia 02 00001202
1104,2026-01-10,5000,Gastos operativos,29958.00,0.00,Registro factura INV-00076,INV-00076,CC-100 Operaciones,Ana Ruiz 07 00001202
1105,2026-03-01,2100,Cuentas por pagar,0.00,30621.68,Registro factura INV-00105,INV-00105,CC-100 Operaciones,Carla Soto 03 00001202
1106,2026-03-28,2100,Cuentas por pagar,33138.88,0.00,Pago factura INV-00075,INV-00075,CC-100 Operaciones,Bruno Garcia 02 00001202
1107,2026-02-21,1180,IVA acreditable,6974.40,0.00,Registro factura INV-00012,INV-00012,CC-100 Operaciones,Ana Ruiz 01 00001202
1108,2026-06-23,5000,Gastos operativos,94566.00,0.00,Registro factura INV-00169,INV-00169,CC-100 Operaciones,Ana Ruiz 07 00001202
1109,2026-06-20,1020,Bancos,0.00,89404.68,Pago factura INV-00128,INV-00128,CC-100 Operaciones,Bruno Garcia 02 00001202
1110,2026-03-04,2100,Cuentas por pagar,57863.12,0.00,Pago factura INV-00275,INV-00275,CC-100 Operaciones,Bruno Garcia 02 00001202
1111,2026-01-23,1020,Bancos,0.00,13076.92,Pago factura INV-00307,INV-00307,CC-100 Operaciones,Bruno Garcia 02 00001202
1112,2026-01-31,1180,IVA acreditable,10912.48,0.00,Registro factura INV-00235,INV-00235,CC-100 Operaciones,Bruno Garcia 02 00001202
1113,2026-05-23,1020,Bancos,0.00,14674.93,Pago factura INV-00338,INV-00338,CC-100 Operaciones,Bruno Garcia 02 00001202
1114,2026-06-22,1180,IVA acreditable,2020.32,0.00,Registro factura INV-00140,INV-00140,CC-100 Operaciones,Diego Luna 10 00001202
1115,2026-03-02,5000,Gastos operativos,55431.00,0.00,Registro factura INV-00160,INV-00160,CC-100 Operaciones,Fabian Rios 06 00001202
1116,2026-02-05,1180,IVA acreditable,5339.84,0.00,Registro factura INV-00223,INV-00223,CC-100 Operaciones,Ana Ruiz 07 00001202
1117,2026-06-21,1180,IVA acreditable,6320.48,0.00,Registro factura INV-00174,INV-00174,CC-100 Operaciones,Carla Soto 03 00001202
1118,2026-04-10,1180,IVA acreditable,12644.64,0.00,Registro factura INV-00369,INV-00369,CC-100 Operaciones,Carla Soto 09 00001202
1119,2026-02-23,2100,Cuentas por pagar,56836.52,0.00,Pago factura INV-00343,INV-00343,CC-100 Operaciones,Bruno Garcia 02 00001202
1120,2026-05-20,5000,Gastos operativos,13190.00,0.00,Registro factura INV-00108,INV-00108,CC-100 Operaciones,Carla Soto 09 00001202
1121,2026-06-10,2100,Cuentas por pagar,81871.64,0.00,Pago factura INV-00017,INV-00017,CC-100 Operaciones,Bruno Garcia 02 00001202
1122,2026-03-21,1180,IVA acreditable,15111.52,0.00,Registro factura INV-00210,INV-00210,CC-100 Operaciones,Carla Soto 09 00001202
1123,2026-02-05,2100,Cuentas por pagar,0.00,36687.32,Registro factura INV-00050,INV-00050,CC-100 Operaciones,Elena Mora 05 00001202
1124,2026-01-20,1180,IVA acreditable,3210.88,0.00,Registro factura INV-00027,INV-00027,CC-100 Operaciones,Ana Ruiz 01 00001202
1125,2026-05-27,5000,Gastos operativos,35865.00,0.00,Registro factura INV-00309,INV-00309,CC-100 Operaciones,Diego Luna 04 00001202
1126,2026-02-24,5000,Gastos operativos,14910.00,0.00,Registro factura INV-00204,INV-00204,CC-100 Operaciones,Bruno Garcia 08 00001202
1127,2026-05-25,5000,Gastos operativos,21512.00,0.00,Registro factura INV-00283,INV-00283,CC-100 Operaciones,Bruno Garcia 08 00001202
1128,2026-02-03,5000,Gastos operativos,54635.00,0.00,Registro factura INV-00294,INV-00294,CC-100 Operaciones,Elena Mora 05 00001202
1129,2026-03-26,2100,Cuentas por pagar,0.00,101278.44,Registro factura INV-00036,INV-00036,CC-100 Operaciones,Diego Luna 04 00001202
1130,2026-03-15,1020,Bancos,0.00,58431.52,Pago factura INV-00196,INV-00196,CC-100 Operaciones,Bruno Garcia 02 00001202
1131,2026-04-11,2100,Cuentas por pagar,50259.32,0.00,Pago factura INV-00087,INV-00087,CC-100 Operaciones,Bruno Garcia 02 00001202
1132,2026-06-30,1020,Bancos,0.00,109149.04,Pago factura INV-00280,INV-00280,CC-100 Operaciones,Bruno Garcia 02 00001202
1133,2026-04-09,1020,Bancos,0.00,58317.84,Pago factura INV-00152,INV-00152,CC-100 Operaciones,Bruno Garcia 02 00001202
1134,2026-05-09,2100,Cuentas por pagar,0.00,80301.00,Registro factura INV-00293,INV-00293,CC-100 Operaciones,Fabian Rios 06 00001202
1135,2026-04-18,1180,IVA acreditable,11097.28,0.00,Registro factura INV-00362,INV-00362,CC-100 Operaciones,Carla Soto 09 00001202
1136,2026-04-08,2100,Cuentas por pagar,94712.84,0.00,Pago factura INV-00055,INV-00055,CC-100 Operaciones,Bruno Garcia 02 00001202
1137,2026-05-16,1180,IVA acreditable,3335.68,0.00,Registro factura INV-00334,INV-00334,CC-100 Operaciones,Carla Soto 03 00001202
1138,2026-03-31,5000,Gastos operativos,90152.00,0.00,Registro factura INV-00336,INV-00336,CC-100 Operaciones,Carla Soto 03 00001202
1139,2026-02-10,1180,IVA acreditable,8599.52,0.00,Registro factura INV-00355,INV-00355,CC-100 Operaciones,Bruno Garcia 08 00001202
1140,2026-01-26,1020,Bancos,0.00,95773.08,Pago factura INV-00153,INV-00153,CC-100 Operaciones,Bruno Garcia 02 00001202
1141,2026-01-25,5000,Gastos operativos,91980.00,0.00,Registro factura INV-00117,INV-00117,CC-100 Operaciones,Diego Luna 04 00001202
1142,2026-01-25,1020,Bancos,0.00,72823.64,Pago factura INV-00057,INV-00057,CC-100 Operaciones,Bruno Garcia 02 00001202
1143,2026-05-08,1020,Bancos,0.00,79956.48,Pago factura INV-00001,INV-00001,CC-100 Operaciones,Bruno Garcia 02 00001202
1144,2026-01-23,2100,Cuentas por pagar,66270.80,0.00,Pago factura INV-00202,INV-00202,CC-100 Operaciones,Bruno Garcia 02 00001202
1145,2026-02-08,1180,IVA acreditable,2180.48,0.00,Registro factura INV-00243,INV-00243,CC-100 Operaciones,Fabian Rios 06 00001202
1146,2026-03-25,1180,IVA acreditable,11806.56,0.00,Registro factura INV-00155,INV-00155,CC-100 Operaciones,Ana Ruiz 07 00001202
1147,2026-02-22,2100,Cuentas por pagar,41580.20,0.00,Pago factura INV-00147,INV-00147,CC-100 Operaciones,Bruno Garcia 02 00001202
1148,2026-04-05,2100,Cuentas por pagar,0.00,32692.28,Registro factura INV-00181,INV-00181,CC-100 Operaciones,Elena Mora 05 00001202
1149,2026-04-14,2100,Cuentas por pagar,0.00,45579.88,Registro factura INV-00221,INV-00221,CC-100 Operaciones,Ana Ruiz 07 00001202
1150,2026-04-24,5000,Gastos operativos,51568.00,0.00,Registro factura INV-00008,INV-00008,CC-100 Operaciones,Carla Soto 09 00001202
1151,2026-02-23,1180,IVA acreditable,9230.24,0.00,Registro factura INV-00040,INV-00040,CC-100 Operaciones,Carla Soto 03 00001202
1152,2026-06-21,2100,Cuentas por pagar,0.00,45823.48,Registro factura INV-00174,INV-00174,CC-100 Operaciones,Carla Soto 03 00001202
1153,2026-04-09,2100,Cuentas por pagar,0.00,103278.28,Registro factura INV-00064,INV-00064,CC-100 Operaciones,Diego Luna 04 00001202
1154,2026-01-27,1020,Bancos,0.00,73985.96,Pago factura INV-00185,INV-00185,CC-100 Operaciones,Bruno Garcia 02 00001202
1155,2026-06-10,1020,Bancos,0.00,19958.96,Pago factura INV-00274,INV-00274,CC-100 Operaciones,Bruno Garcia 02 00001202
1156,2026-03-19,1020,Bancos,0.00,32983.44,Pago factura INV-00134,INV-00134,CC-100 Operaciones,Bruno Garcia 02 00001202
1157,2026-02-11,1020,Bancos,0.00,23119.96,Pago factura INV-00374,INV-00374,CC-100 Operaciones,Bruno Garcia 02 00001202
1158,2026-01-31,5000,Gastos operativos,82014.00,0.00,Registro factura INV-00088,INV-00088,CC-100 Operaciones,Diego Luna 04 00001202
1159,2026-03-23,2100,Cuentas por pagar,76035.68,0.00,Pago factura INV-00104,INV-00104,CC-100 Operaciones,Bruno Garcia 02 00001202
1160,2026-05-26,5000,Gastos operativos,50703.00,0.00,Registro factura INV-00301,INV-00301,CC-100 Operaciones,Ana Ruiz 07 00001202
1161,2026-04-27,5000,Gastos operativos,40127.00,0.00,Registro factura INV-00013,INV-00013,CC-100 Operaciones,Bruno Garcia 08 00001202
1162,2026-06-30,2100,Cuentas por pagar,62217.76,0.00,Pago factura INV-00060,INV-00060,CC-100 Operaciones,Bruno Garcia 02 00001202
1163,2026-05-16,2100,Cuentas por pagar,0.00,24183.68,Registro factura INV-00334,INV-00334,CC-100 Operaciones,Carla Soto 03 00001202
1164,2026-05-18,5000,Gastos operativos,68844.00,0.00,Registro factura INV-00184,INV-00184,CC-100 Operaciones,Elena Mora 05 00001202
1165,2026-06-02,1020,Bancos,0.00,32417.36,Pago factura INV-00340,INV-00340,CC-100 Operaciones,Bruno Garcia 02 00001202
1166,2026-03-26,2100,Cuentas por pagar,15274.88,0.00,Pago factura INV-00074,INV-00074,CC-100 Operaciones,Bruno Garcia 02 00001202
1167,2026-01-12,1020,Bancos,0.00,23265.19,Pago factura INV-00032,INV-00032,CC-100 Operaciones,Bruno Garcia 02 00001202
1168,2026-01-20,5000,Gastos operativos,78962.00,0.00,Registro factura INV-00020,INV-00020,CC-100 Operaciones,Carla Soto 03 00001202
1169,2026-01-14,2100,Cuentas por pagar,0.00,40374.96,Registro factura INV-00043,INV-00043,CC-100 Operaciones,Carla Soto 03 00001202
1170,2026-02-05,5000,Gastos operativos,31627.00,0.00,Registro factura INV-00050,INV-00050,CC-100 Operaciones,Elena Mora 05 00001202
1171,2026-05-03,5000,Gastos operativos,68736.00,0.00,Registro factura INV-00193,INV-00193,CC-100 Operaciones,Bruno Garcia 08 00001202
1172,2026-04-22,5000,Gastos operativos,12429.00,0.00,Registro factura INV-00245,INV-00245,CC-100 Operaciones,Elena Mora 05 00001202
1173,2026-02-18,1180,IVA acreditable,14976.64,0.00,Registro factura INV-00042,INV-00042,CC-100 Operaciones,Bruno Garcia 02 00001202
1174,2026-06-24,1020,Bancos,0.00,73231.96,Pago factura INV-00270,INV-00270,CC-100 Operaciones,Bruno Garcia 02 00001202
1175,2026-04-01,2100,Cuentas por pagar,0.00,89133.24,Registro factura INV-00107,INV-00107,CC-100 Operaciones,Diego Luna 10 00001202
1176,2026-06-13,2100,Cuentas por pagar,0.00,40480.52,Registro factura INV-00326,INV-00326,CC-100 Operaciones,Carla Soto 03 00001202
1177,2026-03-06,1020,Bancos,0.00,17295.60,Pago factura INV-00204,INV-00204,CC-100 Operaciones,Bruno Garcia 02 00001202
1178,2026-06-30,1020,Bancos,0.00,35715.24,Pago factura INV-00337,INV-00337,CC-100 Operaciones,Bruno Garcia 02 00001202
1179,2026-06-21,1020,Bancos,0.00,21732.60,Pago factura INV-00182,INV-00182,CC-100 Operaciones,Bruno Garcia 02 00001202
1180,2026-03-23,2100,Cuentas por pagar,14674.93,0.00,Pago factura INV-00080,INV-00080,CC-100 Operaciones,Bruno Garcia 02 00001202
1181,2026-06-23,2100,Cuentas por pagar,40480.52,0.00,Pago factura INV-00326,INV-00326,CC-100 Operaciones,Bruno Garcia 02 00001202
1182,2026-03-13,2100,Cuentas por pagar,0.00,36451.84,Registro factura INV-00347,INV-00347,CC-100 Operaciones,Carla Soto 09 00001202
1183,2026-03-21,2100,Cuentas por pagar,0.00,109558.52,Registro factura INV-00210,INV-00210,CC-100 Operaciones,Carla Soto 09 00001202
1184,2026-06-30,1020,Bancos,0.00,36775.48,Pago factura INV-00063,INV-00063,CC-100 Operaciones,Bruno Garcia 02 00001202
1185,2026-01-30,2100,Cuentas por pagar,23278.88,0.00,Pago factura INV-00027,INV-00027,CC-100 Operaciones,Bruno Garcia 02 00001202
1186,2026-02-10,2100,Cuentas por pagar,95136.24,0.00,Pago factura INV-00088,INV-00088,CC-100 Operaciones,Bruno Garcia 02 00001202
1187,2026-02-23,2100,Cuentas por pagar,98887.68,0.00,Pago factura INV-00157,INV-00157,CC-100 Operaciones,Bruno Garcia 02 00001202
1188,2026-03-29,1180,IVA acreditable,13063.84,0.00,Registro factura INV-00055,INV-00055,CC-100 Operaciones,Ana Ruiz 01 00001202
1189,2026-06-03,1020,Bancos,0.00,18909.16,Pago factura INV-00146,INV-00146,CC-100 Operaciones,Bruno Garcia 02 00001202
1190,2026-06-26,5000,Gastos operativos,30345.00,0.00,Registro factura INV-00265,INV-00265,CC-100 Operaciones,Fabian Rios 06 00001202
1191,2026-02-08,1020,Bancos,0.00,48716.52,Pago factura INV-00049,INV-00049,CC-100 Operaciones,Bruno Garcia 02 00001202
1192,2026-05-06,1020,Bancos,0.00,70843.52,Pago factura INV-00371,INV-00371,CC-100 Operaciones,Bruno Garcia 02 00001202
1193,2026-03-10,5000,Gastos operativos,44276.00,0.00,Registro factura INV-00226,INV-00226,CC-100 Operaciones,Diego Luna 10 00001202
1194,2026-05-10,1180,IVA acreditable,12839.20,0.00,Registro factura INV-00011,INV-00011,CC-100 Operaciones,Carla Soto 03 00001202
1195,2026-05-14,1180,IVA acreditable,7526.24,0.00,Registro factura INV-00208,INV-00208,CC-100 Operaciones,Carla Soto 09 00001202
1196,2026-03-12,1020,Bancos,0.00,23265.19,Pago factura INV-00091,INV-00091,CC-100 Operaciones,Bruno Garcia 02 00001202
1197,2026-03-05,5000,Gastos operativos,28183.00,0.00,Registro factura INV-00317,INV-00317,CC-100 Operaciones,Diego Luna 04 00001202
1198,2026-05-23,2100,Cuentas por pagar,0.00,32417.36,Registro factura INV-00340,INV-00340,CC-100 Operaciones,Bruno Garcia 08 00001202
1199,2026-04-20,1180,IVA acreditable,6348.00,0.00,Registro factura INV-00191,INV-00191,CC-100 Operaciones,Elena Mora 05 00001202
1200,2026-06-21,1020,Bancos,0.00,63209.56,Pago factura INV-00029,INV-00029,CC-100 Operaciones,Bruno Garcia 02 00001202
1201,2026-06-09,2100,Cuentas por pagar,35241.96,0.00,Pago factura INV-00030,INV-00030,CC-100 Operaciones,Bruno Garcia 02 00001202
1202,2026-06-05,5000,Gastos operativos,68924.00,0.00,Registro factura INV-00358,INV-00358,CC-100 Operaciones,Carla Soto 09 00001202
1203,2026-05-10,2100,Cuentas por pagar,85347.00,0.00,Pago factura INV-00018,INV-00018,CC-100 Operaciones,Bruno Garcia 02 00001202
1204,2026-06-20,2100,Cuentas por pagar,0.00,64624.76,Registro factura INV-00273,INV-00273,CC-100 Operaciones,Fabian Rios 06 00001202
1205,2026-02-26,1180,IVA acreditable,5243.68,0.00,Registro factura INV-00059,INV-00059,CC-100 Operaciones,Diego Luna 10 00001202
1206,2026-05-09,1180,IVA acreditable,11076.00,0.00,Registro factura INV-00293,INV-00293,CC-100 Operaciones,Fabian Rios 06 00001202
1207,2026-05-25,2100,Cuentas por pagar,86328.36,0.00,Pago factura INV-00165,INV-00165,CC-100 Operaciones,Bruno Garcia 02 00001202
1208,2026-01-30,2080,IVA trasladado,0.00,6080.00,Registro venta INV-00328,INV-00328,CC-100 Operaciones,Bruno Garcia 02 00001202
1209,2026-02-26,1020,Bancos,0.00,34143.44,Pago factura INV-00154,INV-00154,CC-100 Operaciones,Bruno Garcia 02 00001202
1210,2026-03-17,1180,IVA acreditable,11602.24,0.00,Registro factura INV-00209,INV-00209,CC-100 Operaciones,Elena Mora 05 00001202
1211,2026-05-21,1020,Bancos,0.00,75300.24,Pago factura INV-00290,INV-00290,CC-100 Operaciones,Bruno Garcia 02 00001202
1212,2026-05-13,5000,Gastos operativos,91410.00,0.00,Registro factura INV-00077,INV-00077,CC-100 Operaciones,Diego Luna 04 00001202
1213,2026-02-05,1180,IVA acreditable,5348.32,0.00,Registro factura INV-00137,INV-00137,CC-100 Operaciones,Carla Soto 09 00001202
1214,2026-03-12,1180,IVA acreditable,6374.40,0.00,Registro factura INV-00139,INV-00139,CC-100 Operaciones,Bruno Garcia 02 00001202
1215,2026-06-02,2100,Cuentas por pagar,32417.36,0.00,Pago factura INV-00340,INV-00340,CC-100 Operaciones,Bruno Garcia 02 00001202
1216,2026-05-26,5000,Gastos operativos,78229.00,0.00,Registro factura INV-00106,INV-00106,CC-100 Operaciones,Elena Mora 05 00001202
1217,2026-06-16,2100,Cuentas por pagar,110171.00,0.00,Pago factura INV-00024,INV-00024,CC-100 Operaciones,Bruno Garcia 02 00001202
1218,2026-03-08,2100,Cuentas por pagar,38016.68,0.00,Pago factura INV-00059,INV-00059,CC-100 Operaciones,Bruno Garcia 02 00001202
1219,2026-03-10,5000,Gastos operativos,48628.00,0.00,Registro factura INV-00259,INV-00259,CC-100 Operaciones,Bruno Garcia 08 00001202
1220,2026-06-05,2100,Cuentas por pagar,0.00,79951.84,Registro factura INV-00358,INV-00358,CC-100 Operaciones,Carla Soto 09 00001202
1221,2026-02-07,5000,Gastos operativos,62908.00,0.00,Registro factura INV-00263,INV-00263,CC-100 Operaciones,Carla Soto 09 00001202
1222,2026-02-04,2100,Cuentas por pagar,106696.80,0.00,Pago factura INV-00117,INV-00117,CC-100 Operaciones,Bruno Garcia 02 00001202
1223,2026-01-21,5000,Gastos operativos,0.00,22500.00,Reversion de factura cancelada INV-00256,INV-00256,CC-100 Operaciones,Bruno Garcia 02 00001202
1224,2026-03-25,5000,Gastos operativos,73791.00,0.00,Registro factura INV-00155,INV-00155,CC-100 Operaciones,Ana Ruiz 07 00001202
1225,2026-03-23,2100,Cuentas por pagar,36451.84,0.00,Pago factura INV-00347,INV-00347,CC-100 Operaciones,Bruno Garcia 02 00001202
1226,2026-05-02,1020,Bancos,0.00,73567.20,Pago factura INV-00025,INV-00025,CC-100 Operaciones,Bruno Garcia 02 00001202
1227,2026-06-02,2100,Cuentas por pagar,0.00,19156.24,Registro factura INV-00081,INV-00081,CC-100 Operaciones,Bruno Garcia 02 00001202
1228,2026-06-20,1180,IVA acreditable,8913.76,0.00,Registro factura INV-00273,INV-00273,CC-100 Operaciones,Fabian Rios 06 00001202
1229,2026-02-07,2100,Cuentas por pagar,0.00,72973.28,Registro factura INV-00263,INV-00263,CC-100 Operaciones,Carla Soto 09 00001202
1230,2026-01-09,2100,Cuentas por pagar,0.00,88264.40,Registro factura INV-00111,INV-00111,CC-100 Operaciones,Bruno Garcia 02 00001202
1231,2026-04-17,1180,IVA acreditable,8096.00,0.00,Registro factura INV-00033,INV-00033,CC-100 Operaciones,Fabian Rios 06 00001202
1232,2026-03-23,1020,Bancos,0.00,13076.92,Pago factura INV-00317,INV-00317,CC-100 Operaciones,Bruno Garcia 02 00001202
1233,2026-05-15,5000,Gastos operativos,57107.00,0.00,Registro factura INV-00039,INV-00039,CC-100 Operaciones,Diego Luna 04 00001202
1234,2026-03-07,1180,IVA acreditable,7638.72,0.00,Registro factura INV-00058,INV-00058,CC-100 Operaciones,Carla Soto 09 00001202
1235,2026-06-26,1180,IVA acreditable,8581.76,0.00,Registro factura INV-00060,INV-00060,CC-100 Operaciones,Bruno Garcia 08 00001202
1236,2026-05-30,1020,Bancos,0.00,66566.60,Pago factura INV-00150,INV-00150,CC-100 Operaciones,Bruno Garcia 02 00001202
1237,2026-02-25,2100,Cuentas por pagar,24735.84,0.00,Pago factura INV-00222,INV-00222,CC-100 Operaciones,Bruno Garcia 02 00001202
1238,2026-03-14,1020,Bancos,0.00,60255.04,Pago factura INV-00351,INV-00351,CC-100 Operaciones,Bruno Garcia 02 00001202
1239,2026-04-10,2100,Cuentas por pagar,86490.76,0.00,Pago factura INV-00205,INV-00205,CC-100 Operaciones,Bruno Garcia 02 00001202
1240,2026-04-08,5000,Gastos operativos,42850.00,0.00,Registro factura INV-00085,INV-00085,CC-100 Operaciones,Ana Ruiz 07 00001202
1241,2026-05-24,2100,Cuentas por pagar,25910.92,0.00,Pago factura INV-00297,INV-00297,CC-100 Operaciones,Bruno Garcia 02 00001202
1242,2026-03-14,2100,Cuentas por pagar,104714.36,0.00,Pago factura INV-00197,INV-00197,CC-100 Operaciones,Bruno Garcia 02 00001202
1243,2026-01-24,1180,IVA acreditable,8460.00,0.00,Registro factura INV-00178,INV-00178,CC-100 Operaciones,Ana Ruiz 07 00001202
1244,2026-01-17,2100,Cuentas por pagar,0.00,73985.96,Registro factura INV-00185,INV-00185,CC-100 Operaciones,Bruno Garcia 02 00001202
1245,2026-01-28,1180,IVA acreditable,12920.80,0.00,Registro factura INV-00125,INV-00125,CC-100 Operaciones,Carla Soto 03 00001202
1246,2026-02-18,1180,IVA acreditable,11133.92,0.00,Registro factura INV-00014,INV-00014,CC-100 Operaciones,Diego Luna 10 00001202
1247,2026-03-31,1180,IVA acreditable,6800.00,0.00,Registro factura INV-00364,INV-00364,CC-100 Operaciones,Fabian Rios 06 00001202
1248,2026-04-11,1020,Bancos,0.00,89133.24,Pago factura INV-00107,INV-00107,CC-100 Operaciones,Bruno Garcia 02 00001202
1249,2026-06-18,1180,IVA acreditable,9736.96,0.00,Registro factura INV-00006,INV-00006,CC-100 Operaciones,Diego Luna 04 00001202
1250,2026-02-10,1050,Cuentas por cobrar,63537.84,0.00,Registro venta INV-00233,INV-00233,CC-100 Operaciones,Bruno Garcia 02 00001202
1251,2026-05-20,2100,Cuentas por pagar,0.00,15300.40,Registro factura INV-00108,INV-00108,CC-100 Operaciones,Carla Soto 09 00001202
1252,2026-06-15,2100,Cuentas por pagar,38775.32,0.00,Pago factura INV-00230,INV-00230,CC-100 Operaciones,Bruno Garcia 02 00001202
1253,2026-04-27,5000,Gastos operativos,86905.00,0.00,Registro factura INV-00120,INV-00120,CC-100 Operaciones,Diego Luna 10 00001202
1254,2026-05-02,2100,Cuentas por pagar,73567.20,0.00,Pago factura INV-00025,INV-00025,CC-100 Operaciones,Bruno Garcia 02 00001202
1255,2026-02-15,1180,IVA acreditable,11681.76,0.00,Registro factura INV-00047,INV-00047,CC-100 Operaciones,Ana Ruiz 01 00001202
1256,2026-04-06,2100,Cuentas por pagar,76809.40,0.00,Pago factura INV-00021,INV-00021,CC-100 Operaciones,Bruno Garcia 02 00001202
1257,2026-02-24,2100,Cuentas por pagar,0.00,17295.60,Registro factura INV-00204,INV-00204,CC-100 Operaciones,Bruno Garcia 08 00001202
1258,2026-04-22,5000,Gastos operativos,63420.00,0.00,Registro factura INV-00025,INV-00025,CC-100 Operaciones,Ana Ruiz 07 00001202
1259,2026-03-03,1020,Bancos,0.00,50564.40,Pago factura INV-00012,INV-00012,CC-100 Operaciones,Bruno Garcia 02 00001202
1260,2026-04-29,2100,Cuentas por pagar,0.00,80811.40,Registro factura INV-00267,INV-00267,CC-100 Operaciones,Diego Luna 10 00001202
1261,2026-02-15,1020,Bancos,0.00,38775.32,Pago factura INV-00137,INV-00137,CC-100 Operaciones,Bruno Garcia 02 00001202
1262,2026-02-28,5000,Gastos operativos,17251.00,0.00,Registro factura INV-00360,INV-00360,CC-100 Operaciones,Diego Luna 04 00001202
1263,2026-01-29,2100,Cuentas por pagar,62272.28,0.00,Pago factura INV-00332,INV-00332,CC-100 Operaciones,Bruno Garcia 02 00001202
1264,2026-05-22,2100,Cuentas por pagar,0.00,98787.92,Registro factura INV-00192,INV-00192,CC-100 Operaciones,Carla Soto 09 00001202
1265,2026-05-12,1180,IVA acreditable,14104.00,0.00,Registro factura INV-00038,INV-00038,CC-100 Operaciones,Ana Ruiz 07 00001202
1266,2026-03-13,1020,Bancos,0.00,98539.68,Pago factura INV-00019,INV-00019,CC-100 Operaciones,Bruno Garcia 02 00001202
1267,2026-05-03,1020,Bancos,0.00,52980.68,Pago factura INV-00214,INV-00214,CC-100 Operaciones,Bruno Garcia 02 00001202
1268,2026-05-26,2100,Cuentas por pagar,0.00,90745.64,Registro factura INV-00106,INV-00106,CC-100 Operaciones,Elena Mora 05 00001202
1269,2026-01-09,5000,Gastos operativos,76090.00,0.00,Registro factura INV-00111,INV-00111,CC-100 Operaciones,Bruno Garcia 02 00001202
1270,2026-04-22,2100,Cuentas por pagar,0.00,73567.20,Registro factura INV-00025,INV-00025,CC-100 Operaciones,Ana Ruiz 07 00001202
1271,2026-04-03,2100,Cuentas por pagar,74789.84,0.00,Pago factura INV-00135,INV-00135,CC-100 Operaciones,Bruno Garcia 02 00001202
1272,2026-05-06,1180,IVA acreditable,5181.76,0.00,Registro factura INV-00098,INV-00098,CC-100 Operaciones,Ana Ruiz 07 00001202
1273,2026-02-16,2100,Cuentas por pagar,0.00,34143.44,Registro factura INV-00154,INV-00154,CC-100 Operaciones,Fabian Rios 06 00001202
1274,2026-02-12,1020,Bancos,0.00,92338.32,Pago factura INV-00035,INV-00035,CC-100 Operaciones,Bruno Garcia 02 00001202
1275,2026-02-09,1020,Bancos,0.00,37106.08,Pago factura INV-00300,INV-00300,CC-100 Operaciones,Bruno Garcia 02 00001202
1276,2026-04-27,2100,Cuentas por pagar,0.00,100809.80,Registro factura INV-00120,INV-00120,CC-100 Operaciones,Diego Luna 10 00001202
1277,2026-06-30,2100,Cuentas por pagar,73816.60,0.00,Pago factura INV-00227,INV-00227,CC-100 Operaciones,Bruno Garcia 02 00001202
1278,2026-02-15,1020,Bancos,0.00,90281.64,Pago factura INV-00261,INV-00261,CC-100 Operaciones,Bruno Garcia 02 00001202
1279,2026-01-19,1180,IVA acreditable,5743.36,0.00,Registro factura INV-00276,INV-00276,CC-100 Operaciones,Bruno Garcia 08 00001202
1280,2026-02-01,1020,Bancos,0.00,75025.32,Pago factura INV-00109,INV-00109,CC-100 Operaciones,Bruno Garcia 02 00001202
1281,2026-05-12,2100,Cuentas por pagar,72254.08,0.00,Pago factura INV-00062,INV-00062,CC-100 Operaciones,Bruno Garcia 02 00001202
1282,2026-04-03,1180,IVA acreditable,7619.84,0.00,Registro factura INV-00365,INV-00365,CC-100 Operaciones,Fabian Rios 06 00001202
1283,2026-03-02,2100,Cuentas por pagar,28308.64,0.00,Pago factura INV-00148,INV-00148,CC-100 Operaciones,Bruno Garcia 02 00001202
1284,2026-04-01,5000,Gastos operativos,42500.00,0.00,Registro factura INV-00161,INV-00161,CC-100 Operaciones,Fabian Rios 06 00001202
1285,2026-06-21,2100,Cuentas por pagar,63209.56,0.00,Pago factura INV-00029,INV-00029,CC-100 Operaciones,Bruno Garcia 02 00001202
1286,2026-03-20,1020,Bancos,0.00,56408.48,Pago factura INV-00259,INV-00259,CC-100 Operaciones,Bruno Garcia 02 00001202
1287,2026-05-23,1020,Bancos,0.00,38360.04,Pago factura INV-00156,INV-00156,CC-100 Operaciones,Bruno Garcia 02 00001202
1288,2026-01-21,2100,Cuentas por pagar,88379.24,0.00,Pago factura INV-00244,INV-00244,CC-100 Operaciones,Bruno Garcia 02 00001202
1289,2026-05-03,1020,Bancos,0.00,29709.92,Pago factura INV-00251,INV-00251,CC-100 Operaciones,Bruno Garcia 02 00001202
1290,2026-02-07,1180,IVA acreditable,11920.48,0.00,Registro factura INV-00357,INV-00357,CC-100 Operaciones,Ana Ruiz 01 00001202
1291,2026-02-24,1180,IVA acreditable,5323.20,0.00,Registro factura INV-00141,INV-00141,CC-100 Operaciones,Diego Luna 10 00001202
1292,2026-02-20,5000,Gastos operativos,24404.00,0.00,Registro factura INV-00148,INV-00148,CC-100 Operaciones,Bruno Garcia 02 00001202
1293,2026-02-22,1180,IVA acreditable,7981.12,0.00,Registro factura INV-00275,INV-00275,CC-100 Operaciones,Diego Luna 04 00001202
1294,2026-05-03,1180,IVA acreditable,14242.88,0.00,Registro factura INV-00320,INV-00320,CC-100 Operaciones,Fabian Rios 06 00001202
1295,2026-04-06,1020,Bancos,0.00,93179.32,Pago factura INV-00163,INV-00163,CC-100 Operaciones,Bruno Garcia 02 00001202
1296,2026-04-16,5000,Gastos operativos,38796.00,0.00,Registro factura INV-00287,INV-00287,CC-100 Operaciones,Carla Soto 09 00001202
1297,2026-05-23,2100,Cuentas por pagar,14674.93,0.00,Pago factura INV-00338,INV-00338,CC-100 Operaciones,Bruno Garcia 02 00001202
1298,2026-06-25,2100,Cuentas por pagar,0.00,36775.48,Registro factura INV-00063,INV-00063,CC-100 Operaciones,Ana Ruiz 01 00001202
1299,2026-05-25,1180,IVA acreditable,3441.92,0.00,Registro factura INV-00283,INV-00283,CC-100 Operaciones,Bruno Garcia 08 00001202
1300,2026-02-13,1180,IVA acreditable,7839.52,0.00,Registro factura INV-00343,INV-00343,CC-100 Operaciones,Ana Ruiz 07 00001202
1301,2026-06-10,2100,Cuentas por pagar,0.00,89404.68,Registro factura INV-00128,INV-00128,CC-100 Operaciones,Bruno Garcia 02 00001202
1302,2026-02-07,5000,Gastos operativos,74503.00,0.00,Registro factura INV-00357,INV-00357,CC-100 Operaciones,Ana Ruiz 01 00001202
1303,2026-05-30,1180,IVA acreditable,10222.72,0.00,Registro factura INV-00124,INV-00124,CC-100 Operaciones,Carla Soto 03 00001202
1304,2026-02-17,1180,IVA acreditable,2304.64,0.00,Registro factura INV-00053,INV-00053,CC-100 Operaciones,Elena Mora 05 00001202
1305,2026-05-18,1180,IVA acreditable,11015.04,0.00,Registro factura INV-00184,INV-00184,CC-100 Operaciones,Elena Mora 05 00001202
1306,2026-06-22,2100,Cuentas por pagar,0.00,73816.60,Registro factura INV-00227,INV-00227,CC-100 Operaciones,Bruno Garcia 02 00001202
1307,2026-04-21,2100,Cuentas por pagar,0.00,108248.88,Registro factura INV-00069,INV-00069,CC-100 Operaciones,Bruno Garcia 02 00001202
1308,2026-05-14,5000,Gastos operativos,47039.00,0.00,Registro factura INV-00208,INV-00208,CC-100 Operaciones,Carla Soto 09 00001202
1309,2026-02-22,5000,Gastos operativos,40313.00,0.00,Registro factura INV-00234,INV-00234,CC-100 Operaciones,Diego Luna 04 00001202
1310,2026-01-24,1180,IVA acreditable,11492.48,0.00,Registro factura INV-00203,INV-00203,CC-100 Operaciones,Carla Soto 09 00001202
1311,2026-03-07,1180,IVA acreditable,6313.60,0.00,Registro factura INV-00313,INV-00313,CC-100 Operaciones,Ana Ruiz 01 00001202
1312,2026-01-19,5000,Gastos operativos,53683.00,0.00,Registro factura INV-00332,INV-00332,CC-100 Operaciones,Fabian Rios 06 00001202
1313,2026-02-10,1180,IVA acreditable,2740.64,0.00,Registro factura INV-00199,INV-00199,CC-100 Operaciones,Diego Luna 10 00001202
1314,2026-02-10,2080,IVA trasladado,0.00,8763.84,Registro venta INV-00233,INV-00233,CC-100 Operaciones,Bruno Garcia 02 00001202
1315,2026-03-08,1180,IVA acreditable,11462.24,0.00,Registro factura INV-00095,INV-00095,CC-100 Operaciones,Fabian Rios 06 00001202
1316,2026-03-01,1020,Bancos,0.00,84478.16,Pago factura INV-00164,INV-00164,CC-100 Operaciones,Bruno Garcia 02 00001202
1317,2026-04-07,2100,Cuentas por pagar,0.00,38610.60,Registro factura INV-00333,INV-00333,CC-100 Operaciones,Bruno Garcia 08 00001202
1318,2026-04-03,1020,Bancos,0.00,33820.96,Pago factura INV-00073,INV-00073,CC-100 Operaciones,Bruno Garcia 02 00001202
1319,2026-03-17,1020,Bancos,0.00,45773.60,Pago factura INV-00313,INV-00313,CC-100 Operaciones,Bruno Garcia 02 00001202
1320,2026-01-20,1020,Bancos,0.00,34751.28,Pago factura INV-00076,INV-00076,CC-100 Operaciones,Bruno Garcia 02 00001202
1321,2026-06-06,2100,Cuentas por pagar,0.00,90128.52,Registro factura INV-00232,INV-00232,CC-100 Operaciones,Bruno Garcia 08 00001202
1322,2026-03-24,1020,Bancos,0.00,61621.52,Pago factura INV-00271,INV-00271,CC-100 Operaciones,Bruno Garcia 02 00001202
1323,2026-06-27,1020,Bancos,0.00,14152.00,Pago factura INV-00311,INV-00311,CC-100 Operaciones,Bruno Garcia 02 00001202
1324,2026-04-21,2100,Cuentas por pagar,89164.56,0.00,Pago factura INV-00090,INV-00090,CC-100 Operaciones,Bruno Garcia 02 00001202
1325,2026-04-14,1180,IVA acreditable,0.00,689.66,Reembolso proveedor INV-00118,INV-00118,CC-100 Operaciones,Bruno Garcia 02 00001202
1326,2026-05-10,2100,Cuentas por pagar,0.00,87569.56,Registro factura INV-00112,INV-00112,CC-100 Operaciones,Ana Ruiz 01 00001202
1327,2026-01-09,1180,IVA acreditable,6482.56,0.00,Registro factura INV-00183,INV-00183,CC-100 Operaciones,Diego Luna 10 00001202
1328,2026-06-22,2100,Cuentas por pagar,0.00,14647.32,Registro factura INV-00140,INV-00140,CC-100 Operaciones,Diego Luna 10 00001202
1329,2026-04-30,2100,Cuentas por pagar,46023.00,0.00,Pago factura INV-00191,INV-00191,CC-100 Operaciones,Bruno Garcia 02 00001202
1330,2026-06-27,5000,Gastos operativos,70395.00,0.00,Registro factura INV-00002,INV-00002,CC-100 Operaciones,Carla Soto 03 00001202
1331,2026-01-30,5000,Gastos operativos,31988.00,0.00,Registro factura INV-00300,INV-00300,CC-100 Operaciones,Carla Soto 09 00001202
1332,2026-02-27,1180,IVA acreditable,2755.36,0.00,Registro factura INV-00092,INV-00092,CC-100 Operaciones,Ana Ruiz 07 00001202
1333,2026-01-21,2100,Cuentas por pagar,65485.48,0.00,Pago factura INV-00255,INV-00255,CC-100 Operaciones,Bruno Garcia 02 00001202
1334,2026-05-04,1020,Bancos,0.00,59818.88,Pago factura INV-00008,INV-00008,CC-100 Operaciones,Bruno Garcia 02 00001202
1335,2026-03-27,1020,Bancos,0.00,84116.24,Pago factura INV-00209,INV-00209,CC-100 Operaciones,Bruno Garcia 02 00001202
1336,2026-04-05,5000,Gastos operativos,28183.00,0.00,Registro factura INV-00181,INV-00181,CC-100 Operaciones,Elena Mora 05 00001202
1337,2026-02-19,2100,Cuentas por pagar,84645.20,0.00,Pago factura INV-00306,INV-00306,CC-100 Operaciones,Bruno Garcia 02 00001202
1338,2026-04-02,5000,Gastos operativos,60000.00,0.00,Registro factura INV-00118,INV-00118,CC-100 Operaciones,Ana Ruiz 07 00001202
1339,2026-03-20,2100,Cuentas por pagar,0.00,105607.56,Registro factura INV-00339,INV-00339,CC-100 Operaciones,Diego Luna 04 00001202
1340,2026-01-19,5000,Gastos operativos,35896.00,0.00,Registro factura INV-00276,INV-00276,CC-100 Operaciones,Bruno Garcia 08 00001202
1341,2026-04-25,1020,Bancos,0.00,36954.12,Pago factura INV-00260,INV-00260,CC-100 Operaciones,Bruno Garcia 02 00001202
1342,2026-02-20,2100,Cuentas por pagar,0.00,28308.64,Registro factura INV-00148,INV-00148,CC-100 Operaciones,Bruno Garcia 02 00001202
1343,2026-03-31,2100,Cuentas por pagar,0.00,49300.00,Registro factura INV-00364,INV-00364,CC-100 Operaciones,Fabian Rios 06 00001202
1344,2026-04-19,1180,IVA acreditable,2546.72,0.00,Registro factura INV-00142,INV-00142,CC-100 Operaciones,Fabian Rios 06 00001202
1345,2026-04-01,1180,IVA acreditable,6800.00,0.00,Registro factura INV-00161,INV-00161,CC-100 Operaciones,Fabian Rios 06 00001202
1346,2026-06-25,2100,Cuentas por pagar,64912.44,0.00,Pago factura INV-00248,INV-00248,CC-100 Operaciones,Bruno Garcia 02 00001202
1347,2026-03-19,2100,Cuentas por pagar,32983.44,0.00,Pago factura INV-00134,INV-00134,CC-100 Operaciones,Bruno Garcia 02 00001202
1348,2026-04-04,1180,IVA acreditable,7454.56,0.00,Registro factura INV-00257,INV-00257,CC-100 Operaciones,Carla Soto 09 00001202
1349,2026-02-15,2100,Cuentas por pagar,90281.64,0.00,Pago factura INV-00261,INV-00261,CC-100 Operaciones,Bruno Garcia 02 00001202
1350,2026-04-23,5000,Gastos operativos,45673.00,0.00,Registro factura INV-00214,INV-00214,CC-100 Operaciones,Bruno Garcia 02 00001202
1351,2026-04-16,1180,IVA acreditable,4234.08,0.00,Registro factura INV-00186,INV-00186,CC-100 Operaciones,Ana Ruiz 07 00001202
1352,2026-03-11,1020,Bancos,0.00,23254.52,Pago factura INV-00003,INV-00003,CC-100 Operaciones,Bruno Garcia 02 00001202
1353,2026-01-21,2100,Cuentas por pagar,0.00,76532.16,Registro factura INV-00239,INV-00239,CC-100 Operaciones,Diego Luna 10 00001202
1354,2026-05-03,2100,Cuentas por pagar,0.00,79733.76,Registro factura INV-00193,INV-00193,CC-100 Operaciones,Bruno Garcia 08 00001202
1355,2026-02-07,1020,Bancos,0.00,53157.00,Pago factura INV-00246,INV-00246,CC-100 Operaciones,Bruno Garcia 02 00001202
1356,2026-04-21,1020,Bancos,46400.00,0.00,Reembolso proveedor INV-00096,INV-00096,CC-100 Operaciones,Bruno Garcia 02 00001202
1357,2026-03-27,2100,Cuentas por pagar,0.00,87000.00,Registro factura INV-00236,INV-00236,CC-100 Operaciones,Carla Soto 03 00001202
1358,2026-04-27,2100,Cuentas por pagar,58696.00,0.00,Pago factura INV-00033,INV-00033,CC-100 Operaciones,Bruno Garcia 02 00001202
1359,2026-03-08,5000,Gastos operativos,71639.00,0.00,Registro factura INV-00095,INV-00095,CC-100 Operaciones,Fabian Rios 06 00001202
1360,2026-04-29,1180,IVA acreditable,5605.28,0.00,Registro factura INV-00102,INV-00102,CC-100 Operaciones,Bruno Garcia 02 00001202
1361,2026-06-18,1020,Bancos,0.00,33350.00,Pago factura INV-00268,INV-00268,CC-100 Operaciones,Bruno Garcia 02 00001202
1362,2026-03-25,1180,IVA acreditable,2424.16,0.00,Registro factura INV-00116,INV-00116,CC-100 Operaciones,Elena Mora 05 00001202
1363,2026-01-31,2100,Cuentas por pagar,0.00,79115.48,Registro factura INV-00235,INV-00235,CC-100 Operaciones,Bruno Garcia 02 00001202
1364,2026-03-18,2100,Cuentas por pagar,0.00,24488.76,Registro factura INV-00238,INV-00238,CC-100 Operaciones,Bruno Garcia 02 00001202
1365,2026-03-05,1180,IVA acreditable,8059.52,0.00,Registro factura INV-00196,INV-00196,CC-100 Operaciones,Ana Ruiz 07 00001202
1366,2026-05-01,1180,IVA acreditable,7315.52,0.00,Registro factura INV-00056,INV-00056,CC-100 Operaciones,Diego Luna 04 00001202
1367,2026-05-13,2100,Cuentas por pagar,0.00,38360.04,Registro factura INV-00156,INV-00156,CC-100 Operaciones,Bruno Garcia 02 00001202
1368,2026-05-23,2100,Cuentas por pagar,38360.04,0.00,Pago factura INV-00156,INV-00156,CC-100 Operaciones,Bruno Garcia 02 00001202
1369,2026-06-05,1180,IVA acreditable,13917.76,0.00,Registro factura INV-00079,INV-00079,CC-100 Operaciones,Ana Ruiz 01 00001202
1370,2026-02-14,2100,Cuentas por pagar,0.00,82310.12,Registro factura INV-00028,INV-00028,CC-100 Operaciones,Diego Luna 04 00001202
1371,2026-04-13,5000,Gastos operativos,25419.00,0.00,Registro factura INV-00315,INV-00315,CC-100 Operaciones,Diego Luna 10 00001202
1372,2026-04-14,5000,Gastos operativos,39293.00,0.00,Registro factura INV-00221,INV-00221,CC-100 Operaciones,Ana Ruiz 07 00001202
1373,2026-05-12,1020,Bancos,0.00,22012.39,Pago factura INV-00338,INV-00338,CC-100 Operaciones,Bruno Garcia 02 00001202
1374,2026-06-30,2100,Cuentas por pagar,36775.48,0.00,Pago factura INV-00063,INV-00063,CC-100 Operaciones,Bruno Garcia 02 00001202
1375,2026-02-15,1180,IVA acreditable,3411.84,0.00,Registro factura INV-00222,INV-00222,CC-100 Operaciones,Carla Soto 09 00001202
1376,2026-03-17,1180,IVA acreditable,9321.28,0.00,Registro factura INV-00322,INV-00322,CC-100 Operaciones,Carla Soto 03 00001202
1377,2026-04-10,1180,IVA acreditable,7544.48,0.00,Registro factura INV-00115,INV-00115,CC-100 Operaciones,Ana Ruiz 01 00001202
1378,2026-04-28,1020,Bancos,0.00,80455.28,Pago factura INV-00362,INV-00362,CC-100 Operaciones,Bruno Garcia 02 00001202
1379,2026-05-26,1180,IVA acreditable,12516.64,0.00,Registro factura INV-00106,INV-00106,CC-100 Operaciones,Elena Mora 05 00001202
1380,2026-03-08,5000,Gastos operativos,78646.00,0.00,Registro factura INV-00127,INV-00127,CC-100 Operaciones,Bruno Garcia 08 00001202
1381,2026-04-23,2100,Cuentas por pagar,0.00,52980.68,Registro factura INV-00214,INV-00214,CC-100 Operaciones,Bruno Garcia 02 00001202
1382,2026-05-11,1180,IVA acreditable,14272.80,0.00,Registro factura INV-00359,INV-00359,CC-100 Operaciones,Diego Luna 10 00001202
1383,2026-02-06,1020,Bancos,0.00,76677.16,Pago factura INV-00302,INV-00302,CC-100 Operaciones,Bruno Garcia 02 00001202
1384,2026-03-11,5000,Gastos operativos,61049.00,0.00,Registro factura INV-00310,INV-00310,CC-100 Operaciones,Elena Mora 05 00001202
1385,2026-01-18,1180,IVA acreditable,5132.16,0.00,Registro factura INV-00065,INV-00065,CC-100 Operaciones,Ana Ruiz 01 00001202
1386,2026-02-15,1020,Bancos,0.00,32692.28,Pago factura INV-00070,INV-00070,CC-100 Operaciones,Bruno Garcia 02 00001202
1387,2026-04-05,5000,Gastos operativos,31627.00,0.00,Registro factura INV-00316,INV-00316,CC-100 Operaciones,Ana Ruiz 07 00001202
1388,2026-04-18,1020,Bancos,0.00,49706.00,Pago factura INV-00085,INV-00085,CC-100 Operaciones,Bruno Garcia 02 00001202
1389,2026-04-05,2100,Cuentas por pagar,0.00,38775.32,Registro factura INV-00132,INV-00132,CC-100 Operaciones,Ana Ruiz 01 00001202
1390,2026-01-25,2100,Cuentas por pagar,101164.76,0.00,Pago factura INV-00279,INV-00279,CC-100 Operaciones,Bruno Garcia 02 00001202
1391,2026-04-15,2100,Cuentas por pagar,60897.68,0.00,Pago factura INV-00254,INV-00254,CC-100 Operaciones,Bruno Garcia 02 00001202
1392,2026-06-24,5000,Gastos operativos,45792.00,0.00,Registro factura INV-00078,INV-00078,CC-100 Operaciones,Bruno Garcia 02 00001202
1393,2026-02-17,5000,Gastos operativos,29357.00,0.00,Registro factura INV-00130,INV-00130,CC-100 Operaciones,Carla Soto 03 00001202
1394,2026-02-03,5000,Gastos operativos,53296.00,0.00,Registro factura INV-00190,INV-00190,CC-100 Operaciones,Carla Soto 03 00001202
1395,2026-03-21,1020,Bancos,0.00,74020.76,Pago factura INV-00113,INV-00113,CC-100 Operaciones,Bruno Garcia 02 00001202
1396,2026-01-12,2100,Cuentas por pagar,19615.36,0.00,Pago factura INV-00307,INV-00307,CC-100 Operaciones,Bruno Garcia 02 00001202
1397,2026-05-25,2100,Cuentas por pagar,0.00,24953.92,Registro factura INV-00283,INV-00283,CC-100 Operaciones,Bruno Garcia 08 00001202
1398,2026-05-18,1180,IVA acreditable,2061.60,0.00,Registro factura INV-00266,INV-00266,CC-100 Operaciones,Carla Soto 03 00001202
1399,2026-03-28,2100,Cuentas por pagar,24488.76,0.00,Pago factura INV-00238,INV-00238,CC-100 Operaciones,Bruno Garcia 02 00001202
1400,2026-03-23,2100,Cuentas por pagar,15510.13,0.00,Pago factura INV-00091,INV-00091,CC-100 Operaciones,Bruno Garcia 02 00001202
1401,2026-01-23,2100,Cuentas por pagar,15510.13,0.00,Pago factura INV-00032,INV-00032,CC-100 Operaciones,Bruno Garcia 02 00001202
1402,2026-06-05,2100,Cuentas por pagar,90745.64,0.00,Pago factura INV-00106,INV-00106,CC-100 Operaciones,Bruno Garcia 02 00001202
1403,2026-01-28,1020,Bancos,0.00,93240.80,Pago factura INV-00162,INV-00162,CC-100 Operaciones,Bruno Garcia 02 00001202
1404,2026-03-13,1180,IVA acreditable,5027.84,0.00,Registro factura INV-00347,INV-00347,CC-100 Operaciones,Carla Soto 09 00001202
1405,2026-04-05,1180,IVA acreditable,5348.32,0.00,Registro factura INV-00132,INV-00132,CC-100 Operaciones,Ana Ruiz 01 00001202
1406,2026-06-19,1020,Bancos,0.00,28096.36,Pago factura INV-00066,INV-00066,CC-100 Operaciones,Bruno Garcia 02 00001202
1407,2026-06-30,1020,Bancos,0.00,91782.68,Pago factura INV-00200,INV-00200,CC-100 Operaciones,Bruno Garcia 02 00001202
1408,2026-04-06,1020,Bancos,0.00,87000.00,Pago factura INV-00236,INV-00236,CC-100 Operaciones,Bruno Garcia 02 00001202
1409,2026-01-27,1180,IVA acreditable,14484.16,0.00,Registro factura INV-00022,INV-00022,CC-100 Operaciones,Bruno Garcia 08 00001202
1410,2026-03-05,1020,Bancos,0.00,66919.24,Pago factura INV-00040,INV-00040,CC-100 Operaciones,Bruno Garcia 02 00001202
1411,2026-02-13,2100,Cuentas por pagar,0.00,98887.68,Registro factura INV-00157,INV-00157,CC-100 Operaciones,Diego Luna 10 00001202
1412,2026-01-24,2100,Cuentas por pagar,0.00,83320.48,Registro factura INV-00203,INV-00203,CC-100 Operaciones,Carla Soto 09 00001202
1413,2026-04-17,5000,Gastos operativos,39876.00,0.00,Registro factura INV-00329,INV-00329,CC-100 Operaciones,Diego Luna 04 00001202
1414,2026-06-19,2100,Cuentas por pagar,66814.84,0.00,Pago factura INV-00237,INV-00237,CC-100 Operaciones,Bruno Garcia 02 00001202
1415,2026-04-10,5000,Gastos operativos,47153.00,0.00,Registro factura INV-00115,INV-00115,CC-100 Operaciones,Ana Ruiz 01 00001202
1416,2026-02-09,5000,Gastos operativos,22344.00,0.00,Registro factura INV-00211,INV-00211,CC-100 Operaciones,Ana Ruiz 01 00001202
1417,2026-04-07,5000,Gastos operativos,58778.00,0.00,Registro factura INV-00103,INV-00103,CC-100 Operaciones,Diego Luna 10 00001202
1418,2026-06-24,2100,Cuentas por pagar,0.00,82448.16,Registro factura INV-00201,INV-00201,CC-100 Operaciones,Diego Luna 04 00001202
1419,2026-04-02,2100,Cuentas por pagar,0.00,58702.96,Registro factura INV-00009,INV-00009,CC-100 Operaciones,Ana Ruiz 07 00001202
1420,2026-02-02,5000,Gastos operativos,55198.00,0.00,Registro factura INV-00188,INV-00188,CC-100 Operaciones,Bruno Garcia 08 00001202
1421,2026-04-19,5000,Gastos operativos,15917.00,0.00,Registro factura INV-00142,INV-00142,CC-100 Operaciones,Fabian Rios 06 00001202
1422,2026-03-15,1020,Bancos,0.00,68117.52,Pago factura INV-00145,INV-00145,CC-100 Operaciones,Bruno Garcia 02 00001202
1423,2026-03-21,1180,IVA acreditable,14091.52,0.00,Registro factura INV-00368,INV-00368,CC-100 Operaciones,Ana Ruiz 01 00001202
1424,2026-05-23,1180,IVA acreditable,14387.04,0.00,Registro factura INV-00219,INV-00219,CC-100 Operaciones,Fabian Rios 06 00001202
1425,2026-01-05,2100,Cuentas por pagar,0.00,32692.28,Registro factura INV-00307,INV-00307,CC-100 Operaciones,Bruno Garcia 02 00001202
1426,2026-02-16,5000,Gastos operativos,93946.00,0.00,Registro factura INV-00041,INV-00041,CC-100 Operaciones,Bruno Garcia 08 00001202
1427,2026-03-22,2100,Cuentas por pagar,46214.40,0.00,Pago factura INV-00139,INV-00139,CC-100 Operaciones,Bruno Garcia 02 00001202
1428,2026-01-12,1180,IVA acreditable,6914.24,0.00,Registro factura INV-00240,INV-00240,CC-100 Operaciones,Ana Ruiz 01 00001202
1429,2026-01-12,1020,Bancos,0.00,19615.36,Pago factura INV-00307,INV-00307,CC-100 Operaciones,Bruno Garcia 02 00001202
1430,2026-04-29,5000,Gastos operativos,35033.00,0.00,Registro factura INV-00102,INV-00102,CC-100 Operaciones,Bruno Garcia 02 00001202
1431,2026-04-10,2100,Cuentas por pagar,0.00,91673.64,Registro factura INV-00369,INV-00369,CC-100 Operaciones,Carla Soto 09 00001202
1432,2026-04-06,1180,IVA acreditable,2191.36,0.00,Registro factura INV-00198,INV-00198,CC-100 Operaciones,Carla Soto 03 00001202
1433,2026-06-26,1180,IVA acreditable,4855.20,0.00,Registro factura INV-00265,INV-00265,CC-100 Operaciones,Fabian Rios 06 00001202
1434,2026-05-31,2100,Cuentas por pagar,0.00,19958.96,Registro factura INV-00274,INV-00274,CC-100 Operaciones,Diego Luna 10 00001202
1435,2026-06-01,1020,Bancos,0.00,86971.00,Pago factura INV-00177,INV-00177,CC-100 Operaciones,Bruno Garcia 02 00001202
1436,2026-04-21,2100,Cuentas por pagar,0.00,102525.44,Registro factura INV-00005,INV-00005,CC-100 Operaciones,Diego Luna 10 00001202
1437,2026-06-20,5000,Gastos operativos,55711.00,0.00,Registro factura INV-00273,INV-00273,CC-100 Operaciones,Fabian Rios 06 00001202
1438,2026-06-28,5000,Gastos operativos,94094.00,0.00,Registro factura INV-00280,INV-00280,CC-100 Operaciones,Diego Luna 10 00001202
1439,2026-02-11,5000,Gastos operativos,68960.00,0.00,Registro factura INV-00010,INV-00010,CC-100 Operaciones,Elena Mora 05 00001202
1440,2026-02-02,1180,IVA acreditable,12736.32,0.00,Registro factura INV-00035,INV-00035,CC-100 Operaciones,Fabian Rios 06 00001202
1441,2026-05-20,2100,Cuentas por pagar,87569.56,0.00,Pago factura INV-00112,INV-00112,CC-100 Operaciones,Bruno Garcia 02 00001202
1442,2026-01-26,2100,Cuentas por pagar,95773.08,0.00,Pago factura INV-00153,INV-00153,CC-100 Operaciones,Bruno Garcia 02 00001202
1443,2026-01-18,5000,Gastos operativos,80380.00,0.00,Registro factura INV-00162,INV-00162,CC-100 Operaciones,Carla Soto 09 00001202
1444,2026-05-20,1180,IVA acreditable,9181.60,0.00,Registro factura INV-00150,INV-00150,CC-100 Operaciones,Ana Ruiz 07 00001202
1445,2026-04-14,1020,Bancos,0.00,54045.56,Pago factura INV-00257,INV-00257,CC-100 Operaciones,Bruno Garcia 02 00001202
1446,2026-02-06,2100,Cuentas por pagar,76677.16,0.00,Pago factura INV-00302,INV-00302,CC-100 Operaciones,Bruno Garcia 02 00001202
1447,2026-05-27,1180,IVA acreditable,5738.40,0.00,Registro factura INV-00309,INV-00309,CC-100 Operaciones,Diego Luna 04 00001202
1448,2026-04-06,2100,Cuentas por pagar,93179.32,0.00,Pago factura INV-00163,INV-00163,CC-100 Operaciones,Bruno Garcia 02 00001202
1449,2026-05-02,5000,Gastos operativos,88966.00,0.00,Registro factura INV-00093,INV-00093,CC-100 Operaciones,Carla Soto 03 00001202
1450,2026-04-26,1180,IVA acreditable,9771.52,0.00,Registro factura INV-00371,INV-00371,CC-100 Operaciones,Ana Ruiz 01 00001202
1451,2026-04-19,2100,Cuentas por pagar,0.00,18463.72,Registro factura INV-00142,INV-00142,CC-100 Operaciones,Fabian Rios 06 00001202
1452,2026-06-13,1020,Bancos,0.00,46380.28,Pago factura INV-00172,INV-00172,CC-100 Operaciones,Bruno Garcia 02 00001202
1453,2026-01-18,2100,Cuentas por pagar,0.00,37208.16,Registro factura INV-00065,INV-00065,CC-100 Operaciones,Ana Ruiz 01 00001202
1454,2026-03-05,5000,Gastos operativos,50372.00,0.00,Registro factura INV-00196,INV-00196,CC-100 Operaciones,Ana Ruiz 07 00001202
1455,2026-02-22,2100,Cuentas por pagar,0.00,15923.32,Registro factura INV-00099,INV-00099,CC-100 Operaciones,Fabian Rios 06 00001202
1456,2026-05-07,2100,Cuentas por pagar,46547.32,0.00,Pago factura INV-00013,INV-00013,CC-100 Operaciones,Bruno Garcia 02 00001202
1457,2026-05-23,1020,Bancos,0.00,15510.13,Pago factura INV-00296,INV-00296,CC-100 Operaciones,Bruno Garcia 02 00001202
1458,2026-06-08,1020,Bancos,0.00,58658.88,Pago factura INV-00277,INV-00277,CC-100 Operaciones,Bruno Garcia 02 00001202
1459,2026-03-27,1020,Bancos,0.00,67579.28,Pago factura INV-00322,INV-00322,CC-100 Operaciones,Bruno Garcia 02 00001202
1460,2026-05-14,2100,Cuentas por pagar,108478.56,0.00,Pago factura INV-00269,INV-00269,CC-100 Operaciones,Bruno Garcia 02 00001202
1461,2026-03-02,2100,Cuentas por pagar,0.00,64299.96,Registro factura INV-00160,INV-00160,CC-100 Operaciones,Fabian Rios 06 00001202
1462,2026-05-04,2100,Cuentas por pagar,36082.96,0.00,Pago factura INV-00175,INV-00175,CC-100 Operaciones,Bruno Garcia 02 00001202
1463,2026-06-05,1180,IVA acreditable,5060.32,0.00,Registro factura INV-00051,INV-00051,CC-100 Operaciones,Carla Soto 09 00001202
1464,2026-01-10,5000,Gastos operativos,65997.00,0.00,Registro factura INV-00166,INV-00166,CC-100 Operaciones,Carla Soto 09 00001202
1465,2026-05-30,2100,Cuentas por pagar,15300.40,0.00,Pago factura INV-00108,INV-00108,CC-100 Operaciones,Bruno Garcia 02 00001202
1466,2026-05-28,1020,Bancos,0.00,79859.04,Pago factura INV-00184,INV-00184,CC-100 Operaciones,Bruno Garcia 02 00001202
1467,2026-02-18,2100,Cuentas por pagar,15808.48,0.00,Pago factura INV-00243,INV-00243,CC-100 Operaciones,Bruno Garcia 02 00001202
1468,2026-04-05,1180,IVA acreditable,5060.32,0.00,Registro factura INV-00316,INV-00316,CC-100 Operaciones,Ana Ruiz 07 00001202
1469,2026-03-09,2100,Cuentas por pagar,19976.36,0.00,Pago factura INV-00092,INV-00092,CC-100 Operaciones,Bruno Garcia 02 00001202
1470,2026-06-29,5000,Gastos operativos,43591.00,0.00,Registro factura INV-00082,INV-00082,CC-100 Operaciones,Ana Ruiz 07 00001202
1471,2026-02-13,2100,Cuentas por pagar,0.00,56836.52,Registro factura INV-00343,INV-00343,CC-100 Operaciones,Ana Ruiz 07 00001202
1472,2026-02-08,1050,Cuentas por cobrar,0.00,44080.00,Cobro factura INV-00328,INV-00328,CC-100 Operaciones,Bruno Garcia 02 00001202
1473,2026-02-14,1020,Bancos,0.00,41562.80,Pago factura INV-00194,INV-00194,CC-100 Operaciones,Bruno Garcia 02 00001202
1474,2026-01-18,1180,IVA acreditable,12860.80,0.00,Registro factura INV-00162,INV-00162,CC-100 Operaciones,Carla Soto 09 00001202
1475,2026-02-11,2100,Cuentas por pagar,0.00,60714.40,Registro factura INV-00189,INV-00189,CC-100 Operaciones,Carla Soto 03 00001202
1476,2026-02-25,2100,Cuentas por pagar,84692.76,0.00,Pago factura INV-00047,INV-00047,CC-100 Operaciones,Bruno Garcia 02 00001202
1477,2026-04-06,2100,Cuentas por pagar,0.00,68364.60,Registro factura INV-00373,INV-00373,CC-100 Operaciones,Elena Mora 05 00001202
1478,2026-01-13,1180,IVA acreditable,4413.92,0.00,Registro factura INV-00136,INV-00136,CC-100 Operaciones,Fabian Rios 06 00001202
1479,2026-04-04,5000,Gastos operativos,46591.00,0.00,Registro factura INV-00257,INV-00257,CC-100 Operaciones,Carla Soto 09 00001202
1480,2026-03-30,1180,IVA acreditable,10505.44,0.00,Registro factura INV-00341,INV-00341,CC-100 Operaciones,Diego Luna 10 00001202
1481,2026-03-11,1020,Bancos,0.00,30621.68,Pago factura INV-00105,INV-00105,CC-100 Operaciones,Bruno Garcia 02 00001202
1482,2026-02-05,5000,Gastos operativos,33374.00,0.00,Registro factura INV-00223,INV-00223,CC-100 Operaciones,Ana Ruiz 07 00001202
1483,2026-06-29,1180,IVA acreditable,10607.04,0.00,Registro factura INV-00284,INV-00284,CC-100 Operaciones,Elena Mora 05 00001202
1484,2026-04-17,5000,Gastos operativos,50600.00,0.00,Registro factura INV-00033,INV-00033,CC-100 Operaciones,Fabian Rios 06 00001202
1485,2026-02-10,1020,Bancos,0.00,95136.24,Pago factura INV-00088,INV-00088,CC-100 Operaciones,Bruno Garcia 02 00001202
1486,2026-03-31,2100,Cuentas por pagar,0.00,86490.76,Registro factura INV-00205,INV-00205,CC-100 Operaciones,Elena Mora 05 00001202
1487,2026-02-26,2100,Cuentas por pagar,108977.36,0.00,Pago factura INV-00041,INV-00041,CC-100 Operaciones,Bruno Garcia 02 00001202
1488,2026-03-14,5000,Gastos operativos,53122.00,0.00,Registro factura INV-00271,INV-00271,CC-100 Operaciones,Fabian Rios 06 00001202
1489,2026-06-05,5000,Gastos operativos,33427.00,0.00,Registro factura INV-00230,INV-00230,CC-100 Operaciones,Carla Soto 03 00001202
1490,2026-03-12,1020,Bancos,0.00,68160.44,Pago factura INV-00354,INV-00354,CC-100 Operaciones,Bruno Garcia 02 00001202
1491,2026-04-24,2100,Cuentas por pagar,0.00,59818.88,Registro factura INV-00008,INV-00008,CC-100 Operaciones,Carla Soto 09 00001202
1492,2026-03-02,2100,Cuentas por pagar,0.00,68160.44,Registro factura INV-00354,INV-00354,CC-100 Operaciones,Bruno Garcia 08 00001202
1493,2026-05-15,2100,Cuentas por pagar,0.00,66244.12,Registro factura INV-00039,INV-00039,CC-100 Operaciones,Diego Luna 04 00001202
1494,2026-03-10,1020,Bancos,0.00,108405.48,Pago factura INV-00345,INV-00345,CC-100 Operaciones,Bruno Garcia 02 00001202
1495,2026-04-05,2100,Cuentas por pagar,0.00,36687.32,Registro factura INV-00316,INV-00316,CC-100 Operaciones,Ana Ruiz 07 00001202
1496,2026-06-22,1020,Bancos,0.00,86494.24,Pago factura INV-00330,INV-00330,CC-100 Operaciones,Bruno Garcia 02 00001202
1497,2026-04-09,1180,IVA acreditable,11521.76,0.00,Registro factura INV-00213,INV-00213,CC-100 Operaciones,Bruno Garcia 02 00001202
1498,2026-03-05,2100,Cuentas por pagar,0.00,36687.32,Registro factura INV-00080,INV-00080,CC-100 Operaciones,Fabian Rios 06 00001202
1499,2026-05-04,1180,IVA acreditable,7544.96,0.00,Registro factura INV-00292,INV-00292,CC-100 Operaciones,Elena Mora 05 00001202
1500,2026-05-17,5000,Gastos operativos,49825.00,0.00,Registro factura INV-00094,INV-00094,CC-100 Operaciones,Bruno Garcia 08 00001202
1501,2026-02-11,2080,IVA trasladado,0.00,8819.84,Registro venta INV-00372,INV-00372,CC-100 Operaciones,Bruno Garcia 02 00001202
1502,2026-01-24,1020,Bancos,0.00,88881.52,Pago factura INV-00305,INV-00305,CC-100 Operaciones,Bruno Garcia 02 00001202
1503,2026-06-02,2100,Cuentas por pagar,0.00,99331.96,Registro factura INV-00044,INV-00044,CC-100 Operaciones,Diego Luna 10 00001202
1504,2026-06-23,2100,Cuentas por pagar,36238.40,0.00,Pago factura INV-00110,INV-00110,CC-100 Operaciones,Bruno Garcia 02 00001202
1505,2026-03-20,1180,IVA acreditable,14566.56,0.00,Registro factura INV-00339,INV-00339,CC-100 Operaciones,Diego Luna 04 00001202
1506,2026-02-02,1020,Bancos,0.00,27990.80,Pago factura INV-00291,INV-00291,CC-100 Operaciones,Bruno Garcia 02 00001202
1507,2026-01-30,4000,Ingresos por servicios,0.00,38000.00,Registro venta INV-00328,INV-00328,CC-100 Operaciones,Bruno Garcia 02 00001202
1508,2026-06-09,1020,Bancos,0.00,35241.96,Pago factura INV-00030,INV-00030,CC-100 Operaciones,Bruno Garcia 02 00001202
1509,2026-04-14,1180,IVA acreditable,12342.40,0.00,Registro factura INV-00361,INV-00361,CC-100 Operaciones,Elena Mora 05 00001202
1510,2026-03-28,5000,Gastos operativos,69496.00,0.00,Registro factura INV-00363,INV-00363,CC-100 Operaciones,Fabian Rios 06 00001202
1511,2026-02-23,1020,Bancos,0.00,56836.52,Pago factura INV-00343,INV-00343,CC-100 Operaciones,Bruno Garcia 02 00001202
1512,2026-05-05,2100,Cuentas por pagar,0.00,97788.00,Registro factura INV-00218,INV-00218,CC-100 Operaciones,Diego Luna 10 00001202
1513,2026-04-21,5000,Gastos operativos,0.00,40000.00,Reembolso proveedor INV-00096,INV-00096,CC-100 Operaciones,Bruno Garcia 02 00001202
1514,2026-05-20,5000,Gastos operativos,57385.00,0.00,Registro factura INV-00150,INV-00150,CC-100 Operaciones,Ana Ruiz 07 00001202
1515,2026-06-07,2100,Cuentas por pagar,0.00,65015.68,Registro factura INV-00067,INV-00067,CC-100 Operaciones,Elena Mora 05 00001202
1516,2026-03-26,1020,Bancos,0.00,74463.88,Pago factura INV-00304,INV-00304,CC-100 Operaciones,Bruno Garcia 02 00001202
1517,2026-05-22,2100,Cuentas por pagar,0.00,86971.00,Registro factura INV-00177,INV-00177,CC-100 Operaciones,Ana Ruiz 01 00001202
1518,2026-04-19,1020,Bancos,0.00,46400.00,Pago factura INV-00096,INV-00096,CC-100 Operaciones,Bruno Garcia 02 00001202
1519,2026-01-17,5000,Gastos operativos,61160.00,0.00,Registro factura INV-00034,INV-00034,CC-100 Operaciones,Diego Luna 04 00001202
1520,2026-05-05,1180,IVA acreditable,13488.00,0.00,Registro factura INV-00218,INV-00218,CC-100 Operaciones,Diego Luna 10 00001202
1521,2026-06-01,2100,Cuentas por pagar,86971.00,0.00,Pago factura INV-00177,INV-00177,CC-100 Operaciones,Bruno Garcia 02 00001202
1522,2026-04-18,2100,Cuentas por pagar,49706.00,0.00,Pago factura INV-00085,INV-00085,CC-100 Operaciones,Bruno Garcia 02 00001202
1523,2026-05-05,1020,Bancos,0.00,77036.76,Pago factura INV-00346,INV-00346,CC-100 Operaciones,Bruno Garcia 02 00001202
1524,2026-02-06,1020,Bancos,0.00,105010.16,Pago factura INV-00022,INV-00022,CC-100 Operaciones,Bruno Garcia 02 00001202
1525,2026-02-02,1180,IVA acreditable,8831.68,0.00,Registro factura INV-00188,INV-00188,CC-100 Operaciones,Bruno Garcia 08 00001202
1526,2026-01-13,5000,Gastos operativos,27587.00,0.00,Registro factura INV-00136,INV-00136,CC-100 Operaciones,Fabian Rios 06 00001202
1527,2026-06-28,2100,Cuentas por pagar,51722.08,0.00,Pago factura INV-00159,INV-00159,CC-100 Operaciones,Bruno Garcia 02 00001202
1528,2026-05-04,1180,IVA acreditable,14962.56,0.00,Registro factura INV-00269,INV-00269,CC-100 Operaciones,Carla Soto 03 00001202
1529,2026-04-15,1020,Bancos,0.00,32692.28,Pago factura INV-00181,INV-00181,CC-100 Operaciones,Bruno Garcia 02 00001202
1530,2026-05-14,1020,Bancos,0.00,54700.96,Pago factura INV-00292,INV-00292,CC-100 Operaciones,Bruno Garcia 02 00001202
1531,2026-05-01,2100,Cuentas por pagar,102525.44,0.00,Pago factura INV-00005,INV-00005,CC-100 Operaciones,Bruno Garcia 02 00001202
1532,2026-06-30,1020,Bancos,0.00,38413.40,Pago factura INV-00250,INV-00250,CC-100 Operaciones,Bruno Garcia 02 00001202
1533,2026-03-24,1180,IVA acreditable,10315.84,0.00,Registro factura INV-00135,INV-00135,CC-100 Operaciones,Diego Luna 10 00001202
1534,2026-06-03,5000,Gastos operativos,39983.00,0.00,Registro factura INV-00172,INV-00172,CC-100 Operaciones,Carla Soto 09 00001202
1535,2026-01-19,1020,Bancos,0.00,46998.56,Pago factura INV-00183,INV-00183,CC-100 Operaciones,Bruno Garcia 02 00001202
1536,2026-04-15,1020,Bancos,0.00,60897.68,Pago factura INV-00254,INV-00254,CC-100 Operaciones,Bruno Garcia 02 00001202
1537,2026-04-30,5000,Gastos operativos,73575.00,0.00,Registro factura INV-00018,INV-00018,CC-100 Operaciones,Carla Soto 09 00001202
1538,2026-05-10,1020,Bancos,0.00,23556.12,Pago factura INV-00173,INV-00173,CC-100 Operaciones,Bruno Garcia 02 00001202
1539,2026-06-06,5000,Gastos operativos,77697.00,0.00,Registro factura INV-00232,INV-00232,CC-100 Operaciones,Bruno Garcia 08 00001202
1540,2026-01-12,2100,Cuentas por pagar,23265.19,0.00,Pago factura INV-00032,INV-00032,CC-100 Operaciones,Bruno Garcia 02 00001202
1541,2026-01-21,1180,IVA acreditable,10556.16,0.00,Registro factura INV-00239,INV-00239,CC-100 Operaciones,Diego Luna 10 00001202
1542,2026-04-20,1020,Bancos,0.00,54697.48,Pago factura INV-00115,INV-00115,CC-100 Operaciones,Bruno Garcia 02 00001202
1543,2026-03-18,2100,Cuentas por pagar,0.00,33138.88,Registro factura INV-00075,INV-00075,CC-100 Operaciones,Diego Luna 10 00001202
1544,2026-04-20,5000,Gastos operativos,72545.00,0.00,Registro factura INV-00151,INV-00151,CC-100 Operaciones,Carla Soto 03 00001202
1545,2026-06-21,1180,IVA acreditable,12659.68,0.00,Registro factura INV-00200,INV-00200,CC-100 Operaciones,Elena Mora 05 00001202
1546,2026-06-06,5000,Gastos operativos,94975.00,0.00,Registro factura INV-00024,INV-00024,CC-100 Operaciones,Fabian Rios 06 00001202
1547,2026-01-14,1180,IVA acreditable,12259.52,0.00,Registro factura INV-00305,INV-00305,CC-100 Operaciones,Elena Mora 05 00001202
1548,2026-03-21,2100,Cuentas por pagar,0.00,102163.52,Registro factura INV-00368,INV-00368,CC-100 Operaciones,Ana Ruiz 01 00001202
1549,2026-01-26,2100,Cuentas por pagar,0.00,42743.68,Registro factura INV-00272,INV-00272,CC-100 Operaciones,Ana Ruiz 01 00001202
1550,2026-02-28,5000,Gastos operativos,93453.00,0.00,Registro factura INV-00345,INV-00345,CC-100 Operaciones,Fabian Rios 06 00001202
1551,2026-04-16,5000,Gastos operativos,26463.00,0.00,Registro factura INV-00186,INV-00186,CC-100 Operaciones,Ana Ruiz 07 00001202
1552,2026-06-07,1180,IVA acreditable,14034.56,0.00,Registro factura INV-00353,INV-00353,CC-100 Operaciones,Carla Soto 03 00001202
1553,2026-04-06,1180,IVA acreditable,9429.60,0.00,Registro factura INV-00373,INV-00373,CC-100 Operaciones,Elena Mora 05 00001202
1554,2026-05-24,1020,Bancos,0.00,54565.24,Pago factura INV-00208,INV-00208,CC-100 Operaciones,Bruno Garcia 02 00001202
1555,2026-03-27,5000,Gastos operativos,75000.00,0.00,Registro factura INV-00236,INV-00236,CC-100 Operaciones,Carla Soto 03 00001202
1556,2026-04-19,2100,Cuentas por pagar,83532.76,0.00,Pago factura INV-00213,INV-00213,CC-100 Operaciones,Bruno Garcia 02 00001202
1557,2026-01-11,1180,IVA acreditable,12190.24,0.00,Registro factura INV-00244,INV-00244,CC-100 Operaciones,Diego Luna 04 00001202
1558,2026-05-15,2100,Cuentas por pagar,0.00,86328.36,Registro factura INV-00165,INV-00165,CC-100 Operaciones,Fabian Rios 06 00001202
1559,2026-02-16,1180,IVA acreditable,15031.36,0.00,Registro factura INV-00041,INV-00041,CC-100 Operaciones,Bruno Garcia 08 00001202
1560,2026-06-02,5000,Gastos operativos,16514.00,0.00,Registro factura INV-00081,INV-00081,CC-100 Operaciones,Bruno Garcia 02 00001202
1561,2026-01-12,2100,Cuentas por pagar,22012.39,0.00,Pago factura INV-00299,INV-00299,CC-100 Operaciones,Bruno Garcia 02 00001202
1562,2026-03-05,5000,Gastos operativos,33427.00,0.00,Registro factura INV-00091,INV-00091,CC-100 Operaciones,Diego Luna 10 00001202
1563,2026-05-24,2100,Cuentas por pagar,0.00,55660.28,Registro factura INV-00052,INV-00052,CC-100 Operaciones,Carla Soto 03 00001202
1564,2026-03-19,1180,IVA acreditable,14555.52,0.00,Registro factura INV-00367,INV-00367,CC-100 Operaciones,Carla Soto 09 00001202
1565,2026-05-12,2100,Cuentas por pagar,22012.39,0.00,Pago factura INV-00338,INV-00338,CC-100 Operaciones,Bruno Garcia 02 00001202
1566,2026-04-25,2100,Cuentas por pagar,0.00,77036.76,Registro factura INV-00346,INV-00346,CC-100 Operaciones,Bruno Garcia 08 00001202
1567,2026-05-29,5000,Gastos operativos,46271.00,0.00,Registro factura INV-00086,INV-00086,CC-100 Operaciones,Fabian Rios 06 00001202
1568,2026-05-15,1020,Bancos,0.00,48912.56,Pago factura INV-00308,INV-00308,CC-100 Operaciones,Bruno Garcia 02 00001202
1569,2026-04-12,1020,Bancos,0.00,85399.20,Pago factura INV-00026,INV-00026,CC-100 Operaciones,Bruno Garcia 02 00001202
1570,2026-01-26,1020,Bancos,0.00,99417.80,Pago factura INV-00366,INV-00366,CC-100 Operaciones,Bruno Garcia 02 00001202
1571,2026-06-19,5000,Gastos operativos,94206.00,0.00,Registro factura INV-00048,INV-00048,CC-100 Operaciones,Ana Ruiz 01 00001202
1572,2026-04-19,1020,Bancos,0.00,83532.76,Pago factura INV-00213,INV-00213,CC-100 Operaciones,Bruno Garcia 02 00001202
1573,2026-03-29,1180,IVA acreditable,5744.96,0.00,Registro factura INV-00321,INV-00321,CC-100 Operaciones,Carla Soto 03 00001202
1574,2026-03-05,2100,Cuentas por pagar,0.00,58431.52,Registro factura INV-00196,INV-00196,CC-100 Operaciones,Ana Ruiz 07 00001202
1575,2026-02-22,1020,Bancos,0.00,27971.08,Pago factura INV-00241,INV-00241,CC-100 Operaciones,Bruno Garcia 02 00001202
1576,2026-04-08,1020,Bancos,0.00,41650.96,Pago factura INV-00321,INV-00321,CC-100 Operaciones,Bruno Garcia 02 00001202
1577,2026-05-24,2100,Cuentas por pagar,54565.24,0.00,Pago factura INV-00208,INV-00208,CC-100 Operaciones,Bruno Garcia 02 00001202
1578,2026-01-29,2100,Cuentas por pagar,0.00,77189.88,Registro factura INV-00247,INV-00247,CC-100 Operaciones,Diego Luna 10 00001202
1579,2026-05-03,2100,Cuentas por pagar,29709.92,0.00,Pago factura INV-00251,INV-00251,CC-100 Operaciones,Bruno Garcia 02 00001202
1580,2026-01-23,5000,Gastos operativos,24130.00,0.00,Registro factura INV-00291,INV-00291,CC-100 Operaciones,Diego Luna 04 00001202
1581,2026-01-17,2100,Cuentas por pagar,0.00,70945.60,Registro factura INV-00034,INV-00034,CC-100 Operaciones,Diego Luna 04 00001202
1582,2026-05-14,2100,Cuentas por pagar,54700.96,0.00,Pago factura INV-00292,INV-00292,CC-100 Operaciones,Bruno Garcia 02 00001202
1583,2026-01-30,1180,IVA acreditable,5118.08,0.00,Registro factura INV-00300,INV-00300,CC-100 Operaciones,Carla Soto 09 00001202
1584,2026-05-30,5000,Gastos operativos,30381.00,0.00,Registro factura INV-00030,INV-00030,CC-100 Operaciones,Ana Ruiz 01 00001202
1585,2026-04-28,5000,Gastos operativos,18543.00,0.00,Registro factura INV-00298,INV-00298,CC-100 Operaciones,Ana Ruiz 07 00001202
1586,2026-04-12,1020,Bancos,0.00,69600.00,Pago factura INV-00118,INV-00118,CC-100 Operaciones,Bruno Garcia 02 00001202
1587,2026-05-09,5000,Gastos operativos,47276.00,0.00,Registro factura INV-00225,INV-00225,CC-100 Operaciones,Bruno Garcia 08 00001202
1588,2026-02-11,2100,Cuentas por pagar,0.00,79993.60,Registro factura INV-00010,INV-00010,CC-100 Operaciones,Elena Mora 05 00001202
1589,2026-05-12,2100,Cuentas por pagar,0.00,102254.00,Registro factura INV-00038,INV-00038,CC-100 Operaciones,Ana Ruiz 07 00001202
1590,2026-05-13,1020,Bancos,0.00,103260.88,Pago factura INV-00320,INV-00320,CC-100 Operaciones,Bruno Garcia 02 00001202
1591,2026-03-29,2100,Cuentas por pagar,105527.52,0.00,Pago factura INV-00367,INV-00367,CC-100 Operaciones,Bruno Garcia 02 00001202
1592,2026-06-01,2100,Cuentas por pagar,0.00,92851.04,Registro factura INV-00149,INV-00149,CC-100 Operaciones,Carla Soto 03 00001202
1593,2026-03-20,1180,IVA acreditable,6433.60,0.00,Registro factura INV-00228,INV-00228,CC-100 Operaciones,Bruno Garcia 02 00001202
1594,2026-04-28,2100,Cuentas por pagar,0.00,79956.48,Registro factura INV-00001,INV-00001,CC-100 Operaciones,Elena Mora 05 00001202
1595,2026-03-26,5000,Gastos operativos,87309.00,0.00,Registro factura INV-00036,INV-00036,CC-100 Operaciones,Diego Luna 04 00001202
1596,2026-03-02,2100,Cuentas por pagar,52916.88,0.00,Pago factura INV-00324,INV-00324,CC-100 Operaciones,Bruno Garcia 02 00001202
1597,2026-03-07,2100,Cuentas por pagar,0.00,45773.60,Registro factura INV-00313,INV-00313,CC-100 Operaciones,Ana Ruiz 01 00001202
1598,2026-05-21,2100,Cuentas por pagar,75300.24,0.00,Pago factura INV-00290,INV-00290,CC-100 Operaciones,Bruno Garcia 02 00001202
1599,2026-06-11,1020,Bancos,0.00,92851.04,Pago factura INV-00149,INV-00149,CC-100 Operaciones,Bruno Garcia 02 00001202
1600,2026-03-30,1180,IVA acreditable,8043.84,0.00,Registro factura INV-00152,INV-00152,CC-100 Operaciones,Bruno Garcia 08 00001202
1601,2026-05-02,1180,IVA acreditable,9966.08,0.00,Registro factura INV-00062,INV-00062,CC-100 Operaciones,Ana Ruiz 01 00001202
1602,2026-03-31,2100,Cuentas por pagar,109558.52,0.00,Pago factura INV-00210,INV-00210,CC-100 Operaciones,Bruno Garcia 02 00001202
1603,2026-05-17,2100,Cuentas por pagar,18111.08,0.00,Pago factura INV-00004,INV-00004,CC-100 Operaciones,Bruno Garcia 02 00001202
1604,2026-05-16,5000,Gastos operativos,20848.00,0.00,Registro factura INV-00334,INV-00334,CC-100 Operaciones,Carla Soto 03 00001202
1605,2026-03-22,1180,IVA acreditable,8635.68,0.00,Registro factura INV-00370,INV-00370,CC-100 Operaciones,Bruno Garcia 08 00001202
1606,2026-03-12,1020,Bancos,0.00,64299.96,Pago factura INV-00160,INV-00160,CC-100 Operaciones,Bruno Garcia 02 00001202
1607,2026-04-10,1020,Bancos,0.00,86490.76,Pago factura INV-00205,INV-00205,CC-100 Operaciones,Bruno Garcia 02 00001202
1608,2026-03-11,2100,Cuentas por pagar,30621.68,0.00,Pago factura INV-00105,INV-00105,CC-100 Operaciones,Bruno Garcia 02 00001202
1609,2026-02-16,1050,Cuentas por cobrar,71340.00,0.00,Registro venta INV-00286,INV-00286,CC-100 Operaciones,Bruno Garcia 02 00001202
1610,2026-04-12,2100,Cuentas por pagar,0.00,104512.52,Registro factura INV-00054,INV-00054,CC-100 Operaciones,Carla Soto 03 00001202
1611,2026-03-01,2100,Cuentas por pagar,0.00,23254.52,Registro factura INV-00003,INV-00003,CC-100 Operaciones,Ana Ruiz 01 00001202
1612,2026-05-23,1020,Bancos,0.00,106035.60,Pago factura INV-00077,INV-00077,CC-100 Operaciones,Bruno Garcia 02 00001202
1613,2026-02-08,1180,IVA acreditable,4782.56,0.00,Registro factura INV-00344,INV-00344,CC-100 Operaciones,Diego Luna 04 00001202
1614,2026-05-14,1020,Bancos,0.00,108478.56,Pago factura INV-00269,INV-00269,CC-100 Operaciones,Bruno Garcia 02 00001202
1615,2026-01-27,2100,Cuentas por pagar,73985.96,0.00,Pago factura INV-00185,INV-00185,CC-100 Operaciones,Bruno Garcia 02 00001202
1616,2026-01-23,2100,Cuentas por pagar,13076.92,0.00,Pago factura INV-00307,INV-00307,CC-100 Operaciones,Bruno Garcia 02 00001202
1617,2026-03-21,5000,Gastos operativos,94447.00,0.00,Registro factura INV-00210,INV-00210,CC-100 Operaciones,Carla Soto 09 00001202
1618,2026-06-30,1020,Bancos,0.00,35200.20,Pago factura INV-00265,INV-00265,CC-100 Operaciones,Bruno Garcia 02 00001202
1619,2026-02-15,2100,Cuentas por pagar,0.00,84692.76,Registro factura INV-00047,INV-00047,CC-100 Operaciones,Ana Ruiz 01 00001202
1620,2026-06-05,2100,Cuentas por pagar,0.00,38775.32,Registro factura INV-00230,INV-00230,CC-100 Operaciones,Carla Soto 03 00001202
1621,2026-05-19,1180,IVA acreditable,13477.92,0.00,Registro factura INV-00131,INV-00131,CC-100 Operaciones,Diego Luna 10 00001202
1622,2026-04-30,1180,IVA acreditable,11772.00,0.00,Registro factura INV-00018,INV-00018,CC-100 Operaciones,Carla Soto 09 00001202
1623,2026-03-18,1180,IVA acreditable,4570.88,0.00,Registro factura INV-00075,INV-00075,CC-100 Operaciones,Diego Luna 10 00001202
1624,2026-04-25,5000,Gastos operativos,23108.00,0.00,Registro factura INV-00097,INV-00097,CC-100 Operaciones,Fabian Rios 06 00001202
1625,2026-03-17,2100,Cuentas por pagar,0.00,67579.28,Registro factura INV-00322,INV-00322,CC-100 Operaciones,Carla Soto 03 00001202
1626,2026-05-16,1020,Bancos,0.00,37567.76,Pago factura INV-00098,INV-00098,CC-100 Operaciones,Bruno Garcia 02 00001202
1627,2026-05-09,1180,IVA acreditable,7564.16,0.00,Registro factura INV-00225,INV-00225,CC-100 Operaciones,Bruno Garcia 08 00001202
1628,2026-06-02,1180,IVA acreditable,13700.96,0.00,Registro factura INV-00044,INV-00044,CC-100 Operaciones,Diego Luna 10 00001202
1629,2026-04-25,5000,Gastos operativos,66411.00,0.00,Registro factura INV-00346,INV-00346,CC-100 Operaciones,Bruno Garcia 08 00001202
1630,2026-06-10,1180,IVA acreditable,9535.04,0.00,Registro factura INV-00015,INV-00015,CC-100 Operaciones,Diego Luna 04 00001202
1631,2026-06-07,5000,Gastos operativos,87716.00,0.00,Registro factura INV-00353,INV-00353,CC-100 Operaciones,Carla Soto 03 00001202
1632,2026-03-14,2100,Cuentas por pagar,0.00,61621.52,Registro factura INV-00271,INV-00271,CC-100 Operaciones,Fabian Rios 06 00001202
1633,2026-04-22,2100,Cuentas por pagar,0.00,14417.64,Registro factura INV-00245,INV-00245,CC-100 Operaciones,Elena Mora 05 00001202
1634,2026-04-18,2100,Cuentas por pagar,0.00,28023.28,Registro factura INV-00278,INV-00278,CC-100 Operaciones,Ana Ruiz 01 00001202
1635,2026-02-27,5000,Gastos operativos,17221.00,0.00,Registro factura INV-00092,INV-00092,CC-100 Operaciones,Ana Ruiz 07 00001202
1636,2026-04-30,1180,IVA acreditable,3249.12,0.00,Registro factura INV-00173,INV-00173,CC-100 Operaciones,Ana Ruiz 07 00001202
1637,2026-02-10,4000,Ingresos por servicios,0.00,54774.00,Registro venta INV-00233,INV-00233,CC-100 Operaciones,Bruno Garcia 02 00001202
1638,2026-04-12,5000,Gastos operativos,90097.00,0.00,Registro factura INV-00054,INV-00054,CC-100 Operaciones,Carla Soto 03 00001202
1639,2026-04-07,2100,Cuentas por pagar,80615.36,0.00,Pago factura INV-00363,INV-00363,CC-100 Operaciones,Bruno Garcia 02 00001202
1640,2026-03-04,1020,Bancos,0.00,46763.08,Pago factura INV-00234,INV-00234,CC-100 Operaciones,Bruno Garcia 02 00001202
1641,2026-02-25,5000,Gastos operativos,79604.00,0.00,Registro factura INV-00083,INV-00083,CC-100 Operaciones,Elena Mora 05 00001202
1642,2026-03-19,1180,IVA acreditable,9669.12,0.00,Registro factura INV-00133,INV-00133,CC-100 Operaciones,Ana Ruiz 07 00001202
1643,2026-02-06,1180,IVA acreditable,11630.08,0.00,Registro factura INV-00207,INV-00207,CC-100 Operaciones,Bruno Garcia 02 00001202
1644,2026-05-01,1180,IVA acreditable,4465.60,0.00,Registro factura INV-00303,INV-00303,CC-100 Operaciones,Fabian Rios 06 00001202
1645,2026-05-08,2100,Cuentas por pagar,0.00,29647.28,Registro factura INV-00129,INV-00129,CC-100 Operaciones,Carla Soto 09 00001202
1646,2026-01-23,1020,Bancos,0.00,32000.92,Pago factura INV-00136,INV-00136,CC-100 Operaciones,Bruno Garcia 02 00001202
1647,2026-06-04,5000,Gastos operativos,67322.00,0.00,Registro factura INV-00068,INV-00068,CC-100 Operaciones,Fabian Rios 06 00001202
1648,2026-02-16,2100,Cuentas por pagar,55036.20,0.00,Pago factura INV-00327,INV-00327,CC-100 Operaciones,Bruno Garcia 02 00001202
1649,2026-03-25,2100,Cuentas por pagar,109413.52,0.00,Pago factura INV-00180,INV-00180,CC-100 Operaciones,Bruno Garcia 02 00001202
1650,2026-04-02,2100,Cuentas por pagar,0.00,85399.20,Registro factura INV-00026,INV-00026,CC-100 Operaciones,Carla Soto 09 00001202
1651,2026-06-12,5000,Gastos operativos,55863.00,0.00,Registro factura INV-00144,INV-00144,CC-100 Operaciones,Fabian Rios 06 00001202
1652,2026-02-26,2100,Cuentas por pagar,0.00,27469.96,Registro factura INV-00061,INV-00061,CC-100 Operaciones,Bruno Garcia 02 00001202
1653,2026-05-22,1180,IVA acreditable,11996.00,0.00,Registro factura INV-00177,INV-00177,CC-100 Operaciones,Ana Ruiz 01 00001202
1654,2026-05-26,2100,Cuentas por pagar,24183.68,0.00,Pago factura INV-00334,INV-00334,CC-100 Operaciones,Bruno Garcia 02 00001202
1655,2026-05-19,2100,Cuentas por pagar,80301.00,0.00,Pago factura INV-00293,INV-00293,CC-100 Operaciones,Bruno Garcia 02 00001202
1656,2026-03-31,1180,IVA acreditable,11929.76,0.00,Registro factura INV-00205,INV-00205,CC-100 Operaciones,Elena Mora 05 00001202
1657,2026-02-20,1180,IVA acreditable,7298.88,0.00,Registro factura INV-00324,INV-00324,CC-100 Operaciones,Diego Luna 04 00001202
1658,2026-04-08,2100,Cuentas por pagar,41650.96,0.00,Pago factura INV-00321,INV-00321,CC-100 Operaciones,Bruno Garcia 02 00001202
1659,2026-04-07,2100,Cuentas por pagar,98624.36,0.00,Pago factura INV-00122,INV-00122,CC-100 Operaciones,Bruno Garcia 02 00001202
1660,2026-01-23,1020,Bancos,0.00,14674.93,Pago factura INV-00299,INV-00299,CC-100 Operaciones,Bruno Garcia 02 00001202
1661,2026-05-22,5000,Gastos operativos,85162.00,0.00,Registro factura INV-00192,INV-00192,CC-100 Operaciones,Carla Soto 09 00001202
1662,2026-01-15,1180,IVA acreditable,13953.76,0.00,Registro factura INV-00279,INV-00279,CC-100 Operaciones,Bruno Garcia 02 00001202
1663,2026-03-05,2100,Cuentas por pagar,0.00,68117.52,Registro factura INV-00145,INV-00145,CC-100 Operaciones,Elena Mora 05 00001202
1664,2026-03-16,2100,Cuentas por pagar,60021.88,0.00,Pago factura INV-00331,INV-00331,CC-100 Operaciones,Bruno Garcia 02 00001202
1665,2026-03-05,2100,Cuentas por pagar,66919.24,0.00,Pago factura INV-00040,INV-00040,CC-100 Operaciones,Bruno Garcia 02 00001202
1666,2026-02-06,5000,Gastos operativos,72688.00,0.00,Registro factura INV-00207,INV-00207,CC-100 Operaciones,Bruno Garcia 02 00001202
1667,2026-01-23,5000,Gastos operativos,24579.00,0.00,Registro factura INV-00252,INV-00252,CC-100 Operaciones,Bruno Garcia 02 00001202
1668,2026-04-21,1020,Bancos,0.00,89164.56,Pago factura INV-00090,INV-00090,CC-100 Operaciones,Bruno Garcia 02 00001202
1669,2026-03-26,1180,IVA acreditable,13969.44,0.00,Registro factura INV-00036,INV-00036,CC-100 Operaciones,Diego Luna 04 00001202
1670,2026-02-26,2100,Cuentas por pagar,34143.44,0.00,Pago factura INV-00154,INV-00154,CC-100 Operaciones,Bruno Garcia 02 00001202
1671,2026-06-20,1020,Bancos,0.00,69129.04,Pago factura INV-00015,INV-00015,CC-100 Operaciones,Bruno Garcia 02 00001202
1672,2026-02-15,2100,Cuentas por pagar,0.00,24735.84,Registro factura INV-00222,INV-00222,CC-100 Operaciones,Carla Soto 09 00001202
1673,2026-06-28,2100,Cuentas por pagar,70592.96,0.00,Pago factura INV-00006,INV-00006,CC-100 Operaciones,Bruno Garcia 02 00001202
1674,2026-05-25,1180,IVA acreditable,7038.88,0.00,Registro factura INV-00231,INV-00231,CC-100 Operaciones,Diego Luna 10 00001202
1675,2026-04-03,5000,Gastos operativos,47624.00,0.00,Registro factura INV-00365,INV-00365,CC-100 Operaciones,Fabian Rios 06 00001202
1676,2026-02-04,5000,Gastos operativos,51181.00,0.00,Registro factura INV-00138,INV-00138,CC-100 Operaciones,Bruno Garcia 08 00001202
1677,2026-03-06,1020,Bancos,0.00,38593.20,Pago factura INV-00141,INV-00141,CC-100 Operaciones,Bruno Garcia 02 00001202
1678,2026-04-02,1020,Bancos,0.00,102704.08,Pago factura INV-00089,INV-00089,CC-100 Operaciones,Bruno Garcia 02 00001202
1679,2026-03-04,1180,IVA acreditable,8311.04,0.00,Registro factura INV-00351,INV-00351,CC-100 Operaciones,Diego Luna 10 00001202
1680,2026-05-30,1020,Bancos,0.00,15300.40,Pago factura INV-00108,INV-00108,CC-100 Operaciones,Bruno Garcia 02 00001202
1681,2026-06-27,1180,IVA acreditable,5458.24,0.00,Registro factura INV-00212,INV-00212,CC-100 Operaciones,Ana Ruiz 01 00001202
1682,2026-02-04,1180,IVA acreditable,5732.80,0.00,Registro factura INV-00194,INV-00194,CC-100 Operaciones,Diego Luna 10 00001202
1683,2026-02-24,2100,Cuentas por pagar,68684.76,0.00,Pago factura INV-00356,INV-00356,CC-100 Operaciones,Bruno Garcia 02 00001202
1684,2026-03-16,2100,Cuentas por pagar,0.00,74463.88,Registro factura INV-00304,INV-00304,CC-100 Operaciones,Bruno Garcia 08 00001202
1685,2026-04-02,2100,Cuentas por pagar,102704.08,0.00,Pago factura INV-00089,INV-00089,CC-100 Operaciones,Bruno Garcia 02 00001202
1686,2026-01-25,1020,Bancos,0.00,101164.76,Pago factura INV-00279,INV-00279,CC-100 Operaciones,Bruno Garcia 02 00001202
1687,2026-05-19,2100,Cuentas por pagar,0.00,37872.84,Registro factura INV-00264,INV-00264,CC-100 Operaciones,Bruno Garcia 02 00001202
1688,2026-03-03,2100,Cuentas por pagar,0.00,98539.68,Registro factura INV-00019,INV-00019,CC-100 Operaciones,Elena Mora 05 00001202
1689,2026-02-22,2100,Cuentas por pagar,27971.08,0.00,Pago factura INV-00241,INV-00241,CC-100 Operaciones,Bruno Garcia 02 00001202
1690,2026-02-19,1180,IVA acreditable,7988.48,0.00,Registro factura INV-00167,INV-00167,CC-100 Operaciones,Ana Ruiz 07 00001202
1691,2026-05-30,2100,Cuentas por pagar,0.00,74114.72,Registro factura INV-00124,INV-00124,CC-100 Operaciones,Carla Soto 03 00001202
1692,2026-06-23,1020,Bancos,0.00,36238.40,Pago factura INV-00110,INV-00110,CC-100 Operaciones,Bruno Garcia 02 00001202
1693,2026-05-31,2100,Cuentas por pagar,0.00,81871.64,Registro factura INV-00017,INV-00017,CC-100 Operaciones,Bruno Garcia 08 00001202
1694,2026-03-12,2100,Cuentas por pagar,23265.19,0.00,Pago factura INV-00091,INV-00091,CC-100 Operaciones,Bruno Garcia 02 00001202
1695,2026-02-22,2100,Cuentas por pagar,0.00,46763.08,Registro factura INV-00234,INV-00234,CC-100 Operaciones,Diego Luna 04 00001202
1696,2026-06-17,5000,Gastos operativos,51344.00,0.00,Registro factura INV-00253,INV-00253,CC-100 Operaciones,Carla Soto 09 00001202
1697,2026-01-20,2100,Cuentas por pagar,0.00,23278.88,Registro factura INV-00027,INV-00027,CC-100 Operaciones,Ana Ruiz 01 00001202
1698,2026-05-11,2100,Cuentas por pagar,0.00,75300.24,Registro factura INV-00290,INV-00290,CC-100 Operaciones,Bruno Garcia 08 00001202
1699,2026-03-15,5000,Gastos operativos,94322.00,0.00,Registro factura INV-00180,INV-00180,CC-100 Operaciones,Ana Ruiz 01 00001202
1700,2026-01-25,2100,Cuentas por pagar,72823.64,0.00,Pago factura INV-00057,INV-00057,CC-100 Operaciones,Bruno Garcia 02 00001202
1701,2026-04-01,2100,Cuentas por pagar,0.00,49300.00,Registro factura INV-00161,INV-00161,CC-100 Operaciones,Fabian Rios 06 00001202
1702,2026-06-23,1180,IVA acreditable,4926.24,0.00,Registro factura INV-00337,INV-00337,CC-100 Operaciones,Elena Mora 05 00001202
1703,2026-06-30,1020,Bancos,0.00,82448.16,Pago factura INV-00201,INV-00201,CC-100 Operaciones,Bruno Garcia 02 00001202
1704,2026-02-05,2100,Cuentas por pagar,0.00,90281.64,Registro factura INV-00261,INV-00261,CC-100 Operaciones,Elena Mora 05 00001202
1705,2026-03-27,2100,Cuentas por pagar,67579.28,0.00,Pago factura INV-00322,INV-00322,CC-100 Operaciones,Bruno Garcia 02 00001202
1706,2026-04-24,1180,IVA acreditable,8250.88,0.00,Registro factura INV-00008,INV-00008,CC-100 Operaciones,Carla Soto 09 00001202
1707,2026-03-28,1020,Bancos,0.00,24488.76,Pago factura INV-00238,INV-00238,CC-100 Operaciones,Bruno Garcia 02 00001202
1708,2026-01-25,1180,IVA acreditable,12159.68,0.00,Registro factura INV-00100,INV-00100,CC-100 Operaciones,Fabian Rios 06 00001202
1709,2026-06-16,5000,Gastos operativos,41354.00,0.00,Registro factura INV-00171,INV-00171,CC-100 Operaciones,Bruno Garcia 02 00001202
1710,2026-01-09,1180,IVA acreditable,12174.40,0.00,Registro factura INV-00111,INV-00111,CC-100 Operaciones,Bruno Garcia 02 00001202
1711,2026-02-22,5000,Gastos operativos,13727.00,0.00,Registro factura INV-00099,INV-00099,CC-100 Operaciones,Fabian Rios 06 00001202
1712,2026-05-09,1020,Bancos,0.00,80811.40,Pago factura INV-00267,INV-00267,CC-100 Operaciones,Bruno Garcia 02 00001202
1713,2026-04-09,5000,Gastos operativos,89033.00,0.00,Registro factura INV-00064,INV-00064,CC-100 Operaciones,Diego Luna 04 00001202
1714,2026-01-21,2100,Cuentas por pagar,26100.00,0.00,Reversion de factura cancelada INV-00256,INV-00256,CC-100 Operaciones,Bruno Garcia 02 00001202
1715,2026-05-20,2100,Cuentas por pagar,0.00,66566.60,Registro factura INV-00150,INV-00150,CC-100 Operaciones,Ana Ruiz 07 00001202
1716,2026-02-13,2100,Cuentas por pagar,63376.60,0.00,Pago factura INV-00294,INV-00294,CC-100 Operaciones,Bruno Garcia 02 00001202
1717,2026-01-19,1180,IVA acreditable,8589.28,0.00,Registro factura INV-00332,INV-00332,CC-100 Operaciones,Fabian Rios 06 00001202
1718,2026-01-30,1180,IVA acreditable,7052.00,0.00,Registro factura INV-00215,INV-00215,CC-100 Operaciones,Ana Ruiz 07 00001202
1719,2026-06-06,1180,IVA acreditable,12431.52,0.00,Registro factura INV-00232,INV-00232,CC-100 Operaciones,Bruno Garcia 08 00001202
1720,2026-02-05,5000,Gastos operativos,77829.00,0.00,Registro factura INV-00261,INV-00261,CC-100 Operaciones,Elena Mora 05 00001202
1721,2026-05-13,2100,Cuentas por pagar,79733.76,0.00,Pago factura INV-00193,INV-00193,CC-100 Operaciones,Bruno Garcia 02 00001202
1722,2026-06-22,1180,IVA acreditable,10181.60,0.00,Registro factura INV-00227,INV-00227,CC-100 Operaciones,Bruno Garcia 02 00001202
1723,2026-01-23,2100,Cuentas por pagar,0.00,27990.80,Registro factura INV-00291,INV-00291,CC-100 Operaciones,Diego Luna 04 00001202
1724,2026-03-23,2100,Cuentas por pagar,13076.92,0.00,Pago factura INV-00317,INV-00317,CC-100 Operaciones,Bruno Garcia 02 00001202
1725,2026-04-30,1020,Bancos,0.00,84152.20,Pago factura INV-00151,INV-00151,CC-100 Operaciones,Bruno Garcia 02 00001202
1726,2026-05-15,1180,IVA acreditable,9137.12,0.00,Registro factura INV-00039,INV-00039,CC-100 Operaciones,Diego Luna 04 00001202
1727,2026-01-26,5000,Gastos operativos,36848.00,0.00,Registro factura INV-00272,INV-00272,CC-100 Operaciones,Ana Ruiz 01 00001202
1728,2026-03-26,1020,Bancos,0.00,15274.88,Pago factura INV-00074,INV-00074,CC-100 Operaciones,Bruno Garcia 02 00001202
1729,2026-03-22,1020,Bancos,0.00,46214.40,Pago factura INV-00139,INV-00139,CC-100 Operaciones,Bruno Garcia 02 00001202
1730,2026-04-05,1180,IVA acreditable,8399.68,0.00,Registro factura INV-00254,INV-00254,CC-100 Operaciones,Fabian Rios 06 00001202
1731,2026-04-30,5000,Gastos operativos,20307.00,0.00,Registro factura INV-00173,INV-00173,CC-100 Operaciones,Ana Ruiz 07 00001202
1732,2026-01-30,1020,Bancos,0.00,23278.88,Pago factura INV-00027,INV-00027,CC-100 Operaciones,Bruno Garcia 02 00001202
1733,2026-03-05,1180,IVA acreditable,5060.32,0.00,Registro factura INV-00080,INV-00080,CC-100 Operaciones,Fabian Rios 06 00001202
1734,2026-03-30,5000,Gastos operativos,42500.00,0.00,Registro factura INV-00312,INV-00312,CC-100 Operaciones,Fabian Rios 06 00001202
1735,2026-02-20,2100,Cuentas por pagar,0.00,45802.60,Registro factura INV-00335,INV-00335,CC-100 Operaciones,Diego Luna 04 00001202
1736,2026-03-04,2100,Cuentas por pagar,0.00,104714.36,Registro factura INV-00197,INV-00197,CC-100 Operaciones,Bruno Garcia 02 00001202
1737,2026-02-13,5000,Gastos operativos,63202.00,0.00,Registro factura INV-00318,INV-00318,CC-100 Operaciones,Carla Soto 09 00001202
1738,2026-05-19,1020,Bancos,0.00,54840.16,Pago factura INV-00225,INV-00225,CC-100 Operaciones,Bruno Garcia 02 00001202
1739,2026-01-22,1180,IVA acreditable,10348.32,0.00,Registro factura INV-00109,INV-00109,CC-100 Operaciones,Ana Ruiz 07 00001202
1740,2026-04-11,1020,Bancos,0.00,50259.32,Pago factura INV-00087,INV-00087,CC-100 Operaciones,Bruno Garcia 02 00001202
1741,2026-02-10,2100,Cuentas por pagar,0.00,62346.52,Registro factura INV-00355,INV-00355,CC-100 Operaciones,Bruno Garcia 08 00001202
1742,2026-05-19,2100,Cuentas por pagar,0.00,97714.92,Registro factura INV-00131,INV-00131,CC-100 Operaciones,Diego Luna 10 00001202
1743,2026-04-07,1020,Bancos,0.00,80615.36,Pago factura INV-00363,INV-00363,CC-100 Operaciones,Bruno Garcia 02 00001202
1744,2026-03-10,2100,Cuentas por pagar,108405.48,0.00,Pago factura INV-00345,INV-00345,CC-100 Operaciones,Bruno Garcia 02 00001202
1745,2026-06-24,2100,Cuentas por pagar,20194.44,0.00,Pago factura INV-00143,INV-00143,CC-100 Operaciones,Bruno Garcia 02 00001202
1746,2026-06-14,1180,IVA acreditable,2785.44,0.00,Registro factura INV-00143,INV-00143,CC-100 Operaciones,Diego Luna 10 00001202
1747,2026-06-24,1020,Bancos,0.00,20194.44,Pago factura INV-00143,INV-00143,CC-100 Operaciones,Bruno Garcia 02 00001202
1748,2026-03-03,5000,Gastos operativos,79187.00,0.00,Registro factura INV-00071,INV-00071,CC-100 Operaciones,Carla Soto 03 00001202
1749,2026-01-11,2100,Cuentas por pagar,0.00,65485.48,Registro factura INV-00255,INV-00255,CC-100 Operaciones,Fabian Rios 06 00001202
1750,2026-01-11,5000,Gastos operativos,56453.00,0.00,Registro factura INV-00255,INV-00255,CC-100 Operaciones,Fabian Rios 06 00001202
1751,2026-03-11,2100,Cuentas por pagar,0.00,74020.76,Registro factura INV-00113,INV-00113,CC-100 Operaciones,Ana Ruiz 07 00001202
1752,2026-04-13,2100,Cuentas por pagar,55243.84,0.00,Pago factura INV-00365,INV-00365,CC-100 Operaciones,Bruno Garcia 02 00001202
1753,2026-04-12,5000,Gastos operativos,24864.00,0.00,Registro factura INV-00119,INV-00119,CC-100 Operaciones,Ana Ruiz 01 00001202
1754,2026-01-28,1020,Bancos,0.00,37208.16,Pago factura INV-00065,INV-00065,CC-100 Operaciones,Bruno Garcia 02 00001202
1755,2026-05-23,2100,Cuentas por pagar,15510.13,0.00,Pago factura INV-00296,INV-00296,CC-100 Operaciones,Bruno Garcia 02 00001202
1756,2026-01-27,5000,Gastos operativos,66101.00,0.00,Registro factura INV-00302,INV-00302,CC-100 Operaciones,Diego Luna 10 00001202
1757,2026-02-15,1020,Bancos,0.00,38713.84,Pago factura INV-00223,INV-00223,CC-100 Operaciones,Bruno Garcia 02 00001202
1758,2026-04-24,1180,IVA acreditable,4976.96,0.00,Registro factura INV-00175,INV-00175,CC-100 Operaciones,Ana Ruiz 01 00001202
1759,2026-03-14,2100,Cuentas por pagar,0.00,105764.16,Registro factura INV-00007,INV-00007,CC-100 Operaciones,Diego Luna 04 00001202
1760,2026-03-21,2100,Cuentas por pagar,70816.84,0.00,Pago factura INV-00310,INV-00310,CC-100 Operaciones,Bruno Garcia 02 00001202
1761,2026-01-10,2100,Cuentas por pagar,0.00,34751.28,Registro factura INV-00076,INV-00076,CC-100 Operaciones,Ana Ruiz 07 00001202
1762,2026-02-27,2100,Cuentas por pagar,0.00,19976.36,Registro factura INV-00092,INV-00092,CC-100 Operaciones,Ana Ruiz 07 00001202
1763,2026-05-24,5000,Gastos operativos,47983.00,0.00,Registro factura INV-00052,INV-00052,CC-100 Operaciones,Carla Soto 03 00001202
1764,2026-04-05,2100,Cuentas por pagar,0.00,48025.16,Registro factura INV-00342,INV-00342,CC-100 Operaciones,Bruno Garcia 08 00001202
1765,2026-03-09,5000,Gastos operativos,32928.00,0.00,Registro factura INV-00158,INV-00158,CC-100 Operaciones,Ana Ruiz 01 00001202
1766,2026-04-18,5000,Gastos operativos,24158.00,0.00,Registro factura INV-00278,INV-00278,CC-100 Operaciones,Ana Ruiz 01 00001202
1767,2026-05-10,1180,IVA acreditable,12078.56,0.00,Registro factura INV-00112,INV-00112,CC-100 Operaciones,Ana Ruiz 01 00001202
1768,2026-06-30,1020,Bancos,0.00,23683.72,Pago factura INV-00323,INV-00323,CC-100 Operaciones,Bruno Garcia 02 00001202
1769,2026-02-21,2100,Cuentas por pagar,0.00,90634.28,Registro factura INV-00229,INV-00229,CC-100 Operaciones,Carla Soto 09 00001202
1770,2026-04-08,1180,IVA acreditable,5719.20,0.00,Registro factura INV-00217,INV-00217,CC-100 Operaciones,Elena Mora 05 00001202
1771,2026-02-13,5000,Gastos operativos,85248.00,0.00,Registro factura INV-00157,INV-00157,CC-100 Operaciones,Diego Luna 10 00001202
1772,2026-04-26,5000,Gastos operativos,61072.00,0.00,Registro factura INV-00371,INV-00371,CC-100 Operaciones,Ana Ruiz 01 00001202
1773,2026-02-09,1180,IVA acreditable,11675.20,0.00,Registro factura INV-00306,INV-00306,CC-100 Operaciones,Carla Soto 03 00001202
1774,2026-06-11,5000,Gastos operativos,18735.00,0.00,Registro factura INV-00182,INV-00182,CC-100 Operaciones,Carla Soto 09 00001202
1775,2026-03-03,2100,Cuentas por pagar,90634.28,0.00,Pago factura INV-00229,INV-00229,CC-100 Operaciones,Bruno Garcia 02 00001202
1776,2026-04-21,5000,Gastos operativos,93318.00,0.00,Registro factura INV-00069,INV-00069,CC-100 Operaciones,Bruno Garcia 02 00001202
1777,2026-03-25,2100,Cuentas por pagar,0.00,85597.56,Registro factura INV-00155,INV-00155,CC-100 Operaciones,Ana Ruiz 07 00001202
1778,2026-02-17,1020,Bancos,0.00,86423.48,Pago factura INV-00357,INV-00357,CC-100 Operaciones,Bruno Garcia 02 00001202
1779,2026-04-27,1020,Bancos,0.00,58696.00,Pago factura INV-00033,INV-00033,CC-100 Operaciones,Bruno Garcia 02 00001202
1780,2026-03-12,1180,IVA acreditable,6039.84,0.00,Registro factura INV-00319,INV-00319,CC-100 Operaciones,Diego Luna 04 00001202
1781,2026-02-09,2100,Cuentas por pagar,37106.08,0.00,Pago factura INV-00300,INV-00300,CC-100 Operaciones,Bruno Garcia 02 00001202
1782,2026-02-03,2100,Cuentas por pagar,61335.00,0.00,Pago factura INV-00178,INV-00178,CC-100 Operaciones,Bruno Garcia 02 00001202
1783,2026-06-05,2100,Cuentas por pagar,0.00,100903.76,Registro factura INV-00079,INV-00079,CC-100 Operaciones,Ana Ruiz 01 00001202
1784,2026-04-26,5000,Gastos operativos,94157.00,0.00,Registro factura INV-00187,INV-00187,CC-100 Operaciones,Carla Soto 03 00001202
1785,2026-06-29,5000,Gastos operativos,66294.00,0.00,Registro factura INV-00284,INV-00284,CC-100 Operaciones,Elena Mora 05 00001202
1786,2026-03-07,2100,Cuentas por pagar,78323.20,0.00,Pago factura INV-00206,INV-00206,CC-100 Operaciones,Bruno Garcia 02 00001202
1787,2026-04-20,2100,Cuentas por pagar,91673.64,0.00,Pago factura INV-00369,INV-00369,CC-100 Operaciones,Bruno Garcia 02 00001202
1788,2026-03-31,5000,Gastos operativos,74561.00,0.00,Registro factura INV-00205,INV-00205,CC-100 Operaciones,Elena Mora 05 00001202
1789,2026-01-28,2100,Cuentas por pagar,0.00,53157.00,Registro factura INV-00246,INV-00246,CC-100 Operaciones,Elena Mora 05 00001202
1790,2026-06-07,1180,IVA acreditable,8967.68,0.00,Registro factura INV-00067,INV-00067,CC-100 Operaciones,Elena Mora 05 00001202
1791,2026-04-01,5000,Gastos operativos,76839.00,0.00,Registro factura INV-00107,INV-00107,CC-100 Operaciones,Diego Luna 10 00001202
1792,2026-05-26,1020,Bancos,0.00,24183.68,Pago factura INV-00334,INV-00334,CC-100 Operaciones,Bruno Garcia 02 00001202
1793,2026-01-23,2100,Cuentas por pagar,32000.92,0.00,Pago factura INV-00136,INV-00136,CC-100 Operaciones,Bruno Garcia 02 00001202
1794,2026-02-08,5000,Gastos operativos,29891.00,0.00,Registro factura INV-00344,INV-00344,CC-100 Operaciones,Diego Luna 04 00001202
1795,2026-02-21,2100,Cuentas por pagar,79993.60,0.00,Pago factura INV-00010,INV-00010,CC-100 Operaciones,Bruno Garcia 02 00001202
1796,2026-01-20,2100,Cuentas por pagar,0.00,91595.92,Registro factura INV-00020,INV-00020,CC-100 Operaciones,Carla Soto 03 00001202
1797,2026-06-04,2100,Cuentas por pagar,0.00,72975.60,Registro factura INV-00170,INV-00170,CC-100 Operaciones,Diego Luna 04 00001202
1798,2026-02-15,2100,Cuentas por pagar,36687.32,0.00,Pago factura INV-00050,INV-00050,CC-100 Operaciones,Bruno Garcia 02 00001202
1799,2026-01-24,1020,Bancos,0.00,40374.96,Pago factura INV-00043,INV-00043,CC-100 Operaciones,Bruno Garcia 02 00001202
1800,2026-02-27,1020,Bancos,0.00,16708.64,Pago factura INV-00053,INV-00053,CC-100 Operaciones,Bruno Garcia 02 00001202
1801,2026-04-23,1020,Bancos,0.00,90793.20,Pago factura INV-00195,INV-00195,CC-100 Operaciones,Bruno Garcia 02 00001202
1802,2026-05-05,5000,Gastos operativos,28183.00,0.00,Registro factura INV-00016,INV-00016,CC-100 Operaciones,Fabian Rios 06 00001202
1803,2026-06-06,1020,Bancos,0.00,52280.04,Pago factura INV-00023,INV-00023,CC-100 Operaciones,Bruno Garcia 02 00001202
1804,2026-02-18,1020,Bancos,0.00,15808.48,Pago factura INV-00243,INV-00243,CC-100 Operaciones,Bruno Garcia 02 00001202
1805,2026-05-11,1020,Bancos,0.00,53037.52,Pago factura INV-00056,INV-00056,CC-100 Operaciones,Bruno Garcia 02 00001202
1806,2026-05-23,5000,Gastos operativos,89919.00,0.00,Registro factura INV-00219,INV-00219,CC-100 Operaciones,Fabian Rios 06 00001202
1807,2026-01-27,5000,Gastos operativos,90526.00,0.00,Registro factura INV-00022,INV-00022,CC-100 Operaciones,Bruno Garcia 08 00001202
1808,2026-06-15,1020,Bancos,0.00,79951.84,Pago factura INV-00358,INV-00358,CC-100 Operaciones,Bruno Garcia 02 00001202
1809,2026-06-04,2100,Cuentas por pagar,0.00,78093.52,Registro factura INV-00068,INV-00068,CC-100 Operaciones,Fabian Rios 06 00001202
1810,2026-02-12,5000,Gastos operativos,35845.00,0.00,Registro factura INV-00147,INV-00147,CC-100 Operaciones,Diego Luna 10 00001202
1811,2026-06-15,1180,IVA acreditable,15076.80,0.00,Registro factura INV-00126,INV-00126,CC-100 Operaciones,Ana Ruiz 07 00001202
1812,2026-02-25,2100,Cuentas por pagar,0.00,78323.20,Registro factura INV-00206,INV-00206,CC-100 Operaciones,Ana Ruiz 07 00001202
1813,2026-05-15,2100,Cuentas por pagar,48912.56,0.00,Pago factura INV-00308,INV-00308,CC-100 Operaciones,Bruno Garcia 02 00001202
1814,2026-04-16,2100,Cuentas por pagar,0.00,30697.08,Registro factura INV-00186,INV-00186,CC-100 Operaciones,Ana Ruiz 07 00001202
1815,2026-05-28,2100,Cuentas por pagar,79859.04,0.00,Pago factura INV-00184,INV-00184,CC-100 Operaciones,Bruno Garcia 02 00001202
1816,2026-03-03,2100,Cuentas por pagar,46526.44,0.00,Pago factura INV-00031,INV-00031,CC-100 Operaciones,Bruno Garcia 02 00001202
1817,2026-04-02,5000,Gastos operativos,73620.00,0.00,Registro factura INV-00026,INV-00026,CC-100 Operaciones,Carla Soto 09 00001202
1818,2026-06-06,1180,IVA acreditable,15196.00,0.00,Registro factura INV-00024,INV-00024,CC-100 Operaciones,Fabian Rios 06 00001202
1819,2026-03-09,5000,Gastos operativos,28434.00,0.00,Registro factura INV-00134,INV-00134,CC-100 Operaciones,Carla Soto 03 00001202
1820,2026-02-01,2100,Cuentas por pagar,0.00,23119.96,Registro factura INV-00374,INV-00374,CC-100 Operaciones,Carla Soto 09 00001202
1821,2026-06-08,1020,Bancos,0.00,53674.36,Pago factura INV-00086,INV-00086,CC-100 Operaciones,Bruno Garcia 02 00001202
1822,2026-02-05,5000,Gastos operativos,28183.00,0.00,Registro factura INV-00070,INV-00070,CC-100 Operaciones,Carla Soto 03 00001202
1823,2026-06-04,2100,Cuentas por pagar,51031.88,0.00,Pago factura INV-00231,INV-00231,CC-100 Operaciones,Bruno Garcia 02 00001202
1824,2026-03-06,2100,Cuentas por pagar,38593.20,0.00,Pago factura INV-00141,INV-00141,CC-100 Operaciones,Bruno Garcia 02 00001202
1825,2026-01-30,1020,Bancos,0.00,91595.92,Pago factura INV-00020,INV-00020,CC-100 Operaciones,Bruno Garcia 02 00001202
1826,2026-05-01,1020,Bancos,0.00,108248.88,Pago factura INV-00069,INV-00069,CC-100 Operaciones,Bruno Garcia 02 00001202
1827,2026-03-20,2100,Cuentas por pagar,0.00,46643.60,Registro factura INV-00228,INV-00228,CC-100 Operaciones,Bruno Garcia 02 00001202
1828,2026-06-11,2100,Cuentas por pagar,92851.04,0.00,Pago factura INV-00149,INV-00149,CC-100 Operaciones,Bruno Garcia 02 00001202
1829,2026-02-01,1180,IVA acreditable,3188.96,0.00,Registro factura INV-00374,INV-00374,CC-100 Operaciones,Carla Soto 09 00001202
1830,2026-06-15,1020,Bancos,0.00,32692.28,Pago factura INV-00176,INV-00176,CC-100 Operaciones,Bruno Garcia 02 00001202
1831,2026-03-11,1180,IVA acreditable,9767.84,0.00,Registro factura INV-00310,INV-00310,CC-100 Operaciones,Elena Mora 05 00001202
1832,2026-06-06,2100,Cuentas por pagar,0.00,110171.00,Registro factura INV-00024,INV-00024,CC-100 Operaciones,Fabian Rios 06 00001202
1833,2026-02-12,2080,IVA trasladado,0.00,8875.84,Registro venta INV-00289,INV-00289,CC-100 Operaciones,Bruno Garcia 02 00001202
1834,2026-02-17,2100,Cuentas por pagar,72973.28,0.00,Pago factura INV-00263,INV-00263,CC-100 Operaciones,Bruno Garcia 02 00001202
1835,2026-04-22,1020,Bancos,0.00,28842.24,Pago factura INV-00119,INV-00119,CC-100 Operaciones,Bruno Garcia 02 00001202
1836,2026-02-20,1020,Bancos,0.00,62346.52,Pago factura INV-00355,INV-00355,CC-100 Operaciones,Bruno Garcia 02 00001202
1837,2026-06-29,1020,Bancos,0.00,109278.96,Pago factura INV-00048,INV-00048,CC-100 Operaciones,Bruno Garcia 02 00001202
1838,2026-03-31,5000,Gastos operativos,42500.00,0.00,Registro factura INV-00364,INV-00364,CC-100 Operaciones,Fabian Rios 06 00001202
1839,2026-01-22,2100,Cuentas por pagar,50128.24,0.00,Pago factura INV-00240,INV-00240,CC-100 Operaciones,Bruno Garcia 02 00001202
1840,2026-05-08,2100,Cuentas por pagar,21509.88,0.00,Pago factura INV-00298,INV-00298,CC-100 Operaciones,Bruno Garcia 02 00001202
1841,2026-02-27,2100,Cuentas por pagar,0.00,46419.72,Registro factura INV-00314,INV-00314,CC-100 Operaciones,Carla Soto 09 00001202
1842,2026-06-03,1180,IVA acreditable,14237.12,0.00,Registro factura INV-00045,INV-00045,CC-100 Operaciones,Ana Ruiz 07 00001202
1843,2026-02-22,1180,IVA acreditable,2196.32,0.00,Registro factura INV-00099,INV-00099,CC-100 Operaciones,Fabian Rios 06 00001202
1844,2026-06-30,2100,Cuentas por pagar,84050.12,0.00,Pago factura INV-00282,INV-00282,CC-100 Operaciones,Bruno Garcia 02 00001202
1845,2026-02-04,1180,IVA acreditable,8188.96,0.00,Registro factura INV-00138,INV-00138,CC-100 Operaciones,Bruno Garcia 08 00001202
1846,2026-03-09,1020,Bancos,0.00,19976.36,Pago factura INV-00092,INV-00092,CC-100 Operaciones,Bruno Garcia 02 00001202
1847,2026-03-25,2100,Cuentas por pagar,0.00,17575.16,Registro factura INV-00116,INV-00116,CC-100 Operaciones,Elena Mora 05 00001202
1848,2026-01-16,5000,Gastos operativos,82563.00,0.00,Registro factura INV-00153,INV-00153,CC-100 Operaciones,Carla Soto 09 00001202
1849,2026-02-21,2100,Cuentas por pagar,0.00,50564.40,Registro factura INV-00012,INV-00012,CC-100 Operaciones,Ana Ruiz 01 00001202
1850,2026-03-03,1020,Bancos,0.00,46526.44,Pago factura INV-00031,INV-00031,CC-100 Operaciones,Bruno Garcia 02 00001202
1851,2026-04-25,1020,Bancos,0.00,25706.76,Pago factura INV-00121,INV-00121,CC-100 Operaciones,Bruno Garcia 02 00001202
1852,2026-02-19,5000,Gastos operativos,72826.00,0.00,Registro factura INV-00164,INV-00164,CC-100 Operaciones,Elena Mora 05 00001202
1853,2026-06-30,1020,Bancos,0.00,81658.20,Pago factura INV-00002,INV-00002,CC-100 Operaciones,Bruno Garcia 02 00001202
1854,2026-05-24,1020,Bancos,0.00,25910.92,Pago factura INV-00297,INV-00297,CC-100 Operaciones,Bruno Garcia 02 00001202
1855,2026-03-16,1180,IVA acreditable,10270.88,0.00,Registro factura INV-00304,INV-00304,CC-100 Operaciones,Bruno Garcia 08 00001202
1856,2026-03-30,1020,Bancos,0.00,46643.60,Pago factura INV-00228,INV-00228,CC-100 Operaciones,Bruno Garcia 02 00001202
1857,2026-03-02,2100,Cuentas por pagar,45802.60,0.00,Pago factura INV-00335,INV-00335,CC-100 Operaciones,Bruno Garcia 02 00001202
1858,2026-04-17,2100,Cuentas por pagar,0.00,58696.00,Registro factura INV-00033,INV-00033,CC-100 Operaciones,Fabian Rios 06 00001202
1859,2026-04-26,2100,Cuentas por pagar,0.00,70843.52,Registro factura INV-00371,INV-00371,CC-100 Operaciones,Ana Ruiz 01 00001202
1860,2026-03-04,5000,Gastos operativos,90271.00,0.00,Registro factura INV-00197,INV-00197,CC-100 Operaciones,Bruno Garcia 02 00001202
1861,2026-03-29,2100,Cuentas por pagar,0.00,94712.84,Registro factura INV-00055,INV-00055,CC-100 Operaciones,Ana Ruiz 01 00001202
1862,2026-01-14,2100,Cuentas por pagar,0.00,88881.52,Registro factura INV-00305,INV-00305,CC-100 Operaciones,Elena Mora 05 00001202
1863,2026-04-12,2100,Cuentas por pagar,0.00,28842.24,Registro factura INV-00119,INV-00119,CC-100 Operaciones,Ana Ruiz 01 00001202
1864,2026-06-14,2100,Cuentas por pagar,0.00,20194.44,Registro factura INV-00143,INV-00143,CC-100 Operaciones,Diego Luna 10 00001202
1865,2026-04-20,5000,Gastos operativos,39675.00,0.00,Registro factura INV-00191,INV-00191,CC-100 Operaciones,Elena Mora 05 00001202
1866,2026-04-08,2100,Cuentas por pagar,0.00,49706.00,Registro factura INV-00085,INV-00085,CC-100 Operaciones,Ana Ruiz 07 00001202
1867,2026-01-31,1020,Bancos,0.00,76532.16,Pago factura INV-00239,INV-00239,CC-100 Operaciones,Bruno Garcia 02 00001202
1868,2026-05-25,1020,Bancos,0.00,86328.36,Pago factura INV-00165,INV-00165,CC-100 Operaciones,Bruno Garcia 02 00001202
1869,2026-03-23,1020,Bancos,0.00,15510.13,Pago factura INV-00091,INV-00091,CC-100 Operaciones,Bruno Garcia 02 00001202
1870,2026-05-08,1180,IVA acreditable,4089.28,0.00,Registro factura INV-00129,INV-00129,CC-100 Operaciones,Carla Soto 09 00001202
1871,2026-03-05,1020,Bancos,0.00,35049.40,Pago factura INV-00258,INV-00258,CC-100 Operaciones,Bruno Garcia 02 00001202
1872,2026-06-24,2100,Cuentas por pagar,73231.96,0.00,Pago factura INV-00270,INV-00270,CC-100 Operaciones,Bruno Garcia 02 00001202
1873,2026-04-13,1020,Bancos,0.00,95140.88,Pago factura INV-00325,INV-00325,CC-100 Operaciones,Bruno Garcia 02 00001202
1874,2026-02-12,4000,Ingresos por servicios,0.00,55474.00,Registro venta INV-00289,INV-00289,CC-100 Operaciones,Bruno Garcia 02 00001202
1875,2026-04-26,2100,Cuentas por pagar,0.00,109222.12,Registro factura INV-00187,INV-00187,CC-100 Operaciones,Carla Soto 03 00001202
1876,2026-04-27,2100,Cuentas por pagar,0.00,46547.32,Registro factura INV-00013,INV-00013,CC-100 Operaciones,Bruno Garcia 08 00001202
1877,2026-05-17,2100,Cuentas por pagar,0.00,57797.00,Registro factura INV-00094,INV-00094,CC-100 Operaciones,Bruno Garcia 08 00001202
1878,2026-06-20,2100,Cuentas por pagar,0.00,23683.72,Registro factura INV-00323,INV-00323,CC-100 Operaciones,Bruno Garcia 08 00001202
1879,2026-03-25,2100,Cuentas por pagar,17285.16,0.00,Pago factura INV-00262,INV-00262,CC-100 Operaciones,Bruno Garcia 02 00001202
1880,2026-01-21,1180,IVA acreditable,0.00,3600.00,Reversion de factura cancelada INV-00256,INV-00256,CC-100 Operaciones,Bruno Garcia 02 00001202
1881,2026-02-06,1180,IVA acreditable,7591.20,0.00,Registro factura INV-00327,INV-00327,CC-100 Operaciones,Diego Luna 04 00001202
1882,2026-01-22,1180,IVA acreditable,9377.76,0.00,Registro factura INV-00224,INV-00224,CC-100 Operaciones,Elena Mora 05 00001202
1883,2026-03-07,1020,Bancos,0.00,92340.64,Pago factura INV-00083,INV-00083,CC-100 Operaciones,Bruno Garcia 02 00001202
1884,2026-04-02,1020,Bancos,0.00,66208.16,Pago factura INV-00281,INV-00281,CC-100 Operaciones,Bruno Garcia 02 00001202
1885,2026-03-12,2100,Cuentas por pagar,64299.96,0.00,Pago factura INV-00160,INV-00160,CC-100 Operaciones,Bruno Garcia 02 00001202
1886,2026-03-19,5000,Gastos operativos,90972.00,0.00,Registro factura INV-00367,INV-00367,CC-100 Operaciones,Carla Soto 09 00001202
1887,2026-01-21,2100,Cuentas por pagar,0.00,71328.40,Registro factura INV-00350,INV-00350,CC-100 Operaciones,Bruno Garcia 08 00001202
1888,2026-03-10,1020,Bancos,0.00,20011.16,Pago factura INV-00360,INV-00360,CC-100 Operaciones,Bruno Garcia 02 00001202
1889,2026-06-17,2100,Cuentas por pagar,65015.68,0.00,Pago factura INV-00067,INV-00067,CC-100 Operaciones,Bruno Garcia 02 00001202
1890,2026-04-22,2100,Cuentas por pagar,104512.52,0.00,Pago factura INV-00054,INV-00054,CC-100 Operaciones,Bruno Garcia 02 00001202
