entry_id,date,account_code,account_name,debit,credit,description,invoice_uuid,cost_center,approver
1,2026-02-13,1180,IVA acreditable,6887.20,0.00,Registro factura INV-00132,INV-00132,CC-100 Operaciones,Ana Ruiz 07 00001103
2,2026-02-14,2100,Cuentas por pagar,0.00,33926.52,Registro factura INV-00322,INV-00322,CC-100 Operaciones,Fabian Rios 06 00001103
3,2026-01-05,5000,Gastos operativos,39556.00,0.00,Registro factura INV-00232,INV-00232,CC-100 Operaciones,Bruno Garcia 08 00001103
4,2026-05-06,1020,Bancos,0.00,59038.20,Pago factura INV-00050,INV-00050,CC-100 Operaciones,Bruno Garcia 02 00001103
5,2026-03-23,2100,Cuentas por pagar,14452.68,0.00,Pago factura INV-00108,INV-00108,CC-100 Operaciones,Bruno Garcia 02 00001103
6,2026-05-21,5000,Gastos operativos,70177.00,0.00,Registro factura INV-00071,INV-00071,CC-100 Operaciones,Diego Luna 04 00001103
7,2026-02-21,2100,Cuentas por pagar,25980.52,0.00,Pago factura INV-00011,INV-00011,CC-100 Operaciones,Bruno Garcia 02 00001103
8,2026-01-11,1180,IVA acreditable,13557.92,0.00,Registro factura INV-00019,INV-00019,CC-100 Operaciones,Diego Luna 04 00001103
9,2026-03-09,5000,Gastos operativos,31748.00,0.00,Registro factura INV-00357,INV-00357,CC-100 Operaciones,Ana Ruiz 01 00001103
10,2026-01-22,1020,Bancos,0.00,97545.56,Pago factura INV-00285,INV-00285,CC-100 Operaciones,Bruno Garcia 02 00001103
11,2026-06-15,1180,IVA acreditable,5203.36,0.00,Registro factura INV-00020,INV-00020,CC-100 Operaciones,Elena Mora 05 00001103
12,2026-06-19,1180,IVA acreditable,3413.60,0.00,Registro factura INV-00263,INV-00263,CC-100 Operaciones,Ana Ruiz 01 00001103
13,2026-03-11,2100,Cuentas por pagar,0.00,107464.72,Registro factura INV-00004,INV-00004,CC-100 Operaciones,Elena Mora 05 00001103
14,2026-01-22,1020,Bancos,0.00,61550.76,Pago factura INV-00351,INV-00351,CC-100 Operaciones,Bruno Garcia 02 00001103
15,2026-05-08,1020,Bancos,0.00,25209.12,Pago factura INV-00142,INV-00142,CC-100 Operaciones,Bruno Garcia 02 00001103
16,2026-01-19,2100,Cuentas por pagar,35543.56,0.00,Pago factura INV-00109,INV-00109,CC-100 Operaciones,Bruno Garcia 02 00001103
17,2026-03-23,1020,Bancos,0.00,20636.40,Pago factura INV-00043,INV-00043,CC-100 Operaciones,Bruno Garcia 02 00001103
18,2026-02-05,2100,Cuentas por pagar,0.00,45884.96,Registro factura INV-00276,INV-00276,CC-100 Operaciones,Carla Soto 09 00001103
19,2026-05-18,2100,Cuentas por pagar,0.00,51633.92,Registro factura INV-00229,INV-00229,CC-100 Operaciones,Carla Soto 03 00001103
20,2026-04-01,2100,Cuentas por pagar,0.00,24022.44,Registro factura INV-00188,INV-00188,CC-100 Operaciones,Diego Luna 10 00001103
21,2026-06-05,1020,Bancos,0.00,47614.52,Pago factura INV-00239,INV-00239,CC-100 Operaciones,Bruno Garcia 02 00001103
22,2026-04-20,2100,Cuentas por pagar,22194.28,0.00,Pago factura INV-00172,INV-00172,CC-100 Operaciones,Bruno Garcia 02 00001103
23,2026-05-03,1020,Bancos,0.00,21366.04,Pago factura INV-00277,INV-00277,CC-100 Operaciones,Bruno Garcia 02 00001103
24,2026-03-09,1020,Bancos,0.00,24687.12,Pago factura INV-00260,INV-00260,CC-100 Operaciones,Bruno Garcia 02 00001103
25,2026-03-24,1020,Bancos,0.00,101013.96,Pago factura INV-00361,INV-00361,CC-100 Operaciones,Bruno Garcia 02 00001103
26,2026-05-30,5000,Gastos operativos,94529.00,0.00,Registro factura INV-00177,INV-00177,CC-100 Operaciones,Ana Ruiz 01 00001103
27,2026-01-22,2100,Cuentas por pagar,0.00,65955.28,Registro factura INV-00099,INV-00099,CC-100 Operaciones,Elena Mora 05 00001103
28,2026-06-05,5000,Gastos operativos,85149.00,0.00,Registro factura INV-00163,INV-00163,CC-100 Operaciones,Ana Ruiz 01 00001103
29,2026-03-03,2100,Cuentas por pagar,0.00,39741.60,Registro factura INV-00127,INV-00127,CC-100 Operaciones,Carla Soto 03 00001103
30,2026-01-28,5000,Gastos operativos,43366.00,0.00,Registro factura INV-00034,INV-00034,CC-100 Operaciones,Elena Mora 05 00001103
31,2026-03-13,5000,Gastos operativos,17790.00,0.00,Registro factura INV-00043,INV-00043,CC-100 Operaciones,Carla Soto 09 00001103
32,2026-03-19,5000,Gastos operativos,43091.00,0.00,Registro factura INV-00290,INV-00290,CC-100 Operaciones,Carla Soto 09 00001103
33,2026-02-17,5000,Gastos operativos,63327.00,0.00,Registro factura INV-00063,INV-00063,CC-100 Operaciones,Elena Mora 05 00001103
34,2026-02-20,2100,Cuentas por pagar,107267.52,0.00,Pago factura INV-00259,INV-00259,CC-100 Operaciones,Bruno Garcia 02 00001103
35,2026-05-12,1020,Bancos,0.00,57994.20,Pago factura INV-00337,INV-00337,CC-100 Operaciones,Bruno Garcia 02 00001103
36,2026-05-21,1020,Bancos,0.00,86005.88,Pago factura INV-00305,INV-00305,CC-100 Operaciones,Bruno Garcia 02 00001103
37,2026-05-23,5000,Gastos operativos,79865.00,0.00,Registro factura INV-00180,INV-00180,CC-100 Operaciones,Bruno Garcia 08 00001103
38,2026-03-11,2100,Cuentas por pagar,48039.08,0.00,Pago factura INV-00171,INV-00171,CC-100 Operaciones,Bruno Garcia 02 00001103
39,2026-05-11,5000,Gastos operativos,74143.00,0.00,Registro factura INV-00305,INV-00305,CC-100 Operaciones,Bruno Garcia 08 00001103
40,2026-04-14,1020,Bancos,0.00,30412.88,Pago factura INV-00154,INV-00154,CC-100 Operaciones,Bruno Garcia 02 00001103
41,2026-04-10,2100,Cuentas por pagar,0.00,22194.28,Registro factura INV-00172,INV-00172,CC-100 Operaciones,Carla Soto 09 00001103
42,2026-02-08,2100,Cuentas por pagar,61184.20,0.00,Pago factura INV-00332,INV-00332,CC-100 Operaciones,Bruno Garcia 02 00001103
43,2026-02-24,1020,Bancos,0.00,57160.16,Pago factura INV-00251,INV-00251,CC-100 Operaciones,Bruno Garcia 02 00001103
44,2026-02-14,1180,IVA acreditable,7884.16,0.00,Registro factura INV-00251,INV-00251,CC-100 Operaciones,Diego Luna 04 00001103
45,2026-06-17,1180,IVA acreditable,9122.08,0.00,Registro factura INV-00217,INV-00217,CC-100 Operaciones,Carla Soto 09 00001103
46,2026-05-10,1020,Bancos,0.00,57642.72,Pago factura INV-00203,INV-00203,CC-100 Operaciones,Bruno Garcia 02 00001103
47,2026-06-26,2100,Cuentas por pagar,43198.40,0.00,Pago factura INV-00124,INV-00124,CC-100 Operaciones,Bruno Garcia 02 00001103
48,2026-02-16,4000,Ingresos por servicios,0.00,61500.00,Registro venta INV-00044,INV-00044,CC-100 Operaciones,Bruno Garcia 02 00001103
49,2026-02-15,2100,Cuentas por pagar,0.00,84719.44,Registro factura INV-00162,INV-00162,CC-100 Operaciones,Carla Soto 09 00001103
50,2026-03-18,5000,Gastos operativos,38458.00,0.00,Registro factura INV-00253,INV-00253,CC-100 Operaciones,Bruno Garcia 02 00001103
51,2026-05-02,2100,Cuentas por pagar,0.00,83646.44,Registro factura INV-00100,INV-00100,CC-100 Operaciones,Ana Ruiz 01 00001103
52,2026-05-28,2100,Cuentas por pagar,51633.92,0.00,Pago factura INV-00229,INV-00229,CC-100 Operaciones,Bruno Garcia 02 00001103
53,2026-06-05,2100,Cuentas por pagar,0.00,36131.68,Registro factura INV-00006,INV-00006,CC-100 Operaciones,Ana Ruiz 07 00001103
54,2026-02-12,1180,IVA acreditable,5848.48,0.00,Registro factura INV-00174,INV-00174,CC-100 Operaciones,Diego Luna 10 00001103
55,2026-03-31,5000,Gastos operativos,30405.00,0.00,Registro factura INV-00342,INV-00342,CC-100 Operaciones,Elena Mora 05 00001103
56,2026-05-09,1020,Bancos,0.00,38167.48,Pago factura INV-00082,INV-00082,CC-100 Operaciones,Bruno Garcia 02 00001103
57,2026-01-23,5000,Gastos operativos,62631.00,0.00,Registro factura INV-00330,INV-00330,CC-100 Operaciones,Diego Luna 04 00001103
58,2026-05-31,1180,IVA acreditable,13661.44,0.00,Registro factura INV-00140,INV-00140,CC-100 Operaciones,Bruno Garcia 08 00001103
59,2026-06-18,2100,Cuentas por pagar,0.00,23807.84,Registro factura INV-00067,INV-00067,CC-100 Operaciones,Fabian Rios 06 00001103
60,2026-04-29,1180,IVA acreditable,9177.92,0.00,Registro factura INV-00317,INV-00317,CC-100 Operaciones,Diego Luna 10 00001103
61,2026-04-04,5000,Gastos operativos,26218.00,0.00,Registro factura INV-00154,INV-00154,CC-100 Operaciones,Carla Soto 09 00001103
62,2026-06-05,2100,Cuentas por pagar,0.00,45884.96,Registro factura INV-00334,INV-00334,CC-100 Operaciones,Carla Soto 03 00001103
63,2026-02-15,5000,Gastos operativos,73034.00,0.00,Registro factura INV-00162,INV-00162,CC-100 Operaciones,Carla Soto 09 00001103
64,2026-04-28,2100,Cuentas por pagar,109417.00,0.00,Pago factura INV-00243,INV-00243,CC-100 Operaciones,Bruno Garcia 02 00001103
65,2026-03-27,2100,Cuentas por pagar,0.00,91034.48,Registro factura INV-00041,INV-00041,CC-100 Operaciones,Ana Ruiz 07 00001103
66,2026-03-21,2100,Cuentas por pagar,107464.72,0.00,Pago factura INV-00004,INV-00004,CC-100 Operaciones,Bruno Garcia 02 00001103
67,2026-05-08,2100,Cuentas por pagar,68883.12,0.00,Pago factura INV-00245,INV-00245,CC-100 Operaciones,Bruno Garcia 02 00001103
68,2026-05-29,2100,Cuentas por pagar,0.00,82755.56,Registro factura INV-00023,INV-00023,CC-100 Operaciones,Fabian Rios 06 00001103
69,2026-02-03,2100,Cuentas por pagar,0.00,43619.48,Registro factura INV-00178,INV-00178,CC-100 Operaciones,Elena Mora 05 00001103
70,2026-03-02,5000,Gastos operativos,18809.00,0.00,Registro factura INV-00356,INV-00356,CC-100 Operaciones,Bruno Garcia 08 00001103
71,2026-02-10,1020,Bancos,0.00,43539.44,Pago factura INV-00130,INV-00130,CC-100 Operaciones,Bruno Garcia 02 00001103
72,2026-06-11,1020,Bancos,0.00,59140.28,Pago factura INV-00052,INV-00052,CC-100 Operaciones,Bruno Garcia 02 00001103
73,2026-01-14,2100,Cuentas por pagar,0.00,107571.44,Registro factura INV-00201,INV-00201,CC-100 Operaciones,Carla Soto 03 00001103
74,2026-03-31,1020,Bancos,0.00,67474.88,Pago factura INV-00066,INV-00066,CC-100 Operaciones,Bruno Garcia 02 00001103
75,2026-06-13,2100,Cuentas por pagar,87494.16,0.00,Pago factura INV-00016,INV-00016,CC-100 Operaciones,Bruno Garcia 02 00001103
76,2026-01-29,5000,Gastos operativos,81573.00,0.00,Registro factura INV-00176,INV-00176,CC-100 Operaciones,Bruno Garcia 02 00001103
77,2026-05-09,1180,IVA acreditable,14425.28,0.00,Registro factura INV-00088,INV-00088,CC-100 Operaciones,Fabian Rios 06 00001103
78,2026-03-20,5000,Gastos operativos,42488.00,0.00,Registro factura INV-00115,INV-00115,CC-100 Operaciones,Diego Luna 04 00001103
79,2026-05-28,2100,Cuentas por pagar,0.00,39484.08,Registro factura INV-00089,INV-00089,CC-100 Operaciones,Carla Soto 09 00001103
80,2026-03-05,2100,Cuentas por pagar,0.00,45884.96,Registro factura INV-00213,INV-00213,CC-100 Operaciones,Diego Luna 10 00001103
81,2026-02-17,5000,Gastos operativos,19753.00,0.00,Registro factura INV-00193,INV-00193,CC-100 Operaciones,Carla Soto 03 00001103
82,2026-06-30,1020,Bancos,0.00,64392.76,Pago factura INV-00258,INV-00258,CC-100 Operaciones,Bruno Garcia 02 00001103
83,2026-02-18,5000,Gastos operativos,43470.00,0.00,Registro factura INV-00198,INV-00198,CC-100 Operaciones,Diego Luna 10 00001103
84,2026-04-22,5000,Gastos operativos,73448.00,0.00,Registro factura INV-00256,INV-00256,CC-100 Operaciones,Elena Mora 05 00001103
85,2026-05-14,1020,Bancos,0.00,47730.52,Pago factura INV-00241,INV-00241,CC-100 Operaciones,Bruno Garcia 02 00001103
86,2026-01-25,2100,Cuentas por pagar,0.00,48963.60,Registro factura INV-00184,INV-00184,CC-100 Operaciones,Diego Luna 04 00001103
87,2026-01-15,1180,IVA acreditable,11354.72,0.00,Registro factura INV-00242,INV-00242,CC-100 Operaciones,Bruno Garcia 02 00001103
88,2026-03-20,2100,Cuentas por pagar,0.00,49286.08,Registro factura INV-00115,INV-00115,CC-100 Operaciones,Diego Luna 04 00001103
89,2026-03-03,1180,IVA acreditable,10727.20,0.00,Registro factura INV-00248,INV-00248,CC-100 Operaciones,Elena Mora 05 00001103
90,2026-02-12,1020,Bancos,0.00,61219.00,Pago factura INV-00031,INV-00031,CC-100 Operaciones,Bruno Garcia 02 00001103
91,2026-05-12,2100,Cuentas por pagar,0.00,95165.24,Registro factura INV-00061,INV-00061,CC-100 Operaciones,Elena Mora 05 00001103
92,2026-03-21,1180,IVA acreditable,9306.88,0.00,Registro factura INV-00066,INV-00066,CC-100 Operaciones,Carla Soto 09 00001103
93,2026-02-26,2100,Cuentas por pagar,21282.52,0.00,Pago factura INV-00315,INV-00315,CC-100 Operaciones,Bruno Garcia 02 00001103
94,2026-05-08,5000,Gastos operativos,94578.00,0.00,Registro factura INV-00110,INV-00110,CC-100 Operaciones,Ana Ruiz 01 00001103
95,2026-03-19,5000,Gastos operativos,71452.00,0.00,Registro factura INV-00270,INV-00270,CC-100 Operaciones,Ana Ruiz 07 00001103
96,2026-03-13,2100,Cuentas por pagar,0.00,20636.40,Registro factura INV-00043,INV-00043,CC-100 Operaciones,Carla Soto 09 00001103
97,2026-06-25,1180,IVA acreditable,7823.68,0.00,Registro factura INV-00238,INV-00238,CC-100 Operaciones,Carla Soto 09 00001103
98,2026-02-16,2100,Cuentas por pagar,60913.92,0.00,Pago factura INV-00068,INV-00068,CC-100 Operaciones,Bruno Garcia 02 00001103
99,2026-04-20,1020,Bancos,0.00,22194.28,Pago factura INV-00172,INV-00172,CC-100 Operaciones,Bruno Garcia 02 00001103
100,2026-02-15,1020,Bancos,0.00,43164.76,Pago factura INV-00096,INV-00096,CC-100 Operaciones,Bruno Garcia 02 00001103
101,2026-01-14,5000,Gastos operativos,92734.00,0.00,Registro factura INV-00201,INV-00201,CC-100 Operaciones,Carla Soto 03 00001103
102,2026-02-01,1020,Bancos,0.00,65955.28,Pago factura INV-00099,INV-00099,CC-100 Operaciones,Bruno Garcia 02 00001103
103,2026-06-04,5000,Gastos operativos,56768.00,0.00,Registro factura INV-00005,INV-00005,CC-100 Operaciones,Diego Luna 04 00001103
104,2026-05-13,1020,Bancos,0.00,28082.44,Pago factura INV-00310,INV-00310,CC-100 Operaciones,Bruno Garcia 02 00001103
105,2026-06-17,5000,Gastos operativos,83938.00,0.00,Registro factura INV-00197,INV-00197,CC-100 Operaciones,Ana Ruiz 07 00001103
106,2026-02-14,1180,IVA acreditable,4679.52,0.00,Registro factura INV-00322,INV-00322,CC-100 Operaciones,Fabian Rios 06 00001103
107,2026-04-05,1180,IVA acreditable,5357.92,0.00,Registro factura INV-00137,INV-00137,CC-100 Operaciones,Fabian Rios 06 00001103
108,2026-01-12,2100,Cuentas por pagar,27530.97,0.00,Pago factura INV-00232,INV-00232,CC-100 Operaciones,Bruno Garcia 02 00001103
109,2026-04-07,1180,IVA acreditable,2624.96,0.00,Registro factura INV-00091,INV-00091,CC-100 Operaciones,Diego Luna 10 00001103
110,2026-04-30,1020,Bancos,0.00,47996.16,Pago factura INV-00129,INV-00129,CC-100 Operaciones,Bruno Garcia 02 00001103
111,2026-03-11,5000,Gastos operativos,92642.00,0.00,Registro factura INV-00004,INV-00004,CC-100 Operaciones,Elena Mora 05 00001103
112,2026-02-14,5000,Gastos operativos,49276.00,0.00,Registro factura INV-00251,INV-00251,CC-100 Operaciones,Diego Luna 04 00001103
113,2026-02-20,2100,Cuentas por pagar,0.00,109475.00,Registro factura INV-00328,INV-00328,CC-100 Operaciones,Diego Luna 04 00001103
114,2026-04-05,1180,IVA acreditable,8485.12,0.00,Registro factura INV-00289,INV-00289,CC-100 Operaciones,Bruno Garcia 08 00001103
115,2026-01-12,1020,Bancos,0.00,23349.40,Pago factura INV-00252,INV-00252,CC-100 Operaciones,Bruno Garcia 02 00001103
116,2026-06-23,2100,Cuentas por pagar,0.00,75890.68,Registro factura INV-00231,INV-00231,CC-100 Operaciones,Ana Ruiz 07 00001103
117,2026-06-02,2100,Cuentas por pagar,0.00,101387.48,Registro factura INV-00095,INV-00095,CC-100 Operaciones,Bruno Garcia 02 00001103
118,2026-04-22,1180,IVA acreditable,11751.68,0.00,Registro factura INV-00256,INV-00256,CC-100 Operaciones,Elena Mora 05 00001103
119,2026-01-14,1180,IVA acreditable,12282.88,0.00,Registro factura INV-00222,INV-00222,CC-100 Operaciones,Elena Mora 05 00001103
120,2026-03-16,5000,Gastos operativos,63327.00,0.00,Registro factura INV-00104,INV-00104,CC-100 Operaciones,Fabian Rios 06 00001103
121,2026-05-15,5000,Gastos operativos,48605.00,0.00,Registro factura INV-00254,INV-00254,CC-100 Operaciones,Diego Luna 04 00001103
122,2026-05-09,2100,Cuentas por pagar,0.00,56164.88,Registro factura INV-00029,INV-00029,CC-100 Operaciones,Bruno Garcia 08 00001103
123,2026-05-05,2100,Cuentas por pagar,33939.28,0.00,Pago factura INV-00316,INV-00316,CC-100 Operaciones,Bruno Garcia 02 00001103
124,2026-05-01,5000,Gastos operativos,93584.00,0.00,Registro factura INV-00233,INV-00233,CC-100 Operaciones,Diego Luna 04 00001103
125,2026-03-23,2100,Cuentas por pagar,18353.99,0.00,Pago factura INV-00213,INV-00213,CC-100 Operaciones,Bruno Garcia 02 00001103
126,2026-04-14,2100,Cuentas por pagar,38488.80,0.00,Pago factura INV-00021,INV-00021,CC-100 Operaciones,Bruno Garcia 02 00001103
127,2026-04-09,1180,IVA acreditable,11617.12,0.00,Registro factura INV-00257,INV-00257,CC-100 Operaciones,Bruno Garcia 02 00001103
128,2026-03-05,1180,IVA acreditable,14454.88,0.00,Registro factura INV-00185,INV-00185,CC-100 Operaciones,Ana Ruiz 07 00001103
129,2026-04-28,5000,Gastos operativos,21732.00,0.00,Registro factura INV-00142,INV-00142,CC-100 Operaciones,Elena Mora 05 00001103
130,2026-01-20,2100,Cuentas por pagar,0.00,87614.80,Registro factura INV-00338,INV-00338,CC-100 Operaciones,Carla Soto 03 00001103
131,2026-06-28,2100,Cuentas por pagar,0.00,65188.52,Registro factura INV-00296,INV-00296,CC-100 Operaciones,Diego Luna 10 00001103
132,2026-03-13,1180,IVA acreditable,2846.40,0.00,Registro factura INV-00043,INV-00043,CC-100 Operaciones,Carla Soto 09 00001103
133,2026-03-20,5000,Gastos operativos,19386.00,0.00,Registro factura INV-00331,INV-00331,CC-100 Operaciones,Bruno Garcia 02 00001103
134,2026-02-05,2100,Cuentas por pagar,53688.28,0.00,Pago factura INV-00053,INV-00053,CC-100 Operaciones,Bruno Garcia 02 00001103
135,2026-05-09,1180,IVA acreditable,7746.88,0.00,Registro factura INV-00029,INV-00029,CC-100 Operaciones,Bruno Garcia 08 00001103
136,2026-02-26,5000,Gastos operativos,84119.00,0.00,Registro factura INV-00035,INV-00035,CC-100 Operaciones,Bruno Garcia 02 00001103
137,2026-06-27,2100,Cuentas por pagar,66135.08,0.00,Pago factura INV-00217,INV-00217,CC-100 Operaciones,Bruno Garcia 02 00001103
138,2026-03-31,2100,Cuentas por pagar,35637.52,0.00,Pago factura INV-00225,INV-00225,CC-100 Operaciones,Bruno Garcia 02 00001103
139,2026-02-28,2100,Cuentas por pagar,50425.20,0.00,Pago factura INV-00198,INV-00198,CC-100 Operaciones,Bruno Garcia 02 00001103
140,2026-01-24,2100,Cuentas por pagar,89050.88,0.00,Pago factura INV-00222,INV-00222,CC-100 Operaciones,Bruno Garcia 02 00001103
141,2026-05-10,2100,Cuentas por pagar,0.00,103961.52,Registro factura INV-00236,INV-00236,CC-100 Operaciones,Carla Soto 03 00001103
142,2026-05-18,1180,IVA acreditable,6020.32,0.00,Registro factura INV-00165,INV-00165,CC-100 Operaciones,Elena Mora 05 00001103
143,2026-05-05,1180,IVA acreditable,14536.00,0.00,Registro factura INV-00164,INV-00164,CC-100 Operaciones,Bruno Garcia 02 00001103
144,2026-01-16,1180,IVA acreditable,7838.88,0.00,Registro factura INV-00074,INV-00074,CC-100 Operaciones,Ana Ruiz 07 00001103
145,2026-05-26,1020,Bancos,0.00,20994.84,Pago factura INV-00237,INV-00237,CC-100 Operaciones,Bruno Garcia 02 00001103
146,2026-01-28,1020,Bancos,0.00,34761.72,Pago factura INV-00062,INV-00062,CC-100 Operaciones,Bruno Garcia 02 00001103
147,2026-01-20,2100,Cuentas por pagar,42627.68,0.00,Pago factura INV-00275,INV-00275,CC-100 Operaciones,Bruno Garcia 02 00001103
148,2026-04-08,1020,Bancos,0.00,91307.08,Pago factura INV-00128,INV-00128,CC-100 Operaciones,Bruno Garcia 02 00001103
149,2026-06-16,1180,IVA acreditable,5958.40,0.00,Registro factura INV-00124,INV-00124,CC-100 Operaciones,Diego Luna 10 00001103
150,2026-06-26,2100,Cuentas por pagar,0.00,88980.12,Registro factura INV-00186,INV-00186,CC-100 Operaciones,Fabian Rios 06 00001103
151,2026-05-08,2100,Cuentas por pagar,0.00,78922.92,Registro factura INV-00065,INV-00065,CC-100 Operaciones,Carla Soto 09 00001103
152,2026-03-25,5000,Gastos operativos,39317.00,0.00,Registro factura INV-00347,INV-00347,CC-100 Operaciones,Ana Ruiz 07 00001103
153,2026-03-03,2100,Cuentas por pagar,0.00,77772.20,Registro factura INV-00248,INV-00248,CC-100 Operaciones,Elena Mora 05 00001103
154,2026-03-14,1020,Bancos,0.00,72635.72,Pago factura INV-00314,INV-00314,CC-100 Operaciones,Bruno Garcia 02 00001103
155,2026-03-30,2100,Cuentas por pagar,0.00,27276.24,Registro factura INV-00192,INV-00192,CC-100 Operaciones,Bruno Garcia 08 00001103
156,2026-03-05,1020,Bancos,0.00,58279.56,Pago factura INV-00340,INV-00340,CC-100 Operaciones,Bruno Garcia 02 00001103
157,2026-01-10,1180,IVA acreditable,5879.68,0.00,Registro factura INV-00275,INV-00275,CC-100 Operaciones,Ana Ruiz 07 00001103
158,2026-06-21,1180,IVA acreditable,4948.48,0.00,Registro factura INV-00047,INV-00047,CC-100 Operaciones,Elena Mora 05 00001103
159,2026-04-25,1180,IVA acreditable,4681.28,0.00,Registro factura INV-00316,INV-00316,CC-100 Operaciones,Bruno Garcia 08 00001103
160,2026-03-22,2100,Cuentas por pagar,0.00,59394.32,Registro factura INV-00221,INV-00221,CC-100 Operaciones,Fabian Rios 06 00001103
161,2026-05-14,1020,Bancos,0.00,98139.48,Pago factura INV-00341,INV-00341,CC-100 Operaciones,Bruno Garcia 02 00001103
162,2026-04-09,5000,Gastos operativos,72607.00,0.00,Registro factura INV-00257,INV-00257,CC-100 Operaciones,Bruno Garcia 02 00001103
163,2026-02-05,2100,Cuentas por pagar,0.00,38915.68,Registro factura INV-00240,INV-00240,CC-100 Operaciones,Elena Mora 05 00001103
164,2026-06-17,2100,Cuentas por pagar,63968.20,0.00,Pago factura INV-00141,INV-00141,CC-100 Operaciones,Bruno Garcia 02 00001103
165,2026-02-01,5000,Gastos operativos,36814.00,0.00,Registro factura INV-00119,INV-00119,CC-100 Operaciones,Ana Ruiz 01 00001103
166,2026-06-18,2100,Cuentas por pagar,96079.32,0.00,Pago factura INV-00126,INV-00126,CC-100 Operaciones,Bruno Garcia 02 00001103
167,2026-03-05,5000,Gastos operativos,31148.00,0.00,Registro factura INV-00108,INV-00108,CC-100 Operaciones,Diego Luna 04 00001103
168,2026-06-20,1020,Bancos,0.00,98702.08,Pago factura INV-00288,INV-00288,CC-100 Operaciones,Bruno Garcia 02 00001103
169,2026-06-30,1020,Bancos,0.00,83651.08,Pago factura INV-00291,INV-00291,CC-100 Operaciones,Bruno Garcia 02 00001103
170,2026-01-20,1020,Bancos,0.00,42627.68,Pago factura INV-00275,INV-00275,CC-100 Operaciones,Bruno Garcia 02 00001103
171,2026-05-12,5000,Gastos operativos,45584.00,0.00,Registro factura INV-00139,INV-00139,CC-100 Operaciones,Ana Ruiz 07 00001103
172,2026-04-24,1180,IVA acreditable,13745.76,0.00,Registro factura INV-00179,INV-00179,CC-100 Operaciones,Carla Soto 09 00001103
173,2026-03-05,2100,Cuentas por pagar,58279.56,0.00,Pago factura INV-00340,INV-00340,CC-100 Operaciones,Bruno Garcia 02 00001103
174,2026-02-28,2100,Cuentas por pagar,51024.92,0.00,Pago factura INV-00278,INV-00278,CC-100 Operaciones,Bruno Garcia 02 00001103
175,2026-01-14,1180,IVA acreditable,14837.44,0.00,Registro factura INV-00201,INV-00201,CC-100 Operaciones,Carla Soto 03 00001103
176,2026-04-07,5000,Gastos operativos,65760.00,0.00,Registro factura INV-00189,INV-00189,CC-100 Operaciones,Bruno Garcia 08 00001103
177,2026-05-13,5000,Gastos operativos,93201.00,0.00,Registro factura INV-00320,INV-00320,CC-100 Operaciones,Bruno Garcia 02 00001103
178,2026-03-07,2100,Cuentas por pagar,0.00,51916.96,Registro factura INV-00297,INV-00297,CC-100 Operaciones,Carla Soto 09 00001103
179,2026-03-22,1180,IVA acreditable,12122.24,0.00,Registro factura INV-00187,INV-00187,CC-100 Operaciones,Bruno Garcia 08 00001103
180,2026-06-04,2100,Cuentas por pagar,86301.68,0.00,Pago factura INV-00333,INV-00333,CC-100 Operaciones,Bruno Garcia 02 00001103
181,2026-05-07,1180,IVA acreditable,4897.92,0.00,Registro factura INV-00307,INV-00307,CC-100 Operaciones,Diego Luna 04 00001103
182,2026-02-11,5000,Gastos operativos,84545.00,0.00,Registro factura INV-00025,INV-00025,CC-100 Operaciones,Elena Mora 05 00001103
183,2026-06-19,2100,Cuentas por pagar,81296.28,0.00,Pago factura INV-00086,INV-00086,CC-100 Operaciones,Bruno Garcia 02 00001103
184,2026-01-21,1180,IVA acreditable,12930.08,0.00,Registro factura INV-00168,INV-00168,CC-100 Operaciones,Diego Luna 10 00001103
185,2026-06-21,2100,Cuentas por pagar,0.00,83651.08,Registro factura INV-00291,INV-00291,CC-100 Operaciones,Carla Soto 03 00001103
186,2026-04-26,2100,Cuentas por pagar,0.00,98622.04,Registro factura INV-00105,INV-00105,CC-100 Operaciones,Carla Soto 03 00001103
187,2026-03-07,2100,Cuentas por pagar,63762.88,0.00,Pago factura INV-00210,INV-00210,CC-100 Operaciones,Bruno Garcia 02 00001103
188,2026-02-22,5000,Gastos operativos,82169.00,0.00,Registro factura INV-00107,INV-00107,CC-100 Operaciones,Fabian Rios 06 00001103
189,2026-06-12,5000,Gastos operativos,53355.00,0.00,Registro factura INV-00352,INV-00352,CC-100 Operaciones,Fabian Rios 06 00001103
190,2026-05-08,1180,IVA acreditable,15132.48,0.00,Registro factura INV-00110,INV-00110,CC-100 Operaciones,Ana Ruiz 01 00001103
191,2026-05-30,1180,IVA acreditable,7275.36,0.00,Registro factura INV-00122,INV-00122,CC-100 Operaciones,Carla Soto 03 00001103
192,2026-01-15,1180,IVA acreditable,4913.60,0.00,Registro factura INV-00070,INV-00070,CC-100 Operaciones,Diego Luna 10 00001103
193,2026-03-12,1020,Bancos,0.00,21818.44,Pago factura INV-00356,INV-00356,CC-100 Operaciones,Bruno Garcia 02 00001103
194,2026-03-12,1020,Bancos,0.00,27530.97,Pago factura INV-00213,INV-00213,CC-100 Operaciones,Bruno Garcia 02 00001103
195,2026-06-26,5000,Gastos operativos,76707.00,0.00,Registro factura INV-00186,INV-00186,CC-100 Operaciones,Fabian Rios 06 00001103
196,2026-03-28,2100,Cuentas por pagar,44611.28,0.00,Pago factura INV-00253,INV-00253,CC-100 Operaciones,Bruno Garcia 02 00001103
197,2026-02-11,2100,Cuentas por pagar,0.00,25980.52,Registro factura INV-00011,INV-00011,CC-100 Operaciones,Carla Soto 03 00001103
198,2026-01-05,2100,Cuentas por pagar,0.00,36131.68,Registro factura INV-00268,INV-00268,CC-100 Operaciones,Bruno Garcia 02 00001103
199,2026-04-13,2100,Cuentas por pagar,16369.92,0.00,Pago factura INV-00235,INV-00235,CC-100 Operaciones,Bruno Garcia 02 00001103
200,2026-02-02,2100,Cuentas por pagar,0.00,66043.44,Registro factura INV-00265,INV-00265,CC-100 Operaciones,Bruno Garcia 08 00001103
201,2026-05-26,2100,Cuentas por pagar,0.00,47614.52,Registro factura INV-00239,INV-00239,CC-100 Operaciones,Ana Ruiz 07 00001103
202,2026-04-27,2100,Cuentas por pagar,68943.44,0.00,Pago factura INV-00355,INV-00355,CC-100 Operaciones,Bruno Garcia 02 00001103
203,2026-02-05,1180,IVA acreditable,6328.96,0.00,Registro factura INV-00276,INV-00276,CC-100 Operaciones,Carla Soto 09 00001103
204,2026-02-15,2100,Cuentas por pagar,61818.72,0.00,Pago factura INV-00295,INV-00295,CC-100 Operaciones,Bruno Garcia 02 00001103
205,2026-03-11,1020,Bancos,0.00,40872.60,Pago factura INV-00134,INV-00134,CC-100 Operaciones,Bruno Garcia 02 00001103
206,2026-06-19,2100,Cuentas por pagar,0.00,24748.60,Registro factura INV-00263,INV-00263,CC-100 Operaciones,Ana Ruiz 01 00001103
207,2026-01-25,1180,IVA acreditable,6223.20,0.00,Registro factura INV-00204,INV-00204,CC-100 Operaciones,Fabian Rios 06 00001103
208,2026-04-21,5000,Gastos operativos,39436.00,0.00,Registro factura INV-00230,INV-00230,CC-100 Operaciones,Bruno Garcia 02 00001103
209,2026-04-16,2100,Cuentas por pagar,67805.48,0.00,Pago factura INV-00325,INV-00325,CC-100 Operaciones,Bruno Garcia 02 00001103
210,2026-06-06,2100,Cuentas por pagar,0.00,28661.28,Registro factura INV-00313,INV-00313,CC-100 Operaciones,Fabian Rios 06 00001103
211,2026-01-18,1180,IVA acreditable,4794.72,0.00,Registro factura INV-00062,INV-00062,CC-100 Operaciones,Carla Soto 09 00001103
212,2026-06-22,2100,Cuentas por pagar,61891.80,0.00,Pago factura INV-00352,INV-00352,CC-100 Operaciones,Bruno Garcia 02 00001103
213,2026-02-24,2100,Cuentas por pagar,0.00,22985.40,Registro factura INV-00173,INV-00173,CC-100 Operaciones,Diego Luna 10 00001103
214,2026-05-14,2100,Cuentas por pagar,0.00,51860.12,Registro factura INV-00048,INV-00048,CC-100 Operaciones,Carla Soto 09 00001103
215,2026-01-18,5000,Gastos operativos,29967.00,0.00,Registro factura INV-00062,INV-00062,CC-100 Operaciones,Carla Soto 09 00001103
216,2026-04-30,2100,Cuentas por pagar,0.00,57642.72,Registro factura INV-00203,INV-00203,CC-100 Operaciones,Ana Ruiz 07 00001103
217,2026-05-25,1180,IVA acreditable,11903.68,0.00,Registro factura INV-00333,INV-00333,CC-100 Operaciones,Bruno Garcia 08 00001103
218,2026-01-14,5000,Gastos operativos,76768.00,0.00,Registro factura INV-00222,INV-00222,CC-100 Operaciones,Elena Mora 05 00001103
219,2026-04-25,2100,Cuentas por pagar,25090.80,0.00,Pago factura INV-00145,INV-00145,CC-100 Operaciones,Bruno Garcia 02 00001103
220,2026-03-15,1020,Bancos,0.00,35644.48,Pago factura INV-00326,INV-00326,CC-100 Operaciones,Bruno Garcia 02 00001103
221,2026-04-07,1020,Bancos,0.00,52152.44,Pago factura INV-00161,INV-00161,CC-100 Operaciones,Bruno Garcia 02 00001103
222,2026-06-07,2100,Cuentas por pagar,0.00,42538.36,Registro factura INV-00227,INV-00227,CC-100 Operaciones,Carla Soto 03 00001103
223,2026-02-15,1020,Bancos,0.00,45884.96,Pago factura INV-00276,INV-00276,CC-100 Operaciones,Bruno Garcia 02 00001103
224,2026-03-17,1020,Bancos,0.00,51916.96,Pago factura INV-00297,INV-00297,CC-100 Operaciones,Bruno Garcia 02 00001103
225,2026-05-13,2100,Cuentas por pagar,0.00,66875.16,Registro factura INV-00323,INV-00323,CC-100 Operaciones,Diego Luna 04 00001103
226,2026-01-17,1180,IVA acreditable,14328.96,0.00,Registro factura INV-00311,INV-00311,CC-100 Operaciones,Diego Luna 04 00001103
227,2026-01-28,2100,Cuentas por pagar,34761.72,0.00,Pago factura INV-00062,INV-00062,CC-100 Operaciones,Bruno Garcia 02 00001103
228,2026-02-16,2100,Cuentas por pagar,0.00,21282.52,Registro factura INV-00315,INV-00315,CC-100 Operaciones,Fabian Rios 06 00001103
229,2026-06-13,2100,Cuentas por pagar,0.00,58157.76,Registro factura INV-00094,INV-00094,CC-100 Operaciones,Ana Ruiz 01 00001103
230,2026-06-25,5000,Gastos operativos,48898.00,0.00,Registro factura INV-00238,INV-00238,CC-100 Operaciones,Carla Soto 09 00001103
231,2026-04-23,1180,IVA acreditable,2947.04,0.00,Registro factura INV-00277,INV-00277,CC-100 Operaciones,Diego Luna 04 00001103
232,2026-06-30,1020,Bancos,0.00,94007.56,Pago factura INV-00219,INV-00219,CC-100 Operaciones,Bruno Garcia 02 00001103
233,2026-03-23,1180,IVA acreditable,14454.40,0.00,Registro factura INV-00228,INV-00228,CC-100 Operaciones,Elena Mora 05 00001103
234,2026-03-09,1180,IVA acreditable,5079.68,0.00,Registro factura INV-00357,INV-00357,CC-100 Operaciones,Ana Ruiz 01 00001103
235,2026-03-12,1020,Bancos,0.00,21679.00,Pago factura INV-00108,INV-00108,CC-100 Operaciones,Bruno Garcia 02 00001103
236,2026-02-06,1020,Bancos,0.00,35183.96,Pago factura INV-00072,INV-00072,CC-100 Operaciones,Bruno Garcia 02 00001103
237,2026-01-19,5000,Gastos operativos,67496.00,0.00,Registro factura INV-00026,INV-00026,CC-100 Operaciones,Fabian Rios 06 00001103
238,2026-06-03,2100,Cuentas por pagar,42450.20,0.00,Pago factura INV-00246,INV-00246,CC-100 Operaciones,Bruno Garcia 02 00001103
239,2026-05-23,1180,IVA acreditable,12778.40,0.00,Registro factura INV-00180,INV-00180,CC-100 Operaciones,Bruno Garcia 08 00001103
240,2026-05-14,5000,Gastos operativos,88542.00,0.00,Registro factura INV-00123,INV-00123,CC-100 Operaciones,Ana Ruiz 07 00001103
241,2026-05-05,2100,Cuentas por pagar,0.00,73859.52,Registro factura INV-00087,INV-00087,CC-100 Operaciones,Diego Luna 10 00001103
242,2026-06-05,5000,Gastos operativos,33548.00,0.00,Registro factura INV-00002,INV-00002,CC-100 Operaciones,Carla Soto 09 00001103
243,2026-05-14,5000,Gastos operativos,44707.00,0.00,Registro factura INV-00048,INV-00048,CC-100 Operaciones,Carla Soto 09 00001103
244,2026-01-23,2100,Cuentas por pagar,34432.28,0.00,Pago factura INV-00282,INV-00282,CC-100 Operaciones,Bruno Garcia 02 00001103
245,2026-06-30,1020,Bancos,0.00,75890.68,Pago factura INV-00231,INV-00231,CC-100 Operaciones,Bruno Garcia 02 00001103
246,2026-04-15,2100,Cuentas por pagar,36131.68,0.00,Pago factura INV-00012,INV-00012,CC-100 Operaciones,Bruno Garcia 02 00001103
247,2026-05-22,1020,Bancos,0.00,52877.44,Pago factura INV-00139,INV-00139,CC-100 Operaciones,Bruno Garcia 02 00001103
248,2026-06-09,2100,Cuentas por pagar,0.00,81296.28,Registro factura INV-00086,INV-00086,CC-100 Operaciones,Ana Ruiz 07 00001103
249,2026-06-27,1180,IVA acreditable,9528.48,0.00,Registro factura INV-00092,INV-00092,CC-100 Operaciones,Ana Ruiz 01 00001103
250,2026-03-15,2100,Cuentas por pagar,0.00,25748.52,Registro factura INV-00353,INV-00353,CC-100 Operaciones,Ana Ruiz 01 00001103
251,2026-03-20,1020,Bancos,0.00,109531.84,Pago factura INV-00308,INV-00308,CC-100 Operaciones,Bruno Garcia 02 00001103
252,2026-05-20,2100,Cuentas por pagar,103961.52,0.00,Pago factura INV-00236,INV-00236,CC-100 Operaciones,Bruno Garcia 02 00001103
253,2026-06-18,1180,IVA acreditable,6176.48,0.00,Registro factura INV-00131,INV-00131,CC-100 Operaciones,Diego Luna 04 00001103
254,2026-01-21,5000,Gastos operativos,80813.00,0.00,Registro factura INV-00168,INV-00168,CC-100 Operaciones,Diego Luna 10 00001103
255,2026-06-17,1020,Bancos,0.00,63968.20,Pago factura INV-00141,INV-00141,CC-100 Operaciones,Bruno Garcia 02 00001103
256,2026-03-13,5000,Gastos operativos,91186.00,0.00,Registro factura INV-00133,INV-00133,CC-100 Operaciones,Ana Ruiz 07 00001103
257,2026-05-17,2100,Cuentas por pagar,35509.92,0.00,Pago factura INV-00307,INV-00307,CC-100 Operaciones,Bruno Garcia 02 00001103
258,2026-03-12,1020,Bancos,0.00,23349.40,Pago factura INV-00060,INV-00060,CC-100 Operaciones,Bruno Garcia 02 00001103
259,2026-03-27,1020,Bancos,0.00,31317.68,Pago factura INV-00273,INV-00273,CC-100 Operaciones,Bruno Garcia 02 00001103
260,2026-04-18,1020,Bancos,0.00,57937.36,Pago factura INV-00111,INV-00111,CC-100 Operaciones,Bruno Garcia 02 00001103
261,2026-05-26,1180,IVA acreditable,6567.52,0.00,Registro factura INV-00239,INV-00239,CC-100 Operaciones,Ana Ruiz 07 00001103
262,2026-06-20,2100,Cuentas por pagar,98702.08,0.00,Pago factura INV-00288,INV-00288,CC-100 Operaciones,Bruno Garcia 02 00001103
263,2026-02-10,5000,Gastos operativos,52400.00,0.00,Registro factura INV-00205,INV-00205,CC-100 Operaciones,Bruno Garcia 08 00001103
264,2026-01-26,2100,Cuentas por pagar,56831.88,0.00,Pago factura INV-00074,INV-00074,CC-100 Operaciones,Bruno Garcia 02 00001103
265,2026-05-17,2100,Cuentas por pagar,62666.68,0.00,Pago factura INV-00081,INV-00081,CC-100 Operaciones,Bruno Garcia 02 00001103
266,2026-06-30,2100,Cuentas por pagar,80556.20,0.00,Pago factura INV-00283,INV-00283,CC-100 Operaciones,Bruno Garcia 02 00001103
267,2026-04-14,1020,Bancos,0.00,38488.80,Pago factura INV-00021,INV-00021,CC-100 Operaciones,Bruno Garcia 02 00001103
268,2026-04-03,1180,IVA acreditable,9132.96,0.00,Registro factura INV-00106,INV-00106,CC-100 Operaciones,Fabian Rios 06 00001103
269,2026-04-19,1020,Bancos,0.00,84224.12,Pago factura INV-00257,INV-00257,CC-100 Operaciones,Bruno Garcia 02 00001103
270,2026-01-31,2100,Cuentas por pagar,75627.36,0.00,Pago factura INV-00266,INV-00266,CC-100 Operaciones,Bruno Garcia 02 00001103
271,2026-06-18,1020,Bancos,0.00,96079.32,Pago factura INV-00126,INV-00126,CC-100 Operaciones,Bruno Garcia 02 00001103
272,2026-03-22,5000,Gastos operativos,75764.00,0.00,Registro factura INV-00187,INV-00187,CC-100 Operaciones,Bruno Garcia 08 00001103
273,2026-02-05,5000,Gastos operativos,31148.00,0.00,Registro factura INV-00312,INV-00312,CC-100 Operaciones,Carla Soto 03 00001103
274,2026-05-11,5000,Gastos operativos,15547.00,0.00,Registro factura INV-00220,INV-00220,CC-100 Operaciones,Diego Luna 10 00001103
275,2026-05-18,2100,Cuentas por pagar,109710.48,0.00,Pago factura INV-00110,INV-00110,CC-100 Operaciones,Bruno Garcia 02 00001103
276,2026-01-18,2100,Cuentas por pagar,0.00,34761.72,Registro factura INV-00062,INV-00062,CC-100 Operaciones,Carla Soto 09 00001103
277,2026-05-25,1020,Bancos,0.00,53926.08,Pago factura INV-00304,INV-00304,CC-100 Operaciones,Bruno Garcia 02 00001103
278,2026-06-30,1020,Bancos,0.00,69081.48,Pago factura INV-00092,INV-00092,CC-100 Operaciones,Bruno Garcia 02 00001103
279,2026-03-02,1020,Bancos,0.00,42684.52,Pago factura INV-00262,INV-00262,CC-100 Operaciones,Bruno Garcia 02 00001103
280,2026-06-11,2100,Cuentas por pagar,0.00,90771.16,Registro factura INV-00077,INV-00077,CC-100 Operaciones,Ana Ruiz 01 00001103
281,2026-05-16,2100,Cuentas por pagar,50145.64,0.00,Pago factura INV-00059,INV-00059,CC-100 Operaciones,Bruno Garcia 02 00001103
282,2026-02-22,1020,Bancos,0.00,42401.48,Pago factura INV-00174,INV-00174,CC-100 Operaciones,Bruno Garcia 02 00001103
283,2026-01-20,5000,Gastos operativos,75530.00,0.00,Registro factura INV-00338,INV-00338,CC-100 Operaciones,Carla Soto 03 00001103
284,2026-06-11,5000,Gastos operativos,88338.00,0.00,Registro factura INV-00125,INV-00125,CC-100 Operaciones,Carla Soto 09 00001103
285,2026-03-27,2100,Cuentas por pagar,47058.88,0.00,Pago factura INV-00083,INV-00083,CC-100 Operaciones,Bruno Garcia 02 00001103
286,2026-03-12,1020,Bancos,0.00,22869.40,Pago factura INV-00218,INV-00218,CC-100 Operaciones,Bruno Garcia 02 00001103
287,2026-02-02,2100,Cuentas por pagar,54834.36,0.00,Pago factura INV-00078,INV-00078,CC-100 Operaciones,Bruno Garcia 02 00001103
288,2026-05-19,5000,Gastos operativos,71369.00,0.00,Registro factura INV-00147,INV-00147,CC-100 Operaciones,Diego Luna 10 00001103
289,2026-01-16,2100,Cuentas por pagar,0.00,103324.68,Registro factura INV-00269,INV-00269,CC-100 Operaciones,Carla Soto 09 00001103
290,2026-06-30,2100,Cuentas por pagar,99147.52,0.00,Pago factura INV-00191,INV-00191,CC-100 Operaciones,Bruno Garcia 02 00001103
291,2026-02-08,5000,Gastos operativos,48387.00,0.00,Registro factura INV-00037,INV-00037,CC-100 Operaciones,Fabian Rios 06 00001103
292,2026-03-27,1020,Bancos,0.00,47058.88,Pago factura INV-00083,INV-00083,CC-100 Operaciones,Bruno Garcia 02 00001103
293,2026-05-23,2100,Cuentas por pagar,0.00,102979.00,Registro factura INV-00120,INV-00120,CC-100 Operaciones,Fabian Rios 06 00001103
294,2026-03-05,5000,Gastos operativos,90343.00,0.00,Registro factura INV-00185,INV-00185,CC-100 Operaciones,Ana Ruiz 07 00001103
295,2026-02-18,1180,IVA acreditable,6955.20,0.00,Registro factura INV-00198,INV-00198,CC-100 Operaciones,Diego Luna 10 00001103
296,2026-05-02,1180,IVA acreditable,7999.20,0.00,Registro factura INV-00337,INV-00337,CC-100 Operaciones,Carla Soto 03 00001103
297,2026-02-15,2100,Cuentas por pagar,36131.68,0.00,Pago factura INV-00312,INV-00312,CC-100 Operaciones,Bruno Garcia 02 00001103
298,2026-06-30,1020,Bancos,0.00,47160.96,Pago factura INV-00001,INV-00001,CC-100 Operaciones,Bruno Garcia 02 00001103
299,2026-05-23,2100,Cuentas por pagar,108113.16,0.00,Pago factura INV-00320,INV-00320,CC-100 Operaciones,Bruno Garcia 02 00001103
300,2026-04-25,5000,Gastos operativos,29258.00,0.00,Registro factura INV-00316,INV-00316,CC-100 Operaciones,Bruno Garcia 08 00001103
301,2026-02-01,2100,Cuentas por pagar,0.00,42704.24,Registro factura INV-00119,INV-00119,CC-100 Operaciones,Ana Ruiz 01 00001103
302,2026-05-14,2100,Cuentas por pagar,98139.48,0.00,Pago factura INV-00341,INV-00341,CC-100 Operaciones,Bruno Garcia 02 00001103
303,2026-02-04,2100,Cuentas por pagar,0.00,83290.32,Registro factura INV-00281,INV-00281,CC-100 Operaciones,Bruno Garcia 08 00001103
304,2026-06-15,1180,IVA acreditable,6597.92,0.00,Registro factura INV-00247,INV-00247,CC-100 Operaciones,Ana Ruiz 07 00001103
305,2026-04-08,5000,Gastos operativos,49946.00,0.00,Registro factura INV-00111,INV-00111,CC-100 Operaciones,Elena Mora 05 00001103
306,2026-01-12,5000,Gastos operativos,53061.00,0.00,Registro factura INV-00351,INV-00351,CC-100 Operaciones,Carla Soto 03 00001103
307,2026-01-27,5000,Gastos operativos,30331.00,0.00,Registro factura INV-00072,INV-00072,CC-100 Operaciones,Bruno Garcia 08 00001103
308,2026-02-05,1180,IVA acreditable,5367.68,0.00,Registro factura INV-00240,INV-00240,CC-100 Operaciones,Elena Mora 05 00001103
309,2026-01-16,5000,Gastos operativos,48993.00,0.00,Registro factura INV-00074,INV-00074,CC-100 Operaciones,Ana Ruiz 07 00001103
310,2026-04-21,1020,Bancos,0.00,109052.76,Pago factura INV-00167,INV-00167,CC-100 Operaciones,Bruno Garcia 02 00001103
311,2026-02-12,2100,Cuentas por pagar,66043.44,0.00,Pago factura INV-00265,INV-00265,CC-100 Operaciones,Bruno Garcia 02 00001103
312,2026-02-27,5000,Gastos operativos,21282.00,0.00,Registro factura INV-00260,INV-00260,CC-100 Operaciones,Ana Ruiz 07 00001103
313,2026-06-29,1180,IVA acreditable,11085.28,0.00,Registro factura INV-00003,INV-00003,CC-100 Operaciones,Ana Ruiz 07 00001103
314,2026-04-18,1020,Bancos,0.00,41502.48,Pago factura INV-00214,INV-00214,CC-100 Operaciones,Bruno Garcia 02 00001103
315,2026-06-10,1180,IVA acreditable,2039.84,0.00,Registro factura INV-00055,INV-00055,CC-100 Operaciones,Diego Luna 04 00001103
316,2026-05-02,2100,Cuentas por pagar,107574.92,0.00,Pago factura INV-00166,INV-00166,CC-100 Operaciones,Bruno Garcia 02 00001103
317,2026-01-05,1180,IVA acreditable,6328.96,0.00,Registro factura INV-00232,INV-00232,CC-100 Operaciones,Bruno Garcia 08 00001103
318,2026-04-08,1180,IVA acreditable,5724.48,0.00,Registro factura INV-00214,INV-00214,CC-100 Operaciones,Ana Ruiz 07 00001103
319,2026-03-03,1020,Bancos,0.00,39190.60,Pago factura INV-00324,INV-00324,CC-100 Operaciones,Bruno Garcia 02 00001103
320,2026-01-17,2100,Cuentas por pagar,0.00,89485.88,Registro factura INV-00112,INV-00112,CC-100 Operaciones,Bruno Garcia 02 00001103
321,2026-01-30,4000,Ingresos por servicios,0.00,38000.00,Registro venta INV-00116,INV-00116,CC-100 Operaciones,Bruno Garcia 02 00001103
322,2026-04-13,2100,Cuentas por pagar,66213.96,0.00,Pago factura INV-00106,INV-00106,CC-100 Operaciones,Bruno Garcia 02 00001103
323,2026-03-27,5000,Gastos operativos,28305.00,0.00,Registro factura INV-00150,INV-00150,CC-100 Operaciones,Carla Soto 09 00001103
324,2026-02-08,1050,Cuentas por cobrar,0.00,44080.00,Cobro factura INV-00116,INV-00116,CC-100 Operaciones,Bruno Garcia 02 00001103
325,2026-06-28,2100,Cuentas por pagar,44779.48,0.00,Pago factura INV-00131,INV-00131,CC-100 Operaciones,Bruno Garcia 02 00001103
326,2026-06-30,2100,Cuentas por pagar,88980.12,0.00,Pago factura INV-00186,INV-00186,CC-100 Operaciones,Bruno Garcia 02 00001103
327,2026-03-22,1180,IVA acreditable,8192.32,0.00,Registro factura INV-00221,INV-00221,CC-100 Operaciones,Fabian Rios 06 00001103
328,2026-06-25,1180,IVA acreditable,6881.28,0.00,Registro factura INV-00318,INV-00318,CC-100 Operaciones,Ana Ruiz 01 00001103
329,2026-05-18,5000,Gastos operativos,37627.00,0.00,Registro factura INV-00165,INV-00165,CC-100 Operaciones,Elena Mora 05 00001103
330,2026-06-05,1180,IVA acreditable,13623.84,0.00,Registro factura INV-00163,INV-00163,CC-100 Operaciones,Ana Ruiz 01 00001103
331,2026-02-14,1020,Bancos,0.00,98871.44,Pago factura INV-00015,INV-00015,CC-100 Operaciones,Bruno Garcia 02 00001103
332,2026-02-25,1050,Cuentas por cobrar,0.00,71340.00,Cobro factura INV-00044,INV-00044,CC-100 Operaciones,Bruno Garcia 02 00001103
333,2026-03-25,2100,Cuentas por pagar,107353.36,0.00,Pago factura INV-00207,INV-00207,CC-100 Operaciones,Bruno Garcia 02 00001103
334,2026-01-29,1020,Bancos,0.00,93709.44,Pago factura INV-00181,INV-00181,CC-100 Operaciones,Bruno Garcia 02 00001103
335,2026-03-26,2100,Cuentas por pagar,32025.28,0.00,Pago factura INV-00329,INV-00329,CC-100 Operaciones,Bruno Garcia 02 00001103
336,2026-01-26,2100,Cuentas por pagar,0.00,41314.56,Registro factura INV-00195,INV-00195,CC-100 Operaciones,Carla Soto 03 00001103
337,2026-03-17,1020,Bancos,0.00,100127.72,Pago factura INV-00350,INV-00350,CC-100 Operaciones,Bruno Garcia 02 00001103
338,2026-03-11,2100,Cuentas por pagar,40872.60,0.00,Pago factura INV-00134,INV-00134,CC-100 Operaciones,Bruno Garcia 02 00001103
339,2026-05-10,2100,Cuentas por pagar,57642.72,0.00,Pago factura INV-00203,INV-00203,CC-100 Operaciones,Bruno Garcia 02 00001103
340,2026-05-23,1020,Bancos,0.00,66875.16,Pago factura INV-00323,INV-00323,CC-100 Operaciones,Bruno Garcia 02 00001103
341,2026-06-18,5000,Gastos operativos,38603.00,0.00,Registro factura INV-00131,INV-00131,CC-100 Operaciones,Diego Luna 04 00001103
342,2026-06-12,2100,Cuentas por pagar,45705.16,0.00,Pago factura INV-00348,INV-00348,CC-100 Operaciones,Bruno Garcia 02 00001103
343,2026-06-25,1020,Bancos,0.00,37724.36,Pago factura INV-00020,INV-00020,CC-100 Operaciones,Bruno Garcia 02 00001103
344,2026-01-31,2100,Cuentas por pagar,0.00,43539.44,Registro factura INV-00130,INV-00130,CC-100 Operaciones,Bruno Garcia 02 00001103
345,2026-03-02,2100,Cuentas por pagar,42684.52,0.00,Pago factura INV-00262,INV-00262,CC-100 Operaciones,Bruno Garcia 02 00001103
346,2026-04-16,1020,Bancos,0.00,101720.40,Pago factura INV-00033,INV-00033,CC-100 Operaciones,Bruno Garcia 02 00001103
347,2026-06-24,2100,Cuentas por pagar,0.00,99147.52,Registro factura INV-00191,INV-00191,CC-100 Operaciones,Diego Luna 04 00001103
348,2026-04-25,1020,Bancos,0.00,76120.36,Pago factura INV-00194,INV-00194,CC-100 Operaciones,Bruno Garcia 02 00001103
349,2026-06-11,2100,Cuentas por pagar,0.00,102472.08,Registro factura INV-00125,INV-00125,CC-100 Operaciones,Carla Soto 09 00001103
350,2026-02-24,1180,IVA acreditable,6514.24,0.00,Registro factura INV-00250,INV-00250,CC-100 Operaciones,Bruno Garcia 08 00001103
351,2026-03-10,2100,Cuentas por pagar,0.00,109531.84,Registro factura INV-00308,INV-00308,CC-100 Operaciones,Bruno Garcia 08 00001103
352,2026-02-23,5000,Gastos operativos,50241.00,0.00,Registro factura INV-00340,INV-00340,CC-100 Operaciones,Ana Ruiz 01 00001103
353,2026-06-29,1020,Bancos,0.00,24748.60,Pago factura INV-00263,INV-00263,CC-100 Operaciones,Bruno Garcia 02 00001103
354,2026-02-23,1180,IVA acreditable,8038.56,0.00,Registro factura INV-00340,INV-00340,CC-100 Operaciones,Ana Ruiz 01 00001103
355,2026-03-22,1020,Bancos,0.00,36919.32,Pago factura INV-00114,INV-00114,CC-100 Operaciones,Bruno Garcia 02 00001103
356,2026-06-24,2100,Cuentas por pagar,45296.84,0.00,Pago factura INV-00215,INV-00215,CC-100 Operaciones,Bruno Garcia 02 00001103
357,2026-02-12,1180,IVA acreditable,6396.16,0.00,Registro factura INV-00155,INV-00155,CC-100 Operaciones,Bruno Garcia 02 00001103
358,2026-02-13,5000,Gastos operativos,79210.00,0.00,Registro factura INV-00049,INV-00049,CC-100 Operaciones,Carla Soto 09 00001103
359,2026-04-11,5000,Gastos operativos,68491.00,0.00,Registro factura INV-00345,INV-00345,CC-100 Operaciones,Diego Luna 04 00001103
360,2026-04-29,5000,Gastos operativos,32903.00,0.00,Registro factura INV-00082,INV-00082,CC-100 Operaciones,Bruno Garcia 02 00001103
361,2026-03-18,2100,Cuentas por pagar,0.00,73962.76,Registro factura INV-00058,INV-00058,CC-100 Operaciones,Diego Luna 10 00001103
362,2026-04-08,2100,Cuentas por pagar,32839.60,0.00,Pago factura INV-00208,INV-00208,CC-100 Operaciones,Bruno Garcia 02 00001103
363,2026-04-11,1180,IVA acreditable,10958.56,0.00,Registro factura INV-00345,INV-00345,CC-100 Operaciones,Diego Luna 04 00001103
364,2026-06-09,2100,Cuentas por pagar,0.00,56203.16,Registro factura INV-00306,INV-00306,CC-100 Operaciones,Elena Mora 05 00001103
365,2026-06-30,2100,Cuentas por pagar,38708.04,0.00,Pago factura INV-00080,INV-00080,CC-100 Operaciones,Bruno Garcia 02 00001103
366,2026-01-27,2100,Cuentas por pagar,0.00,72026.72,Registro factura INV-00261,INV-00261,CC-100 Operaciones,Diego Luna 10 00001103
367,2026-01-30,1180,IVA acreditable,12322.56,0.00,Registro factura INV-00200,INV-00200,CC-100 Operaciones,Carla Soto 09 00001103
368,2026-03-23,2100,Cuentas por pagar,15566.28,0.00,Pago factura INV-00060,INV-00060,CC-100 Operaciones,Bruno Garcia 02 00001103
369,2026-02-25,2100,Cuentas por pagar,84719.44,0.00,Pago factura INV-00162,INV-00162,CC-100 Operaciones,Bruno Garcia 02 00001103
370,2026-04-24,2100,Cuentas por pagar,72539.44,0.00,Pago factura INV-00170,INV-00170,CC-100 Operaciones,Bruno Garcia 02 00001103
371,2026-05-21,1020,Bancos,0.00,18034.52,Pago factura INV-00220,INV-00220,CC-100 Operaciones,Bruno Garcia 02 00001103
372,2026-01-29,2100,Cuentas por pagar,0.00,94624.68,Registro factura INV-00176,INV-00176,CC-100 Operaciones,Bruno Garcia 02 00001103
373,2026-02-18,2100,Cuentas por pagar,56128.92,0.00,Pago factura INV-00037,INV-00037,CC-100 Operaciones,Bruno Garcia 02 00001103
374,2026-04-20,1180,IVA acreditable,8492.00,0.00,Registro factura INV-00190,INV-00190,CC-100 Operaciones,Carla Soto 03 00001103
375,2026-01-23,2100,Cuentas por pagar,0.00,72651.96,Registro factura INV-00330,INV-00330,CC-100 Operaciones,Diego Luna 04 00001103
376,2026-05-27,5000,Gastos operativos,58601.00,0.00,Registro factura INV-00149,INV-00149,CC-100 Operaciones,Bruno Garcia 02 00001103
377,2026-05-05,1180,IVA acreditable,6328.96,0.00,Registro factura INV-00097,INV-00097,CC-100 Operaciones,Bruno Garcia 02 00001103
378,2026-04-17,2100,Cuentas por pagar,19030.96,0.00,Pago factura INV-00091,INV-00091,CC-100 Operaciones,Bruno Garcia 02 00001103
379,2026-06-24,5000,Gastos operativos,85472.00,0.00,Registro factura INV-00191,INV-00191,CC-100 Operaciones,Diego Luna 04 00001103
380,2026-02-07,1180,IVA acreditable,7839.04,0.00,Registro factura INV-00206,INV-00206,CC-100 Operaciones,Carla Soto 09 00001103
381,2026-06-27,2100,Cuentas por pagar,0.00,69081.48,Registro factura INV-00092,INV-00092,CC-100 Operaciones,Ana Ruiz 01 00001103
382,2026-04-24,2100,Cuentas por pagar,44149.60,0.00,Pago factura INV-00017,INV-00017,CC-100 Operaciones,Bruno Garcia 02 00001103
383,2026-03-30,1180,IVA acreditable,3762.24,0.00,Registro factura INV-00192,INV-00192,CC-100 Operaciones,Bruno Garcia 08 00001103
384,2026-06-05,1180,IVA acreditable,6328.96,0.00,Registro factura INV-00334,INV-00334,CC-100 Operaciones,Carla Soto 03 00001103
385,2026-03-16,2100,Cuentas por pagar,59995.20,0.00,Pago factura INV-00148,INV-00148,CC-100 Operaciones,Bruno Garcia 02 00001103
386,2026-02-18,5000,Gastos operativos,43987.00,0.00,Registro factura INV-00278,INV-00278,CC-100 Operaciones,Bruno Garcia 02 00001103
387,2026-04-15,1180,IVA acreditable,3460.80,0.00,Registro factura INV-00145,INV-00145,CC-100 Operaciones,Bruno Garcia 02 00001103
388,2026-02-27,1180,IVA acreditable,14056.16,0.00,Registro factura INV-00319,INV-00319,CC-100 Operaciones,Carla Soto 09 00001103
389,2026-06-02,1020,Bancos,0.00,92643.40,Pago factura INV-00180,INV-00180,CC-100 Operaciones,Bruno Garcia 02 00001103
390,2026-02-15,5000,Gastos operativos,14332.00,0.00,Registro factura INV-00018,INV-00018,CC-100 Operaciones,Ana Ruiz 01 00001103
391,2026-04-11,1020,Bancos,0.00,76363.96,Pago factura INV-00135,INV-00135,CC-100 Operaciones,Bruno Garcia 02 00001103
392,2026-06-30,1020,Bancos,0.00,99147.52,Pago factura INV-00191,INV-00191,CC-100 Operaciones,Bruno Garcia 02 00001103
393,2026-02-13,1180,IVA acreditable,12673.60,0.00,Registro factura INV-00049,INV-00049,CC-100 Operaciones,Carla Soto 09 00001103
394,2026-01-05,5000,Gastos operativos,33548.00,0.00,Registro factura INV-00252,INV-00252,CC-100 Operaciones,Diego Luna 04 00001103
395,2026-03-08,1180,IVA acreditable,1939.20,0.00,Registro factura INV-00212,INV-00212,CC-100 Operaciones,Bruno Garcia 08 00001103
396,2026-02-16,2100,Cuentas por pagar,19969.40,0.00,Pago factura INV-00293,INV-00293,CC-100 Operaciones,Bruno Garcia 02 00001103
397,2026-03-01,2100,Cuentas por pagar,0.00,48039.08,Registro factura INV-00171,INV-00171,CC-100 Operaciones,Ana Ruiz 01 00001103
398,2026-03-14,5000,Gastos operativos,82063.00,0.00,Registro factura INV-00339,INV-00339,CC-100 Operaciones,Fabian Rios 06 00001103
399,2026-06-20,5000,Gastos operativos,46767.00,0.00,Registro factura INV-00146,INV-00146,CC-100 Operaciones,Fabian Rios 06 00001103
400,2026-01-15,2100,Cuentas por pagar,0.00,35623.60,Registro factura INV-00070,INV-00070,CC-100 Operaciones,Diego Luna 10 00001103
401,2026-01-12,2100,Cuentas por pagar,21679.00,0.00,Pago factura INV-00268,INV-00268,CC-100 Operaciones,Bruno Garcia 02 00001103
402,2026-03-19,1180,IVA acreditable,6894.56,0.00,Registro factura INV-00290,INV-00290,CC-100 Operaciones,Carla Soto 09 00001103
403,2026-03-01,2100,Cuentas por pagar,48551.80,0.00,Pago factura INV-00008,INV-00008,CC-100 Operaciones,Bruno Garcia 02 00001103
404,2026-03-02,1180,IVA acreditable,3154.40,0.00,Registro factura INV-00218,INV-00218,CC-100 Operaciones,Fabian Rios 06 00001103
405,2026-06-26,1020,Bancos,0.00,42627.68,Pago factura INV-00301,INV-00301,CC-100 Operaciones,Bruno Garcia 02 00001103
406,2026-02-20,1020,Bancos,0.00,60784.00,Pago factura INV-00205,INV-00205,CC-100 Operaciones,Bruno Garcia 02 00001103
407,2026-03-26,1020,Bancos,0.00,73459.32,Pago factura INV-00104,INV-00104,CC-100 Operaciones,Bruno Garcia 02 00001103
408,2026-06-25,2100,Cuentas por pagar,0.00,49889.28,Registro factura INV-00318,INV-00318,CC-100 Operaciones,Ana Ruiz 01 00001103
409,2026-03-07,1020,Bancos,0.00,63762.88,Pago factura INV-00210,INV-00210,CC-100 Operaciones,Bruno Garcia 02 00001103
410,2026-05-11,2100,Cuentas por pagar,97501.48,0.00,Pago factura INV-00199,INV-00199,CC-100 Operaciones,Bruno Garcia 02 00001103
411,2026-06-17,1020,Bancos,0.00,42538.36,Pago factura INV-00227,INV-00227,CC-100 Operaciones,Bruno Garcia 02 00001103
412,2026-04-09,1180,IVA acreditable,9521.12,0.00,Registro factura INV-00027,INV-00027,CC-100 Operaciones,Diego Luna 04 00001103
413,2026-02-09,1020,Bancos,0.00,75684.20,Pago factura INV-00169,INV-00169,CC-100 Operaciones,Bruno Garcia 02 00001103
414,2026-04-21,1180,IVA acreditable,6309.76,0.00,Registro factura INV-00230,INV-00230,CC-100 Operaciones,Bruno Garcia 02 00001103
415,2026-06-16,2100,Cuentas por pagar,0.00,43198.40,Registro factura INV-00124,INV-00124,CC-100 Operaciones,Diego Luna 10 00001103
416,2026-05-15,2100,Cuentas por pagar,0.00,53926.08,Registro factura INV-00304,INV-00304,CC-100 Operaciones,Fabian Rios 06 00001103
417,2026-02-05,1020,Bancos,0.00,41314.56,Pago factura INV-00195,INV-00195,CC-100 Operaciones,Bruno Garcia 02 00001103
418,2026-05-22,5000,Gastos operativos,37932.00,0.00,Registro factura INV-00121,INV-00121,CC-100 Operaciones,Carla Soto 09 00001103
419,2026-01-11,5000,Gastos operativos,84737.00,0.00,Registro factura INV-00019,INV-00019,CC-100 Operaciones,Diego Luna 04 00001103
420,2026-04-22,1180,IVA acreditable,14837.92,0.00,Registro factura INV-00166,INV-00166,CC-100 Operaciones,Ana Ruiz 07 00001103
421,2026-06-04,2100,Cuentas por pagar,32745.64,0.00,Pago factura INV-00079,INV-00079,CC-100 Operaciones,Bruno Garcia 02 00001103
422,2026-06-10,2100,Cuentas por pagar,99045.44,0.00,Pago factura INV-00140,INV-00140,CC-100 Operaciones,Bruno Garcia 02 00001103
423,2026-02-10,1180,IVA acreditable,14795.52,0.00,Registro factura INV-00259,INV-00259,CC-100 Operaciones,Diego Luna 10 00001103
424,2026-05-01,1180,IVA acreditable,13448.48,0.00,Registro factura INV-00199,INV-00199,CC-100 Operaciones,Fabian Rios 06 00001103
425,2026-05-30,2100,Cuentas por pagar,55953.76,0.00,Pago factura INV-00013,INV-00013,CC-100 Operaciones,Bruno Garcia 02 00001103
426,2026-05-28,1020,Bancos,0.00,51633.92,Pago factura INV-00229,INV-00229,CC-100 Operaciones,Bruno Garcia 02 00001103
427,2026-04-02,2100,Cuentas por pagar,0.00,76448.64,Registro factura INV-00039,INV-00039,CC-100 Operaciones,Carla Soto 09 00001103
428,2026-05-29,5000,Gastos operativos,44212.00,0.00,Registro factura INV-00196,INV-00196,CC-100 Operaciones,Diego Luna 04 00001103
429,2026-05-07,1180,IVA acreditable,8643.68,0.00,Registro factura INV-00081,INV-00081,CC-100 Operaciones,Bruno Garcia 02 00001103
430,2026-06-10,2100,Cuentas por pagar,99496.68,0.00,Pago factura INV-00085,INV-00085,CC-100 Operaciones,Bruno Garcia 02 00001103
431,2026-04-17,5000,Gastos operativos,93427.00,0.00,Registro factura INV-00292,INV-00292,CC-100 Operaciones,Fabian Rios 06 00001103
432,2026-03-25,1020,Bancos,0.00,25748.52,Pago factura INV-00353,INV-00353,CC-100 Operaciones,Bruno Garcia 02 00001103
433,2026-06-15,2100,Cuentas por pagar,0.00,47834.92,Registro factura INV-00247,INV-00247,CC-100 Operaciones,Ana Ruiz 07 00001103
434,2026-02-01,2100,Cuentas por pagar,0.00,18086.72,Registro factura INV-00042,INV-00042,CC-100 Operaciones,Carla Soto 09 00001103
435,2026-05-17,5000,Gastos operativos,49822.00,0.00,Registro factura INV-00272,INV-00272,CC-100 Operaciones,Bruno Garcia 08 00001103
436,2026-04-03,5000,Gastos operativos,57081.00,0.00,Registro factura INV-00106,INV-00106,CC-100 Operaciones,Fabian Rios 06 00001103
437,2026-04-22,2100,Cuentas por pagar,0.00,85199.68,Registro factura INV-00256,INV-00256,CC-100 Operaciones,Elena Mora 05 00001103
438,2026-03-23,2100,Cuentas por pagar,0.00,93618.96,Registro factura INV-00302,INV-00302,CC-100 Operaciones,Carla Soto 03 00001103
439,2026-06-30,2100,Cuentas por pagar,75890.68,0.00,Pago factura INV-00231,INV-00231,CC-100 Operaciones,Bruno Garcia 02 00001103
440,2026-02-22,5000,Gastos operativos,33881.00,0.00,Registro factura INV-00056,INV-00056,CC-100 Operaciones,Diego Luna 04 00001103
441,2026-04-01,2100,Cuentas por pagar,87886.24,0.00,Pago factura INV-00187,INV-00187,CC-100 Operaciones,Bruno Garcia 02 00001103
442,2026-04-06,2100,Cuentas por pagar,0.00,101720.40,Registro factura INV-00033,INV-00033,CC-100 Operaciones,Elena Mora 05 00001103
443,2026-04-27,5000,Gastos operativos,46467.00,0.00,Registro factura INV-00103,INV-00103,CC-100 Operaciones,Bruno Garcia 08 00001103
444,2026-01-19,1180,IVA acreditable,12925.44,0.00,Registro factura INV-00181,INV-00181,CC-100 Operaciones,Bruno Garcia 08 00001103
445,2026-04-11,2100,Cuentas por pagar,24022.44,0.00,Pago factura INV-00188,INV-00188,CC-100 Operaciones,Bruno Garcia 02 00001103
446,2026-01-26,1180,IVA acreditable,7405.28,0.00,Registro factura INV-00053,INV-00053,CC-100 Operaciones,Ana Ruiz 01 00001103
447,2026-05-28,2100,Cuentas por pagar,43647.32,0.00,Pago factura INV-00165,INV-00165,CC-100 Operaciones,Bruno Garcia 02 00001103
448,2026-03-15,1180,IVA acreditable,14807.36,0.00,Registro factura INV-00207,INV-00207,CC-100 Operaciones,Carla Soto 03 00001103
449,2026-03-28,1180,IVA acreditable,10041.92,0.00,Registro factura INV-00160,INV-00160,CC-100 Operaciones,Fabian Rios 06 00001103
450,2026-06-30,2100,Cuentas por pagar,80535.32,0.00,Pago factura INV-00007,INV-00007,CC-100 Operaciones,Bruno Garcia 02 00001103
451,2026-04-30,1180,IVA acreditable,7950.72,0.00,Registro factura INV-00203,INV-00203,CC-100 Operaciones,Ana Ruiz 07 00001103
452,2026-02-23,1020,Bancos,0.00,49932.20,Pago factura INV-00132,INV-00132,CC-100 Operaciones,Bruno Garcia 02 00001103
453,2026-06-01,1180,IVA acreditable,13989.60,0.00,Registro factura INV-00102,INV-00102,CC-100 Operaciones,Carla Soto 03 00001103
454,2026-05-22,1180,IVA acreditable,5133.76,0.00,Registro factura INV-00216,INV-00216,CC-100 Operaciones,Ana Ruiz 01 00001103
455,2026-03-12,5000,Gastos operativos,22824.00,0.00,Registro factura INV-00073,INV-00073,CC-100 Operaciones,Diego Luna 04 00001103
456,2026-02-04,5000,Gastos operativos,71802.00,0.00,Registro factura INV-00281,INV-00281,CC-100 Operaciones,Bruno Garcia 08 00001103
457,2026-02-27,5000,Gastos operativos,87851.00,0.00,Registro factura INV-00319,INV-00319,CC-100 Operaciones,Carla Soto 09 00001103
458,2026-05-11,1020,Bancos,0.00,97501.48,Pago factura INV-00199,INV-00199,CC-100 Operaciones,Bruno Garcia 02 00001103
459,2026-03-13,2100,Cuentas por pagar,0.00,105775.76,Registro factura INV-00133,INV-00133,CC-100 Operaciones,Ana Ruiz 07 00001103
460,2026-06-06,2100,Cuentas por pagar,0.00,92969.36,Registro factura INV-00300,INV-00300,CC-100 Operaciones,Bruno Garcia 08 00001103
461,2026-05-17,1020,Bancos,0.00,62666.68,Pago factura INV-00081,INV-00081,CC-100 Operaciones,Bruno Garcia 02 00001103
462,2026-01-19,2100,Cuentas por pagar,0.00,93709.44,Registro factura INV-00181,INV-00181,CC-100 Operaciones,Bruno Garcia 08 00001103
463,2026-05-23,2100,Cuentas por pagar,66875.16,0.00,Pago factura INV-00323,INV-00323,CC-100 Operaciones,Bruno Garcia 02 00001103
464,2026-01-05,1180,IVA acreditable,5367.68,0.00,Registro factura INV-00252,INV-00252,CC-100 Operaciones,Diego Luna 04 00001103
465,2026-01-17,1180,IVA acreditable,12342.88,0.00,Registro factura INV-00112,INV-00112,CC-100 Operaciones,Bruno Garcia 02 00001103
466,2026-05-06,2100,Cuentas por pagar,0.00,50145.64,Registro factura INV-00059,INV-00059,CC-100 Operaciones,Ana Ruiz 07 00001103
467,2026-04-12,2100,Cuentas por pagar,47715.44,0.00,Pago factura INV-00280,INV-00280,CC-100 Operaciones,Bruno Garcia 02 00001103
468,2026-05-01,1020,Bancos,0.00,73219.20,Pago factura INV-00136,INV-00136,CC-100 Operaciones,Bruno Garcia 02 00001103
469,2026-05-05,2100,Cuentas por pagar,0.00,105386.00,Registro factura INV-00164,INV-00164,CC-100 Operaciones,Bruno Garcia 02 00001103
470,2026-05-24,2100,Cuentas por pagar,0.00,96964.40,Registro factura INV-00183,INV-00183,CC-100 Operaciones,Elena Mora 05 00001103
471,2026-02-04,5000,Gastos operativos,85234.00,0.00,Registro factura INV-00015,INV-00015,CC-100 Operaciones,Diego Luna 10 00001103
472,2026-06-06,5000,Gastos operativos,24708.00,0.00,Registro factura INV-00313,INV-00313,CC-100 Operaciones,Fabian Rios 06 00001103
473,2026-03-14,1180,IVA acreditable,13932.96,0.00,Registro factura INV-00361,INV-00361,CC-100 Operaciones,Diego Luna 04 00001103
474,2026-05-17,1180,IVA acreditable,7971.52,0.00,Registro factura INV-00272,INV-00272,CC-100 Operaciones,Bruno Garcia 08 00001103
475,2026-01-31,1020,Bancos,0.00,93743.08,Pago factura INV-00168,INV-00168,CC-100 Operaciones,Bruno Garcia 02 00001103
476,2026-04-21,5000,Gastos operativos,63120.00,0.00,Registro factura INV-00136,INV-00136,CC-100 Operaciones,Diego Luna 10 00001103
477,2026-04-15,1020,Bancos,0.00,61517.12,Pago factura INV-00289,INV-00289,CC-100 Operaciones,Bruno Garcia 02 00001103
478,2026-04-15,5000,Gastos operativos,65621.00,0.00,Registro factura INV-00194,INV-00194,CC-100 Operaciones,Diego Luna 10 00001103
479,2026-05-19,1020,Bancos,0.00,104583.28,Pago factura INV-00088,INV-00088,CC-100 Operaciones,Bruno Garcia 02 00001103
480,2026-04-27,1020,Bancos,0.00,108375.32,Pago factura INV-00292,INV-00292,CC-100 Operaciones,Bruno Garcia 02 00001103
481,2026-02-09,1180,IVA acreditable,5667.04,0.00,Registro factura INV-00098,INV-00098,CC-100 Operaciones,Ana Ruiz 01 00001103
482,2026-06-30,2100,Cuentas por pagar,69081.48,0.00,Pago factura INV-00092,INV-00092,CC-100 Operaciones,Bruno Garcia 02 00001103
483,2026-06-01,2100,Cuentas por pagar,37219.76,0.00,Pago factura INV-00216,INV-00216,CC-100 Operaciones,Bruno Garcia 02 00001103
484,2026-03-27,5000,Gastos operativos,78478.00,0.00,Registro factura INV-00041,INV-00041,CC-100 Operaciones,Ana Ruiz 07 00001103
485,2026-05-02,1180,IVA acreditable,11537.44,0.00,Registro factura INV-00100,INV-00100,CC-100 Operaciones,Ana Ruiz 01 00001103
486,2026-01-27,1180,IVA acreditable,9934.72,0.00,Registro factura INV-00261,INV-00261,CC-100 Operaciones,Diego Luna 10 00001103
487,2026-01-30,2100,Cuentas por pagar,0.00,89338.56,Registro factura INV-00200,INV-00200,CC-100 Operaciones,Carla Soto 09 00001103
488,2026-06-23,5000,Gastos operativos,65423.00,0.00,Registro factura INV-00231,INV-00231,CC-100 Operaciones,Ana Ruiz 07 00001103
489,2026-02-07,1180,IVA acreditable,8931.52,0.00,Registro factura INV-00202,INV-00202,CC-100 Operaciones,Ana Ruiz 01 00001103
490,2026-04-29,2100,Cuentas por pagar,0.00,66539.92,Registro factura INV-00317,INV-00317,CC-100 Operaciones,Diego Luna 10 00001103
491,2026-06-13,5000,Gastos operativos,50136.00,0.00,Registro factura INV-00094,INV-00094,CC-100 Operaciones,Ana Ruiz 01 00001103
492,2026-02-21,5000,Gastos operativos,74299.00,0.00,Registro factura INV-00143,INV-00143,CC-100 Operaciones,Carla Soto 09 00001103
493,2026-02-05,5000,Gastos operativos,53292.00,0.00,Registro factura INV-00295,INV-00295,CC-100 Operaciones,Ana Ruiz 07 00001103
494,2026-06-08,2100,Cuentas por pagar,0.00,96079.32,Registro factura INV-00126,INV-00126,CC-100 Operaciones,Diego Luna 10 00001103
495,2026-04-18,1180,IVA acreditable,15092.00,0.00,Registro factura INV-00243,INV-00243,CC-100 Operaciones,Carla Soto 09 00001103
496,2026-06-02,2100,Cuentas por pagar,102979.00,0.00,Pago factura INV-00120,INV-00120,CC-100 Operaciones,Bruno Garcia 02 00001103
497,2026-03-05,1180,IVA acreditable,4983.68,0.00,Registro factura INV-00108,INV-00108,CC-100 Operaciones,Diego Luna 04 00001103
498,2026-04-04,5000,Gastos operativos,33180.00,0.00,Registro factura INV-00021,INV-00021,CC-100 Operaciones,Ana Ruiz 01 00001103
499,2026-02-18,1180,IVA acreditable,7037.92,0.00,Registro factura INV-00278,INV-00278,CC-100 Operaciones,Bruno Garcia 02 00001103
500,2026-05-30,1180,IVA acreditable,15124.64,0.00,Registro factura INV-00177,INV-00177,CC-100 Operaciones,Ana Ruiz 01 00001103
501,2026-03-24,2100,Cuentas por pagar,101013.96,0.00,Pago factura INV-00361,INV-00361,CC-100 Operaciones,Bruno Garcia 02 00001103
502,2026-03-29,2100,Cuentas por pagar,0.00,91307.08,Registro factura INV-00128,INV-00128,CC-100 Operaciones,Ana Ruiz 01 00001103
503,2026-02-19,1020,Bancos,0.00,41086.04,Pago factura INV-00098,INV-00098,CC-100 Operaciones,Bruno Garcia 02 00001103
504,2026-02-11,1180,IVA acreditable,3583.52,0.00,Registro factura INV-00011,INV-00011,CC-100 Operaciones,Carla Soto 03 00001103
505,2026-02-03,5000,Gastos operativos,37603.00,0.00,Registro factura INV-00178,INV-00178,CC-100 Operaciones,Elena Mora 05 00001103
506,2026-06-06,5000,Gastos operativos,80146.00,0.00,Registro factura INV-00300,INV-00300,CC-100 Operaciones,Bruno Garcia 08 00001103
507,2026-06-12,2100,Cuentas por pagar,101387.48,0.00,Pago factura INV-00095,INV-00095,CC-100 Operaciones,Bruno Garcia 02 00001103
508,2026-05-12,1020,Bancos,0.00,27530.97,Pago factura INV-00097,INV-00097,CC-100 Operaciones,Bruno Garcia 02 00001103
509,2026-03-29,1180,IVA acreditable,12594.08,0.00,Registro factura INV-00128,INV-00128,CC-100 Operaciones,Ana Ruiz 01 00001103
510,2026-01-13,5000,Gastos operativos,29278.00,0.00,Registro factura INV-00298,INV-00298,CC-100 Operaciones,Bruno Garcia 08 00001103
511,2026-04-19,2100,Cuentas por pagar,84224.12,0.00,Pago factura INV-00257,INV-00257,CC-100 Operaciones,Bruno Garcia 02 00001103
512,2026-01-24,2100,Cuentas por pagar,0.00,62650.44,Registro factura INV-00064,INV-00064,CC-100 Operaciones,Ana Ruiz 07 00001103
513,2026-03-17,2100,Cuentas por pagar,51916.96,0.00,Pago factura INV-00297,INV-00297,CC-100 Operaciones,Bruno Garcia 02 00001103
514,2026-04-24,1180,IVA acreditable,7346.24,0.00,Registro factura INV-00038,INV-00038,CC-100 Operaciones,Ana Ruiz 01 00001103
515,2026-04-24,1020,Bancos,0.00,44149.60,Pago factura INV-00017,INV-00017,CC-100 Operaciones,Bruno Garcia 02 00001103
516,2026-01-13,5000,Gastos operativos,29683.00,0.00,Registro factura INV-00282,INV-00282,CC-100 Operaciones,Fabian Rios 06 00001103
517,2026-02-26,1180,IVA acreditable,13459.04,0.00,Registro factura INV-00035,INV-00035,CC-100 Operaciones,Bruno Garcia 02 00001103
518,2026-02-15,1020,Bancos,0.00,38915.68,Pago factura INV-00240,INV-00240,CC-100 Operaciones,Bruno Garcia 02 00001103
519,2026-05-16,1180,IVA acreditable,14616.32,0.00,Registro factura INV-00309,INV-00309,CC-100 Operaciones,Ana Ruiz 01 00001103
520,2026-02-24,5000,Gastos operativos,19815.00,0.00,Registro factura INV-00173,INV-00173,CC-100 Operaciones,Diego Luna 10 00001103
521,2026-03-11,1020,Bancos,0.00,48039.08,Pago factura INV-00171,INV-00171,CC-100 Operaciones,Bruno Garcia 02 00001103
522,2026-04-23,1020,Bancos,0.00,72802.76,Pago factura INV-00343,INV-00343,CC-100 Operaciones,Bruno Garcia 02 00001103
523,2026-06-15,2100,Cuentas por pagar,36131.68,0.00,Pago factura INV-00006,INV-00006,CC-100 Operaciones,Bruno Garcia 02 00001103
524,2026-04-02,5000,Gastos operativos,41134.00,0.00,Registro factura INV-00280,INV-00280,CC-100 Operaciones,Ana Ruiz 07 00001103
525,2026-01-23,1180,IVA acreditable,10020.96,0.00,Registro factura INV-00330,INV-00330,CC-100 Operaciones,Diego Luna 04 00001103
526,2026-06-16,2100,Cuentas por pagar,92969.36,0.00,Pago factura INV-00300,INV-00300,CC-100 Operaciones,Bruno Garcia 02 00001103
527,2026-06-29,2100,Cuentas por pagar,0.00,94007.56,Registro factura INV-00219,INV-00219,CC-100 Operaciones,Elena Mora 05 00001103
528,2026-01-09,1180,IVA acreditable,11741.60,0.00,Registro factura INV-00182,INV-00182,CC-100 Operaciones,Diego Luna 10 00001103
529,2026-02-10,2100,Cuentas por pagar,30966.20,0.00,Pago factura INV-00209,INV-00209,CC-100 Operaciones,Bruno Garcia 02 00001103
530,2026-03-31,1180,IVA acreditable,9311.36,0.00,Registro factura INV-00090,INV-00090,CC-100 Operaciones,Carla Soto 03 00001103
531,2026-01-15,2100,Cuentas por pagar,0.00,82321.72,Registro factura INV-00242,INV-00242,CC-100 Operaciones,Bruno Garcia 02 00001103
532,2026-03-07,5000,Gastos operativos,86317.00,0.00,Registro factura INV-00350,INV-00350,CC-100 Operaciones,Ana Ruiz 01 00001103
533,2026-04-15,1020,Bancos,0.00,45884.96,Pago factura INV-00118,INV-00118,CC-100 Operaciones,Bruno Garcia 02 00001103
534,2026-05-04,2100,Cuentas por pagar,0.00,98139.48,Registro factura INV-00341,INV-00341,CC-100 Operaciones,Elena Mora 05 00001103
535,2026-05-13,1020,Bancos,0.00,89970.76,Pago factura INV-00040,INV-00040,CC-100 Operaciones,Bruno Garcia 02 00001103
536,2026-02-11,1020,Bancos,0.00,18086.72,Pago factura INV-00042,INV-00042,CC-100 Operaciones,Bruno Garcia 02 00001103
537,2026-06-09,2100,Cuentas por pagar,109653.64,0.00,Pago factura INV-00177,INV-00177,CC-100 Operaciones,Bruno Garcia 02 00001103
538,2026-05-26,5000,Gastos operativos,24114.00,0.00,Registro factura INV-00101,INV-00101,CC-100 Operaciones,Elena Mora 05 00001103
539,2026-06-15,2100,Cuentas por pagar,38915.68,0.00,Pago factura INV-00002,INV-00002,CC-100 Operaciones,Bruno Garcia 02 00001103
540,2026-06-22,2100,Cuentas por pagar,31360.60,0.00,Pago factura INV-00346,INV-00346,CC-100 Operaciones,Bruno Garcia 02 00001103
541,2026-02-03,1180,IVA acreditable,6016.48,0.00,Registro factura INV-00178,INV-00178,CC-100 Operaciones,Elena Mora 05 00001103
542,2026-06-14,5000,Gastos operativos,39049.00,0.00,Registro factura INV-00215,INV-00215,CC-100 Operaciones,Diego Luna 10 00001103
543,2026-02-03,2100,Cuentas por pagar,0.00,101455.92,Registro factura INV-00286,INV-00286,CC-100 Operaciones,Carla Soto 03 00001103
544,2026-04-11,5000,Gastos operativos,94011.00,0.00,Registro factura INV-00167,INV-00167,CC-100 Operaciones,Fabian Rios 06 00001103
545,2026-01-23,2100,Cuentas por pagar,18353.99,0.00,Pago factura INV-00232,INV-00232,CC-100 Operaciones,Bruno Garcia 02 00001103
546,2026-06-27,5000,Gastos operativos,59553.00,0.00,Registro factura INV-00092,INV-00092,CC-100 Operaciones,Ana Ruiz 01 00001103
547,2026-06-12,1020,Bancos,0.00,45705.16,Pago factura INV-00348,INV-00348,CC-100 Operaciones,Bruno Garcia 02 00001103
548,2026-05-05,2100,Cuentas por pagar,0.00,36131.68,Registro factura INV-00336,INV-00336,CC-100 Operaciones,Fabian Rios 06 00001103
549,2026-05-04,1180,IVA acreditable,6583.52,0.00,Registro factura INV-00241,INV-00241,CC-100 Operaciones,Carla Soto 03 00001103
550,2026-06-20,1020,Bancos,0.00,14788.84,Pago factura INV-00055,INV-00055,CC-100 Operaciones,Bruno Garcia 02 00001103
551,2026-05-30,2100,Cuentas por pagar,87721.52,0.00,Pago factura INV-00335,INV-00335,CC-100 Operaciones,Bruno Garcia 02 00001103
552,2026-03-13,1020,Bancos,0.00,39741.60,Pago factura INV-00127,INV-00127,CC-100 Operaciones,Bruno Garcia 02 00001103
553,2026-03-15,1180,IVA acreditable,3551.52,0.00,Registro factura INV-00353,INV-00353,CC-100 Operaciones,Ana Ruiz 01 00001103
554,2026-04-11,1020,Bancos,0.00,24022.44,Pago factura INV-00188,INV-00188,CC-100 Operaciones,Bruno Garcia 02 00001103
555,2026-06-19,1020,Bancos,0.00,56203.16,Pago factura INV-00306,INV-00306,CC-100 Operaciones,Bruno Garcia 02 00001103
556,2026-01-12,1180,IVA acreditable,8489.76,0.00,Registro factura INV-00351,INV-00351,CC-100 Operaciones,Carla Soto 03 00001103
557,2026-06-18,5000,Gastos operativos,20524.00,0.00,Registro factura INV-00067,INV-00067,CC-100 Operaciones,Fabian Rios 06 00001103
558,2026-06-05,1020,Bancos,0.00,27972.24,Pago factura INV-00101,INV-00101,CC-100 Operaciones,Bruno Garcia 02 00001103
559,2026-06-02,1180,IVA acreditable,6304.16,0.00,Registro factura INV-00348,INV-00348,CC-100 Operaciones,Diego Luna 10 00001103
560,2026-05-05,1180,IVA acreditable,10187.52,0.00,Registro factura INV-00087,INV-00087,CC-100 Operaciones,Diego Luna 10 00001103
561,2026-04-10,2100,Cuentas por pagar,0.00,62934.64,Registro factura INV-00267,INV-00267,CC-100 Operaciones,Ana Ruiz 01 00001103
562,2026-06-15,5000,Gastos operativos,41237.00,0.00,Registro factura INV-00247,INV-00247,CC-100 Operaciones,Ana Ruiz 07 00001103
563,2026-04-09,2100,Cuentas por pagar,0.00,69028.12,Registro factura INV-00027,INV-00027,CC-100 Operaciones,Diego Luna 04 00001103
564,2026-06-14,2100,Cuentas por pagar,0.00,45296.84,Registro factura INV-00215,INV-00215,CC-100 Operaciones,Diego Luna 10 00001103
565,2026-03-12,2100,Cuentas por pagar,0.00,36919.32,Registro factura INV-00114,INV-00114,CC-100 Operaciones,Bruno Garcia 02 00001103
566,2026-02-16,5000,Gastos operativos,18347.00,0.00,Registro factura INV-00315,INV-00315,CC-100 Operaciones,Fabian Rios 06 00001103
567,2026-02-17,2100,Cuentas por pagar,56833.04,0.00,Pago factura INV-00206,INV-00206,CC-100 Operaciones,Bruno Garcia 02 00001103
568,2026-03-04,2100,Cuentas por pagar,0.00,72635.72,Registro factura INV-00314,INV-00314,CC-100 Operaciones,Diego Luna 10 00001103
569,2026-02-02,1180,IVA acreditable,9109.44,0.00,Registro factura INV-00265,INV-00265,CC-100 Operaciones,Bruno Garcia 08 00001103
570,2026-03-16,1020,Bancos,0.00,82455.12,Pago factura INV-00271,INV-00271,CC-100 Operaciones,Bruno Garcia 02 00001103
571,2026-05-09,2100,Cuentas por pagar,66539.92,0.00,Pago factura INV-00317,INV-00317,CC-100 Operaciones,Bruno Garcia 02 00001103
572,2026-04-15,1020,Bancos,0.00,38844.92,Pago factura INV-00137,INV-00137,CC-100 Operaciones,Bruno Garcia 02 00001103
573,2026-05-24,5000,Gastos operativos,83590.00,0.00,Registro factura INV-00183,INV-00183,CC-100 Operaciones,Elena Mora 05 00001103
574,2026-03-10,2100,Cuentas por pagar,99512.92,0.00,Pago factura INV-00153,INV-00153,CC-100 Operaciones,Bruno Garcia 02 00001103
575,2026-06-08,1020,Bancos,0.00,82755.56,Pago factura INV-00023,INV-00023,CC-100 Operaciones,Bruno Garcia 02 00001103
576,2026-04-06,1180,IVA acreditable,14030.40,0.00,Registro factura INV-00033,INV-00033,CC-100 Operaciones,Elena Mora 05 00001103
577,2026-04-01,1180,IVA acreditable,3313.44,0.00,Registro factura INV-00188,INV-00188,CC-100 Operaciones,Diego Luna 10 00001103
578,2026-02-23,5000,Gastos operativos,64268.00,0.00,Registro factura INV-00279,INV-00279,CC-100 Operaciones,Carla Soto 03 00001103
579,2026-01-31,2100,Cuentas por pagar,93743.08,0.00,Pago factura INV-00168,INV-00168,CC-100 Operaciones,Bruno Garcia 02 00001103
580,2026-03-05,2100,Cuentas por pagar,0.00,38915.68,Registro factura INV-00060,INV-00060,CC-100 Operaciones,Fabian Rios 06 00001103
581,2026-05-20,2100,Cuentas por pagar,0.00,87721.52,Registro factura INV-00335,INV-00335,CC-100 Operaciones,Carla Soto 09 00001103
582,2026-04-05,5000,Gastos operativos,39556.00,0.00,Registro factura INV-00118,INV-00118,CC-100 Operaciones,Ana Ruiz 01 00001103
583,2026-04-05,2100,Cuentas por pagar,0.00,45884.96,Registro factura INV-00118,INV-00118,CC-100 Operaciones,Ana Ruiz 01 00001103
584,2026-04-26,1020,Bancos,0.00,15791.08,Pago factura INV-00299,INV-00299,CC-100 Operaciones,Bruno Garcia 02 00001103
585,2026-04-06,1020,Bancos,0.00,32833.80,Pago factura INV-00150,INV-00150,CC-100 Operaciones,Bruno Garcia 02 00001103
586,2026-04-05,1180,IVA acreditable,5367.68,0.00,Registro factura INV-00138,INV-00138,CC-100 Operaciones,Ana Ruiz 07 00001103
587,2026-06-27,2100,Cuentas por pagar,97368.08,0.00,Pago factura INV-00197,INV-00197,CC-100 Operaciones,Bruno Garcia 02 00001103
588,2026-02-27,2100,Cuentas por pagar,0.00,24687.12,Registro factura INV-00260,INV-00260,CC-100 Operaciones,Ana Ruiz 07 00001103
589,2026-06-14,1180,IVA acreditable,6247.84,0.00,Registro factura INV-00215,INV-00215,CC-100 Operaciones,Diego Luna 10 00001103
590,2026-05-12,1020,Bancos,0.00,83646.44,Pago factura INV-00100,INV-00100,CC-100 Operaciones,Bruno Garcia 02 00001103
591,2026-05-14,1180,IVA acreditable,7153.12,0.00,Registro factura INV-00048,INV-00048,CC-100 Operaciones,Carla Soto 09 00001103
592,2026-01-21,2100,Cuentas por pagar,98294.92,0.00,Pago factura INV-00019,INV-00019,CC-100 Operaciones,Bruno Garcia 02 00001103
593,2026-02-09,1180,IVA acreditable,8117.12,0.00,Registro factura INV-00274,INV-00274,CC-100 Operaciones,Carla Soto 03 00001103
594,2026-03-02,2100,Cuentas por pagar,0.00,22869.40,Registro factura INV-00218,INV-00218,CC-100 Operaciones,Fabian Rios 06 00001103
595,2026-03-01,5000,Gastos operativos,41413.00,0.00,Registro factura INV-00171,INV-00171,CC-100 Operaciones,Ana Ruiz 01 00001103
596,2026-01-19,5000,Gastos operativos,80784.00,0.00,Registro factura INV-00181,INV-00181,CC-100 Operaciones,Bruno Garcia 08 00001103
597,2026-05-24,5000,Gastos operativos,36595.00,0.00,Registro factura INV-00246,INV-00246,CC-100 Operaciones,Carla Soto 03 00001103
598,2026-06-23,5000,Gastos operativos,69427.00,0.00,Registro factura INV-00007,INV-00007,CC-100 Operaciones,Elena Mora 05 00001103
599,2026-02-14,2100,Cuentas por pagar,0.00,57160.16,Registro factura INV-00251,INV-00251,CC-100 Operaciones,Diego Luna 04 00001103
600,2026-04-13,1020,Bancos,0.00,16369.92,Pago factura INV-00235,INV-00235,CC-100 Operaciones,Bruno Garcia 02 00001103
601,2026-02-06,5000,Gastos operativos,17215.00,0.00,Registro factura INV-00293,INV-00293,CC-100 Operaciones,Bruno Garcia 02 00001103
602,2026-02-13,1020,Bancos,0.00,43619.48,Pago factura INV-00178,INV-00178,CC-100 Operaciones,Bruno Garcia 02 00001103
603,2026-06-14,2100,Cuentas por pagar,65850.88,0.00,Pago factura INV-00005,INV-00005,CC-100 Operaciones,Bruno Garcia 02 00001103
604,2026-03-11,1180,IVA acreditable,3444.00,0.00,Registro factura INV-00284,INV-00284,CC-100 Operaciones,Ana Ruiz 07 00001103
605,2026-03-08,2100,Cuentas por pagar,0.00,14059.20,Registro factura INV-00212,INV-00212,CC-100 Operaciones,Bruno Garcia 08 00001103
606,2026-01-13,2100,Cuentas por pagar,0.00,33962.48,Registro factura INV-00298,INV-00298,CC-100 Operaciones,Bruno Garcia 08 00001103
607,2026-02-13,2100,Cuentas por pagar,0.00,91883.60,Registro factura INV-00049,INV-00049,CC-100 Operaciones,Carla Soto 09 00001103
608,2026-03-30,1020,Bancos,0.00,49286.08,Pago factura INV-00115,INV-00115,CC-100 Operaciones,Bruno Garcia 02 00001103
609,2026-06-26,5000,Gastos operativos,33369.00,0.00,Registro factura INV-00080,INV-00080,CC-100 Operaciones,Bruno Garcia 08 00001103
610,2026-05-07,1020,Bancos,0.00,53901.72,Pago factura INV-00103,INV-00103,CC-100 Operaciones,Bruno Garcia 02 00001103
611,2026-04-10,2100,Cuentas por pagar,67507.36,0.00,Pago factura INV-00090,INV-00090,CC-100 Operaciones,Bruno Garcia 02 00001103
612,2026-05-02,2100,Cuentas por pagar,85199.68,0.00,Pago factura INV-00256,INV-00256,CC-100 Operaciones,Bruno Garcia 02 00001103
613,2026-05-31,1020,Bancos,0.00,52861.20,Pago factura INV-00046,INV-00046,CC-100 Operaciones,Bruno Garcia 02 00001103
614,2026-02-09,2100,Cuentas por pagar,75684.20,0.00,Pago factura INV-00169,INV-00169,CC-100 Operaciones,Bruno Garcia 02 00001103
615,2026-01-23,1020,Bancos,0.00,15566.28,Pago factura INV-00252,INV-00252,CC-100 Operaciones,Bruno Garcia 02 00001103
616,2026-03-02,1180,IVA acreditable,3009.44,0.00,Registro factura INV-00356,INV-00356,CC-100 Operaciones,Bruno Garcia 08 00001103
617,2026-06-05,2100,Cuentas por pagar,0.00,15234.28,Registro factura INV-00158,INV-00158,CC-100 Operaciones,Carla Soto 09 00001103
618,2026-06-01,5000,Gastos operativos,50983.00,0.00,Registro factura INV-00052,INV-00052,CC-100 Operaciones,Elena Mora 05 00001103
619,2026-04-05,5000,Gastos operativos,53032.00,0.00,Registro factura INV-00289,INV-00289,CC-100 Operaciones,Bruno Garcia 08 00001103
620,2026-06-26,2100,Cuentas por pagar,42627.68,0.00,Pago factura INV-00301,INV-00301,CC-100 Operaciones,Bruno Garcia 02 00001103
621,2026-05-29,5000,Gastos operativos,71341.00,0.00,Registro factura INV-00023,INV-00023,CC-100 Operaciones,Fabian Rios 06 00001103
622,2026-06-16,2100,Cuentas por pagar,28661.28,0.00,Pago factura INV-00313,INV-00313,CC-100 Operaciones,Bruno Garcia 02 00001103
623,2026-04-23,1020,Bancos,0.00,29532.44,Pago factura INV-00075,INV-00075,CC-100 Operaciones,Bruno Garcia 02 00001103
624,2026-01-30,2100,Cuentas por pagar,35608.52,0.00,Pago factura INV-00156,INV-00156,CC-100 Operaciones,Bruno Garcia 02 00001103
625,2026-05-13,2100,Cuentas por pagar,0.00,108113.16,Registro factura INV-00320,INV-00320,CC-100 Operaciones,Bruno Garcia 02 00001103
626,2026-01-15,5000,Gastos operativos,70967.00,0.00,Registro factura INV-00242,INV-00242,CC-100 Operaciones,Bruno Garcia 02 00001103
627,2026-02-18,1020,Bancos,0.00,56128.92,Pago factura INV-00037,INV-00037,CC-100 Operaciones,Bruno Garcia 02 00001103
628,2026-04-15,1180,IVA acreditable,10499.36,0.00,Registro factura INV-00194,INV-00194,CC-100 Operaciones,Diego Luna 10 00001103
629,2026-02-07,2100,Cuentas por pagar,0.00,64753.52,Registro factura INV-00202,INV-00202,CC-100 Operaciones,Ana Ruiz 01 00001103
630,2026-04-02,2100,Cuentas por pagar,0.00,47715.44,Registro factura INV-00280,INV-00280,CC-100 Operaciones,Ana Ruiz 07 00001103
631,2026-03-25,2100,Cuentas por pagar,0.00,91800.08,Registro factura INV-00084,INV-00084,CC-100 Operaciones,Elena Mora 05 00001103
632,2026-02-04,1180,IVA acreditable,11488.32,0.00,Registro factura INV-00281,INV-00281,CC-100 Operaciones,Bruno Garcia 08 00001103
633,2026-04-10,1020,Bancos,0.00,67507.36,Pago factura INV-00090,INV-00090,CC-100 Operaciones,Bruno Garcia 02 00001103
634,2026-04-28,1180,IVA acreditable,9501.12,0.00,Registro factura INV-00245,INV-00245,CC-100 Operaciones,Ana Ruiz 07 00001103
635,2026-03-05,5000,Gastos operativos,33548.00,0.00,Registro factura INV-00060,INV-00060,CC-100 Operaciones,Fabian Rios 06 00001103
636,2026-04-02,1180,IVA acreditable,6581.44,0.00,Registro factura INV-00280,INV-00280,CC-100 Operaciones,Ana Ruiz 07 00001103
637,2026-04-03,1180,IVA acreditable,2257.92,0.00,Registro factura INV-00235,INV-00235,CC-100 Operaciones,Diego Luna 04 00001103
638,2026-04-27,2100,Cuentas por pagar,108375.32,0.00,Pago factura INV-00292,INV-00292,CC-100 Operaciones,Bruno Garcia 02 00001103
639,2026-03-26,5000,Gastos operativos,23301.00,0.00,Registro factura INV-00151,INV-00151,CC-100 Operaciones,Bruno Garcia 02 00001103
640,2026-06-06,1020,Bancos,0.00,18359.32,Pago factura INV-00358,INV-00358,CC-100 Operaciones,Bruno Garcia 02 00001103
641,2026-03-14,1020,Bancos,0.00,43981.40,Pago factura INV-00030,INV-00030,CC-100 Operaciones,Bruno Garcia 02 00001103
642,2026-01-12,2100,Cuentas por pagar,0.00,61550.76,Registro factura INV-00351,INV-00351,CC-100 Operaciones,Carla Soto 03 00001103
643,2026-02-08,1020,Bancos,0.00,61184.20,Pago factura INV-00332,INV-00332,CC-100 Operaciones,Bruno Garcia 02 00001103
644,2026-06-04,1180,IVA acreditable,11532.16,0.00,Registro factura INV-00175,INV-00175,CC-100 Operaciones,Fabian Rios 06 00001103
645,2026-01-26,2100,Cuentas por pagar,0.00,53688.28,Registro factura INV-00053,INV-00053,CC-100 Operaciones,Ana Ruiz 01 00001103
646,2026-05-25,1020,Bancos,0.00,56381.80,Pago factura INV-00254,INV-00254,CC-100 Operaciones,Bruno Garcia 02 00001103
647,2026-01-11,5000,Gastos operativos,36713.00,0.00,Registro factura INV-00076,INV-00076,CC-100 Operaciones,Fabian Rios 06 00001103
648,2026-06-10,1020,Bancos,0.00,99496.68,Pago factura INV-00085,INV-00085,CC-100 Operaciones,Bruno Garcia 02 00001103
649,2026-02-20,2100,Cuentas por pagar,60784.00,0.00,Pago factura INV-00205,INV-00205,CC-100 Operaciones,Bruno Garcia 02 00001103
650,2026-02-05,2100,Cuentas por pagar,0.00,43164.76,Registro factura INV-00096,INV-00096,CC-100 Operaciones,Elena Mora 05 00001103
651,2026-04-29,5000,Gastos operativos,57362.00,0.00,Registro factura INV-00317,INV-00317,CC-100 Operaciones,Diego Luna 10 00001103
652,2026-04-02,2100,Cuentas por pagar,93618.96,0.00,Pago factura INV-00302,INV-00302,CC-100 Operaciones,Bruno Garcia 02 00001103
653,2026-02-28,2100,Cuentas por pagar,0.00,99512.92,Registro factura INV-00153,INV-00153,CC-100 Operaciones,Fabian Rios 06 00001103
654,2026-03-14,5000,Gastos operativos,87081.00,0.00,Registro factura INV-00361,INV-00361,CC-100 Operaciones,Diego Luna 04 00001103
655,2026-01-24,2100,Cuentas por pagar,0.00,16287.56,Registro factura INV-00249,INV-00249,CC-100 Operaciones,Carla Soto 09 00001103
656,2026-02-05,1180,IVA acreditable,5953.76,0.00,Registro factura INV-00096,INV-00096,CC-100 Operaciones,Elena Mora 05 00001103
657,2026-05-31,2100,Cuentas por pagar,0.00,99045.44,Registro factura INV-00140,INV-00140,CC-100 Operaciones,Bruno Garcia 08 00001103
658,2026-05-27,2100,Cuentas por pagar,0.00,18359.32,Registro factura INV-00358,INV-00358,CC-100 Operaciones,Diego Luna 04 00001103
659,2026-02-06,1180,IVA acreditable,8401.92,0.00,Registro factura INV-00068,INV-00068,CC-100 Operaciones,Diego Luna 04 00001103
660,2026-04-30,5000,Gastos operativos,49692.00,0.00,Registro factura INV-00203,INV-00203,CC-100 Operaciones,Ana Ruiz 07 00001103
661,2026-01-11,2100,Cuentas por pagar,0.00,98294.92,Registro factura INV-00019,INV-00019,CC-100 Operaciones,Diego Luna 04 00001103
662,2026-03-06,5000,Gastos operativos,71082.00,0.00,Registro factura INV-00271,INV-00271,CC-100 Operaciones,Bruno Garcia 02 00001103
663,2026-04-28,1020,Bancos,0.00,109417.00,Pago factura INV-00243,INV-00243,CC-100 Operaciones,Bruno Garcia 02 00001103
664,2026-05-30,5000,Gastos operativos,45471.00,0.00,Registro factura INV-00122,INV-00122,CC-100 Operaciones,Carla Soto 03 00001103
665,2026-03-14,2100,Cuentas por pagar,0.00,95193.08,Registro factura INV-00339,INV-00339,CC-100 Operaciones,Fabian Rios 06 00001103
666,2026-05-09,5000,Gastos operativos,48418.00,0.00,Registro factura INV-00029,INV-00029,CC-100 Operaciones,Bruno Garcia 08 00001103
667,2026-04-21,2100,Cuentas por pagar,0.00,45745.76,Registro factura INV-00230,INV-00230,CC-100 Operaciones,Bruno Garcia 02 00001103
668,2026-02-14,1020,Bancos,0.00,83290.32,Pago factura INV-00281,INV-00281,CC-100 Operaciones,Bruno Garcia 02 00001103
669,2026-01-23,2100,Cuentas por pagar,0.00,54834.36,Registro factura INV-00078,INV-00078,CC-100 Operaciones,Bruno Garcia 02 00001103
670,2026-06-12,5000,Gastos operativos,27035.00,0.00,Registro factura INV-00346,INV-00346,CC-100 Operaciones,Diego Luna 04 00001103
671,2026-02-19,2100,Cuentas por pagar,41086.04,0.00,Pago factura INV-00098,INV-00098,CC-100 Operaciones,Bruno Garcia 02 00001103
672,2026-03-11,1180,IVA acreditable,14822.72,0.00,Registro factura INV-00004,INV-00004,CC-100 Operaciones,Elena Mora 05 00001103
673,2026-04-24,5000,Gastos operativos,85911.00,0.00,Registro factura INV-00179,INV-00179,CC-100 Operaciones,Carla Soto 09 00001103
674,2026-02-11,1180,IVA acreditable,13527.20,0.00,Registro factura INV-00025,INV-00025,CC-100 Operaciones,Elena Mora 05 00001103
675,2026-05-29,1180,IVA acreditable,11414.56,0.00,Registro factura INV-00023,INV-00023,CC-100 Operaciones,Fabian Rios 06 00001103
676,2026-05-03,2100,Cuentas por pagar,0.00,28082.44,Registro factura INV-00310,INV-00310,CC-100 Operaciones,Fabian Rios 06 00001103
677,2026-05-03,1180,IVA acreditable,3873.44,0.00,Registro factura INV-00310,INV-00310,CC-100 Operaciones,Fabian Rios 06 00001103
678,2026-01-30,5000,Gastos operativos,77016.00,0.00,Registro factura INV-00200,INV-00200,CC-100 Operaciones,Carla Soto 09 00001103
679,2026-03-06,1020,Bancos,0.00,22985.40,Pago factura INV-00173,INV-00173,CC-100 Operaciones,Bruno Garcia 02 00001103
680,2026-02-28,1180,IVA acreditable,13941.92,0.00,Registro factura INV-00051,INV-00051,CC-100 Operaciones,Diego Luna 04 00001103
681,2026-03-08,5000,Gastos operativos,12120.00,0.00,Registro factura INV-00212,INV-00212,CC-100 Operaciones,Bruno Garcia 08 00001103
682,2026-03-18,2100,Cuentas por pagar,59966.20,0.00,Pago factura INV-00024,INV-00024,CC-100 Operaciones,Bruno Garcia 02 00001103
683,2026-06-04,1020,Bancos,0.00,86301.68,Pago factura INV-00333,INV-00333,CC-100 Operaciones,Bruno Garcia 02 00001103
684,2026-05-07,2100,Cuentas por pagar,101245.96,0.00,Pago factura INV-00359,INV-00359,CC-100 Operaciones,Bruno Garcia 02 00001103
685,2026-06-09,1180,IVA acreditable,7752.16,0.00,Registro factura INV-00306,INV-00306,CC-100 Operaciones,Elena Mora 05 00001103
686,2026-04-22,1020,Bancos,0.00,85949.04,Pago factura INV-00054,INV-00054,CC-100 Operaciones,Bruno Garcia 02 00001103
687,2026-04-21,1020,Bancos,0.00,79449.56,Pago factura INV-00345,INV-00345,CC-100 Operaciones,Bruno Garcia 02 00001103
688,2026-03-03,5000,Gastos operativos,34260.00,0.00,Registro factura INV-00127,INV-00127,CC-100 Operaciones,Carla Soto 03 00001103
689,2026-02-15,2100,Cuentas por pagar,43164.76,0.00,Pago factura INV-00096,INV-00096,CC-100 Operaciones,Bruno Garcia 02 00001103
690,2026-03-21,5000,Gastos operativos,30722.00,0.00,Registro factura INV-00225,INV-00225,CC-100 Operaciones,Ana Ruiz 01 00001103
691,2026-05-02,1020,Bancos,0.00,107574.92,Pago factura INV-00166,INV-00166,CC-100 Operaciones,Bruno Garcia 02 00001103
692,2026-02-07,5000,Gastos operativos,48994.00,0.00,Registro factura INV-00206,INV-00206,CC-100 Operaciones,Carla Soto 09 00001103
693,2026-02-13,2100,Cuentas por pagar,0.00,49932.20,Registro factura INV-00132,INV-00132,CC-100 Operaciones,Ana Ruiz 07 00001103
694,2026-04-12,5000,Gastos operativos,74094.00,0.00,Registro factura INV-00054,INV-00054,CC-100 Operaciones,Ana Ruiz 01 00001103
695,2026-03-23,5000,Gastos operativos,80706.00,0.00,Registro factura INV-00302,INV-00302,CC-100 Operaciones,Carla Soto 03 00001103
696,2026-01-23,1020,Bancos,0.00,34432.28,Pago factura INV-00282,INV-00282,CC-100 Operaciones,Bruno Garcia 02 00001103
697,2026-01-20,5000,Gastos operativos,30697.00,0.00,Registro factura INV-00156,INV-00156,CC-100 Operaciones,Ana Ruiz 01 00001103
698,2026-03-29,2100,Cuentas por pagar,0.00,32839.60,Registro factura INV-00208,INV-00208,CC-100 Operaciones,Carla Soto 03 00001103
699,2026-05-29,1180,IVA acreditable,7073.92,0.00,Registro factura INV-00196,INV-00196,CC-100 Operaciones,Diego Luna 04 00001103
700,2026-04-08,2100,Cuentas por pagar,0.00,57937.36,Registro factura INV-00111,INV-00111,CC-100 Operaciones,Elena Mora 05 00001103
701,2026-01-16,5000,Gastos operativos,89073.00,0.00,Registro factura INV-00269,INV-00269,CC-100 Operaciones,Carla Soto 09 00001103
702,2026-03-04,1180,IVA acreditable,10018.72,0.00,Registro factura INV-00314,INV-00314,CC-100 Operaciones,Diego Luna 10 00001103
703,2026-06-25,5000,Gastos operativos,43008.00,0.00,Registro factura INV-00318,INV-00318,CC-100 Operaciones,Ana Ruiz 01 00001103
704,2026-05-04,2100,Cuentas por pagar,99656.76,0.00,Pago factura INV-00179,INV-00179,CC-100 Operaciones,Bruno Garcia 02 00001103
705,2026-05-11,2100,Cuentas por pagar,108557.44,0.00,Pago factura INV-00233,INV-00233,CC-100 Operaciones,Bruno Garcia 02 00001103
706,2026-04-21,2100,Cuentas por pagar,0.00,73219.20,Registro factura INV-00136,INV-00136,CC-100 Operaciones,Diego Luna 10 00001103
707,2026-06-22,1180,IVA acreditable,8881.76,0.00,Registro factura INV-00258,INV-00258,CC-100 Operaciones,Diego Luna 10 00001103
708,2026-02-21,1020,Bancos,0.00,88641.40,Pago factura INV-00303,INV-00303,CC-100 Operaciones,Bruno Garcia 02 00001103
709,2026-04-07,5000,Gastos operativos,16406.00,0.00,Registro factura INV-00091,INV-00091,CC-100 Operaciones,Diego Luna 10 00001103
710,2026-06-05,1180,IVA acreditable,2101.28,0.00,Registro factura INV-00158,INV-00158,CC-100 Operaciones,Carla Soto 09 00001103
711,2026-01-25,1020,Bancos,0.00,82321.72,Pago factura INV-00242,INV-00242,CC-100 Operaciones,Bruno Garcia 02 00001103
712,2026-02-04,2100,Cuentas por pagar,45118.20,0.00,Pago factura INV-00204,INV-00204,CC-100 Operaciones,Bruno Garcia 02 00001103
713,2026-02-17,2100,Cuentas por pagar,64753.52,0.00,Pago factura INV-00202,INV-00202,CC-100 Operaciones,Bruno Garcia 02 00001103
714,2026-02-16,1020,Bancos,0.00,19969.40,Pago factura INV-00293,INV-00293,CC-100 Operaciones,Bruno Garcia 02 00001103
715,2026-01-10,2100,Cuentas por pagar,0.00,26738.00,Registro factura INV-00224,INV-00224,CC-100 Operaciones,Carla Soto 09 00001103
716,2026-05-12,1180,IVA acreditable,7293.44,0.00,Registro factura INV-00139,INV-00139,CC-100 Operaciones,Ana Ruiz 07 00001103
717,2026-03-19,1020,Bancos,0.00,36827.68,Pago factura INV-00357,INV-00357,CC-100 Operaciones,Bruno Garcia 02 00001103
718,2026-04-17,2100,Cuentas por pagar,76281.60,0.00,Pago factura INV-00189,INV-00189,CC-100 Operaciones,Bruno Garcia 02 00001103
719,2026-04-15,2100,Cuentas por pagar,0.00,76120.36,Registro factura INV-00194,INV-00194,CC-100 Operaciones,Diego Luna 10 00001103
720,2026-04-05,2100,Cuentas por pagar,0.00,38915.68,Registro factura INV-00138,INV-00138,CC-100 Operaciones,Ana Ruiz 07 00001103
721,2026-05-12,2100,Cuentas por pagar,0.00,52877.44,Registro factura INV-00139,INV-00139,CC-100 Operaciones,Ana Ruiz 07 00001103
722,2026-03-04,1020,Bancos,0.00,39301.96,Pago factura INV-00056,INV-00056,CC-100 Operaciones,Bruno Garcia 02 00001103
723,2026-06-28,1180,IVA acreditable,8991.52,0.00,Registro factura INV-00296,INV-00296,CC-100 Operaciones,Diego Luna 10 00001103
724,2026-06-13,1020,Bancos,0.00,52067.76,Pago factura INV-00010,INV-00010,CC-100 Operaciones,Bruno Garcia 02 00001103
725,2026-05-22,1020,Bancos,0.00,95165.24,Pago factura INV-00061,INV-00061,CC-100 Operaciones,Bruno Garcia 02 00001103
726,2026-04-13,2100,Cuentas por pagar,0.00,29532.44,Registro factura INV-00075,INV-00075,CC-100 Operaciones,Bruno Garcia 08 00001103
727,2026-06-25,2100,Cuentas por pagar,47834.92,0.00,Pago factura INV-00247,INV-00247,CC-100 Operaciones,Bruno Garcia 02 00001103
728,2026-06-29,5000,Gastos operativos,69283.00,0.00,Registro factura INV-00003,INV-00003,CC-100 Operaciones,Ana Ruiz 07 00001103
729,2026-03-28,2100,Cuentas por pagar,0.00,52152.44,Registro factura INV-00161,INV-00161,CC-100 Operaciones,Diego Luna 04 00001103
730,2026-05-15,2100,Cuentas por pagar,73859.52,0.00,Pago factura INV-00087,INV-00087,CC-100 Operaciones,Bruno Garcia 02 00001103
731,2026-02-09,5000,Gastos operativos,50732.00,0.00,Registro factura INV-00274,INV-00274,CC-100 Operaciones,Carla Soto 03 00001103
732,2026-02-26,1020,Bancos,0.00,21282.52,Pago factura INV-00315,INV-00315,CC-100 Operaciones,Bruno Garcia 02 00001103
733,2026-06-21,1180,IVA acreditable,11538.08,0.00,Registro factura INV-00291,INV-00291,CC-100 Operaciones,Carla Soto 03 00001103
734,2026-05-30,2100,Cuentas por pagar,0.00,109653.64,Registro factura INV-00177,INV-00177,CC-100 Operaciones,Ana Ruiz 01 00001103
735,2026-03-16,1180,IVA acreditable,10132.32,0.00,Registro factura INV-00104,INV-00104,CC-100 Operaciones,Fabian Rios 06 00001103
736,2026-06-03,1180,IVA acreditable,12068.16,0.00,Registro factura INV-00016,INV-00016,CC-100 Operaciones,Carla Soto 09 00001103
737,2026-02-13,5000,Gastos operativos,43045.00,0.00,Registro factura INV-00132,INV-00132,CC-100 Operaciones,Ana Ruiz 07 00001103
738,2026-03-09,2100,Cuentas por pagar,0.00,36827.68,Registro factura INV-00357,INV-00357,CC-100 Operaciones,Ana Ruiz 01 00001103
739,2026-03-23,2100,Cuentas por pagar,105775.76,0.00,Pago factura INV-00133,INV-00133,CC-100 Operaciones,Bruno Garcia 02 00001103
740,2026-06-16,5000,Gastos operativos,36748.00,0.00,Registro factura INV-00301,INV-00301,CC-100 Operaciones,Bruno Garcia 02 00001103
741,2026-05-18,1180,IVA acreditable,7121.92,0.00,Registro factura INV-00229,INV-00229,CC-100 Operaciones,Carla Soto 03 00001103
742,2026-02-11,5000,Gastos operativos,22397.00,0.00,Registro factura INV-00011,INV-00011,CC-100 Operaciones,Carla Soto 03 00001103
743,2026-02-16,5000,Gastos operativos,76597.00,0.00,Registro factura INV-00045,INV-00045,CC-100 Operaciones,Bruno Garcia 08 00001103
744,2026-02-26,5000,Gastos operativos,80102.00,0.00,Registro factura INV-00036,INV-00036,CC-100 Operaciones,Diego Luna 10 00001103
745,2026-04-28,5000,Gastos operativos,59382.00,0.00,Registro factura INV-00245,INV-00245,CC-100 Operaciones,Ana Ruiz 07 00001103
746,2026-06-19,5000,Gastos operativos,21335.00,0.00,Registro factura INV-00263,INV-00263,CC-100 Operaciones,Ana Ruiz 01 00001103
747,2026-04-11,2100,Cuentas por pagar,0.00,109052.76,Registro factura INV-00167,INV-00167,CC-100 Operaciones,Fabian Rios 06 00001103
748,2026-01-21,2100,Cuentas por pagar,0.00,93743.08,Registro factura INV-00168,INV-00168,CC-100 Operaciones,Diego Luna 10 00001103
749,2026-04-30,1180,IVA acreditable,10044.64,0.00,Registro factura INV-00327,INV-00327,CC-100 Operaciones,Carla Soto 09 00001103
750,2026-03-21,2100,Cuentas por pagar,0.00,67474.88,Registro factura INV-00066,INV-00066,CC-100 Operaciones,Carla Soto 09 00001103
751,2026-01-27,2100,Cuentas por pagar,89485.88,0.00,Pago factura INV-00112,INV-00112,CC-100 Operaciones,Bruno Garcia 02 00001103
752,2026-04-19,2100,Cuentas por pagar,0.00,87720.36,Registro factura INV-00244,INV-00244,CC-100 Operaciones,Fabian Rios 06 00001103
753,2026-06-14,1180,IVA acreditable,12975.52,0.00,Registro factura INV-00022,INV-00022,CC-100 Operaciones,Bruno Garcia 08 00001103
754,2026-03-25,1180,IVA acreditable,6290.72,0.00,Registro factura INV-00347,INV-00347,CC-100 Operaciones,Ana Ruiz 07 00001103
755,2026-04-26,1180,IVA acreditable,13603.04,0.00,Registro factura INV-00105,INV-00105,CC-100 Operaciones,Carla Soto 03 00001103
756,2026-04-15,1020,Bancos,0.00,38915.68,Pago factura INV-00138,INV-00138,CC-100 Operaciones,Bruno Garcia 02 00001103
757,2026-02-08,1180,IVA acreditable,2507.20,0.00,Registro factura INV-00159,INV-00159,CC-100 Operaciones,Diego Luna 04 00001103
758,2026-05-24,1020,Bancos,0.00,51860.12,Pago factura INV-00048,INV-00048,CC-100 Operaciones,Bruno Garcia 02 00001103
759,2026-03-06,2100,Cuentas por pagar,0.00,82455.12,Registro factura INV-00271,INV-00271,CC-100 Operaciones,Bruno Garcia 02 00001103
760,2026-06-12,1020,Bancos,0.00,101387.48,Pago factura INV-00095,INV-00095,CC-100 Operaciones,Bruno Garcia 02 00001103
761,2026-01-18,1180,IVA acreditable,11515.68,0.00,Registro factura INV-00349,INV-00349,CC-100 Operaciones,Ana Ruiz 01 00001103
762,2026-06-17,2100,Cuentas por pagar,42538.36,0.00,Pago factura INV-00227,INV-00227,CC-100 Operaciones,Bruno Garcia 02 00001103
763,2026-06-16,1020,Bancos,0.00,28661.28,Pago factura INV-00313,INV-00313,CC-100 Operaciones,Bruno Garcia 02 00001103
764,2026-03-08,2100,Cuentas por pagar,0.00,59966.20,Registro factura INV-00024,INV-00024,CC-100 Operaciones,Fabian Rios 06 00001103
765,2026-06-20,5000,Gastos operativos,22004.00,0.00,Registro factura INV-00287,INV-00287,CC-100 Operaciones,Bruno Garcia 08 00001103
766,2026-05-19,2100,Cuentas por pagar,0.00,79819.60,Registro factura INV-00234,INV-00234,CC-100 Operaciones,Bruno Garcia 02 00001103
767,2026-03-27,2100,Cuentas por pagar,0.00,32833.80,Registro factura INV-00150,INV-00150,CC-100 Operaciones,Carla Soto 09 00001103
768,2026-02-20,5000,Gastos operativos,94375.00,0.00,Registro factura INV-00328,INV-00328,CC-100 Operaciones,Diego Luna 04 00001103
769,2026-06-20,2100,Cuentas por pagar,14788.84,0.00,Pago factura INV-00055,INV-00055,CC-100 Operaciones,Bruno Garcia 02 00001103
770,2026-03-24,5000,Gastos operativos,35049.00,0.00,Registro factura INV-00057,INV-00057,CC-100 Operaciones,Bruno Garcia 08 00001103
771,2026-01-20,2100,Cuentas por pagar,26738.00,0.00,Pago factura INV-00224,INV-00224,CC-100 Operaciones,Bruno Garcia 02 00001103
772,2026-03-17,2100,Cuentas por pagar,0.00,31317.68,Registro factura INV-00273,INV-00273,CC-100 Operaciones,Carla Soto 03 00001103
773,2026-04-17,2100,Cuentas por pagar,0.00,68943.44,Registro factura INV-00355,INV-00355,CC-100 Operaciones,Diego Luna 04 00001103
774,2026-04-05,2100,Cuentas por pagar,14210.00,0.00,Pago factura INV-00157,INV-00157,CC-100 Operaciones,Bruno Garcia 02 00001103
775,2026-05-30,1020,Bancos,0.00,87721.52,Pago factura INV-00335,INV-00335,CC-100 Operaciones,Bruno Garcia 02 00001103
776,2026-03-30,2100,Cuentas por pagar,0.00,47598.28,Registro factura INV-00344,INV-00344,CC-100 Operaciones,Diego Luna 10 00001103
777,2026-03-19,2100,Cuentas por pagar,69567.52,0.00,Pago factura INV-00117,INV-00117,CC-100 Operaciones,Bruno Garcia 02 00001103
778,2026-05-05,2100,Cuentas por pagar,0.00,38915.68,Registro factura INV-00028,INV-00028,CC-100 Operaciones,Bruno Garcia 08 00001103
779,2026-01-25,2100,Cuentas por pagar,82321.72,0.00,Pago factura INV-00242,INV-00242,CC-100 Operaciones,Bruno Garcia 02 00001103
780,2026-04-25,5000,Gastos operativos,28065.00,0.00,Registro factura INV-00226,INV-00226,CC-100 Operaciones,Fabian Rios 06 00001103
781,2026-06-01,2100,Cuentas por pagar,0.00,101424.60,Registro factura INV-00102,INV-00102,CC-100 Operaciones,Carla Soto 03 00001103
782,2026-02-04,2100,Cuentas por pagar,0.00,98871.44,Registro factura INV-00015,INV-00015,CC-100 Operaciones,Diego Luna 10 00001103
783,2026-03-16,2100,Cuentas por pagar,0.00,32025.28,Registro factura INV-00329,INV-00329,CC-100 Operaciones,Bruno Garcia 08 00001103
784,2026-01-09,2100,Cuentas por pagar,0.00,85126.60,Registro factura INV-00182,INV-00182,CC-100 Operaciones,Diego Luna 10 00001103
785,2026-03-19,1180,IVA acreditable,11432.32,0.00,Registro factura INV-00270,INV-00270,CC-100 Operaciones,Ana Ruiz 07 00001103
786,2026-06-30,2100,Cuentas por pagar,109698.88,0.00,Pago factura INV-00294,INV-00294,CC-100 Operaciones,Bruno Garcia 02 00001103
787,2026-02-22,2100,Cuentas por pagar,42401.48,0.00,Pago factura INV-00174,INV-00174,CC-100 Operaciones,Bruno Garcia 02 00001103
788,2026-03-25,1180,IVA acreditable,12662.08,0.00,Registro factura INV-00084,INV-00084,CC-100 Operaciones,Elena Mora 05 00001103
789,2026-06-28,2100,Cuentas por pagar,0.00,109698.88,Registro factura INV-00294,INV-00294,CC-100 Operaciones,Bruno Garcia 08 00001103
790,2026-01-30,5000,Gastos operativos,65245.00,0.00,Registro factura INV-00169,INV-00169,CC-100 Operaciones,Ana Ruiz 07 00001103
791,2026-02-15,1020,Bancos,0.00,36131.68,Pago factura INV-00312,INV-00312,CC-100 Operaciones,Bruno Garcia 02 00001103
792,2026-02-17,1180,IVA acreditable,3160.48,0.00,Registro factura INV-00193,INV-00193,CC-100 Operaciones,Carla Soto 03 00001103
793,2026-03-28,1020,Bancos,0.00,44611.28,Pago factura INV-00253,INV-00253,CC-100 Operaciones,Bruno Garcia 02 00001103
794,2026-06-30,2100,Cuentas por pagar,80368.28,0.00,Pago factura INV-00003,INV-00003,CC-100 Operaciones,Bruno Garcia 02 00001103
795,2026-02-09,5000,Gastos operativos,35419.00,0.00,Registro factura INV-00098,INV-00098,CC-100 Operaciones,Ana Ruiz 01 00001103
796,2026-03-05,2100,Cuentas por pagar,0.00,104797.88,Registro factura INV-00185,INV-00185,CC-100 Operaciones,Ana Ruiz 07 00001103
797,2026-03-20,2100,Cuentas por pagar,58700.64,0.00,Pago factura INV-00354,INV-00354,CC-100 Operaciones,Bruno Garcia 02 00001103
798,2026-02-20,5000,Gastos operativos,36797.00,0.00,Registro factura INV-00262,INV-00262,CC-100 Operaciones,Bruno Garcia 02 00001103
799,2026-03-15,2100,Cuentas por pagar,104797.88,0.00,Pago factura INV-00185,INV-00185,CC-100 Operaciones,Bruno Garcia 02 00001103
800,2026-04-05,1020,Bancos,0.00,14210.00,Pago factura INV-00157,INV-00157,CC-100 Operaciones,Bruno Garcia 02 00001103
801,2026-02-09,2100,Cuentas por pagar,89338.56,0.00,Pago factura INV-00200,INV-00200,CC-100 Operaciones,Bruno Garcia 02 00001103
802,2026-02-21,1180,IVA acreditable,5405.60,0.00,Registro factura INV-00324,INV-00324,CC-100 Operaciones,Ana Ruiz 01 00001103
803,2026-05-18,1020,Bancos,0.00,78922.92,Pago factura INV-00065,INV-00065,CC-100 Operaciones,Bruno Garcia 02 00001103
804,2026-03-10,1180,IVA acreditable,15107.84,0.00,Registro factura INV-00308,INV-00308,CC-100 Operaciones,Bruno Garcia 08 00001103
805,2026-04-21,2100,Cuentas por pagar,109052.76,0.00,Pago factura INV-00167,INV-00167,CC-100 Operaciones,Bruno Garcia 02 00001103
806,2026-06-02,2100,Cuentas por pagar,0.00,45705.16,Registro factura INV-00348,INV-00348,CC-100 Operaciones,Diego Luna 10 00001103
807,2026-03-26,5000,Gastos operativos,12250.00,0.00,Registro factura INV-00157,INV-00157,CC-100 Operaciones,Diego Luna 04 00001103
808,2026-01-28,2100,Cuentas por pagar,83488.68,0.00,Pago factura INV-00349,INV-00349,CC-100 Operaciones,Bruno Garcia 02 00001103
809,2026-04-05,2100,Cuentas por pagar,0.00,36131.68,Registro factura INV-00012,INV-00012,CC-100 Operaciones,Elena Mora 05 00001103
810,2026-06-03,5000,Gastos operativos,75426.00,0.00,Registro factura INV-00016,INV-00016,CC-100 Operaciones,Carla Soto 09 00001103
811,2026-04-08,1020,Bancos,0.00,32839.60,Pago factura INV-00208,INV-00208,CC-100 Operaciones,Bruno Garcia 02 00001103
812,2026-02-10,2100,Cuentas por pagar,0.00,60784.00,Registro factura INV-00205,INV-00205,CC-100 Operaciones,Bruno Garcia 08 00001103
813,2026-03-10,5000,Gastos operativos,94424.00,0.00,Registro factura INV-00308,INV-00308,CC-100 Operaciones,Bruno Garcia 08 00001103
814,2026-06-25,1020,Bancos,0.00,47834.92,Pago factura INV-00247,INV-00247,CC-100 Operaciones,Bruno Garcia 02 00001103
815,2026-05-25,2100,Cuentas por pagar,0.00,32745.64,Registro factura INV-00079,INV-00079,CC-100 Operaciones,Diego Luna 10 00001103
816,2026-03-21,1180,IVA acreditable,4915.52,0.00,Registro factura INV-00225,INV-00225,CC-100 Operaciones,Ana Ruiz 01 00001103
817,2026-05-27,1180,IVA acreditable,9376.16,0.00,Registro factura INV-00149,INV-00149,CC-100 Operaciones,Bruno Garcia 02 00001103
818,2026-06-29,2100,Cuentas por pagar,0.00,80368.28,Registro factura INV-00003,INV-00003,CC-100 Operaciones,Ana Ruiz 07 00001103
819,2026-01-26,5000,Gastos operativos,35616.00,0.00,Registro factura INV-00195,INV-00195,CC-100 Operaciones,Carla Soto 03 00001103
820,2026-03-12,2100,Cuentas por pagar,21818.44,0.00,Pago factura INV-00356,INV-00356,CC-100 Operaciones,Bruno Garcia 02 00001103
821,2026-02-21,1020,Bancos,0.00,25980.52,Pago factura INV-00011,INV-00011,CC-100 Operaciones,Bruno Garcia 02 00001103
822,2026-04-26,2100,Cuentas por pagar,15791.08,0.00,Pago factura INV-00299,INV-00299,CC-100 Operaciones,Bruno Garcia 02 00001103
823,2026-05-07,5000,Gastos operativos,30612.00,0.00,Registro factura INV-00307,INV-00307,CC-100 Operaciones,Diego Luna 04 00001103
824,2026-05-29,2100,Cuentas por pagar,0.00,51285.92,Registro factura INV-00196,INV-00196,CC-100 Operaciones,Diego Luna 04 00001103
825,2026-05-25,2100,Cuentas por pagar,0.00,86301.68,Registro factura INV-00333,INV-00333,CC-100 Operaciones,Bruno Garcia 08 00001103
826,2026-04-16,1020,Bancos,0.00,67805.48,Pago factura INV-00325,INV-00325,CC-100 Operaciones,Bruno Garcia 02 00001103
827,2026-04-07,2100,Cuentas por pagar,0.00,76281.60,Registro factura INV-00189,INV-00189,CC-100 Operaciones,Bruno Garcia 08 00001103
828,2026-01-25,2100,Cuentas por pagar,0.00,45118.20,Registro factura INV-00204,INV-00204,CC-100 Operaciones,Fabian Rios 06 00001103
829,2026-04-14,2100,Cuentas por pagar,30412.88,0.00,Pago factura INV-00154,INV-00154,CC-100 Operaciones,Bruno Garcia 02 00001103
830,2026-03-01,1180,IVA acreditable,5637.60,0.00,Registro factura INV-00134,INV-00134,CC-100 Operaciones,Carla Soto 03 00001103
831,2026-06-23,1020,Bancos,0.00,62469.48,Pago factura INV-00009,INV-00009,CC-100 Operaciones,Bruno Garcia 02 00001103
832,2026-02-07,1020,Bancos,0.00,101529.00,Pago factura INV-00264,INV-00264,CC-100 Operaciones,Bruno Garcia 02 00001103
833,2026-03-06,5000,Gastos operativos,51720.00,0.00,Registro factura INV-00148,INV-00148,CC-100 Operaciones,Diego Luna 04 00001103
834,2026-01-30,1020,Bancos,0.00,35608.52,Pago factura INV-00156,INV-00156,CC-100 Operaciones,Bruno Garcia 02 00001103
835,2026-02-27,2100,Cuentas por pagar,73459.32,0.00,Pago factura INV-00063,INV-00063,CC-100 Operaciones,Bruno Garcia 02 00001103
836,2026-04-16,1180,IVA acreditable,5971.36,0.00,Registro factura INV-00152,INV-00152,CC-100 Operaciones,Ana Ruiz 07 00001103
837,2026-06-30,2100,Cuentas por pagar,94007.56,0.00,Pago factura INV-00219,INV-00219,CC-100 Operaciones,Bruno Garcia 02 00001103
838,2026-02-24,1020,Bancos,0.00,33926.52,Pago factura INV-00322,INV-00322,CC-100 Operaciones,Bruno Garcia 02 00001103
839,2026-04-12,1180,IVA acreditable,2818.88,0.00,Registro factura INV-00255,INV-00255,CC-100 Operaciones,Carla Soto 03 00001103
840,2026-02-05,2100,Cuentas por pagar,0.00,36131.68,Registro factura INV-00312,INV-00312,CC-100 Operaciones,Carla Soto 03 00001103
841,2026-01-31,1020,Bancos,0.00,75627.36,Pago factura INV-00266,INV-00266,CC-100 Operaciones,Bruno Garcia 02 00001103
842,2026-02-21,2100,Cuentas por pagar,98072.20,0.00,Pago factura INV-00025,INV-00025,CC-100 Operaciones,Bruno Garcia 02 00001103
843,2026-05-14,2100,Cuentas por pagar,47730.52,0.00,Pago factura INV-00241,INV-00241,CC-100 Operaciones,Bruno Garcia 02 00001103
844,2026-04-07,1020,Bancos,0.00,72803.92,Pago factura INV-00160,INV-00160,CC-100 Operaciones,Bruno Garcia 02 00001103
845,2026-02-06,2100,Cuentas por pagar,0.00,60913.92,Registro factura INV-00068,INV-00068,CC-100 Operaciones,Diego Luna 04 00001103
846,2026-03-23,1020,Bancos,0.00,105775.76,Pago factura INV-00133,INV-00133,CC-100 Operaciones,Bruno Garcia 02 00001103
847,2026-02-25,1180,IVA acreditable,8794.88,0.00,Registro factura INV-00210,INV-00210,CC-100 Operaciones,Ana Ruiz 07 00001103
848,2026-06-24,5000,Gastos operativos,85724.00,0.00,Registro factura INV-00093,INV-00093,CC-100 Operaciones,Bruno Garcia 02 00001103
849,2026-03-07,1180,IVA acreditable,7160.96,0.00,Registro factura INV-00297,INV-00297,CC-100 Operaciones,Carla Soto 09 00001103
850,2026-01-25,5000,Gastos operativos,38895.00,0.00,Registro factura INV-00204,INV-00204,CC-100 Operaciones,Fabian Rios 06 00001103
851,2026-04-29,2100,Cuentas por pagar,0.00,38167.48,Registro factura INV-00082,INV-00082,CC-100 Operaciones,Bruno Garcia 02 00001103
852,2026-05-03,5000,Gastos operativos,24209.00,0.00,Registro factura INV-00310,INV-00310,CC-100 Operaciones,Fabian Rios 06 00001103
853,2026-04-01,1180,IVA acreditable,10532.96,0.00,Registro factura INV-00135,INV-00135,CC-100 Operaciones,Bruno Garcia 02 00001103
854,2026-06-14,2100,Cuentas por pagar,83608.16,0.00,Pago factura INV-00175,INV-00175,CC-100 Operaciones,Bruno Garcia 02 00001103
855,2026-03-08,2100,Cuentas por pagar,92918.32,0.00,Pago factura INV-00036,INV-00036,CC-100 Operaciones,Bruno Garcia 02 00001103
856,2026-04-22,5000,Gastos operativos,92737.00,0.00,Registro factura INV-00166,INV-00166,CC-100 Operaciones,Ana Ruiz 07 00001103
857,2026-06-11,1020,Bancos,0.00,101424.60,Pago factura INV-00102,INV-00102,CC-100 Operaciones,Bruno Garcia 02 00001103
858,2026-06-21,2100,Cuentas por pagar,0.00,35876.48,Registro factura INV-00047,INV-00047,CC-100 Operaciones,Elena Mora 05 00001103
859,2026-04-09,2100,Cuentas por pagar,47598.28,0.00,Pago factura INV-00344,INV-00344,CC-100 Operaciones,Bruno Garcia 02 00001103
860,2026-05-23,1180,IVA acreditable,14204.00,0.00,Registro factura INV-00120,INV-00120,CC-100 Operaciones,Fabian Rios 06 00001103
861,2026-04-10,1180,IVA acreditable,8680.64,0.00,Registro factura INV-00267,INV-00267,CC-100 Operaciones,Ana Ruiz 01 00001103
862,2026-03-06,2100,Cuentas por pagar,22985.40,0.00,Pago factura INV-00173,INV-00173,CC-100 Operaciones,Bruno Garcia 02 00001103
863,2026-01-13,1180,IVA acreditable,4684.48,0.00,Registro factura INV-00298,INV-00298,CC-100 Operaciones,Bruno Garcia 08 00001103
864,2026-06-29,1180,IVA acreditable,12966.56,0.00,Registro factura INV-00219,INV-00219,CC-100 Operaciones,Elena Mora 05 00001103
865,2026-02-04,2100,Cuentas por pagar,48963.60,0.00,Pago factura INV-00184,INV-00184,CC-100 Operaciones,Bruno Garcia 02 00001103
866,2026-05-03,2100,Cuentas por pagar,83095.44,0.00,Pago factura INV-00113,INV-00113,CC-100 Operaciones,Bruno Garcia 02 00001103
867,2026-06-21,1020,Bancos,0.00,102472.08,Pago factura INV-00125,INV-00125,CC-100 Operaciones,Bruno Garcia 02 00001103
868,2026-01-27,1020,Bancos,0.00,89485.88,Pago factura INV-00112,INV-00112,CC-100 Operaciones,Bruno Garcia 02 00001103
869,2026-01-18,5000,Gastos operativos,71973.00,0.00,Registro factura INV-00349,INV-00349,CC-100 Operaciones,Ana Ruiz 01 00001103
870,2026-04-19,1020,Bancos,0.00,69028.12,Pago factura INV-00027,INV-00027,CC-100 Operaciones,Bruno Garcia 02 00001103
871,2026-06-07,1020,Bancos,0.00,39484.08,Pago factura INV-00089,INV-00089,CC-100 Operaciones,Bruno Garcia 02 00001103
872,2026-04-30,2100,Cuentas por pagar,61567.00,0.00,Pago factura INV-00190,INV-00190,CC-100 Operaciones,Bruno Garcia 02 00001103
873,2026-03-05,1180,IVA acreditable,4916.48,0.00,Registro factura INV-00326,INV-00326,CC-100 Operaciones,Elena Mora 05 00001103
874,2026-04-13,1020,Bancos,0.00,66213.96,Pago factura INV-00106,INV-00106,CC-100 Operaciones,Bruno Garcia 02 00001103
875,2026-01-23,2100,Cuentas por pagar,33962.48,0.00,Pago factura INV-00298,INV-00298,CC-100 Operaciones,Bruno Garcia 02 00001103
876,2026-02-19,5000,Gastos operativos,41855.00,0.00,Registro factura INV-00008,INV-00008,CC-100 Operaciones,Ana Ruiz 07 00001103
877,2026-06-07,1180,IVA acreditable,8823.20,0.00,Registro factura INV-00141,INV-00141,CC-100 Operaciones,Elena Mora 05 00001103
878,2026-05-23,2100,Cuentas por pagar,0.00,92643.40,Registro factura INV-00180,INV-00180,CC-100 Operaciones,Bruno Garcia 08 00001103
879,2026-03-12,2100,Cuentas por pagar,0.00,26475.84,Registro factura INV-00073,INV-00073,CC-100 Operaciones,Diego Luna 04 00001103
880,2026-03-23,1020,Bancos,0.00,14452.68,Pago factura INV-00108,INV-00108,CC-100 Operaciones,Bruno Garcia 02 00001103
881,2026-05-15,2100,Cuentas por pagar,0.00,56381.80,Registro factura INV-00254,INV-00254,CC-100 Operaciones,Diego Luna 04 00001103
882,2026-03-31,1180,IVA acreditable,4864.80,0.00,Registro factura INV-00342,INV-00342,CC-100 Operaciones,Elena Mora 05 00001103
883,2026-06-02,2100,Cuentas por pagar,92643.40,0.00,Pago factura INV-00180,INV-00180,CC-100 Operaciones,Bruno Garcia 02 00001103
884,2026-04-10,1020,Bancos,0.00,35269.80,Pago factura INV-00342,INV-00342,CC-100 Operaciones,Bruno Garcia 02 00001103
885,2026-05-04,5000,Gastos operativos,41147.00,0.00,Registro factura INV-00241,INV-00241,CC-100 Operaciones,Carla Soto 03 00001103
886,2026-05-05,5000,Gastos operativos,33548.00,0.00,Registro factura INV-00028,INV-00028,CC-100 Operaciones,Bruno Garcia 08 00001103
887,2026-04-26,1020,Bancos,0.00,43292.36,Pago factura INV-00152,INV-00152,CC-100 Operaciones,Bruno Garcia 02 00001103
888,2026-05-21,2100,Cuentas por pagar,0.00,81405.32,Registro factura INV-00071,INV-00071,CC-100 Operaciones,Diego Luna 04 00001103
889,2026-06-15,2100,Cuentas por pagar,0.00,37724.36,Registro factura INV-00020,INV-00020,CC-100 Operaciones,Elena Mora 05 00001103
890,2026-03-31,2100,Cuentas por pagar,0.00,67507.36,Registro factura INV-00090,INV-00090,CC-100 Operaciones,Carla Soto 03 00001103
891,2026-04-09,2100,Cuentas por pagar,27276.24,0.00,Pago factura INV-00192,INV-00192,CC-100 Operaciones,Bruno Garcia 02 00001103
892,2026-05-15,1180,IVA acreditable,7776.80,0.00,Registro factura INV-00254,INV-00254,CC-100 Operaciones,Diego Luna 04 00001103
893,2026-06-05,2100,Cuentas por pagar,47614.52,0.00,Pago factura INV-00239,INV-00239,CC-100 Operaciones,Bruno Garcia 02 00001103
894,2026-05-22,2100,Cuentas por pagar,0.00,44001.12,Registro factura INV-00121,INV-00121,CC-100 Operaciones,Carla Soto 09 00001103
895,2026-04-05,1180,IVA acreditable,6328.96,0.00,Registro factura INV-00118,INV-00118,CC-100 Operaciones,Ana Ruiz 01 00001103
896,2026-02-16,1180,IVA acreditable,12255.52,0.00,Registro factura INV-00045,INV-00045,CC-100 Operaciones,Bruno Garcia 08 00001103
897,2026-06-30,2100,Cuentas por pagar,35876.48,0.00,Pago factura INV-00047,INV-00047,CC-100 Operaciones,Bruno Garcia 02 00001103
898,2026-05-10,5000,Gastos operativos,89622.00,0.00,Registro factura INV-00236,INV-00236,CC-100 Operaciones,Carla Soto 03 00001103
899,2026-03-06,1180,IVA acreditable,8275.20,0.00,Registro factura INV-00148,INV-00148,CC-100 Operaciones,Diego Luna 04 00001103
900,2026-03-24,2100,Cuentas por pagar,0.00,100974.52,Registro factura INV-00069,INV-00069,CC-100 Operaciones,Diego Luna 10 00001103
901,2026-04-04,2100,Cuentas por pagar,0.00,30412.88,Registro factura INV-00154,INV-00154,CC-100 Operaciones,Carla Soto 09 00001103
902,2026-03-05,1180,IVA acreditable,5367.68,0.00,Registro factura INV-00060,INV-00060,CC-100 Operaciones,Fabian Rios 06 00001103
903,2026-02-12,2100,Cuentas por pagar,0.00,42401.48,Registro factura INV-00174,INV-00174,CC-100 Operaciones,Diego Luna 10 00001103
904,2026-03-24,1180,IVA acreditable,13927.52,0.00,Registro factura INV-00069,INV-00069,CC-100 Operaciones,Diego Luna 10 00001103
905,2026-03-02,5000,Gastos operativos,19715.00,0.00,Registro factura INV-00218,INV-00218,CC-100 Operaciones,Fabian Rios 06 00001103
906,2026-01-24,1180,IVA acreditable,2246.56,0.00,Registro factura INV-00249,INV-00249,CC-100 Operaciones,Carla Soto 09 00001103
907,2026-03-17,2100,Cuentas por pagar,0.00,47058.88,Registro factura INV-00083,INV-00083,CC-100 Operaciones,Elena Mora 05 00001103
908,2026-05-05,5000,Gastos operativos,39556.00,0.00,Registro factura INV-00097,INV-00097,CC-100 Operaciones,Bruno Garcia 02 00001103
909,2026-06-07,5000,Gastos operativos,36671.00,0.00,Registro factura INV-00227,INV-00227,CC-100 Operaciones,Carla Soto 03 00001103
910,2026-02-12,2100,Cuentas por pagar,0.00,46372.16,Registro factura INV-00155,INV-00155,CC-100 Operaciones,Bruno Garcia 02 00001103
911,2026-05-11,2100,Cuentas por pagar,0.00,86005.88,Registro factura INV-00305,INV-00305,CC-100 Operaciones,Bruno Garcia 08 00001103
912,2026-03-09,2100,Cuentas por pagar,0.00,69567.52,Registro factura INV-00117,INV-00117,CC-100 Operaciones,Carla Soto 03 00001103
913,2026-04-27,2100,Cuentas por pagar,0.00,101245.96,Registro factura INV-00359,INV-00359,CC-100 Operaciones,Diego Luna 10 00001103
914,2026-03-23,1020,Bancos,0.00,15566.28,Pago factura INV-00060,INV-00060,CC-100 Operaciones,Bruno Garcia 02 00001103
915,2026-02-12,5000,Gastos operativos,36553.00,0.00,Registro factura INV-00174,INV-00174,CC-100 Operaciones,Diego Luna 10 00001103
916,2026-06-05,2100,Cuentas por pagar,0.00,98772.84,Registro factura INV-00163,INV-00163,CC-100 Operaciones,Ana Ruiz 01 00001103
917,2026-06-16,1020,Bancos,0.00,92969.36,Pago factura INV-00300,INV-00300,CC-100 Operaciones,Bruno Garcia 02 00001103
918,2026-02-03,1020,Bancos,0.00,16287.56,Pago factura INV-00249,INV-00249,CC-100 Operaciones,Bruno Garcia 02 00001103
919,2026-05-16,5000,Gastos operativos,91352.00,0.00,Registro factura INV-00309,INV-00309,CC-100 Operaciones,Ana Ruiz 01 00001103
920,2026-06-20,1180,IVA acreditable,3520.64,0.00,Registro factura INV-00287,INV-00287,CC-100 Operaciones,Bruno Garcia 08 00001103
921,2026-04-16,5000,Gastos operativos,37321.00,0.00,Registro factura INV-00152,INV-00152,CC-100 Operaciones,Ana Ruiz 07 00001103
922,2026-06-21,5000,Gastos operativos,72113.00,0.00,Registro factura INV-00291,INV-00291,CC-100 Operaciones,Carla Soto 03 00001103
923,2026-03-29,2100,Cuentas por pagar,49985.56,0.00,Pago factura INV-00290,INV-00290,CC-100 Operaciones,Bruno Garcia 02 00001103
924,2026-01-30,1050,Cuentas por cobrar,44080.00,0.00,Registro venta INV-00116,INV-00116,CC-100 Operaciones,Bruno Garcia 02 00001103
925,2026-03-10,2100,Cuentas por pagar,0.00,58700.64,Registro factura INV-00354,INV-00354,CC-100 Operaciones,Diego Luna 10 00001103
926,2026-04-01,5000,Gastos operativos,65831.00,0.00,Registro factura INV-00135,INV-00135,CC-100 Operaciones,Bruno Garcia 02 00001103
927,2026-02-05,5000,Gastos operativos,33548.00,0.00,Registro factura INV-00240,INV-00240,CC-100 Operaciones,Elena Mora 05 00001103
928,2026-04-23,2100,Cuentas por pagar,29532.44,0.00,Pago factura INV-00075,INV-00075,CC-100 Operaciones,Bruno Garcia 02 00001103
929,2026-05-10,2100,Cuentas por pagar,0.00,36775.48,Registro factura INV-00014,INV-00014,CC-100 Operaciones,Ana Ruiz 01 00001103
930,2026-03-07,1020,Bancos,0.00,79920.52,Pago factura INV-00223,INV-00223,CC-100 Operaciones,Bruno Garcia 02 00001103
931,2026-02-02,5000,Gastos operativos,52775.00,0.00,Registro factura INV-00031,INV-00031,CC-100 Operaciones,Fabian Rios 06 00001103
932,2026-06-21,5000,Gastos operativos,30928.00,0.00,Registro factura INV-00047,INV-00047,CC-100 Operaciones,Elena Mora 05 00001103
933,2026-05-06,1180,IVA acreditable,6916.64,0.00,Registro factura INV-00059,INV-00059,CC-100 Operaciones,Ana Ruiz 07 00001103
934,2026-06-05,2100,Cuentas por pagar,27972.24,0.00,Pago factura INV-00101,INV-00101,CC-100 Operaciones,Bruno Garcia 02 00001103
935,2026-02-10,1180,IVA acreditable,8384.00,0.00,Registro factura INV-00205,INV-00205,CC-100 Operaciones,Bruno Garcia 08 00001103
936,2026-03-13,1020,Bancos,0.00,77772.20,Pago factura INV-00248,INV-00248,CC-100 Operaciones,Bruno Garcia 02 00001103
937,2026-05-19,2100,Cuentas por pagar,104583.28,0.00,Pago factura INV-00088,INV-00088,CC-100 Operaciones,Bruno Garcia 02 00001103
938,2026-05-07,1020,Bancos,0.00,101245.96,Pago factura INV-00359,INV-00359,CC-100 Operaciones,Bruno Garcia 02 00001103
939,2026-06-29,2100,Cuentas por pagar,24748.60,0.00,Pago factura INV-00263,INV-00263,CC-100 Operaciones,Bruno Garcia 02 00001103
940,2026-02-23,1020,Bancos,0.00,91883.60,Pago factura INV-00049,INV-00049,CC-100 Operaciones,Bruno Garcia 02 00001103
941,2026-03-23,2100,Cuentas por pagar,0.00,104794.40,Registro factura INV-00228,INV-00228,CC-100 Operaciones,Elena Mora 05 00001103
942,2026-06-30,2100,Cuentas por pagar,54249.72,0.00,Pago factura INV-00146,INV-00146,CC-100 Operaciones,Bruno Garcia 02 00001103
943,2026-04-18,2100,Cuentas por pagar,57937.36,0.00,Pago factura INV-00111,INV-00111,CC-100 Operaciones,Bruno Garcia 02 00001103
944,2026-06-22,1020,Bancos,0.00,61891.80,Pago factura INV-00352,INV-00352,CC-100 Operaciones,Bruno Garcia 02 00001103
945,2026-01-10,5000,Gastos operativos,36748.00,0.00,Registro factura INV-00275,INV-00275,CC-100 Operaciones,Ana Ruiz 07 00001103
946,2026-03-15,2100,Cuentas por pagar,35644.48,0.00,Pago factura INV-00326,INV-00326,CC-100 Operaciones,Bruno Garcia 02 00001103
947,2026-05-08,5000,Gastos operativos,68037.00,0.00,Registro factura INV-00065,INV-00065,CC-100 Operaciones,Carla Soto 09 00001103
948,2026-02-11,5000,Gastos operativos,76415.00,0.00,Registro factura INV-00303,INV-00303,CC-100 Operaciones,Diego Luna 10 00001103
949,2026-01-19,5000,Gastos operativos,22500.00,0.00,Registro factura INV-00360,INV-00360,CC-100 Operaciones,Carla Soto 09 00001103
950,2026-03-01,5000,Gastos operativos,35235.00,0.00,Registro factura INV-00134,INV-00134,CC-100 Operaciones,Carla Soto 03 00001103
951,2026-02-12,2100,Cuentas por pagar,61219.00,0.00,Pago factura INV-00031,INV-00031,CC-100 Operaciones,Bruno Garcia 02 00001103
952,2026-04-30,2100,Cuentas por pagar,47996.16,0.00,Pago factura INV-00129,INV-00129,CC-100 Operaciones,Bruno Garcia 02 00001103
953,2026-01-31,5000,Gastos operativos,26695.00,0.00,Registro factura INV-00209,INV-00209,CC-100 Operaciones,Diego Luna 04 00001103
954,2026-05-19,1180,IVA acreditable,11009.60,0.00,Registro factura INV-00234,INV-00234,CC-100 Operaciones,Bruno Garcia 02 00001103
955,2026-03-23,2100,Cuentas por pagar,20636.40,0.00,Pago factura INV-00043,INV-00043,CC-100 Operaciones,Bruno Garcia 02 00001103
956,2026-04-13,1180,IVA acreditable,10041.76,0.00,Registro factura INV-00343,INV-00343,CC-100 Operaciones,Diego Luna 10 00001103
957,2026-06-23,1180,IVA acreditable,10467.68,0.00,Registro factura INV-00231,INV-00231,CC-100 Operaciones,Ana Ruiz 07 00001103
958,2026-01-31,2100,Cuentas por pagar,0.00,30966.20,Registro factura INV-00209,INV-00209,CC-100 Operaciones,Diego Luna 04 00001103
959,2026-03-30,5000,Gastos operativos,23514.00,0.00,Registro factura INV-00192,INV-00192,CC-100 Operaciones,Bruno Garcia 08 00001103
960,2026-02-25,1020,Bancos,71340.00,0.00,Cobro factura INV-00044,INV-00044,CC-100 Operaciones,Bruno Garcia 02 00001103
961,2026-01-05,2100,Cuentas por pagar,0.00,38915.68,Registro factura INV-00252,INV-00252,CC-100 Operaciones,Diego Luna 04 00001103
962,2026-02-25,2100,Cuentas por pagar,0.00,63762.88,Registro factura INV-00210,INV-00210,CC-100 Operaciones,Ana Ruiz 07 00001103
963,2026-05-20,1020,Bancos,0.00,36775.48,Pago factura INV-00014,INV-00014,CC-100 Operaciones,Bruno Garcia 02 00001103
964,2026-03-12,1180,IVA acreditable,3651.84,0.00,Registro factura INV-00073,INV-00073,CC-100 Operaciones,Diego Luna 04 00001103
965,2026-03-03,5000,Gastos operativos,67045.00,0.00,Registro factura INV-00248,INV-00248,CC-100 Operaciones,Elena Mora 05 00001103
966,2026-04-05,1180,IVA acreditable,4983.68,0.00,Registro factura INV-00012,INV-00012,CC-100 Operaciones,Elena Mora 05 00001103
967,2026-06-04,2100,Cuentas por pagar,0.00,65850.88,Registro factura INV-00005,INV-00005,CC-100 Operaciones,Diego Luna 04 00001103
968,2026-04-07,1180,IVA acreditable,10521.60,0.00,Registro factura INV-00189,INV-00189,CC-100 Operaciones,Bruno Garcia 08 00001103
969,2026-04-04,1180,IVA acreditable,5308.80,0.00,Registro factura INV-00021,INV-00021,CC-100 Operaciones,Ana Ruiz 01 00001103
970,2026-03-25,2100,Cuentas por pagar,25748.52,0.00,Pago factura INV-00353,INV-00353,CC-100 Operaciones,Bruno Garcia 02 00001103
971,2026-02-16,1180,IVA acreditable,2935.52,0.00,Registro factura INV-00315,INV-00315,CC-100 Operaciones,Fabian Rios 06 00001103
972,2026-02-16,1050,Cuentas por cobrar,71340.00,0.00,Registro venta INV-00044,INV-00044,CC-100 Operaciones,Bruno Garcia 02 00001103
973,2026-04-20,5000,Gastos operativos,53075.00,0.00,Registro factura INV-00190,INV-00190,CC-100 Operaciones,Carla Soto 03 00001103
974,2026-05-29,1020,Bancos,0.00,79819.60,Pago factura INV-00234,INV-00234,CC-100 Operaciones,Bruno Garcia 02 00001103
975,2026-04-19,1180,IVA acreditable,6716.96,0.00,Registro factura INV-00032,INV-00032,CC-100 Operaciones,Bruno Garcia 08 00001103
976,2026-04-22,2100,Cuentas por pagar,20436.88,0.00,Pago factura INV-00255,INV-00255,CC-100 Operaciones,Bruno Garcia 02 00001103
977,2026-04-10,2100,Cuentas por pagar,35269.80,0.00,Pago factura INV-00342,INV-00342,CC-100 Operaciones,Bruno Garcia 02 00001103
978,2026-05-01,2100,Cuentas por pagar,0.00,108557.44,Registro factura INV-00233,INV-00233,CC-100 Operaciones,Diego Luna 04 00001103
979,2026-05-10,5000,Gastos operativos,31703.00,0.00,Registro factura INV-00014,INV-00014,CC-100 Operaciones,Ana Ruiz 01 00001103
980,2026-01-17,5000,Gastos operativos,77143.00,0.00,Registro factura INV-00112,INV-00112,CC-100 Operaciones,Bruno Garcia 02 00001103
981,2026-06-12,2100,Cuentas por pagar,0.00,61891.80,Registro factura INV-00352,INV-00352,CC-100 Operaciones,Fabian Rios 06 00001103
982,2026-02-15,2100,Cuentas por pagar,0.00,16625.12,Registro factura INV-00018,INV-00018,CC-100 Operaciones,Ana Ruiz 01 00001103
983,2026-05-15,2100,Cuentas por pagar,105386.00,0.00,Pago factura INV-00164,INV-00164,CC-100 Operaciones,Bruno Garcia 02 00001103
984,2026-01-24,1020,Bancos,0.00,107571.44,Pago factura INV-00201,INV-00201,CC-100 Operaciones,Bruno Garcia 02 00001103
985,2026-02-25,1020,Bancos,0.00,84719.44,Pago factura INV-00162,INV-00162,CC-100 Operaciones,Bruno Garcia 02 00001103
986,2026-02-09,2100,Cuentas por pagar,0.00,41086.04,Registro factura INV-00098,INV-00098,CC-100 Operaciones,Ana Ruiz 01 00001103
987,2026-06-15,1020,Bancos,0.00,36131.68,Pago factura INV-00006,INV-00006,CC-100 Operaciones,Bruno Garcia 02 00001103
988,2026-03-22,2100,Cuentas por pagar,26475.84,0.00,Pago factura INV-00073,INV-00073,CC-100 Operaciones,Bruno Garcia 02 00001103
989,2026-06-01,1020,Bancos,0.00,44001.12,Pago factura INV-00121,INV-00121,CC-100 Operaciones,Bruno Garcia 02 00001103
990,2026-03-18,1020,Bancos,0.00,14059.20,Pago factura INV-00212,INV-00212,CC-100 Operaciones,Bruno Garcia 02 00001103
991,2026-04-20,1020,Bancos,0.00,62934.64,Pago factura INV-00267,INV-00267,CC-100 Operaciones,Bruno Garcia 02 00001103
992,2026-04-18,1180,IVA acreditable,5154.72,0.00,Registro factura INV-00211,INV-00211,CC-100 Operaciones,Ana Ruiz 01 00001103
993,2026-05-09,1020,Bancos,0.00,66539.92,Pago factura INV-00317,INV-00317,CC-100 Operaciones,Bruno Garcia 02 00001103
994,2026-06-13,2100,Cuentas por pagar,52067.76,0.00,Pago factura INV-00010,INV-00010,CC-100 Operaciones,Bruno Garcia 02 00001103
995,2026-04-17,1020,Bancos,0.00,19030.96,Pago factura INV-00091,INV-00091,CC-100 Operaciones,Bruno Garcia 02 00001103
996,2026-06-03,2100,Cuentas por pagar,0.00,52067.76,Registro factura INV-00010,INV-00010,CC-100 Operaciones,Ana Ruiz 07 00001103
997,2026-01-05,1180,IVA acreditable,4983.68,0.00,Registro factura INV-00268,INV-00268,CC-100 Operaciones,Bruno Garcia 02 00001103
998,2026-04-10,1180,IVA acreditable,3061.28,0.00,Registro factura INV-00172,INV-00172,CC-100 Operaciones,Carla Soto 09 00001103
999,2026-03-11,2100,Cuentas por pagar,0.00,24969.00,Registro factura INV-00284,INV-00284,CC-100 Operaciones,Ana Ruiz 07 00001103
1000,2026-06-28,1180,IVA acreditable,15130.88,0.00,Registro factura INV-00294,INV-00294,CC-100 Operaciones,Bruno Garcia 08 00001103
1001,2026-06-07,1180,IVA acreditable,5867.36,0.00,Registro factura INV-00227,INV-00227,CC-100 Operaciones,Carla Soto 03 00001103
1002,2026-05-18,2100,Cuentas por pagar,0.00,43647.32,Registro factura INV-00165,INV-00165,CC-100 Operaciones,Elena Mora 05 00001103
1003,2026-05-09,2100,Cuentas por pagar,38167.48,0.00,Pago factura INV-00082,INV-00082,CC-100 Operaciones,Bruno Garcia 02 00001103
1004,2026-01-19,1180,IVA acreditable,3600.00,0.00,Registro factura INV-00360,INV-00360,CC-100 Operaciones,Carla Soto 09 00001103
1005,2026-02-19,1020,Bancos,0.00,58849.12,Pago factura INV-00274,INV-00274,CC-100 Operaciones,Bruno Garcia 02 00001103
1006,2026-04-28,2100,Cuentas por pagar,37371.72,0.00,Pago factura INV-00211,INV-00211,CC-100 Operaciones,Bruno Garcia 02 00001103
1007,2026-03-12,2100,Cuentas por pagar,21679.00,0.00,Pago factura INV-00108,INV-00108,CC-100 Operaciones,Bruno Garcia 02 00001103
1008,2026-05-31,2100,Cuentas por pagar,52861.20,0.00,Pago factura INV-00046,INV-00046,CC-100 Operaciones,Bruno Garcia 02 00001103
1009,2026-04-07,2100,Cuentas por pagar,0.00,19030.96,Registro factura INV-00091,INV-00091,CC-100 Operaciones,Diego Luna 10 00001103
1010,2026-05-31,2100,Cuentas por pagar,0.00,99496.68,Registro factura INV-00085,INV-00085,CC-100 Operaciones,Diego Luna 10 00001103
1011,2026-04-01,1020,Bancos,0.00,59394.32,Pago factura INV-00221,INV-00221,CC-100 Operaciones,Bruno Garcia 02 00001103
1012,2026-05-19,5000,Gastos operativos,68810.00,0.00,Registro factura INV-00234,INV-00234,CC-100 Operaciones,Bruno Garcia 02 00001103
1013,2026-04-15,5000,Gastos operativos,21630.00,0.00,Registro factura INV-00145,INV-00145,CC-100 Operaciones,Bruno Garcia 02 00001103
1014,2026-02-21,2100,Cuentas por pagar,0.00,86186.84,Registro factura INV-00143,INV-00143,CC-100 Operaciones,Carla Soto 09 00001103
1015,2026-02-26,2100,Cuentas por pagar,0.00,97578.04,Registro factura INV-00035,INV-00035,CC-100 Operaciones,Bruno Garcia 02 00001103
1016,2026-04-11,2100,Cuentas por pagar,76363.96,0.00,Pago factura INV-00135,INV-00135,CC-100 Operaciones,Bruno Garcia 02 00001103
1017,2026-01-21,2100,Cuentas por pagar,42587.08,0.00,Pago factura INV-00076,INV-00076,CC-100 Operaciones,Bruno Garcia 02 00001103
1018,2026-05-24,2100,Cuentas por pagar,0.00,42450.20,Registro factura INV-00246,INV-00246,CC-100 Operaciones,Carla Soto 03 00001103
1019,2026-01-12,5000,Gastos operativos,84091.00,0.00,Registro factura INV-00285,INV-00285,CC-100 Operaciones,Ana Ruiz 01 00001103
1020,2026-06-30,2100,Cuentas por pagar,65188.52,0.00,Pago factura INV-00296,INV-00296,CC-100 Operaciones,Bruno Garcia 02 00001103
1021,2026-04-25,2100,Cuentas por pagar,0.00,33939.28,Registro factura INV-00316,INV-00316,CC-100 Operaciones,Bruno Garcia 08 00001103
1022,2026-04-15,2100,Cuentas por pagar,0.00,25090.80,Registro factura INV-00145,INV-00145,CC-100 Operaciones,Bruno Garcia 02 00001103
1023,2026-03-10,2100,Cuentas por pagar,101078.92,0.00,Pago factura INV-00051,INV-00051,CC-100 Operaciones,Bruno Garcia 02 00001103
1024,2026-02-20,1180,IVA acreditable,5887.52,0.00,Registro factura INV-00262,INV-00262,CC-100 Operaciones,Bruno Garcia 02 00001103
1025,2026-02-08,1020,Bancos,0.00,94624.68,Pago factura INV-00176,INV-00176,CC-100 Operaciones,Bruno Garcia 02 00001103
1026,2026-04-22,2100,Cuentas por pagar,0.00,107574.92,Registro factura INV-00166,INV-00166,CC-100 Operaciones,Ana Ruiz 07 00001103
1027,2026-02-04,1020,Bancos,0.00,45118.20,Pago factura INV-00204,INV-00204,CC-100 Operaciones,Bruno Garcia 02 00001103
1028,2026-01-20,2100,Cuentas por pagar,0.00,35608.52,Registro factura INV-00156,INV-00156,CC-100 Operaciones,Ana Ruiz 01 00001103
1029,2026-02-18,2100,Cuentas por pagar,0.00,50425.20,Registro factura INV-00198,INV-00198,CC-100 Operaciones,Diego Luna 10 00001103
1030,2026-03-01,1180,IVA acreditable,6626.08,0.00,Registro factura INV-00171,INV-00171,CC-100 Operaciones,Ana Ruiz 01 00001103
1031,2026-06-09,5000,Gastos operativos,48451.00,0.00,Registro factura INV-00306,INV-00306,CC-100 Operaciones,Elena Mora 05 00001103
1032,2026-06-06,2100,Cuentas por pagar,67977.16,0.00,Pago factura INV-00149,INV-00149,CC-100 Operaciones,Bruno Garcia 02 00001103
1033,2026-05-31,1180,IVA acreditable,13723.68,0.00,Registro factura INV-00085,INV-00085,CC-100 Operaciones,Diego Luna 10 00001103
1034,2026-06-30,1020,Bancos,0.00,80368.28,Pago factura INV-00003,INV-00003,CC-100 Operaciones,Bruno Garcia 02 00001103
1035,2026-05-15,1180,IVA acreditable,7438.08,0.00,Registro factura INV-00304,INV-00304,CC-100 Operaciones,Fabian Rios 06 00001103
1036,2026-05-13,2100,Cuentas por pagar,28082.44,0.00,Pago factura INV-00310,INV-00310,CC-100 Operaciones,Bruno Garcia 02 00001103
1037,2026-03-26,1020,Bancos,0.00,32025.28,Pago factura INV-00329,INV-00329,CC-100 Operaciones,Bruno Garcia 02 00001103
1038,2026-06-13,5000,Gastos operativos,53853.00,0.00,Registro factura INV-00009,INV-00009,CC-100 Operaciones,Carla Soto 03 00001103
1039,2026-05-21,2100,Cuentas por pagar,18034.52,0.00,Pago factura INV-00220,INV-00220,CC-100 Operaciones,Bruno Garcia 02 00001103
1040,2026-06-30,1020,Bancos,0.00,80556.20,Pago factura INV-00283,INV-00283,CC-100 Operaciones,Bruno Garcia 02 00001103
1041,2026-01-23,5000,Gastos operativos,47271.00,0.00,Registro factura INV-00078,INV-00078,CC-100 Operaciones,Bruno Garcia 02 00001103
1042,2026-04-14,1180,IVA acreditable,6089.60,0.00,Registro factura INV-00017,INV-00017,CC-100 Operaciones,Ana Ruiz 07 00001103
1043,2026-02-02,1020,Bancos,0.00,72651.96,Pago factura INV-00330,INV-00330,CC-100 Operaciones,Bruno Garcia 02 00001103
1044,2026-05-22,2100,Cuentas por pagar,52877.44,0.00,Pago factura INV-00139,INV-00139,CC-100 Operaciones,Bruno Garcia 02 00001103
1045,2026-02-19,2100,Cuentas por pagar,0.00,44272.56,Registro factura INV-00144,INV-00144,CC-100 Operaciones,Elena Mora 05 00001103
1046,2026-06-14,5000,Gastos operativos,81097.00,0.00,Registro factura INV-00022,INV-00022,CC-100 Operaciones,Bruno Garcia 08 00001103
1047,2026-06-17,5000,Gastos operativos,57013.00,0.00,Registro factura INV-00217,INV-00217,CC-100 Operaciones,Carla Soto 09 00001103
1048,2026-06-04,5000,Gastos operativos,72076.00,0.00,Registro factura INV-00175,INV-00175,CC-100 Operaciones,Fabian Rios 06 00001103
1049,2026-04-05,1020,Bancos,0.00,27029.16,Pago factura INV-00151,INV-00151,CC-100 Operaciones,Bruno Garcia 02 00001103
1050,2026-04-14,5000,Gastos operativos,62534.00,0.00,Registro factura INV-00170,INV-00170,CC-100 Operaciones,Elena Mora 05 00001103
1051,2026-04-03,1020,Bancos,0.00,40656.84,Pago factura INV-00057,INV-00057,CC-100 Operaciones,Bruno Garcia 02 00001103
1052,2026-04-18,2100,Cuentas por pagar,0.00,109417.00,Registro factura INV-00243,INV-00243,CC-100 Operaciones,Carla Soto 09 00001103
1053,2026-06-21,1020,Bancos,0.00,90771.16,Pago factura INV-00077,INV-00077,CC-100 Operaciones,Bruno Garcia 02 00001103
1054,2026-02-27,2100,Cuentas por pagar,22913.48,0.00,Pago factura INV-00193,INV-00193,CC-100 Operaciones,Bruno Garcia 02 00001103
1055,2026-05-03,2100,Cuentas por pagar,0.00,89970.76,Registro factura INV-00040,INV-00040,CC-100 Operaciones,Bruno Garcia 08 00001103
1056,2026-05-22,1180,IVA acreditable,6069.12,0.00,Registro factura INV-00121,INV-00121,CC-100 Operaciones,Carla Soto 09 00001103
1057,2026-04-06,1020,Bancos,0.00,91034.48,Pago factura INV-00041,INV-00041,CC-100 Operaciones,Bruno Garcia 02 00001103
1058,2026-04-10,5000,Gastos operativos,54254.00,0.00,Registro factura INV-00267,INV-00267,CC-100 Operaciones,Ana Ruiz 01 00001103
1059,2026-06-10,1020,Bancos,0.00,99045.44,Pago factura INV-00140,INV-00140,CC-100 Operaciones,Bruno Garcia 02 00001103
1060,2026-05-02,5000,Gastos operativos,49995.00,0.00,Registro factura INV-00337,INV-00337,CC-100 Operaciones,Carla Soto 03 00001103
1061,2026-05-16,2100,Cuentas por pagar,0.00,105968.32,Registro factura INV-00309,INV-00309,CC-100 Operaciones,Ana Ruiz 01 00001103
1062,2026-04-02,1180,IVA acreditable,10544.64,0.00,Registro factura INV-00039,INV-00039,CC-100 Operaciones,Carla Soto 09 00001103
1063,2026-03-18,1180,IVA acreditable,6153.28,0.00,Registro factura INV-00253,INV-00253,CC-100 Operaciones,Bruno Garcia 02 00001103
1064,2026-01-30,2100,Cuentas por pagar,0.00,75684.20,Registro factura INV-00169,INV-00169,CC-100 Operaciones,Ana Ruiz 07 00001103
1065,2026-03-26,1180,IVA acreditable,3728.16,0.00,Registro factura INV-00151,INV-00151,CC-100 Operaciones,Bruno Garcia 02 00001103
1066,2026-01-28,1180,IVA acreditable,14004.00,0.00,Registro factura INV-00264,INV-00264,CC-100 Operaciones,Carla Soto 03 00001103
1067,2026-03-03,1020,Bancos,0.00,86186.84,Pago factura INV-00143,INV-00143,CC-100 Operaciones,Bruno Garcia 02 00001103
1068,2026-03-06,2100,Cuentas por pagar,47228.24,0.00,Pago factura INV-00250,INV-00250,CC-100 Operaciones,Bruno Garcia 02 00001103
1069,2026-06-27,1020,Bancos,0.00,66135.08,Pago factura INV-00217,INV-00217,CC-100 Operaciones,Bruno Garcia 02 00001103
1070,2026-03-05,5000,Gastos operativos,39556.00,0.00,Registro factura INV-00213,INV-00213,CC-100 Operaciones,Diego Luna 10 00001103
1071,2026-06-03,1180,IVA acreditable,7181.76,0.00,Registro factura INV-00010,INV-00010,CC-100 Operaciones,Ana Ruiz 07 00001103
1072,2026-05-04,1180,IVA acreditable,13536.48,0.00,Registro factura INV-00341,INV-00341,CC-100 Operaciones,Elena Mora 05 00001103
1073,2026-03-28,1020,Bancos,0.00,73962.76,Pago factura INV-00058,INV-00058,CC-100 Operaciones,Bruno Garcia 02 00001103
1074,2026-03-01,2100,Cuentas por pagar,44272.56,0.00,Pago factura INV-00144,INV-00144,CC-100 Operaciones,Bruno Garcia 02 00001103
1075,2026-04-27,1180,IVA acreditable,13964.96,0.00,Registro factura INV-00359,INV-00359,CC-100 Operaciones,Diego Luna 10 00001103
1076,2026-05-21,2100,Cuentas por pagar,0.00,52861.20,Registro factura INV-00046,INV-00046,CC-100 Operaciones,Bruno Garcia 02 00001103
1077,2026-06-08,5000,Gastos operativos,82827.00,0.00,Registro factura INV-00126,INV-00126,CC-100 Operaciones,Diego Luna 10 00001103
1078,2026-06-18,2100,Cuentas por pagar,0.00,44779.48,Registro factura INV-00131,INV-00131,CC-100 Operaciones,Diego Luna 04 00001103
1079,2026-01-12,1180,IVA acreditable,13454.56,0.00,Registro factura INV-00285,INV-00285,CC-100 Operaciones,Ana Ruiz 01 00001103
1080,2026-01-29,1020,Bancos,0.00,78295.36,Pago factura INV-00026,INV-00026,CC-100 Operaciones,Bruno Garcia 02 00001103
1081,2026-02-01,5000,Gastos operativos,15592.00,0.00,Registro factura INV-00042,INV-00042,CC-100 Operaciones,Carla Soto 09 00001103
1082,2026-04-29,1020,Bancos,0.00,87720.36,Pago factura INV-00244,INV-00244,CC-100 Operaciones,Bruno Garcia 02 00001103
1083,2026-01-27,1020,Bancos,0.00,103884.96,Pago factura INV-00311,INV-00311,CC-100 Operaciones,Bruno Garcia 02 00001103
1084,2026-05-24,2100,Cuentas por pagar,51860.12,0.00,Pago factura INV-00048,INV-00048,CC-100 Operaciones,Bruno Garcia 02 00001103
1085,2026-01-29,2100,Cuentas por pagar,78295.36,0.00,Pago factura INV-00026,INV-00026,CC-100 Operaciones,Bruno Garcia 02 00001103
1086,2026-06-16,2100,Cuentas por pagar,0.00,42627.68,Registro factura INV-00301,INV-00301,CC-100 Operaciones,Bruno Garcia 02 00001103
1087,2026-02-28,1020,Bancos,0.00,51024.92,Pago factura INV-00278,INV-00278,CC-100 Operaciones,Bruno Garcia 02 00001103
1088,2026-05-31,2100,Cuentas por pagar,81405.32,0.00,Pago factura INV-00071,INV-00071,CC-100 Operaciones,Bruno Garcia 02 00001103
1089,2026-05-25,5000,Gastos operativos,74398.00,0.00,Registro factura INV-00333,INV-00333,CC-100 Operaciones,Bruno Garcia 08 00001103
1090,2026-02-01,1180,IVA acreditable,5890.24,0.00,Registro factura INV-00119,INV-00119,CC-100 Operaciones,Ana Ruiz 01 00001103
1091,2026-02-17,1020,Bancos,0.00,56833.04,Pago factura INV-00206,INV-00206,CC-100 Operaciones,Bruno Garcia 02 00001103
1092,2026-06-02,1020,Bancos,0.00,102979.00,Pago factura INV-00120,INV-00120,CC-100 Operaciones,Bruno Garcia 02 00001103
1093,2026-06-09,1020,Bancos,0.00,52746.36,Pago factura INV-00122,INV-00122,CC-100 Operaciones,Bruno Garcia 02 00001103
1094,2026-02-17,1180,IVA acreditable,10132.32,0.00,Registro factura INV-00063,INV-00063,CC-100 Operaciones,Elena Mora 05 00001103
1095,2026-04-13,5000,Gastos operativos,25459.00,0.00,Registro factura INV-00075,INV-00075,CC-100 Operaciones,Bruno Garcia 08 00001103
1096,2026-01-17,2100,Cuentas por pagar,0.00,103884.96,Registro factura INV-00311,INV-00311,CC-100 Operaciones,Diego Luna 04 00001103
1097,2026-05-21,1180,IVA acreditable,7291.20,0.00,Registro factura INV-00046,INV-00046,CC-100 Operaciones,Bruno Garcia 02 00001103
1098,2026-06-09,5000,Gastos operativos,70083.00,0.00,Registro factura INV-00086,INV-00086,CC-100 Operaciones,Ana Ruiz 07 00001103
1099,2026-02-02,1020,Bancos,0.00,54834.36,Pago factura INV-00078,INV-00078,CC-100 Operaciones,Bruno Garcia 02 00001103
1100,2026-03-09,1180,IVA acreditable,9595.52,0.00,Registro factura INV-00117,INV-00117,CC-100 Operaciones,Carla Soto 03 00001103
1101,2026-03-10,5000,Gastos operativos,50604.00,0.00,Registro factura INV-00354,INV-00354,CC-100 Operaciones,Diego Luna 10 00001103
1102,2026-02-25,2100,Cuentas por pagar,16625.12,0.00,Pago factura INV-00018,INV-00018,CC-100 Operaciones,Bruno Garcia 02 00001103
1103,2026-05-05,1020,Bancos,0.00,32555.40,Pago factura INV-00226,INV-00226,CC-100 Operaciones,Bruno Garcia 02 00001103
1104,2026-01-29,5000,Gastos operativos,52745.00,0.00,Registro factura INV-00332,INV-00332,CC-100 Operaciones,Diego Luna 10 00001103
1105,2026-03-08,1020,Bancos,0.00,92918.32,Pago factura INV-00036,INV-00036,CC-100 Operaciones,Bruno Garcia 02 00001103
1106,2026-05-16,2100,Cuentas por pagar,0.00,20994.84,Registro factura INV-00237,INV-00237,CC-100 Operaciones,Carla Soto 03 00001103
1107,2026-05-24,1180,IVA acreditable,13374.40,0.00,Registro factura INV-00183,INV-00183,CC-100 Operaciones,Elena Mora 05 00001103
1108,2026-05-04,2100,Cuentas por pagar,53260.24,0.00,Pago factura INV-00038,INV-00038,CC-100 Operaciones,Bruno Garcia 02 00001103
1109,2026-04-25,1180,IVA acreditable,4490.40,0.00,Registro factura INV-00226,INV-00226,CC-100 Operaciones,Fabian Rios 06 00001103
1110,2026-05-04,5000,Gastos operativos,84603.00,0.00,Registro factura INV-00341,INV-00341,CC-100 Operaciones,Elena Mora 05 00001103
1111,2026-01-23,1020,Bancos,0.00,18353.99,Pago factura INV-00232,INV-00232,CC-100 Operaciones,Bruno Garcia 02 00001103
1112,2026-04-17,1020,Bancos,0.00,76281.60,Pago factura INV-00189,INV-00189,CC-100 Operaciones,Bruno Garcia 02 00001103
1113,2026-04-04,1020,Bancos,0.00,91800.08,Pago factura INV-00084,INV-00084,CC-100 Operaciones,Bruno Garcia 02 00001103
1114,2026-04-28,2100,Cuentas por pagar,0.00,25209.12,Registro factura INV-00142,INV-00142,CC-100 Operaciones,Elena Mora 05 00001103
1115,2026-03-26,2100,Cuentas por pagar,0.00,27029.16,Registro factura INV-00151,INV-00151,CC-100 Operaciones,Bruno Garcia 02 00001103
1116,2026-03-12,2100,Cuentas por pagar,23349.40,0.00,Pago factura INV-00060,INV-00060,CC-100 Operaciones,Bruno Garcia 02 00001103
1117,2026-05-27,2100,Cuentas por pagar,0.00,67977.16,Registro factura INV-00149,INV-00149,CC-100 Operaciones,Bruno Garcia 02 00001103
1118,2026-01-23,1020,Bancos,0.00,14452.68,Pago factura INV-00268,INV-00268,CC-100 Operaciones,Bruno Garcia 02 00001103
1119,2026-03-27,1180,IVA acreditable,12556.48,0.00,Registro factura INV-00041,INV-00041,CC-100 Operaciones,Ana Ruiz 07 00001103
1120,2026-06-23,1180,IVA acreditable,11108.32,0.00,Registro factura INV-00007,INV-00007,CC-100 Operaciones,Elena Mora 05 00001103
1121,2026-06-01,2100,Cuentas por pagar,0.00,59140.28,Registro factura INV-00052,INV-00052,CC-100 Operaciones,Elena Mora 05 00001103
1122,2026-02-26,1180,IVA acreditable,12816.32,0.00,Registro factura INV-00036,INV-00036,CC-100 Operaciones,Diego Luna 10 00001103
1123,2026-02-08,2100,Cuentas por pagar,0.00,18177.20,Registro factura INV-00159,INV-00159,CC-100 Operaciones,Diego Luna 04 00001103
1124,2026-04-06,1180,IVA acreditable,9352.48,0.00,Registro factura INV-00325,INV-00325,CC-100 Operaciones,Carla Soto 03 00001103
1125,2026-05-25,5000,Gastos operativos,28229.00,0.00,Registro factura INV-00079,INV-00079,CC-100 Operaciones,Diego Luna 10 00001103
1126,2026-05-20,5000,Gastos operativos,75622.00,0.00,Registro factura INV-00335,INV-00335,CC-100 Operaciones,Carla Soto 09 00001103
1127,2026-03-16,2100,Cuentas por pagar,0.00,73459.32,Registro factura INV-00104,INV-00104,CC-100 Operaciones,Fabian Rios 06 00001103
1128,2026-06-05,1180,IVA acreditable,5367.68,0.00,Registro factura INV-00002,INV-00002,CC-100 Operaciones,Carla Soto 09 00001103
1129,2026-03-10,1180,IVA acreditable,8096.64,0.00,Registro factura INV-00354,INV-00354,CC-100 Operaciones,Diego Luna 10 00001103
1130,2026-02-04,1180,IVA acreditable,13637.44,0.00,Registro factura INV-00015,INV-00015,CC-100 Operaciones,Diego Luna 10 00001103
1131,2026-02-13,2100,Cuentas por pagar,43619.48,0.00,Pago factura INV-00178,INV-00178,CC-100 Operaciones,Bruno Garcia 02 00001103
1132,2026-02-11,1020,Bancos,0.00,42704.24,Pago factura INV-00119,INV-00119,CC-100 Operaciones,Bruno Garcia 02 00001103
1133,2026-05-03,1180,IVA acreditable,12409.76,0.00,Registro factura INV-00040,INV-00040,CC-100 Operaciones,Bruno Garcia 08 00001103
1134,2026-03-30,5000,Gastos operativos,41033.00,0.00,Registro factura INV-00344,INV-00344,CC-100 Operaciones,Diego Luna 10 00001103
1135,2026-01-29,2100,Cuentas por pagar,0.00,61184.20,Registro factura INV-00332,INV-00332,CC-100 Operaciones,Diego Luna 10 00001103
1136,2026-06-11,1180,IVA acreditable,14134.08,0.00,Registro factura INV-00125,INV-00125,CC-100 Operaciones,Carla Soto 09 00001103
1137,2026-03-13,2100,Cuentas por pagar,39741.60,0.00,Pago factura INV-00127,INV-00127,CC-100 Operaciones,Bruno Garcia 02 00001103
1138,2026-04-16,2100,Cuentas por pagar,0.00,15791.08,Registro factura INV-00299,INV-00299,CC-100 Operaciones,Carla Soto 09 00001103
1139,2026-01-10,2100,Cuentas por pagar,0.00,42627.68,Registro factura INV-00275,INV-00275,CC-100 Operaciones,Ana Ruiz 07 00001103
1140,2026-02-06,1020,Bancos,0.00,72026.72,Pago factura INV-00261,INV-00261,CC-100 Operaciones,Bruno Garcia 02 00001103
1141,2026-04-01,5000,Gastos operativos,20709.00,0.00,Registro factura INV-00188,INV-00188,CC-100 Operaciones,Diego Luna 10 00001103
1142,2026-06-19,1020,Bancos,0.00,81296.28,Pago factura INV-00086,INV-00086,CC-100 Operaciones,Bruno Garcia 02 00001103
1143,2026-06-26,1180,IVA acreditable,5339.04,0.00,Registro factura INV-00080,INV-00080,CC-100 Operaciones,Bruno Garcia 08 00001103
1144,2026-02-04,1020,Bancos,0.00,48963.60,Pago factura INV-00184,INV-00184,CC-100 Operaciones,Bruno Garcia 02 00001103
1145,2026-05-24,1180,IVA acreditable,5855.20,0.00,Registro factura INV-00246,INV-00246,CC-100 Operaciones,Carla Soto 03 00001103
1146,2026-02-13,1020,Bancos,0.00,101455.92,Pago factura INV-00286,INV-00286,CC-100 Operaciones,Bruno Garcia 02 00001103
1147,2026-01-18,2100,Cuentas por pagar,0.00,83488.68,Registro factura INV-00349,INV-00349,CC-100 Operaciones,Ana Ruiz 01 00001103
1148,2026-02-02,1180,IVA acreditable,8444.00,0.00,Registro factura INV-00031,INV-00031,CC-100 Operaciones,Fabian Rios 06 00001103
1149,2026-04-29,2100,Cuentas por pagar,87720.36,0.00,Pago factura INV-00244,INV-00244,CC-100 Operaciones,Bruno Garcia 02 00001103
1150,2026-04-15,2100,Cuentas por pagar,61517.12,0.00,Pago factura INV-00289,INV-00289,CC-100 Operaciones,Bruno Garcia 02 00001103
1151,2026-02-19,2100,Cuentas por pagar,58849.12,0.00,Pago factura INV-00274,INV-00274,CC-100 Operaciones,Bruno Garcia 02 00001103
1152,2026-04-25,1020,Bancos,0.00,25090.80,Pago factura INV-00145,INV-00145,CC-100 Operaciones,Bruno Garcia 02 00001103
1153,2026-05-05,1180,IVA acreditable,4983.68,0.00,Registro factura INV-00336,INV-00336,CC-100 Operaciones,Fabian Rios 06 00001103
1154,2026-06-27,5000,Gastos operativos,69445.00,0.00,Registro factura INV-00283,INV-00283,CC-100 Operaciones,Carla Soto 03 00001103
1155,2026-01-31,5000,Gastos operativos,37534.00,0.00,Registro factura INV-00130,INV-00130,CC-100 Operaciones,Bruno Garcia 02 00001103
1156,2026-05-29,2100,Cuentas por pagar,82788.04,0.00,Pago factura INV-00147,INV-00147,CC-100 Operaciones,Bruno Garcia 02 00001103
1157,2026-04-13,5000,Gastos operativos,62761.00,0.00,Registro factura INV-00343,INV-00343,CC-100 Operaciones,Diego Luna 10 00001103
1158,2026-05-14,2100,Cuentas por pagar,0.00,102708.72,Registro factura INV-00123,INV-00123,CC-100 Operaciones,Ana Ruiz 07 00001103
1159,2026-02-11,2100,Cuentas por pagar,18086.72,0.00,Pago factura INV-00042,INV-00042,CC-100 Operaciones,Bruno Garcia 02 00001103
1160,2026-05-03,2100,Cuentas por pagar,21366.04,0.00,Pago factura INV-00277,INV-00277,CC-100 Operaciones,Bruno Garcia 02 00001103
1161,2026-01-23,2100,Cuentas por pagar,15566.28,0.00,Pago factura INV-00252,INV-00252,CC-100 Operaciones,Bruno Garcia 02 00001103
1162,2026-01-24,5000,Gastos operativos,14041.00,0.00,Registro factura INV-00249,INV-00249,CC-100 Operaciones,Carla Soto 09 00001103
1163,2026-04-26,2100,Cuentas por pagar,43292.36,0.00,Pago factura INV-00152,INV-00152,CC-100 Operaciones,Bruno Garcia 02 00001103
1164,2026-03-29,5000,Gastos operativos,78713.00,0.00,Registro factura INV-00128,INV-00128,CC-100 Operaciones,Ana Ruiz 01 00001103
1165,2026-06-08,2100,Cuentas por pagar,51285.92,0.00,Pago factura INV-00196,INV-00196,CC-100 Operaciones,Bruno Garcia 02 00001103
1166,2026-03-04,2100,Cuentas por pagar,39301.96,0.00,Pago factura INV-00056,INV-00056,CC-100 Operaciones,Bruno Garcia 02 00001103
1167,2026-06-04,2100,Cuentas por pagar,0.00,83608.16,Registro factura INV-00175,INV-00175,CC-100 Operaciones,Fabian Rios 06 00001103
1168,2026-03-20,1180,IVA acreditable,6798.08,0.00,Registro factura INV-00115,INV-00115,CC-100 Operaciones,Diego Luna 04 00001103
1169,2026-03-03,2100,Cuentas por pagar,86186.84,0.00,Pago factura INV-00143,INV-00143,CC-100 Operaciones,Bruno Garcia 02 00001103
1170,2026-01-28,2100,Cuentas por pagar,0.00,50304.56,Registro factura INV-00034,INV-00034,CC-100 Operaciones,Elena Mora 05 00001103
1171,2026-05-26,2100,Cuentas por pagar,0.00,27972.24,Registro factura INV-00101,INV-00101,CC-100 Operaciones,Elena Mora 05 00001103
1172,2026-06-27,2100,Cuentas por pagar,0.00,80556.20,Registro factura INV-00283,INV-00283,CC-100 Operaciones,Carla Soto 03 00001103
1173,2026-05-28,5000,Gastos operativos,34038.00,0.00,Registro factura INV-00089,INV-00089,CC-100 Operaciones,Carla Soto 09 00001103
1174,2026-04-26,1180,IVA acreditable,8143.20,0.00,Registro factura INV-00050,INV-00050,CC-100 Operaciones,Ana Ruiz 01 00001103
1175,2026-04-03,2100,Cuentas por pagar,0.00,16369.92,Registro factura INV-00235,INV-00235,CC-100 Operaciones,Diego Luna 04 00001103
1176,2026-06-22,1180,IVA acreditable,6504.96,0.00,Registro factura INV-00001,INV-00001,CC-100 Operaciones,Bruno Garcia 02 00001103
1177,2026-01-25,1020,Bancos,0.00,35623.60,Pago factura INV-00070,INV-00070,CC-100 Operaciones,Bruno Garcia 02 00001103
1178,2026-02-13,2100,Cuentas por pagar,101455.92,0.00,Pago factura INV-00286,INV-00286,CC-100 Operaciones,Bruno Garcia 02 00001103
1179,2026-04-21,2100,Cuentas por pagar,79449.56,0.00,Pago factura INV-00345,INV-00345,CC-100 Operaciones,Bruno Garcia 02 00001103
1180,2026-02-12,1020,Bancos,0.00,66043.44,Pago factura INV-00265,INV-00265,CC-100 Operaciones,Bruno Garcia 02 00001103
1181,2026-05-27,5000,Gastos operativos,15827.00,0.00,Registro factura INV-00358,INV-00358,CC-100 Operaciones,Diego Luna 04 00001103
1182,2026-03-18,1020,Bancos,0.00,59966.20,Pago factura INV-00024,INV-00024,CC-100 Operaciones,Bruno Garcia 02 00001103
1183,2026-03-15,5000,Gastos operativos,22197.00,0.00,Registro factura INV-00353,INV-00353,CC-100 Operaciones,Ana Ruiz 01 00001103
1184,2026-04-12,2100,Cuentas por pagar,0.00,85949.04,Registro factura INV-00054,INV-00054,CC-100 Operaciones,Ana Ruiz 01 00001103
1185,2026-04-05,2100,Cuentas por pagar,0.00,38844.92,Registro factura INV-00137,INV-00137,CC-100 Operaciones,Fabian Rios 06 00001103
1186,2026-05-23,1020,Bancos,0.00,15566.28,Pago factura INV-00028,INV-00028,CC-100 Operaciones,Bruno Garcia 02 00001103
1187,2026-02-15,2100,Cuentas por pagar,45884.96,0.00,Pago factura INV-00276,INV-00276,CC-100 Operaciones,Bruno Garcia 02 00001103
1188,2026-04-28,2100,Cuentas por pagar,0.00,68883.12,Registro factura INV-00245,INV-00245,CC-100 Operaciones,Ana Ruiz 07 00001103
1189,2026-01-19,1020,Bancos,0.00,85126.60,Pago factura INV-00182,INV-00182,CC-100 Operaciones,Bruno Garcia 02 00001103
1190,2026-06-06,1180,IVA acreditable,3953.28,0.00,Registro factura INV-00313,INV-00313,CC-100 Operaciones,Fabian Rios 06 00001103
1191,2026-03-19,2100,Cuentas por pagar,0.00,49985.56,Registro factura INV-00290,INV-00290,CC-100 Operaciones,Carla Soto 09 00001103
1192,2026-06-08,1020,Bancos,0.00,51285.92,Pago factura INV-00196,INV-00196,CC-100 Operaciones,Bruno Garcia 02 00001103
1193,2026-03-27,2100,Cuentas por pagar,31317.68,0.00,Pago factura INV-00273,INV-00273,CC-100 Operaciones,Bruno Garcia 02 00001103
1194,2026-03-26,2100,Cuentas por pagar,0.00,14210.00,Registro factura INV-00157,INV-00157,CC-100 Operaciones,Diego Luna 04 00001103
1195,2026-04-27,1180,IVA acreditable,7434.72,0.00,Registro factura INV-00103,INV-00103,CC-100 Operaciones,Bruno Garcia 08 00001103
1196,2026-03-17,5000,Gastos operativos,26998.00,0.00,Registro factura INV-00273,INV-00273,CC-100 Operaciones,Carla Soto 03 00001103
1197,2026-05-02,1020,Bancos,0.00,85199.68,Pago factura INV-00256,INV-00256,CC-100 Operaciones,Bruno Garcia 02 00001103
1198,2026-06-30,1020,Bancos,0.00,35876.48,Pago factura INV-00047,INV-00047,CC-100 Operaciones,Bruno Garcia 02 00001103
1199,2026-06-30,2100,Cuentas por pagar,25524.64,0.00,Pago factura INV-00287,INV-00287,CC-100 Operaciones,Bruno Garcia 02 00001103
1200,2026-02-28,5000,Gastos operativos,87137.00,0.00,Registro factura INV-00051,INV-00051,CC-100 Operaciones,Diego Luna 04 00001103
1201,2026-06-10,5000,Gastos operativos,12749.00,0.00,Registro factura INV-00055,INV-00055,CC-100 Operaciones,Diego Luna 04 00001103
1202,2026-03-28,2100,Cuentas por pagar,0.00,72803.92,Registro factura INV-00160,INV-00160,CC-100 Operaciones,Fabian Rios 06 00001103
1203,2026-04-02,1020,Bancos,0.00,104794.40,Pago factura INV-00228,INV-00228,CC-100 Operaciones,Bruno Garcia 02 00001103
1204,2026-03-24,1180,IVA acreditable,5607.84,0.00,Registro factura INV-00057,INV-00057,CC-100 Operaciones,Bruno Garcia 08 00001103
1205,2026-06-14,2100,Cuentas por pagar,0.00,94072.52,Registro factura INV-00022,INV-00022,CC-100 Operaciones,Bruno Garcia 08 00001103
1206,2026-03-13,2100,Cuentas por pagar,77772.20,0.00,Pago factura INV-00248,INV-00248,CC-100 Operaciones,Bruno Garcia 02 00001103
1207,2026-05-15,1020,Bancos,0.00,105386.00,Pago factura INV-00164,INV-00164,CC-100 Operaciones,Bruno Garcia 02 00001103
1208,2026-03-18,1180,IVA acreditable,10201.76,0.00,Registro factura INV-00058,INV-00058,CC-100 Operaciones,Diego Luna 10 00001103
1209,2026-03-01,1020,Bancos,0.00,48551.80,Pago factura INV-00008,INV-00008,CC-100 Operaciones,Bruno Garcia 02 00001103
1210,2026-05-22,2100,Cuentas por pagar,95165.24,0.00,Pago factura INV-00061,INV-00061,CC-100 Operaciones,Bruno Garcia 02 00001103
1211,2026-03-23,1180,IVA acreditable,12912.96,0.00,Registro factura INV-00302,INV-00302,CC-100 Operaciones,Carla Soto 03 00001103
1212,2026-02-19,5000,Gastos operativos,38166.00,0.00,Registro factura INV-00144,INV-00144,CC-100 Operaciones,Elena Mora 05 00001103
1213,2026-02-26,2100,Cuentas por pagar,0.00,92918.32,Registro factura INV-00036,INV-00036,CC-100 Operaciones,Diego Luna 10 00001103
1214,2026-03-15,5000,Gastos operativos,92546.00,0.00,Registro factura INV-00207,INV-00207,CC-100 Operaciones,Carla Soto 03 00001103
1215,2026-02-27,1180,IVA acreditable,3405.12,0.00,Registro factura INV-00260,INV-00260,CC-100 Operaciones,Ana Ruiz 07 00001103
1216,2026-06-26,1180,IVA acreditable,12273.12,0.00,Registro factura INV-00186,INV-00186,CC-100 Operaciones,Fabian Rios 06 00001103
1217,2026-06-11,2100,Cuentas por pagar,59140.28,0.00,Pago factura INV-00052,INV-00052,CC-100 Operaciones,Bruno Garcia 02 00001103
1218,2026-02-01,1180,IVA acreditable,2494.72,0.00,Registro factura INV-00042,INV-00042,CC-100 Operaciones,Carla Soto 09 00001103
1219,2026-05-19,2100,Cuentas por pagar,56164.88,0.00,Pago factura INV-00029,INV-00029,CC-100 Operaciones,Bruno Garcia 02 00001103
1220,2026-03-28,5000,Gastos operativos,44959.00,0.00,Registro factura INV-00161,INV-00161,CC-100 Operaciones,Diego Luna 04 00001103
1221,2026-01-05,2100,Cuentas por pagar,0.00,45884.96,Registro factura INV-00232,INV-00232,CC-100 Operaciones,Bruno Garcia 08 00001103
1222,2026-04-04,2100,Cuentas por pagar,0.00,38488.80,Registro factura INV-00021,INV-00021,CC-100 Operaciones,Ana Ruiz 01 00001103
1223,2026-05-07,2100,Cuentas por pagar,0.00,35509.92,Registro factura INV-00307,INV-00307,CC-100 Operaciones,Diego Luna 04 00001103
1224,2026-06-09,1180,IVA acreditable,11213.28,0.00,Registro factura INV-00086,INV-00086,CC-100 Operaciones,Ana Ruiz 07 00001103
1225,2026-05-25,2100,Cuentas por pagar,56381.80,0.00,Pago factura INV-00254,INV-00254,CC-100 Operaciones,Bruno Garcia 02 00001103
1226,2026-02-05,1020,Bancos,0.00,53688.28,Pago factura INV-00053,INV-00053,CC-100 Operaciones,Bruno Garcia 02 00001103
1227,2026-06-12,1180,IVA acreditable,4325.60,0.00,Registro factura INV-00346,INV-00346,CC-100 Operaciones,Diego Luna 04 00001103
1228,2026-05-26,5000,Gastos operativos,41047.00,0.00,Registro factura INV-00239,INV-00239,CC-100 Operaciones,Ana Ruiz 07 00001103
1229,2026-05-08,1020,Bancos,0.00,68883.12,Pago factura INV-00245,INV-00245,CC-100 Operaciones,Bruno Garcia 02 00001103
1230,2026-05-24,2100,Cuentas por pagar,102708.72,0.00,Pago factura INV-00123,INV-00123,CC-100 Operaciones,Bruno Garcia 02 00001103
1231,2026-04-23,5000,Gastos operativos,18419.00,0.00,Registro factura INV-00277,INV-00277,CC-100 Operaciones,Diego Luna 04 00001103
1232,2026-04-22,1020,Bancos,0.00,20436.88,Pago factura INV-00255,INV-00255,CC-100 Operaciones,Bruno Garcia 02 00001103
1233,2026-02-08,1020,Bancos,44080.00,0.00,Cobro factura INV-00116,INV-00116,CC-100 Operaciones,Bruno Garcia 02 00001103
1234,2026-05-18,5000,Gastos operativos,44512.00,0.00,Registro factura INV-00229,INV-00229,CC-100 Operaciones,Carla Soto 03 00001103
1235,2026-03-09,1020,Bancos,0.00,101907.16,Pago factura INV-00319,INV-00319,CC-100 Operaciones,Bruno Garcia 02 00001103
1236,2026-03-22,1020,Bancos,0.00,26475.84,Pago factura INV-00073,INV-00073,CC-100 Operaciones,Bruno Garcia 02 00001103
1237,2026-01-12,2100,Cuentas por pagar,23349.40,0.00,Pago factura INV-00252,INV-00252,CC-100 Operaciones,Bruno Garcia 02 00001103
1238,2026-05-23,5000,Gastos operativos,88775.00,0.00,Registro factura INV-00120,INV-00120,CC-100 Operaciones,Fabian Rios 06 00001103
1239,2026-01-21,2100,Cuentas por pagar,26100.00,0.00,Reversion de factura cancelada INV-00360,INV-00360,CC-100 Operaciones,Bruno Garcia 02 00001103
1240,2026-04-01,1020,Bancos,0.00,87886.24,Pago factura INV-00187,INV-00187,CC-100 Operaciones,Bruno Garcia 02 00001103
1241,2026-04-04,2100,Cuentas por pagar,45607.72,0.00,Pago factura INV-00347,INV-00347,CC-100 Operaciones,Bruno Garcia 02 00001103
1242,2026-02-06,2100,Cuentas por pagar,0.00,19969.40,Registro factura INV-00293,INV-00293,CC-100 Operaciones,Bruno Garcia 02 00001103
1243,2026-04-14,5000,Gastos operativos,38060.00,0.00,Registro factura INV-00017,INV-00017,CC-100 Operaciones,Ana Ruiz 07 00001103
1244,2026-06-03,1020,Bancos,0.00,96964.40,Pago factura INV-00183,INV-00183,CC-100 Operaciones,Bruno Garcia 02 00001103
1245,2026-05-20,1180,IVA acreditable,7717.76,0.00,Registro factura INV-00013,INV-00013,CC-100 Operaciones,Ana Ruiz 07 00001103
1246,2026-04-06,2100,Cuentas por pagar,91034.48,0.00,Pago factura INV-00041,INV-00041,CC-100 Operaciones,Bruno Garcia 02 00001103
1247,2026-04-09,5000,Gastos operativos,59507.00,0.00,Registro factura INV-00027,INV-00027,CC-100 Operaciones,Diego Luna 04 00001103
1248,2026-05-29,2100,Cuentas por pagar,79819.60,0.00,Pago factura INV-00234,INV-00234,CC-100 Operaciones,Bruno Garcia 02 00001103
1249,2026-03-29,5000,Gastos operativos,28310.00,0.00,Registro factura INV-00208,INV-00208,CC-100 Operaciones,Carla Soto 03 00001103
1250,2026-02-09,2100,Cuentas por pagar,0.00,58849.12,Registro factura INV-00274,INV-00274,CC-100 Operaciones,Carla Soto 03 00001103
1251,2026-01-09,5000,Gastos operativos,73385.00,0.00,Registro factura INV-00182,INV-00182,CC-100 Operaciones,Diego Luna 10 00001103
1252,2026-02-07,1020,Bancos,0.00,50304.56,Pago factura INV-00034,INV-00034,CC-100 Operaciones,Bruno Garcia 02 00001103
1253,2026-05-05,2100,Cuentas por pagar,32555.40,0.00,Pago factura INV-00226,INV-00226,CC-100 Operaciones,Bruno Garcia 02 00001103
1254,2026-06-10,5000,Gastos operativos,85088.00,0.00,Registro factura INV-00288,INV-00288,CC-100 Operaciones,Bruno Garcia 02 00001103
1255,2026-03-08,1020,Bancos,0.00,97578.04,Pago factura INV-00035,INV-00035,CC-100 Operaciones,Bruno Garcia 02 00001103
1256,2026-01-22,1180,IVA acreditable,5617.76,0.00,Registro factura INV-00321,INV-00321,CC-100 Operaciones,Ana Ruiz 07 00001103
1257,2026-01-22,2100,Cuentas por pagar,97545.56,0.00,Pago factura INV-00285,INV-00285,CC-100 Operaciones,Bruno Garcia 02 00001103
1258,2026-04-07,2100,Cuentas por pagar,52152.44,0.00,Pago factura INV-00161,INV-00161,CC-100 Operaciones,Bruno Garcia 02 00001103
1259,2026-04-19,2100,Cuentas por pagar,0.00,48697.96,Registro factura INV-00032,INV-00032,CC-100 Operaciones,Bruno Garcia 08 00001103
1260,2026-03-30,2100,Cuentas por pagar,22487.76,0.00,Pago factura INV-00331,INV-00331,CC-100 Operaciones,Bruno Garcia 02 00001103
1261,2026-03-31,2100,Cuentas por pagar,67474.88,0.00,Pago factura INV-00066,INV-00066,CC-100 Operaciones,Bruno Garcia 02 00001103
1262,2026-03-26,2100,Cuentas por pagar,73459.32,0.00,Pago factura INV-00104,INV-00104,CC-100 Operaciones,Bruno Garcia 02 00001103
1263,2026-05-31,1020,Bancos,0.00,81405.32,Pago factura INV-00071,INV-00071,CC-100 Operaciones,Bruno Garcia 02 00001103
1264,2026-06-30,2100,Cuentas por pagar,83651.08,0.00,Pago factura INV-00291,INV-00291,CC-100 Operaciones,Bruno Garcia 02 00001103
1265,2026-05-12,2100,Cuentas por pagar,57994.20,0.00,Pago factura INV-00337,INV-00337,CC-100 Operaciones,Bruno Garcia 02 00001103
1266,2026-04-11,1180,IVA acreditable,15041.76,0.00,Registro factura INV-00167,INV-00167,CC-100 Operaciones,Fabian Rios 06 00001103
1267,2026-04-08,2100,Cuentas por pagar,91307.08,0.00,Pago factura INV-00128,INV-00128,CC-100 Operaciones,Bruno Garcia 02 00001103
1268,2026-06-21,2100,Cuentas por pagar,102472.08,0.00,Pago factura INV-00125,INV-00125,CC-100 Operaciones,Bruno Garcia 02 00001103
1269,2026-01-28,1020,Bancos,0.00,83488.68,Pago factura INV-00349,INV-00349,CC-100 Operaciones,Bruno Garcia 02 00001103
1270,2026-02-25,1180,IVA acreditable,11023.52,0.00,Registro factura INV-00223,INV-00223,CC-100 Operaciones,Elena Mora 05 00001103
1271,2026-03-08,5000,Gastos operativos,51695.00,0.00,Registro factura INV-00024,INV-00024,CC-100 Operaciones,Fabian Rios 06 00001103
1272,2026-06-10,2100,Cuentas por pagar,0.00,14788.84,Registro factura INV-00055,INV-00055,CC-100 Operaciones,Diego Luna 04 00001103
1273,2026-05-23,2100,Cuentas por pagar,15566.28,0.00,Pago factura INV-00028,INV-00028,CC-100 Operaciones,Bruno Garcia 02 00001103
1274,2026-04-23,2100,Cuentas por pagar,0.00,21366.04,Registro factura INV-00277,INV-00277,CC-100 Operaciones,Diego Luna 04 00001103
1275,2026-02-16,1020,Bancos,0.00,60913.92,Pago factura INV-00068,INV-00068,CC-100 Operaciones,Bruno Garcia 02 00001103
1276,2026-02-11,2100,Cuentas por pagar,0.00,98072.20,Registro factura INV-00025,INV-00025,CC-100 Operaciones,Elena Mora 05 00001103
1277,2026-05-13,1180,IVA acreditable,14912.16,0.00,Registro factura INV-00320,INV-00320,CC-100 Operaciones,Bruno Garcia 02 00001103
1278,2026-02-23,2100,Cuentas por pagar,0.00,58279.56,Registro factura INV-00340,INV-00340,CC-100 Operaciones,Ana Ruiz 01 00001103
1279,2026-03-09,2100,Cuentas por pagar,24687.12,0.00,Pago factura INV-00260,INV-00260,CC-100 Operaciones,Bruno Garcia 02 00001103
1280,2026-01-15,5000,Gastos operativos,30710.00,0.00,Registro factura INV-00070,INV-00070,CC-100 Operaciones,Diego Luna 10 00001103
1281,2026-06-15,2100,Cuentas por pagar,45884.96,0.00,Pago factura INV-00334,INV-00334,CC-100 Operaciones,Bruno Garcia 02 00001103
1282,2026-05-30,1020,Bancos,0.00,55953.76,Pago factura INV-00013,INV-00013,CC-100 Operaciones,Bruno Garcia 02 00001103
1283,2026-06-06,1180,IVA acreditable,12823.36,0.00,Registro factura INV-00300,INV-00300,CC-100 Operaciones,Bruno Garcia 08 00001103
1284,2026-01-28,1180,IVA acreditable,6938.56,0.00,Registro factura INV-00034,INV-00034,CC-100 Operaciones,Elena Mora 05 00001103
1285,2026-04-27,1020,Bancos,0.00,68943.44,Pago factura INV-00355,INV-00355,CC-100 Operaciones,Bruno Garcia 02 00001103
1286,2026-03-16,1180,IVA acreditable,4417.28,0.00,Registro factura INV-00329,INV-00329,CC-100 Operaciones,Bruno Garcia 08 00001103
1287,2026-05-05,1020,Bancos,0.00,33939.28,Pago factura INV-00316,INV-00316,CC-100 Operaciones,Bruno Garcia 02 00001103
1288,2026-04-08,1180,IVA acreditable,7991.36,0.00,Registro factura INV-00111,INV-00111,CC-100 Operaciones,Elena Mora 05 00001103
1289,2026-06-09,2100,Cuentas por pagar,52746.36,0.00,Pago factura INV-00122,INV-00122,CC-100 Operaciones,Bruno Garcia 02 00001103
1290,2026-02-28,5000,Gastos operativos,85787.00,0.00,Registro factura INV-00153,INV-00153,CC-100 Operaciones,Fabian Rios 06 00001103
1291,2026-05-13,1180,IVA acreditable,9224.16,0.00,Registro factura INV-00323,INV-00323,CC-100 Operaciones,Diego Luna 04 00001103
1292,2026-05-05,5000,Gastos operativos,63672.00,0.00,Registro factura INV-00087,INV-00087,CC-100 Operaciones,Diego Luna 10 00001103
1293,2026-01-26,1180,IVA acreditable,5698.56,0.00,Registro factura INV-00195,INV-00195,CC-100 Operaciones,Carla Soto 03 00001103
1294,2026-03-30,2100,Cuentas por pagar,49286.08,0.00,Pago factura INV-00115,INV-00115,CC-100 Operaciones,Bruno Garcia 02 00001103
1295,2026-02-25,5000,Gastos operativos,54968.00,0.00,Registro factura INV-00210,INV-00210,CC-100 Operaciones,Ana Ruiz 07 00001103
1296,2026-05-26,2100,Cuentas por pagar,20994.84,0.00,Pago factura INV-00237,INV-00237,CC-100 Operaciones,Bruno Garcia 02 00001103
1297,2026-03-24,2100,Cuentas por pagar,0.00,40656.84,Registro factura INV-00057,INV-00057,CC-100 Operaciones,Bruno Garcia 08 00001103
1298,2026-01-19,1180,IVA acreditable,10799.36,0.00,Registro factura INV-00026,INV-00026,CC-100 Operaciones,Fabian Rios 06 00001103
1299,2026-02-14,5000,Gastos operativos,29247.00,0.00,Registro factura INV-00322,INV-00322,CC-100 Operaciones,Fabian Rios 06 00001103
1300,2026-06-30,1020,Bancos,0.00,88980.12,Pago factura INV-00186,INV-00186,CC-100 Operaciones,Bruno Garcia 02 00001103
1301,2026-04-09,2100,Cuentas por pagar,0.00,84224.12,Registro factura INV-00257,INV-00257,CC-100 Operaciones,Bruno Garcia 02 00001103
1302,2026-03-06,1020,Bancos,0.00,47228.24,Pago factura INV-00250,INV-00250,CC-100 Operaciones,Bruno Garcia 02 00001103
1303,2026-02-11,2100,Cuentas por pagar,0.00,88641.40,Registro factura INV-00303,INV-00303,CC-100 Operaciones,Diego Luna 10 00001103
1304,2026-05-06,2100,Cuentas por pagar,59038.20,0.00,Pago factura INV-00050,INV-00050,CC-100 Operaciones,Bruno Garcia 02 00001103
1305,2026-04-28,1020,Bancos,0.00,37371.72,Pago factura INV-00211,INV-00211,CC-100 Operaciones,Bruno Garcia 02 00001103
1306,2026-02-10,1020,Bancos,0.00,30966.20,Pago factura INV-00209,INV-00209,CC-100 Operaciones,Bruno Garcia 02 00001103
1307,2026-02-23,2100,Cuentas por pagar,0.00,74550.88,Registro factura INV-00279,INV-00279,CC-100 Operaciones,Carla Soto 03 00001103
1308,2026-04-14,2100,Cuentas por pagar,0.00,44149.60,Registro factura INV-00017,INV-00017,CC-100 Operaciones,Ana Ruiz 07 00001103
1309,2026-02-22,2100,Cuentas por pagar,46372.16,0.00,Pago factura INV-00155,INV-00155,CC-100 Operaciones,Bruno Garcia 02 00001103
1310,2026-02-26,2100,Cuentas por pagar,88852.52,0.00,Pago factura INV-00045,INV-00045,CC-100 Operaciones,Bruno Garcia 02 00001103
1311,2026-03-18,2100,Cuentas por pagar,14059.20,0.00,Pago factura INV-00212,INV-00212,CC-100 Operaciones,Bruno Garcia 02 00001103
1312,2026-01-26,1020,Bancos,0.00,56831.88,Pago factura INV-00074,INV-00074,CC-100 Operaciones,Bruno Garcia 02 00001103
1313,2026-04-06,2100,Cuentas por pagar,0.00,67805.48,Registro factura INV-00325,INV-00325,CC-100 Operaciones,Carla Soto 03 00001103
1314,2026-03-22,2100,Cuentas por pagar,0.00,87886.24,Registro factura INV-00187,INV-00187,CC-100 Operaciones,Bruno Garcia 08 00001103
1315,2026-06-03,1020,Bancos,0.00,42450.20,Pago factura INV-00246,INV-00246,CC-100 Operaciones,Bruno Garcia 02 00001103
1316,2026-06-30,1020,Bancos,0.00,54249.72,Pago factura INV-00146,INV-00146,CC-100 Operaciones,Bruno Garcia 02 00001103
1317,2026-05-25,2100,Cuentas por pagar,53926.08,0.00,Pago factura INV-00304,INV-00304,CC-100 Operaciones,Bruno Garcia 02 00001103
1318,2026-03-09,5000,Gastos operativos,59972.00,0.00,Registro factura INV-00117,INV-00117,CC-100 Operaciones,Carla Soto 03 00001103
1319,2026-06-13,1180,IVA acreditable,8021.76,0.00,Registro factura INV-00094,INV-00094,CC-100 Operaciones,Ana Ruiz 01 00001103
1320,2026-06-13,1180,IVA acreditable,8616.48,0.00,Registro factura INV-00009,INV-00009,CC-100 Operaciones,Carla Soto 03 00001103
1321,2026-03-02,2100,Cuentas por pagar,0.00,21818.44,Registro factura INV-00356,INV-00356,CC-100 Operaciones,Bruno Garcia 08 00001103
1322,2026-06-06,2100,Cuentas por pagar,18359.32,0.00,Pago factura INV-00358,INV-00358,CC-100 Operaciones,Bruno Garcia 02 00001103
1323,2026-05-11,1020,Bancos,0.00,108557.44,Pago factura INV-00233,INV-00233,CC-100 Operaciones,Bruno Garcia 02 00001103
1324,2026-02-21,5000,Gastos operativos,33785.00,0.00,Registro factura INV-00324,INV-00324,CC-100 Operaciones,Ana Ruiz 01 00001103
1325,2026-04-10,5000,Gastos operativos,19133.00,0.00,Registro factura INV-00172,INV-00172,CC-100 Operaciones,Carla Soto 09 00001103
1326,2026-03-05,5000,Gastos operativos,30728.00,0.00,Registro factura INV-00326,INV-00326,CC-100 Operaciones,Elena Mora 05 00001103
1327,2026-05-12,5000,Gastos operativos,82039.00,0.00,Registro factura INV-00061,INV-00061,CC-100 Operaciones,Elena Mora 05 00001103
1328,2026-01-26,5000,Gastos operativos,46283.00,0.00,Registro factura INV-00053,INV-00053,CC-100 Operaciones,Ana Ruiz 01 00001103
1329,2026-02-01,2100,Cuentas por pagar,40728.76,0.00,Pago factura INV-00321,INV-00321,CC-100 Operaciones,Bruno Garcia 02 00001103
1330,2026-05-31,5000,Gastos operativos,85384.00,0.00,Registro factura INV-00140,INV-00140,CC-100 Operaciones,Bruno Garcia 08 00001103
1331,2026-04-01,2100,Cuentas por pagar,59394.32,0.00,Pago factura INV-00221,INV-00221,CC-100 Operaciones,Bruno Garcia 02 00001103
1332,2026-02-21,1020,Bancos,0.00,98072.20,Pago factura INV-00025,INV-00025,CC-100 Operaciones,Bruno Garcia 02 00001103
1333,2026-06-25,2100,Cuentas por pagar,0.00,56721.68,Registro factura INV-00238,INV-00238,CC-100 Operaciones,Carla Soto 09 00001103
1334,2026-02-10,5000,Gastos operativos,92472.00,0.00,Registro factura INV-00259,INV-00259,CC-100 Operaciones,Diego Luna 10 00001103
1335,2026-05-09,5000,Gastos operativos,90158.00,0.00,Registro factura INV-00088,INV-00088,CC-100 Operaciones,Fabian Rios 06 00001103
1336,2026-04-02,1020,Bancos,0.00,93618.96,Pago factura INV-00302,INV-00302,CC-100 Operaciones,Bruno Garcia 02 00001103
1337,2026-05-14,1180,IVA acreditable,14166.72,0.00,Registro factura INV-00123,INV-00123,CC-100 Operaciones,Ana Ruiz 07 00001103
1338,2026-06-30,2100,Cuentas por pagar,56721.68,0.00,Pago factura INV-00238,INV-00238,CC-100 Operaciones,Bruno Garcia 02 00001103
1339,2026-04-03,5000,Gastos operativos,14112.00,0.00,Registro factura INV-00235,INV-00235,CC-100 Operaciones,Diego Luna 04 00001103
1340,2026-05-24,1020,Bancos,0.00,102708.72,Pago factura INV-00123,INV-00123,CC-100 Operaciones,Bruno Garcia 02 00001103
1341,2026-04-23,1180,IVA acreditable,11461.44,0.00,Registro factura INV-00113,INV-00113,CC-100 Operaciones,Bruno Garcia 02 00001103
1342,2026-01-24,1180,IVA acreditable,8641.44,0.00,Registro factura INV-00064,INV-00064,CC-100 Operaciones,Ana Ruiz 07 00001103
1343,2026-04-17,2100,Cuentas por pagar,0.00,108375.32,Registro factura INV-00292,INV-00292,CC-100 Operaciones,Fabian Rios 06 00001103
1344,2026-03-20,1020,Bancos,0.00,58700.64,Pago factura INV-00354,INV-00354,CC-100 Operaciones,Bruno Garcia 02 00001103
1345,2026-01-25,5000,Gastos operativos,42210.00,0.00,Registro factura INV-00184,INV-00184,CC-100 Operaciones,Diego Luna 04 00001103
1346,2026-06-06,1020,Bancos,0.00,67977.16,Pago factura INV-00149,INV-00149,CC-100 Operaciones,Bruno Garcia 02 00001103
1347,2026-01-20,1020,Bancos,0.00,26738.00,Pago factura INV-00224,INV-00224,CC-100 Operaciones,Bruno Garcia 02 00001103
1348,2026-06-30,1020,Bancos,0.00,99439.84,Pago factura INV-00093,INV-00093,CC-100 Operaciones,Bruno Garcia 02 00001103
1349,2026-04-12,2100,Cuentas por pagar,76448.64,0.00,Pago factura INV-00039,INV-00039,CC-100 Operaciones,Bruno Garcia 02 00001103
1350,2026-06-11,1180,IVA acreditable,12520.16,0.00,Registro factura INV-00077,INV-00077,CC-100 Operaciones,Ana Ruiz 01 00001103
1351,2026-02-22,1180,IVA acreditable,13147.04,0.00,Registro factura INV-00107,INV-00107,CC-100 Operaciones,Fabian Rios 06 00001103
1352,2026-02-23,2100,Cuentas por pagar,49932.20,0.00,Pago factura INV-00132,INV-00132,CC-100 Operaciones,Bruno Garcia 02 00001103
1353,2026-05-27,1020,Bancos,0.00,57793.52,Pago factura INV-00272,INV-00272,CC-100 Operaciones,Bruno Garcia 02 00001103
1354,2026-03-12,1180,IVA acreditable,5092.32,0.00,Registro factura INV-00114,INV-00114,CC-100 Operaciones,Bruno Garcia 02 00001103
1355,2026-06-17,2100,Cuentas por pagar,0.00,66135.08,Registro factura INV-00217,INV-00217,CC-100 Operaciones,Carla Soto 09 00001103
1356,2026-03-28,2100,Cuentas por pagar,73962.76,0.00,Pago factura INV-00058,INV-00058,CC-100 Operaciones,Bruno Garcia 02 00001103
1357,2026-06-08,2100,Cuentas por pagar,82755.56,0.00,Pago factura INV-00023,INV-00023,CC-100 Operaciones,Bruno Garcia 02 00001103
1358,2026-05-08,2100,Cuentas por pagar,25209.12,0.00,Pago factura INV-00142,INV-00142,CC-100 Operaciones,Bruno Garcia 02 00001103
1359,2026-04-30,5000,Gastos operativos,62779.00,0.00,Registro factura INV-00327,INV-00327,CC-100 Operaciones,Carla Soto 09 00001103
1360,2026-01-12,2100,Cuentas por pagar,0.00,97545.56,Registro factura INV-00285,INV-00285,CC-100 Operaciones,Ana Ruiz 01 00001103
1361,2026-03-17,2100,Cuentas por pagar,100127.72,0.00,Pago factura INV-00350,INV-00350,CC-100 Operaciones,Bruno Garcia 02 00001103
1362,2026-03-31,5000,Gastos operativos,58196.00,0.00,Registro factura INV-00090,INV-00090,CC-100 Operaciones,Carla Soto 03 00001103
1363,2026-05-05,5000,Gastos operativos,31148.00,0.00,Registro factura INV-00336,INV-00336,CC-100 Operaciones,Fabian Rios 06 00001103
1364,2026-05-13,5000,Gastos operativos,57651.00,0.00,Registro factura INV-00323,INV-00323,CC-100 Operaciones,Diego Luna 04 00001103
1365,2026-06-12,1180,IVA acreditable,8536.80,0.00,Registro factura INV-00352,INV-00352,CC-100 Operaciones,Fabian Rios 06 00001103
1366,2026-04-19,5000,Gastos operativos,41981.00,0.00,Registro factura INV-00032,INV-00032,CC-100 Operaciones,Bruno Garcia 08 00001103
1367,2026-04-24,5000,Gastos operativos,45914.00,0.00,Registro factura INV-00038,INV-00038,CC-100 Operaciones,Ana Ruiz 01 00001103
1368,2026-04-01,2100,Cuentas por pagar,0.00,76363.96,Registro factura INV-00135,INV-00135,CC-100 Operaciones,Bruno Garcia 02 00001103
1369,2026-05-06,5000,Gastos operativos,43229.00,0.00,Registro factura INV-00059,INV-00059,CC-100 Operaciones,Ana Ruiz 07 00001103
1370,2026-02-14,2100,Cuentas por pagar,83290.32,0.00,Pago factura INV-00281,INV-00281,CC-100 Operaciones,Bruno Garcia 02 00001103
1371,2026-01-20,1180,IVA acreditable,12084.80,0.00,Registro factura INV-00338,INV-00338,CC-100 Operaciones,Carla Soto 03 00001103
1372,2026-05-20,2100,Cuentas por pagar,36775.48,0.00,Pago factura INV-00014,INV-00014,CC-100 Operaciones,Bruno Garcia 02 00001103
1373,2026-03-06,1180,IVA acreditable,11373.12,0.00,Registro factura INV-00271,INV-00271,CC-100 Operaciones,Bruno Garcia 02 00001103
1374,2026-05-02,2100,Cuentas por pagar,0.00,57994.20,Registro factura INV-00337,INV-00337,CC-100 Operaciones,Carla Soto 03 00001103
1375,2026-04-05,5000,Gastos operativos,33548.00,0.00,Registro factura INV-00138,INV-00138,CC-100 Operaciones,Ana Ruiz 07 00001103
1376,2026-01-21,2100,Cuentas por pagar,0.00,75627.36,Registro factura INV-00266,INV-00266,CC-100 Operaciones,Bruno Garcia 08 00001103
1377,2026-02-27,1020,Bancos,0.00,22913.48,Pago factura INV-00193,INV-00193,CC-100 Operaciones,Bruno Garcia 02 00001103
1378,2026-02-02,2100,Cuentas por pagar,72651.96,0.00,Pago factura INV-00330,INV-00330,CC-100 Operaciones,Bruno Garcia 02 00001103
1379,2026-01-29,1180,IVA acreditable,13051.68,0.00,Registro factura INV-00176,INV-00176,CC-100 Operaciones,Bruno Garcia 02 00001103
1380,2026-06-24,1180,IVA acreditable,13715.84,0.00,Registro factura INV-00093,INV-00093,CC-100 Operaciones,Bruno Garcia 02 00001103
1381,2026-03-15,1020,Bancos,0.00,104797.88,Pago factura INV-00185,INV-00185,CC-100 Operaciones,Bruno Garcia 02 00001103
1382,2026-02-15,1180,IVA acreditable,2293.12,0.00,Registro factura INV-00018,INV-00018,CC-100 Operaciones,Ana Ruiz 01 00001103
1383,2026-06-05,2100,Cuentas por pagar,0.00,38915.68,Registro factura INV-00002,INV-00002,CC-100 Operaciones,Carla Soto 09 00001103
1384,2026-03-25,2100,Cuentas por pagar,0.00,45607.72,Registro factura INV-00347,INV-00347,CC-100 Operaciones,Ana Ruiz 07 00001103
1385,2026-04-05,5000,Gastos operativos,33487.00,0.00,Registro factura INV-00137,INV-00137,CC-100 Operaciones,Fabian Rios 06 00001103
1386,2026-02-23,2100,Cuentas por pagar,91883.60,0.00,Pago factura INV-00049,INV-00049,CC-100 Operaciones,Bruno Garcia 02 00001103
1387,2026-03-01,2100,Cuentas por pagar,0.00,40872.60,Registro factura INV-00134,INV-00134,CC-100 Operaciones,Carla Soto 03 00001103
1388,2026-01-23,1020,Bancos,0.00,33962.48,Pago factura INV-00298,INV-00298,CC-100 Operaciones,Bruno Garcia 02 00001103
1389,2026-06-14,1020,Bancos,0.00,83608.16,Pago factura INV-00175,INV-00175,CC-100 Operaciones,Bruno Garcia 02 00001103
1390,2026-03-04,5000,Gastos operativos,37915.00,0.00,Registro factura INV-00030,INV-00030,CC-100 Operaciones,Bruno Garcia 02 00001103
1391,2026-02-20,2100,Cuentas por pagar,0.00,42684.52,Registro factura INV-00262,INV-00262,CC-100 Operaciones,Bruno Garcia 02 00001103
1392,2026-05-05,2100,Cuentas por pagar,0.00,45884.96,Registro factura INV-00097,INV-00097,CC-100 Operaciones,Bruno Garcia 02 00001103
1393,2026-05-25,1180,IVA acreditable,4516.64,0.00,Registro factura INV-00079,INV-00079,CC-100 Operaciones,Diego Luna 10 00001103
1394,2026-06-30,2100,Cuentas por pagar,47160.96,0.00,Pago factura INV-00001,INV-00001,CC-100 Operaciones,Bruno Garcia 02 00001103
1395,2026-03-14,2100,Cuentas por pagar,43981.40,0.00,Pago factura INV-00030,INV-00030,CC-100 Operaciones,Bruno Garcia 02 00001103
1396,2026-06-25,2100,Cuentas por pagar,37724.36,0.00,Pago factura INV-00020,INV-00020,CC-100 Operaciones,Bruno Garcia 02 00001103
1397,2026-04-19,2100,Cuentas por pagar,69028.12,0.00,Pago factura INV-00027,INV-00027,CC-100 Operaciones,Bruno Garcia 02 00001103
1398,2026-03-20,2100,Cuentas por pagar,109531.84,0.00,Pago factura INV-00308,INV-00308,CC-100 Operaciones,Bruno Garcia 02 00001103
1399,2026-02-07,2100,Cuentas por pagar,0.00,56833.04,Registro factura INV-00206,INV-00206,CC-100 Operaciones,Carla Soto 09 00001103
1400,2026-03-27,1180,IVA acreditable,4528.80,0.00,Registro factura INV-00150,INV-00150,CC-100 Operaciones,Carla Soto 09 00001103
1401,2026-02-19,2100,Cuentas por pagar,0.00,48551.80,Registro factura INV-00008,INV-00008,CC-100 Operaciones,Ana Ruiz 07 00001103
1402,2026-02-21,2100,Cuentas por pagar,0.00,39190.60,Registro factura INV-00324,INV-00324,CC-100 Operaciones,Ana Ruiz 01 00001103
1403,2026-04-24,1020,Bancos,0.00,72539.44,Pago factura INV-00170,INV-00170,CC-100 Operaciones,Bruno Garcia 02 00001103
1404,2026-05-21,5000,Gastos operativos,45570.00,0.00,Registro factura INV-00046,INV-00046,CC-100 Operaciones,Bruno Garcia 02 00001103
1405,2026-04-06,5000,Gastos operativos,87690.00,0.00,Registro factura INV-00033,INV-00033,CC-100 Operaciones,Elena Mora 05 00001103
1406,2026-04-03,2100,Cuentas por pagar,100974.52,0.00,Pago factura INV-00069,INV-00069,CC-100 Operaciones,Bruno Garcia 02 00001103
1407,2026-05-05,5000,Gastos operativos,90850.00,0.00,Registro factura INV-00164,INV-00164,CC-100 Operaciones,Bruno Garcia 02 00001103
1408,2026-05-01,5000,Gastos operativos,84053.00,0.00,Registro factura INV-00199,INV-00199,CC-100 Operaciones,Fabian Rios 06 00001103
1409,2026-06-15,1020,Bancos,0.00,15234.28,Pago factura INV-00158,INV-00158,CC-100 Operaciones,Bruno Garcia 02 00001103
1410,2026-02-06,2100,Cuentas por pagar,35183.96,0.00,Pago factura INV-00072,INV-00072,CC-100 Operaciones,Bruno Garcia 02 00001103
1411,2026-02-17,2100,Cuentas por pagar,0.00,22913.48,Registro factura INV-00193,INV-00193,CC-100 Operaciones,Carla Soto 03 00001103
1412,2026-04-14,2100,Cuentas por pagar,0.00,72539.44,Registro factura INV-00170,INV-00170,CC-100 Operaciones,Elena Mora 05 00001103
1413,2026-03-21,5000,Gastos operativos,58168.00,0.00,Registro factura INV-00066,INV-00066,CC-100 Operaciones,Carla Soto 09 00001103
1414,2026-04-26,5000,Gastos operativos,50895.00,0.00,Registro factura INV-00050,INV-00050,CC-100 Operaciones,Ana Ruiz 01 00001103
1415,2026-03-21,2100,Cuentas por pagar,24969.00,0.00,Pago factura INV-00284,INV-00284,CC-100 Operaciones,Bruno Garcia 02 00001103
1416,2026-04-16,1180,IVA acreditable,2178.08,0.00,Registro factura INV-00299,INV-00299,CC-100 Operaciones,Carla Soto 09 00001103
1417,2026-04-19,5000,Gastos operativos,75621.00,0.00,Registro factura INV-00244,INV-00244,CC-100 Operaciones,Fabian Rios 06 00001103
1418,2026-06-15,1020,Bancos,0.00,38915.68,Pago factura INV-00002,INV-00002,CC-100 Operaciones,Bruno Garcia 02 00001103
1419,2026-01-30,1180,IVA acreditable,10439.20,0.00,Registro factura INV-00169,INV-00169,CC-100 Operaciones,Ana Ruiz 07 00001103
1420,2026-06-03,2100,Cuentas por pagar,0.00,87494.16,Registro factura INV-00016,INV-00016,CC-100 Operaciones,Carla Soto 09 00001103
1421,2026-02-05,1180,IVA acreditable,4983.68,0.00,Registro factura INV-00312,INV-00312,CC-100 Operaciones,Carla Soto 03 00001103
1422,2026-02-03,1020,Bancos,0.00,62650.44,Pago factura INV-00064,INV-00064,CC-100 Operaciones,Bruno Garcia 02 00001103
1423,2026-05-16,1180,IVA acreditable,2895.84,0.00,Registro factura INV-00237,INV-00237,CC-100 Operaciones,Carla Soto 03 00001103
1424,2026-06-17,2100,Cuentas por pagar,0.00,97368.08,Registro factura INV-00197,INV-00197,CC-100 Operaciones,Ana Ruiz 07 00001103
1425,2026-05-12,1020,Bancos,0.00,23349.40,Pago factura INV-00028,INV-00028,CC-100 Operaciones,Bruno Garcia 02 00001103
1426,2026-01-31,1180,IVA acreditable,4271.20,0.00,Registro factura INV-00209,INV-00209,CC-100 Operaciones,Diego Luna 04 00001103
1427,2026-04-02,2100,Cuentas por pagar,104794.40,0.00,Pago factura INV-00228,INV-00228,CC-100 Operaciones,Bruno Garcia 02 00001103
1428,2026-03-06,2100,Cuentas por pagar,0.00,59995.20,Registro factura INV-00148,INV-00148,CC-100 Operaciones,Diego Luna 04 00001103
1429,2026-04-20,5000,Gastos operativos,41376.00,0.00,Registro factura INV-00129,INV-00129,CC-100 Operaciones,Elena Mora 05 00001103
1430,2026-06-23,2100,Cuentas por pagar,58157.76,0.00,Pago factura INV-00094,INV-00094,CC-100 Operaciones,Bruno Garcia 02 00001103
1431,2026-04-17,1180,IVA acreditable,9509.44,0.00,Registro factura INV-00355,INV-00355,CC-100 Operaciones,Diego Luna 04 00001103
1432,2026-01-22,2100,Cuentas por pagar,61550.76,0.00,Pago factura INV-00351,INV-00351,CC-100 Operaciones,Bruno Garcia 02 00001103
1433,2026-01-10,5000,Gastos operativos,23050.00,0.00,Registro factura INV-00224,INV-00224,CC-100 Operaciones,Carla Soto 09 00001103
1434,2026-05-15,1020,Bancos,0.00,73859.52,Pago factura INV-00087,INV-00087,CC-100 Operaciones,Bruno Garcia 02 00001103
1435,2026-05-09,2100,Cuentas por pagar,0.00,104583.28,Registro factura INV-00088,INV-00088,CC-100 Operaciones,Fabian Rios 06 00001103
1436,2026-03-21,1020,Bancos,0.00,107464.72,Pago factura INV-00004,INV-00004,CC-100 Operaciones,Bruno Garcia 02 00001103
1437,2026-06-15,2100,Cuentas por pagar,98772.84,0.00,Pago factura INV-00163,INV-00163,CC-100 Operaciones,Bruno Garcia 02 00001103
1438,2026-04-18,2100,Cuentas por pagar,0.00,37371.72,Registro factura INV-00211,INV-00211,CC-100 Operaciones,Ana Ruiz 01 00001103
1439,2026-03-08,2100,Cuentas por pagar,97578.04,0.00,Pago factura INV-00035,INV-00035,CC-100 Operaciones,Bruno Garcia 02 00001103
1440,2026-05-20,1020,Bancos,0.00,103961.52,Pago factura INV-00236,INV-00236,CC-100 Operaciones,Bruno Garcia 02 00001103
1441,2026-05-28,1180,IVA acreditable,5446.08,0.00,Registro factura INV-00089,INV-00089,CC-100 Operaciones,Carla Soto 09 00001103
1442,2026-05-10,2100,Cuentas por pagar,72823.64,0.00,Pago factura INV-00327,INV-00327,CC-100 Operaciones,Bruno Garcia 02 00001103
1443,2026-04-27,2100,Cuentas por pagar,0.00,53901.72,Registro factura INV-00103,INV-00103,CC-100 Operaciones,Bruno Garcia 08 00001103
1444,2026-01-30,1020,Bancos,0.00,87614.80,Pago factura INV-00338,INV-00338,CC-100 Operaciones,Bruno Garcia 02 00001103
1445,2026-06-30,1020,Bancos,0.00,109698.88,Pago factura INV-00294,INV-00294,CC-100 Operaciones,Bruno Garcia 02 00001103
1446,2026-03-07,5000,Gastos operativos,44756.00,0.00,Registro factura INV-00297,INV-00297,CC-100 Operaciones,Carla Soto 09 00001103
1447,2026-04-13,2100,Cuentas por pagar,0.00,72802.76,Registro factura INV-00343,INV-00343,CC-100 Operaciones,Diego Luna 10 00001103
1448,2026-04-27,5000,Gastos operativos,87281.00,0.00,Registro factura INV-00359,INV-00359,CC-100 Operaciones,Diego Luna 10 00001103
1449,2026-02-14,2100,Cuentas por pagar,98871.44,0.00,Pago factura INV-00015,INV-00015,CC-100 Operaciones,Bruno Garcia 02 00001103
1450,2026-06-22,5000,Gastos operativos,55511.00,0.00,Registro factura INV-00258,INV-00258,CC-100 Operaciones,Diego Luna 10 00001103
1451,2026-02-24,2100,Cuentas por pagar,57160.16,0.00,Pago factura INV-00251,INV-00251,CC-100 Operaciones,Bruno Garcia 02 00001103
1452,2026-04-12,1180,IVA acreditable,11855.04,0.00,Registro factura INV-00054,INV-00054,CC-100 Operaciones,Ana Ruiz 01 00001103
1453,2026-05-06,2100,Cuentas por pagar,98622.04,0.00,Pago factura INV-00105,INV-00105,CC-100 Operaciones,Bruno Garcia 02 00001103
1454,2026-03-22,5000,Gastos operativos,51202.00,0.00,Registro factura INV-00221,INV-00221,CC-100 Operaciones,Fabian Rios 06 00001103
1455,2026-03-14,2100,Cuentas por pagar,0.00,101013.96,Registro factura INV-00361,INV-00361,CC-100 Operaciones,Diego Luna 04 00001103
1456,2026-02-22,2100,Cuentas por pagar,0.00,39301.96,Registro factura INV-00056,INV-00056,CC-100 Operaciones,Diego Luna 04 00001103
1457,2026-06-05,1180,IVA acreditable,4983.68,0.00,Registro factura INV-00006,INV-00006,CC-100 Operaciones,Ana Ruiz 07 00001103
1458,2026-06-02,5000,Gastos operativos,87403.00,0.00,Registro factura INV-00095,INV-00095,CC-100 Operaciones,Bruno Garcia 02 00001103
1459,2026-03-04,2100,Cuentas por pagar,0.00,43981.40,Registro factura INV-00030,INV-00030,CC-100 Operaciones,Bruno Garcia 02 00001103
1460,2026-03-04,1180,IVA acreditable,6066.40,0.00,Registro factura INV-00030,INV-00030,CC-100 Operaciones,Bruno Garcia 02 00001103
1461,2026-03-05,1020,Bancos,0.00,74550.88,Pago factura INV-00279,INV-00279,CC-100 Operaciones,Bruno Garcia 02 00001103
1462,2026-05-03,1020,Bancos,0.00,83095.44,Pago factura INV-00113,INV-00113,CC-100 Operaciones,Bruno Garcia 02 00001103
1463,2026-02-24,2100,Cuentas por pagar,0.00,47228.24,Registro factura INV-00250,INV-00250,CC-100 Operaciones,Bruno Garcia 08 00001103
1464,2026-06-24,1020,Bancos,0.00,45296.84,Pago factura INV-00215,INV-00215,CC-100 Operaciones,Bruno Garcia 02 00001103
1465,2026-06-24,2100,Cuentas por pagar,0.00,99439.84,Registro factura INV-00093,INV-00093,CC-100 Operaciones,Bruno Garcia 02 00001103
1466,2026-03-05,1180,IVA acreditable,6328.96,0.00,Registro factura INV-00213,INV-00213,CC-100 Operaciones,Diego Luna 10 00001103
1467,2026-01-09,5000,Gastos operativos,30641.00,0.00,Registro factura INV-00109,INV-00109,CC-100 Operaciones,Bruno Garcia 02 00001103
1468,2026-04-03,1020,Bancos,0.00,100974.52,Pago factura INV-00069,INV-00069,CC-100 Operaciones,Bruno Garcia 02 00001103
1469,2026-03-03,2100,Cuentas por pagar,39190.60,0.00,Pago factura INV-00324,INV-00324,CC-100 Operaciones,Bruno Garcia 02 00001103
1470,2026-03-07,2100,Cuentas por pagar,0.00,100127.72,Registro factura INV-00350,INV-00350,CC-100 Operaciones,Ana Ruiz 01 00001103
1471,2026-02-08,5000,Gastos operativos,15670.00,0.00,Registro factura INV-00159,INV-00159,CC-100 Operaciones,Diego Luna 04 00001103
1472,2026-04-04,1020,Bancos,0.00,45607.72,Pago factura INV-00347,INV-00347,CC-100 Operaciones,Bruno Garcia 02 00001103
1473,2026-05-08,1180,IVA acreditable,10885.92,0.00,Registro factura INV-00065,INV-00065,CC-100 Operaciones,Carla Soto 09 00001103
1474,2026-03-19,2100,Cuentas por pagar,36827.68,0.00,Pago factura INV-00357,INV-00357,CC-100 Operaciones,Bruno Garcia 02 00001103
1475,2026-01-05,5000,Gastos operativos,31148.00,0.00,Registro factura INV-00268,INV-00268,CC-100 Operaciones,Bruno Garcia 02 00001103
1476,2026-06-22,1020,Bancos,0.00,31360.60,Pago factura INV-00346,INV-00346,CC-100 Operaciones,Bruno Garcia 02 00001103
1477,2026-06-20,2100,Cuentas por pagar,0.00,54249.72,Registro factura INV-00146,INV-00146,CC-100 Operaciones,Fabian Rios 06 00001103
1478,2026-05-20,5000,Gastos operativos,48236.00,0.00,Registro factura INV-00013,INV-00013,CC-100 Operaciones,Ana Ruiz 07 00001103
1479,2026-04-26,2100,Cuentas por pagar,0.00,59038.20,Registro factura INV-00050,INV-00050,CC-100 Operaciones,Ana Ruiz 01 00001103
1480,2026-06-11,2100,Cuentas por pagar,101424.60,0.00,Pago factura INV-00102,INV-00102,CC-100 Operaciones,Bruno Garcia 02 00001103
1481,2026-01-27,2100,Cuentas por pagar,103884.96,0.00,Pago factura INV-00311,INV-00311,CC-100 Operaciones,Bruno Garcia 02 00001103
1482,2026-03-21,1020,Bancos,0.00,24969.00,Pago factura INV-00284,INV-00284,CC-100 Operaciones,Bruno Garcia 02 00001103
1483,2026-06-30,1020,Bancos,0.00,49889.28,Pago factura INV-00318,INV-00318,CC-100 Operaciones,Bruno Garcia 02 00001103
1484,2026-02-01,1020,Bancos,0.00,40728.76,Pago factura INV-00321,INV-00321,CC-100 Operaciones,Bruno Garcia 02 00001103
1485,2026-06-24,1180,IVA acreditable,13675.52,0.00,Registro factura INV-00191,INV-00191,CC-100 Operaciones,Diego Luna 04 00001103
1486,2026-01-22,1180,IVA acreditable,9097.28,0.00,Registro factura INV-00099,INV-00099,CC-100 Operaciones,Elena Mora 05 00001103
1487,2026-06-28,2100,Cuentas por pagar,23807.84,0.00,Pago factura INV-00067,INV-00067,CC-100 Operaciones,Bruno Garcia 02 00001103
1488,2026-04-25,2100,Cuentas por pagar,76120.36,0.00,Pago factura INV-00194,INV-00194,CC-100 Operaciones,Bruno Garcia 02 00001103
1489,2026-05-30,2100,Cuentas por pagar,0.00,52746.36,Registro factura INV-00122,INV-00122,CC-100 Operaciones,Carla Soto 03 00001103
1490,2026-03-10,1020,Bancos,0.00,101078.92,Pago factura INV-00051,INV-00051,CC-100 Operaciones,Bruno Garcia 02 00001103
1491,2026-05-01,2100,Cuentas por pagar,73219.20,0.00,Pago factura INV-00136,INV-00136,CC-100 Operaciones,Bruno Garcia 02 00001103
1492,2026-06-10,2100,Cuentas por pagar,0.00,98702.08,Registro factura INV-00288,INV-00288,CC-100 Operaciones,Bruno Garcia 02 00001103
1493,2026-03-10,1020,Bancos,0.00,99512.92,Pago factura INV-00153,INV-00153,CC-100 Operaciones,Bruno Garcia 02 00001103
1494,2026-04-29,2100,Cuentas por pagar,48697.96,0.00,Pago factura INV-00032,INV-00032,CC-100 Operaciones,Bruno Garcia 02 00001103
1495,2026-03-12,2100,Cuentas por pagar,27530.97,0.00,Pago factura INV-00213,INV-00213,CC-100 Operaciones,Bruno Garcia 02 00001103
1496,2026-02-05,5000,Gastos operativos,37211.00,0.00,Registro factura INV-00096,INV-00096,CC-100 Operaciones,Elena Mora 05 00001103
1497,2026-05-03,5000,Gastos operativos,77561.00,0.00,Registro factura INV-00040,INV-00040,CC-100 Operaciones,Bruno Garcia 08 00001103
1498,2026-01-26,2100,Cuentas por pagar,103324.68,0.00,Pago factura INV-00269,INV-00269,CC-100 Operaciones,Bruno Garcia 02 00001103
1499,2026-02-25,5000,Gastos operativos,68897.00,0.00,Registro factura INV-00223,INV-00223,CC-100 Operaciones,Elena Mora 05 00001103
1500,2026-06-13,1020,Bancos,0.00,87494.16,Pago factura INV-00016,INV-00016,CC-100 Operaciones,Bruno Garcia 02 00001103
1501,2026-02-05,2100,Cuentas por pagar,0.00,61818.72,Registro factura INV-00295,INV-00295,CC-100 Operaciones,Ana Ruiz 07 00001103
1502,2026-05-11,1180,IVA acreditable,2487.52,0.00,Registro factura INV-00220,INV-00220,CC-100 Operaciones,Diego Luna 10 00001103
1503,2026-02-16,2100,Cuentas por pagar,0.00,88852.52,Registro factura INV-00045,INV-00045,CC-100 Operaciones,Bruno Garcia 08 00001103
1504,2026-06-23,2100,Cuentas por pagar,62469.48,0.00,Pago factura INV-00009,INV-00009,CC-100 Operaciones,Bruno Garcia 02 00001103
1505,2026-01-19,2100,Cuentas por pagar,0.00,78295.36,Registro factura INV-00026,INV-00026,CC-100 Operaciones,Fabian Rios 06 00001103
1506,2026-04-03,2100,Cuentas por pagar,40656.84,0.00,Pago factura INV-00057,INV-00057,CC-100 Operaciones,Bruno Garcia 02 00001103
1507,2026-06-24,1020,Bancos,0.00,94072.52,Pago factura INV-00022,INV-00022,CC-100 Operaciones,Bruno Garcia 02 00001103
1508,2026-04-14,1180,IVA acreditable,10005.44,0.00,Registro factura INV-00170,INV-00170,CC-100 Operaciones,Elena Mora 05 00001103
1509,2026-03-16,2100,Cuentas por pagar,82455.12,0.00,Pago factura INV-00271,INV-00271,CC-100 Operaciones,Bruno Garcia 02 00001103
1510,2026-04-04,1180,IVA acreditable,4194.88,0.00,Registro factura INV-00154,INV-00154,CC-100 Operaciones,Carla Soto 09 00001103
1511,2026-03-23,5000,Gastos operativos,90340.00,0.00,Registro factura INV-00228,INV-00228,CC-100 Operaciones,Elena Mora 05 00001103
1512,2026-05-23,1020,Bancos,0.00,14452.68,Pago factura INV-00336,INV-00336,CC-100 Operaciones,Bruno Garcia 02 00001103
1513,2026-04-04,2100,Cuentas por pagar,91800.08,0.00,Pago factura INV-00084,INV-00084,CC-100 Operaciones,Bruno Garcia 02 00001103
1514,2026-03-23,1020,Bancos,0.00,18353.99,Pago factura INV-00213,INV-00213,CC-100 Operaciones,Bruno Garcia 02 00001103
1515,2026-04-23,5000,Gastos operativos,71634.00,0.00,Registro factura INV-00113,INV-00113,CC-100 Operaciones,Bruno Garcia 02 00001103
1516,2026-03-17,1180,IVA acreditable,4319.68,0.00,Registro factura INV-00273,INV-00273,CC-100 Operaciones,Carla Soto 03 00001103
1517,2026-03-16,5000,Gastos operativos,27608.00,0.00,Registro factura INV-00329,INV-00329,CC-100 Operaciones,Bruno Garcia 08 00001103
1518,2026-05-01,1020,Bancos,0.00,45745.76,Pago factura INV-00230,INV-00230,CC-100 Operaciones,Bruno Garcia 02 00001103
1519,2026-02-15,2100,Cuentas por pagar,38915.68,0.00,Pago factura INV-00240,INV-00240,CC-100 Operaciones,Bruno Garcia 02 00001103
1520,2026-04-11,2100,Cuentas por pagar,0.00,79449.56,Registro factura INV-00345,INV-00345,CC-100 Operaciones,Diego Luna 04 00001103
1521,2026-05-23,1020,Bancos,0.00,108113.16,Pago factura INV-00320,INV-00320,CC-100 Operaciones,Bruno Garcia 02 00001103
1522,2026-03-14,2100,Cuentas por pagar,72635.72,0.00,Pago factura INV-00314,INV-00314,CC-100 Operaciones,Bruno Garcia 02 00001103
1523,2026-04-30,1020,Bancos,0.00,61567.00,Pago factura INV-00190,INV-00190,CC-100 Operaciones,Bruno Garcia 02 00001103
1524,2026-05-04,1020,Bancos,0.00,99656.76,Pago factura INV-00179,INV-00179,CC-100 Operaciones,Bruno Garcia 02 00001103
1525,2026-05-12,1180,IVA acreditable,13126.24,0.00,Registro factura INV-00061,INV-00061,CC-100 Operaciones,Elena Mora 05 00001103
1526,2026-03-25,5000,Gastos operativos,79138.00,0.00,Registro factura INV-00084,INV-00084,CC-100 Operaciones,Elena Mora 05 00001103
1527,2026-04-15,1020,Bancos,0.00,36131.68,Pago factura INV-00012,INV-00012,CC-100 Operaciones,Bruno Garcia 02 00001103
1528,2026-01-24,1020,Bancos,0.00,89050.88,Pago factura INV-00222,INV-00222,CC-100 Operaciones,Bruno Garcia 02 00001103
1529,2026-01-12,1020,Bancos,0.00,21679.00,Pago factura INV-00268,INV-00268,CC-100 Operaciones,Bruno Garcia 02 00001103
1530,2026-06-30,1020,Bancos,0.00,80535.32,Pago factura INV-00007,INV-00007,CC-100 Operaciones,Bruno Garcia 02 00001103
1531,2026-05-21,2100,Cuentas por pagar,86005.88,0.00,Pago factura INV-00305,INV-00305,CC-100 Operaciones,Bruno Garcia 02 00001103
1532,2026-03-25,1020,Bancos,0.00,107353.36,Pago factura INV-00207,INV-00207,CC-100 Operaciones,Bruno Garcia 02 00001103
1533,2026-06-12,2100,Cuentas por pagar,0.00,31360.60,Registro factura INV-00346,INV-00346,CC-100 Operaciones,Diego Luna 04 00001103
1534,2026-06-01,1180,IVA acreditable,8157.28,0.00,Registro factura INV-00052,INV-00052,CC-100 Operaciones,Elena Mora 05 00001103
1535,2026-01-25,2100,Cuentas por pagar,35623.60,0.00,Pago factura INV-00070,INV-00070,CC-100 Operaciones,Bruno Garcia 02 00001103
1536,2026-05-27,2100,Cuentas por pagar,57793.52,0.00,Pago factura INV-00272,INV-00272,CC-100 Operaciones,Bruno Garcia 02 00001103
1537,2026-03-31,2100,Cuentas por pagar,0.00,35269.80,Registro factura INV-00342,INV-00342,CC-100 Operaciones,Elena Mora 05 00001103
1538,2026-05-12,2100,Cuentas por pagar,27530.97,0.00,Pago factura INV-00097,INV-00097,CC-100 Operaciones,Bruno Garcia 02 00001103
1539,2026-05-10,1180,IVA acreditable,5072.48,0.00,Registro factura INV-00014,INV-00014,CC-100 Operaciones,Ana Ruiz 01 00001103
1540,2026-04-12,5000,Gastos operativos,17618.00,0.00,Registro factura INV-00255,INV-00255,CC-100 Operaciones,Carla Soto 03 00001103
1541,2026-04-06,5000,Gastos operativos,58453.00,0.00,Registro factura INV-00325,INV-00325,CC-100 Operaciones,Carla Soto 03 00001103
1542,2026-02-05,5000,Gastos operativos,39556.00,0.00,Registro factura INV-00276,INV-00276,CC-100 Operaciones,Carla Soto 09 00001103
1543,2026-02-28,1180,IVA acreditable,13725.92,0.00,Registro factura INV-00153,INV-00153,CC-100 Operaciones,Fabian Rios 06 00001103
1544,2026-01-10,1180,IVA acreditable,3688.00,0.00,Registro factura INV-00224,INV-00224,CC-100 Operaciones,Carla Soto 09 00001103
1545,2026-01-27,5000,Gastos operativos,62092.00,0.00,Registro factura INV-00261,INV-00261,CC-100 Operaciones,Diego Luna 10 00001103
1546,2026-04-12,1020,Bancos,0.00,47715.44,Pago factura INV-00280,INV-00280,CC-100 Operaciones,Bruno Garcia 02 00001103
1547,2026-06-15,5000,Gastos operativos,32521.00,0.00,Registro factura INV-00020,INV-00020,CC-100 Operaciones,Elena Mora 05 00001103
1548,2026-02-22,1180,IVA acreditable,5420.96,0.00,Registro factura INV-00056,INV-00056,CC-100 Operaciones,Diego Luna 04 00001103
1549,2026-04-12,1020,Bancos,0.00,76448.64,Pago factura INV-00039,INV-00039,CC-100 Operaciones,Bruno Garcia 02 00001103
1550,2026-02-08,1180,IVA acreditable,7741.92,0.00,Registro factura INV-00037,INV-00037,CC-100 Operaciones,Fabian Rios 06 00001103
1551,2026-02-11,2100,Cuentas por pagar,42704.24,0.00,Pago factura INV-00119,INV-00119,CC-100 Operaciones,Bruno Garcia 02 00001103
1552,2026-03-09,2100,Cuentas por pagar,101907.16,0.00,Pago factura INV-00319,INV-00319,CC-100 Operaciones,Bruno Garcia 02 00001103
1553,2026-02-18,2100,Cuentas por pagar,18177.20,0.00,Pago factura INV-00159,INV-00159,CC-100 Operaciones,Bruno Garcia 02 00001103
1554,2026-02-23,1180,IVA acreditable,10282.88,0.00,Registro factura INV-00279,INV-00279,CC-100 Operaciones,Carla Soto 03 00001103
1555,2026-06-02,1180,IVA acreditable,13984.48,0.00,Registro factura INV-00095,INV-00095,CC-100 Operaciones,Bruno Garcia 02 00001103
1556,2026-03-15,2100,Cuentas por pagar,0.00,107353.36,Registro factura INV-00207,INV-00207,CC-100 Operaciones,Carla Soto 03 00001103
1557,2026-05-18,1020,Bancos,0.00,109710.48,Pago factura INV-00110,INV-00110,CC-100 Operaciones,Bruno Garcia 02 00001103
1558,2026-01-14,2100,Cuentas por pagar,0.00,89050.88,Registro factura INV-00222,INV-00222,CC-100 Operaciones,Elena Mora 05 00001103
1559,2026-03-29,2100,Cuentas por pagar,82884.32,0.00,Pago factura INV-00270,INV-00270,CC-100 Operaciones,Bruno Garcia 02 00001103
1560,2026-02-22,1020,Bancos,0.00,46372.16,Pago factura INV-00155,INV-00155,CC-100 Operaciones,Bruno Garcia 02 00001103
1561,2026-03-02,1020,Bancos,0.00,109475.00,Pago factura INV-00328,INV-00328,CC-100 Operaciones,Bruno Garcia 02 00001103
1562,2026-05-08,2100,Cuentas por pagar,0.00,109710.48,Registro factura INV-00110,INV-00110,CC-100 Operaciones,Ana Ruiz 01 00001103
1563,2026-04-20,2100,Cuentas por pagar,0.00,61567.00,Registro factura INV-00190,INV-00190,CC-100 Operaciones,Carla Soto 03 00001103
1564,2026-01-16,2100,Cuentas por pagar,0.00,56831.88,Registro factura INV-00074,INV-00074,CC-100 Operaciones,Ana Ruiz 07 00001103
1565,2026-03-29,1020,Bancos,0.00,49985.56,Pago factura INV-00290,INV-00290,CC-100 Operaciones,Bruno Garcia 02 00001103
1566,2026-02-03,1180,IVA acreditable,13993.92,0.00,Registro factura INV-00286,INV-00286,CC-100 Operaciones,Carla Soto 03 00001103
1567,2026-05-19,1180,IVA acreditable,11419.04,0.00,Registro factura INV-00147,INV-00147,CC-100 Operaciones,Diego Luna 10 00001103
1568,2026-02-28,1020,Bancos,0.00,50425.20,Pago factura INV-00198,INV-00198,CC-100 Operaciones,Bruno Garcia 02 00001103
1569,2026-05-22,2100,Cuentas por pagar,0.00,37219.76,Registro factura INV-00216,INV-00216,CC-100 Operaciones,Ana Ruiz 01 00001103
1570,2026-06-20,1180,IVA acreditable,7482.72,0.00,Registro factura INV-00146,INV-00146,CC-100 Operaciones,Fabian Rios 06 00001103
1571,2026-04-23,2100,Cuentas por pagar,72802.76,0.00,Pago factura INV-00343,INV-00343,CC-100 Operaciones,Bruno Garcia 02 00001103
1572,2026-06-22,2100,Cuentas por pagar,0.00,64392.76,Registro factura INV-00258,INV-00258,CC-100 Operaciones,Diego Luna 10 00001103
1573,2026-01-21,1180,IVA acreditable,0.00,3600.00,Reversion de factura cancelada INV-00360,INV-00360,CC-100 Operaciones,Bruno Garcia 02 00001103
1574,2026-03-01,1020,Bancos,0.00,44272.56,Pago factura INV-00144,INV-00144,CC-100 Operaciones,Bruno Garcia 02 00001103
1575,2026-03-24,5000,Gastos operativos,87047.00,0.00,Registro factura INV-00069,INV-00069,CC-100 Operaciones,Diego Luna 10 00001103
1576,2026-01-17,5000,Gastos operativos,89556.00,0.00,Registro factura INV-00311,INV-00311,CC-100 Operaciones,Diego Luna 04 00001103
1577,2026-01-27,2100,Cuentas por pagar,0.00,35183.96,Registro factura INV-00072,INV-00072,CC-100 Operaciones,Bruno Garcia 08 00001103
1578,2026-02-05,2100,Cuentas por pagar,41314.56,0.00,Pago factura INV-00195,INV-00195,CC-100 Operaciones,Bruno Garcia 02 00001103
1579,2026-06-18,1180,IVA acreditable,3283.84,0.00,Registro factura INV-00067,INV-00067,CC-100 Operaciones,Fabian Rios 06 00001103
1580,2026-06-01,5000,Gastos operativos,87435.00,0.00,Registro factura INV-00102,INV-00102,CC-100 Operaciones,Carla Soto 03 00001103
1581,2026-01-19,1020,Bancos,0.00,35543.56,Pago factura INV-00109,INV-00109,CC-100 Operaciones,Bruno Garcia 02 00001103
1582,2026-03-07,1180,IVA acreditable,13810.72,0.00,Registro factura INV-00350,INV-00350,CC-100 Operaciones,Ana Ruiz 01 00001103
1583,2026-06-30,2100,Cuentas por pagar,49889.28,0.00,Pago factura INV-00318,INV-00318,CC-100 Operaciones,Bruno Garcia 02 00001103
1584,2026-02-05,1180,IVA acreditable,8526.72,0.00,Registro factura INV-00295,INV-00295,CC-100 Operaciones,Ana Ruiz 07 00001103
1585,2026-03-03,1180,IVA acreditable,5481.60,0.00,Registro factura INV-00127,INV-00127,CC-100 Operaciones,Carla Soto 03 00001103
1586,2026-01-30,2080,IVA trasladado,0.00,6080.00,Registro venta INV-00116,INV-00116,CC-100 Operaciones,Bruno Garcia 02 00001103
1587,2026-06-20,2100,Cuentas por pagar,0.00,25524.64,Registro factura INV-00287,INV-00287,CC-100 Operaciones,Bruno Garcia 08 00001103
1588,2026-02-11,1180,IVA acreditable,12226.40,0.00,Registro factura INV-00303,INV-00303,CC-100 Operaciones,Diego Luna 10 00001103
1589,2026-04-20,2100,Cuentas por pagar,62934.64,0.00,Pago factura INV-00267,INV-00267,CC-100 Operaciones,Bruno Garcia 02 00001103
1590,2026-06-27,1020,Bancos,0.00,97368.08,Pago factura INV-00197,INV-00197,CC-100 Operaciones,Bruno Garcia 02 00001103
1591,2026-01-26,1020,Bancos,0.00,103324.68,Pago factura INV-00269,INV-00269,CC-100 Operaciones,Bruno Garcia 02 00001103
1592,2026-03-19,1020,Bancos,0.00,69567.52,Pago factura INV-00117,INV-00117,CC-100 Operaciones,Bruno Garcia 02 00001103
1593,2026-03-28,5000,Gastos operativos,62762.00,0.00,Registro factura INV-00160,INV-00160,CC-100 Operaciones,Fabian Rios 06 00001103
1594,2026-03-28,1180,IVA acreditable,7193.44,0.00,Registro factura INV-00161,INV-00161,CC-100 Operaciones,Diego Luna 04 00001103
1595,2026-06-16,1180,IVA acreditable,5879.68,0.00,Registro factura INV-00301,INV-00301,CC-100 Operaciones,Bruno Garcia 02 00001103
1596,2026-05-11,1180,IVA acreditable,11862.88,0.00,Registro factura INV-00305,INV-00305,CC-100 Operaciones,Bruno Garcia 08 00001103
1597,2026-04-13,1180,IVA acreditable,4073.44,0.00,Registro factura INV-00075,INV-00075,CC-100 Operaciones,Bruno Garcia 08 00001103
1598,2026-06-14,1020,Bancos,0.00,65850.88,Pago factura INV-00005,INV-00005,CC-100 Operaciones,Bruno Garcia 02 00001103
1599,2026-06-05,5000,Gastos operativos,13133.00,0.00,Registro factura INV-00158,INV-00158,CC-100 Operaciones,Carla Soto 09 00001103
1600,2026-04-17,5000,Gastos operativos,59434.00,0.00,Registro factura INV-00355,INV-00355,CC-100 Operaciones,Diego Luna 04 00001103
1601,2026-05-01,2100,Cuentas por pagar,45745.76,0.00,Pago factura INV-00230,INV-00230,CC-100 Operaciones,Bruno Garcia 02 00001103
1602,2026-02-22,2100,Cuentas por pagar,0.00,95316.04,Registro factura INV-00107,INV-00107,CC-100 Operaciones,Fabian Rios 06 00001103
1603,2026-04-15,2100,Cuentas por pagar,38844.92,0.00,Pago factura INV-00137,INV-00137,CC-100 Operaciones,Bruno Garcia 02 00001103
1604,2026-04-07,2100,Cuentas por pagar,72803.92,0.00,Pago factura INV-00160,INV-00160,CC-100 Operaciones,Bruno Garcia 02 00001103
1605,2026-04-22,2100,Cuentas por pagar,85949.04,0.00,Pago factura INV-00054,INV-00054,CC-100 Operaciones,Bruno Garcia 02 00001103
1606,2026-06-01,2100,Cuentas por pagar,44001.12,0.00,Pago factura INV-00121,INV-00121,CC-100 Operaciones,Bruno Garcia 02 00001103
1607,2026-03-20,2100,Cuentas por pagar,0.00,22487.76,Registro factura INV-00331,INV-00331,CC-100 Operaciones,Bruno Garcia 02 00001103
1608,2026-01-28,5000,Gastos operativos,87525.00,0.00,Registro factura INV-00264,INV-00264,CC-100 Operaciones,Carla Soto 03 00001103
1609,2026-05-26,2100,Cuentas por pagar,105968.32,0.00,Pago factura INV-00309,INV-00309,CC-100 Operaciones,Bruno Garcia 02 00001103
1610,2026-02-07,5000,Gastos operativos,55822.00,0.00,Registro factura INV-00202,INV-00202,CC-100 Operaciones,Ana Ruiz 01 00001103
1611,2026-06-29,5000,Gastos operativos,81041.00,0.00,Registro factura INV-00219,INV-00219,CC-100 Operaciones,Elena Mora 05 00001103
1612,2026-02-16,2080,IVA trasladado,0.00,9840.00,Registro venta INV-00044,INV-00044,CC-100 Operaciones,Bruno Garcia 02 00001103
1613,2026-06-23,2100,Cuentas por pagar,0.00,80535.32,Registro factura INV-00007,INV-00007,CC-100 Operaciones,Elena Mora 05 00001103
1614,2026-06-28,1020,Bancos,0.00,23807.84,Pago factura INV-00067,INV-00067,CC-100 Operaciones,Bruno Garcia 02 00001103
1615,2026-04-12,2100,Cuentas por pagar,0.00,20436.88,Registro factura INV-00255,INV-00255,CC-100 Operaciones,Carla Soto 03 00001103
1616,2026-06-28,5000,Gastos operativos,56197.00,0.00,Registro factura INV-00296,INV-00296,CC-100 Operaciones,Diego Luna 10 00001103
1617,2026-06-11,5000,Gastos operativos,78251.00,0.00,Registro factura INV-00077,INV-00077,CC-100 Operaciones,Ana Ruiz 01 00001103
1618,2026-06-28,5000,Gastos operativos,94568.00,0.00,Registro factura INV-00294,INV-00294,CC-100 Operaciones,Bruno Garcia 08 00001103
1619,2026-02-07,2100,Cuentas por pagar,101529.00,0.00,Pago factura INV-00264,INV-00264,CC-100 Operaciones,Bruno Garcia 02 00001103
1620,2026-04-21,1180,IVA acreditable,10099.20,0.00,Registro factura INV-00136,INV-00136,CC-100 Operaciones,Diego Luna 10 00001103
1621,2026-05-10,1180,IVA acreditable,14339.52,0.00,Registro factura INV-00236,INV-00236,CC-100 Operaciones,Carla Soto 03 00001103
1622,2026-05-26,1180,IVA acreditable,3858.24,0.00,Registro factura INV-00101,INV-00101,CC-100 Operaciones,Elena Mora 05 00001103
1623,2026-05-21,1180,IVA acreditable,11228.32,0.00,Registro factura INV-00071,INV-00071,CC-100 Operaciones,Diego Luna 04 00001103
1624,2026-02-28,2100,Cuentas por pagar,0.00,101078.92,Registro factura INV-00051,INV-00051,CC-100 Operaciones,Diego Luna 04 00001103
1625,2026-03-21,2100,Cuentas por pagar,0.00,35637.52,Registro factura INV-00225,INV-00225,CC-100 Operaciones,Ana Ruiz 01 00001103
1626,2026-02-07,2100,Cuentas por pagar,50304.56,0.00,Pago factura INV-00034,INV-00034,CC-100 Operaciones,Bruno Garcia 02 00001103
1627,2026-02-17,1020,Bancos,0.00,64753.52,Pago factura INV-00202,INV-00202,CC-100 Operaciones,Bruno Garcia 02 00001103
1628,2026-04-16,2100,Cuentas por pagar,0.00,43292.36,Registro factura INV-00152,INV-00152,CC-100 Operaciones,Ana Ruiz 07 00001103
1629,2026-04-18,5000,Gastos operativos,32217.00,0.00,Registro factura INV-00211,INV-00211,CC-100 Operaciones,Ana Ruiz 01 00001103
1630,2026-02-19,1180,IVA acreditable,6106.56,0.00,Registro factura INV-00144,INV-00144,CC-100 Operaciones,Elena Mora 05 00001103
1631,2026-05-15,5000,Gastos operativos,46488.00,0.00,Registro factura INV-00304,INV-00304,CC-100 Operaciones,Fabian Rios 06 00001103
1632,2026-04-17,1180,IVA acreditable,14948.32,0.00,Registro factura INV-00292,INV-00292,CC-100 Operaciones,Fabian Rios 06 00001103
1633,2026-03-02,2100,Cuentas por pagar,109475.00,0.00,Pago factura INV-00328,INV-00328,CC-100 Operaciones,Bruno Garcia 02 00001103
1634,2026-02-25,2100,Cuentas por pagar,0.00,79920.52,Registro factura INV-00223,INV-00223,CC-100 Operaciones,Elena Mora 05 00001103
1635,2026-06-23,1020,Bancos,0.00,58157.76,Pago factura INV-00094,INV-00094,CC-100 Operaciones,Bruno Garcia 02 00001103
1636,2026-02-03,2100,Cuentas por pagar,16287.56,0.00,Pago factura INV-00249,INV-00249,CC-100 Operaciones,Bruno Garcia 02 00001103
1637,2026-02-19,1180,IVA acreditable,6696.80,0.00,Registro factura INV-00008,INV-00008,CC-100 Operaciones,Ana Ruiz 07 00001103
1638,2026-03-30,1180,IVA acreditable,6565.28,0.00,Registro factura INV-00344,INV-00344,CC-100 Operaciones,Diego Luna 10 00001103
1639,2026-05-23,1020,Bancos,0.00,18353.99,Pago factura INV-00097,INV-00097,CC-100 Operaciones,Bruno Garcia 02 00001103
1640,2026-05-16,5000,Gastos operativos,18099.00,0.00,Registro factura INV-00237,INV-00237,CC-100 Operaciones,Carla Soto 03 00001103
1641,2026-04-15,2100,Cuentas por pagar,45884.96,0.00,Pago factura INV-00118,INV-00118,CC-100 Operaciones,Bruno Garcia 02 00001103
1642,2026-03-31,1020,Bancos,0.00,35637.52,Pago factura INV-00225,INV-00225,CC-100 Operaciones,Bruno Garcia 02 00001103
1643,2026-02-02,2100,Cuentas por pagar,0.00,61219.00,Registro factura INV-00031,INV-00031,CC-100 Operaciones,Fabian Rios 06 00001103
1644,2026-05-17,2100,Cuentas por pagar,0.00,57793.52,Registro factura INV-00272,INV-00272,CC-100 Operaciones,Bruno Garcia 08 00001103
1645,2026-05-01,1180,IVA acreditable,14973.44,0.00,Registro factura INV-00233,INV-00233,CC-100 Operaciones,Diego Luna 04 00001103
1646,2026-03-17,5000,Gastos operativos,40568.00,0.00,Registro factura INV-00083,INV-00083,CC-100 Operaciones,Elena Mora 05 00001103
1647,2026-06-22,5000,Gastos operativos,40656.00,0.00,Registro factura INV-00001,INV-00001,CC-100 Operaciones,Bruno Garcia 02 00001103
1648,2026-01-13,1180,IVA acreditable,4749.28,0.00,Registro factura INV-00282,INV-00282,CC-100 Operaciones,Fabian Rios 06 00001103
1649,2026-04-18,5000,Gastos operativos,94325.00,0.00,Registro factura INV-00243,INV-00243,CC-100 Operaciones,Carla Soto 09 00001103
1650,2026-03-16,1020,Bancos,0.00,59995.20,Pago factura INV-00148,INV-00148,CC-100 Operaciones,Bruno Garcia 02 00001103
1651,2026-01-11,2100,Cuentas por pagar,0.00,42587.08,Registro factura INV-00076,INV-00076,CC-100 Operaciones,Fabian Rios 06 00001103
1652,2026-06-30,2100,Cuentas por pagar,99439.84,0.00,Pago factura INV-00093,INV-00093,CC-100 Operaciones,Bruno Garcia 02 00001103
1653,2026-05-28,1020,Bancos,0.00,43647.32,Pago factura INV-00165,INV-00165,CC-100 Operaciones,Bruno Garcia 02 00001103
1654,2026-01-28,2100,Cuentas por pagar,0.00,101529.00,Registro factura INV-00264,INV-00264,CC-100 Operaciones,Carla Soto 03 00001103
1655,2026-02-21,2100,Cuentas por pagar,88641.40,0.00,Pago factura INV-00303,INV-00303,CC-100 Operaciones,Bruno Garcia 02 00001103
1656,2026-02-27,1020,Bancos,0.00,73459.32,Pago factura INV-00063,INV-00063,CC-100 Operaciones,Bruno Garcia 02 00001103
1657,2026-02-15,1180,IVA acreditable,11685.44,0.00,Registro factura INV-00162,INV-00162,CC-100 Operaciones,Carla Soto 09 00001103
1658,2026-04-24,2100,Cuentas por pagar,0.00,99656.76,Registro factura INV-00179,INV-00179,CC-100 Operaciones,Carla Soto 09 00001103
1659,2026-01-31,1180,IVA acreditable,6005.44,0.00,Registro factura INV-00130,INV-00130,CC-100 Operaciones,Bruno Garcia 02 00001103
1660,2026-04-08,2100,Cuentas por pagar,0.00,41502.48,Registro factura INV-00214,INV-00214,CC-100 Operaciones,Ana Ruiz 07 00001103
1661,2026-05-01,2100,Cuentas por pagar,0.00,97501.48,Registro factura INV-00199,INV-00199,CC-100 Operaciones,Fabian Rios 06 00001103
1662,2026-01-24,5000,Gastos operativos,54009.00,0.00,Registro factura INV-00064,INV-00064,CC-100 Operaciones,Ana Ruiz 07 00001103
1663,2026-05-29,1020,Bancos,0.00,82788.04,Pago factura INV-00147,INV-00147,CC-100 Operaciones,Bruno Garcia 02 00001103
1664,2026-06-28,1020,Bancos,0.00,44779.48,Pago factura INV-00131,INV-00131,CC-100 Operaciones,Bruno Garcia 02 00001103
1665,2026-02-15,1020,Bancos,0.00,61818.72,Pago factura INV-00295,INV-00295,CC-100 Operaciones,Bruno Garcia 02 00001103
1666,2026-02-10,2100,Cuentas por pagar,0.00,107267.52,Registro factura INV-00259,INV-00259,CC-100 Operaciones,Diego Luna 10 00001103
1667,2026-05-22,5000,Gastos operativos,32086.00,0.00,Registro factura INV-00216,INV-00216,CC-100 Operaciones,Ana Ruiz 01 00001103
1668,2026-02-24,1180,IVA acreditable,3170.40,0.00,Registro factura INV-00173,INV-00173,CC-100 Operaciones,Diego Luna 10 00001103
1669,2026-01-19,2100,Cuentas por pagar,85126.60,0.00,Pago factura INV-00182,INV-00182,CC-100 Operaciones,Bruno Garcia 02 00001103
1670,2026-06-26,2100,Cuentas por pagar,0.00,38708.04,Registro factura INV-00080,INV-00080,CC-100 Operaciones,Bruno Garcia 08 00001103
1671,2026-04-29,1180,IVA acreditable,5264.48,0.00,Registro factura INV-00082,INV-00082,CC-100 Operaciones,Bruno Garcia 02 00001103
1672,2026-03-04,2100,Cuentas por pagar,95316.04,0.00,Pago factura INV-00107,INV-00107,CC-100 Operaciones,Bruno Garcia 02 00001103
1673,2026-04-05,2100,Cuentas por pagar,27029.16,0.00,Pago factura INV-00151,INV-00151,CC-100 Operaciones,Bruno Garcia 02 00001103
1674,2026-02-26,1020,Bancos,0.00,88852.52,Pago factura INV-00045,INV-00045,CC-100 Operaciones,Bruno Garcia 02 00001103
1675,2026-02-01,2100,Cuentas por pagar,65955.28,0.00,Pago factura INV-00099,INV-00099,CC-100 Operaciones,Bruno Garcia 02 00001103
1676,2026-05-12,2100,Cuentas por pagar,83646.44,0.00,Pago factura INV-00100,INV-00100,CC-100 Operaciones,Bruno Garcia 02 00001103
1677,2026-03-13,1180,IVA acreditable,14589.76,0.00,Registro factura INV-00133,INV-00133,CC-100 Operaciones,Ana Ruiz 07 00001103
1678,2026-03-22,2100,Cuentas por pagar,36919.32,0.00,Pago factura INV-00114,INV-00114,CC-100 Operaciones,Bruno Garcia 02 00001103
1679,2026-02-10,2100,Cuentas por pagar,43539.44,0.00,Pago factura INV-00130,INV-00130,CC-100 Operaciones,Bruno Garcia 02 00001103
1680,2026-01-12,1020,Bancos,0.00,27530.97,Pago factura INV-00232,INV-00232,CC-100 Operaciones,Bruno Garcia 02 00001103
1681,2026-05-18,2100,Cuentas por pagar,78922.92,0.00,Pago factura INV-00065,INV-00065,CC-100 Operaciones,Bruno Garcia 02 00001103
1682,2026-06-15,1020,Bancos,0.00,45884.96,Pago factura INV-00334,INV-00334,CC-100 Operaciones,Bruno Garcia 02 00001103
1683,2026-03-24,1020,Bancos,0.00,95193.08,Pago factura INV-00339,INV-00339,CC-100 Operaciones,Bruno Garcia 02 00001103
1684,2026-03-12,5000,Gastos operativos,31827.00,0.00,Registro factura INV-00114,INV-00114,CC-100 Operaciones,Bruno Garcia 02 00001103
1685,2026-04-20,2100,Cuentas por pagar,0.00,47996.16,Registro factura INV-00129,INV-00129,CC-100 Operaciones,Elena Mora 05 00001103
1686,2026-01-24,2100,Cuentas por pagar,107571.44,0.00,Pago factura INV-00201,INV-00201,CC-100 Operaciones,Bruno Garcia 02 00001103
1687,2026-03-11,5000,Gastos operativos,21525.00,0.00,Registro factura INV-00284,INV-00284,CC-100 Operaciones,Ana Ruiz 07 00001103
1688,2026-05-20,1180,IVA acreditable,12099.52,0.00,Registro factura INV-00335,INV-00335,CC-100 Operaciones,Carla Soto 09 00001103
1689,2026-06-10,1180,IVA acreditable,13614.08,0.00,Registro factura INV-00288,INV-00288,CC-100 Operaciones,Bruno Garcia 02 00001103
1690,2026-04-23,2100,Cuentas por pagar,0.00,83095.44,Registro factura INV-00113,INV-00113,CC-100 Operaciones,Bruno Garcia 02 00001103
1691,2026-06-05,5000,Gastos operativos,39556.00,0.00,Registro factura INV-00334,INV-00334,CC-100 Operaciones,Carla Soto 03 00001103
1692,2026-06-24,2100,Cuentas por pagar,94072.52,0.00,Pago factura INV-00022,INV-00022,CC-100 Operaciones,Bruno Garcia 02 00001103
1693,2026-06-26,1020,Bancos,0.00,43198.40,Pago factura INV-00124,INV-00124,CC-100 Operaciones,Bruno Garcia 02 00001103
1694,2026-01-23,1180,IVA acreditable,7563.36,0.00,Registro factura INV-00078,INV-00078,CC-100 Operaciones,Bruno Garcia 02 00001103
1695,2026-06-09,1020,Bancos,0.00,109653.64,Pago factura INV-00177,INV-00177,CC-100 Operaciones,Bruno Garcia 02 00001103
1696,2026-05-12,2100,Cuentas por pagar,23349.40,0.00,Pago factura INV-00028,INV-00028,CC-100 Operaciones,Bruno Garcia 02 00001103
1697,2026-03-05,2100,Cuentas por pagar,74550.88,0.00,Pago factura INV-00279,INV-00279,CC-100 Operaciones,Bruno Garcia 02 00001103
1698,2026-02-06,1180,IVA acreditable,2754.40,0.00,Registro factura INV-00293,INV-00293,CC-100 Operaciones,Bruno Garcia 02 00001103
1699,2026-03-18,2100,Cuentas por pagar,0.00,44611.28,Registro factura INV-00253,INV-00253,CC-100 Operaciones,Bruno Garcia 02 00001103
1700,2026-01-25,1180,IVA acreditable,6753.60,0.00,Registro factura INV-00184,INV-00184,CC-100 Operaciones,Diego Luna 04 00001103
1701,2026-06-04,1180,IVA acreditable,9082.88,0.00,Registro factura INV-00005,INV-00005,CC-100 Operaciones,Diego Luna 04 00001103
1702,2026-06-30,1020,Bancos,0.00,65188.52,Pago factura INV-00296,INV-00296,CC-100 Operaciones,Bruno Garcia 02 00001103
1703,2026-05-17,1020,Bancos,0.00,35509.92,Pago factura INV-00307,INV-00307,CC-100 Operaciones,Bruno Garcia 02 00001103
1704,2026-05-31,5000,Gastos operativos,85773.00,0.00,Registro factura INV-00085,INV-00085,CC-100 Operaciones,Diego Luna 10 00001103
1705,2026-06-05,5000,Gastos operativos,31148.00,0.00,Registro factura INV-00006,INV-00006,CC-100 Operaciones,Ana Ruiz 07 00001103
1706,2026-02-12,5000,Gastos operativos,39976.00,0.00,Registro factura INV-00155,INV-00155,CC-100 Operaciones,Bruno Garcia 02 00001103
1707,2026-01-09,1180,IVA acreditable,4902.56,0.00,Registro factura INV-00109,INV-00109,CC-100 Operaciones,Bruno Garcia 02 00001103
1708,2026-01-16,1180,IVA acreditable,14251.68,0.00,Registro factura INV-00269,INV-00269,CC-100 Operaciones,Carla Soto 09 00001103
1709,2026-02-09,1020,Bancos,0.00,89338.56,Pago factura INV-00200,INV-00200,CC-100 Operaciones,Bruno Garcia 02 00001103
1710,2026-06-07,2100,Cuentas por pagar,39484.08,0.00,Pago factura INV-00089,INV-00089,CC-100 Operaciones,Bruno Garcia 02 00001103
1711,2026-02-17,2100,Cuentas por pagar,0.00,73459.32,Registro factura INV-00063,INV-00063,CC-100 Operaciones,Elena Mora 05 00001103
1712,2026-06-02,5000,Gastos operativos,39401.00,0.00,Registro factura INV-00348,INV-00348,CC-100 Operaciones,Diego Luna 10 00001103
1713,2026-04-08,5000,Gastos operativos,35778.00,0.00,Registro factura INV-00214,INV-00214,CC-100 Operaciones,Ana Ruiz 07 00001103
1714,2026-05-27,1180,IVA acreditable,2532.32,0.00,Registro factura INV-00358,INV-00358,CC-100 Operaciones,Diego Luna 04 00001103
1715,2026-03-29,1180,IVA acreditable,4529.60,0.00,Registro factura INV-00208,INV-00208,CC-100 Operaciones,Carla Soto 03 00001103
1716,2026-06-30,1020,Bancos,0.00,25524.64,Pago factura INV-00287,INV-00287,CC-100 Operaciones,Bruno Garcia 02 00001103
1717,2026-01-21,1180,IVA acreditable,10431.36,0.00,Registro factura INV-00266,INV-00266,CC-100 Operaciones,Bruno Garcia 08 00001103
1718,2026-02-20,1180,IVA acreditable,15100.00,0.00,Registro factura INV-00328,INV-00328,CC-100 Operaciones,Diego Luna 04 00001103
1719,2026-06-16,5000,Gastos operativos,37240.00,0.00,Registro factura INV-00124,INV-00124,CC-100 Operaciones,Diego Luna 10 00001103
1720,2026-02-08,2100,Cuentas por pagar,0.00,56128.92,Registro factura INV-00037,INV-00037,CC-100 Operaciones,Fabian Rios 06 00001103
1721,2026-01-29,1180,IVA acreditable,8439.20,0.00,Registro factura INV-00332,INV-00332,CC-100 Operaciones,Diego Luna 10 00001103
1722,2026-05-04,2100,Cuentas por pagar,0.00,47730.52,Registro factura INV-00241,INV-00241,CC-100 Operaciones,Carla Soto 03 00001103
1723,2026-03-17,1180,IVA acreditable,6490.88,0.00,Registro factura INV-00083,INV-00083,CC-100 Operaciones,Elena Mora 05 00001103
1724,2026-05-07,2100,Cuentas por pagar,0.00,62666.68,Registro factura INV-00081,INV-00081,CC-100 Operaciones,Bruno Garcia 02 00001103
1725,2026-01-21,5000,Gastos operativos,65196.00,0.00,Registro factura INV-00266,INV-00266,CC-100 Operaciones,Bruno Garcia 08 00001103
1726,2026-05-26,1020,Bancos,0.00,105968.32,Pago factura INV-00309,INV-00309,CC-100 Operaciones,Bruno Garcia 02 00001103
1727,2026-01-21,5000,Gastos operativos,0.00,22500.00,Reversion de factura cancelada INV-00360,INV-00360,CC-100 Operaciones,Bruno Garcia 02 00001103
1728,2026-02-18,1020,Bancos,0.00,18177.20,Pago factura INV-00159,INV-00159,CC-100 Operaciones,Bruno Garcia 02 00001103
1729,2026-01-29,2100,Cuentas por pagar,93709.44,0.00,Pago factura INV-00181,INV-00181,CC-100 Operaciones,Bruno Garcia 02 00001103
1730,2026-03-24,2100,Cuentas por pagar,95193.08,0.00,Pago factura INV-00339,INV-00339,CC-100 Operaciones,Bruno Garcia 02 00001103
1731,2026-04-05,5000,Gastos operativos,31148.00,0.00,Registro factura INV-00012,INV-00012,CC-100 Operaciones,Elena Mora 05 00001103
1732,2026-04-30,2100,Cuentas por pagar,0.00,72823.64,Registro factura INV-00327,INV-00327,CC-100 Operaciones,Carla Soto 09 00001103
1733,2026-01-23,2100,Cuentas por pagar,14452.68,0.00,Pago factura INV-00268,INV-00268,CC-100 Operaciones,Bruno Garcia 02 00001103
1734,2026-03-08,1180,IVA acreditable,8271.20,0.00,Registro factura INV-00024,INV-00024,CC-100 Operaciones,Fabian Rios 06 00001103
1735,2026-04-05,2100,Cuentas por pagar,0.00,61517.12,Registro factura INV-00289,INV-00289,CC-100 Operaciones,Bruno Garcia 08 00001103
1736,2026-01-21,1020,Bancos,0.00,98294.92,Pago factura INV-00019,INV-00019,CC-100 Operaciones,Bruno Garcia 02 00001103
1737,2026-01-19,2100,Cuentas por pagar,0.00,26100.00,Registro factura INV-00360,INV-00360,CC-100 Operaciones,Carla Soto 09 00001103
1738,2026-04-20,1180,IVA acreditable,6620.16,0.00,Registro factura INV-00129,INV-00129,CC-100 Operaciones,Elena Mora 05 00001103
1739,2026-05-20,2100,Cuentas por pagar,0.00,55953.76,Registro factura INV-00013,INV-00013,CC-100 Operaciones,Ana Ruiz 07 00001103
1740,2026-06-30,2100,Cuentas por pagar,64392.76,0.00,Pago factura INV-00258,INV-00258,CC-100 Operaciones,Bruno Garcia 02 00001103
1741,2026-04-09,1020,Bancos,0.00,27276.24,Pago factura INV-00192,INV-00192,CC-100 Operaciones,Bruno Garcia 02 00001103
1742,2026-05-12,2100,Cuentas por pagar,21679.00,0.00,Pago factura INV-00336,INV-00336,CC-100 Operaciones,Bruno Garcia 02 00001103
1743,2026-06-21,2100,Cuentas por pagar,90771.16,0.00,Pago factura INV-00077,INV-00077,CC-100 Operaciones,Bruno Garcia 02 00001103
1744,2026-03-30,1020,Bancos,0.00,22487.76,Pago factura INV-00331,INV-00331,CC-100 Operaciones,Bruno Garcia 02 00001103
1745,2026-06-04,1020,Bancos,0.00,32745.64,Pago factura INV-00079,INV-00079,CC-100 Operaciones,Bruno Garcia 02 00001103
1746,2026-05-12,1020,Bancos,0.00,21679.00,Pago factura INV-00336,INV-00336,CC-100 Operaciones,Bruno Garcia 02 00001103
1747,2026-01-21,1020,Bancos,0.00,42587.08,Pago factura INV-00076,INV-00076,CC-100 Operaciones,Bruno Garcia 02 00001103
1748,2026-04-19,1180,IVA acreditable,12099.36,0.00,Registro factura INV-00244,INV-00244,CC-100 Operaciones,Fabian Rios 06 00001103
1749,2026-02-18,2100,Cuentas por pagar,0.00,51024.92,Registro factura INV-00278,INV-00278,CC-100 Operaciones,Bruno Garcia 02 00001103
1750,2026-01-30,2100,Cuentas por pagar,87614.80,0.00,Pago factura INV-00338,INV-00338,CC-100 Operaciones,Bruno Garcia 02 00001103
1751,2026-02-03,5000,Gastos operativos,87462.00,0.00,Registro factura INV-00286,INV-00286,CC-100 Operaciones,Carla Soto 03 00001103
1752,2026-02-25,1020,Bancos,0.00,16625.12,Pago factura INV-00018,INV-00018,CC-100 Operaciones,Bruno Garcia 02 00001103
1753,2026-03-26,1180,IVA acreditable,1960.00,0.00,Registro factura INV-00157,INV-00157,CC-100 Operaciones,Diego Luna 04 00001103
1754,2026-02-08,2100,Cuentas por pagar,94624.68,0.00,Pago factura INV-00176,INV-00176,CC-100 Operaciones,Bruno Garcia 02 00001103
1755,2026-04-15,2100,Cuentas por pagar,38915.68,0.00,Pago factura INV-00138,INV-00138,CC-100 Operaciones,Bruno Garcia 02 00001103
1756,2026-05-13,2100,Cuentas por pagar,89970.76,0.00,Pago factura INV-00040,INV-00040,CC-100 Operaciones,Bruno Garcia 02 00001103
1757,2026-04-02,5000,Gastos operativos,65904.00,0.00,Registro factura INV-00039,INV-00039,CC-100 Operaciones,Carla Soto 09 00001103
1758,2026-04-26,5000,Gastos operativos,85019.00,0.00,Registro factura INV-00105,INV-00105,CC-100 Operaciones,Carla Soto 03 00001103
1759,2026-01-11,1180,IVA acreditable,5874.08,0.00,Registro factura INV-00076,INV-00076,CC-100 Operaciones,Fabian Rios 06 00001103
1760,2026-02-06,5000,Gastos operativos,52512.00,0.00,Registro factura INV-00068,INV-00068,CC-100 Operaciones,Diego Luna 04 00001103
1761,2026-01-22,5000,Gastos operativos,56858.00,0.00,Registro factura INV-00099,INV-00099,CC-100 Operaciones,Elena Mora 05 00001103
1762,2026-04-29,1020,Bancos,0.00,48697.96,Pago factura INV-00032,INV-00032,CC-100 Operaciones,Bruno Garcia 02 00001103
1763,2026-04-09,1020,Bancos,0.00,47598.28,Pago factura INV-00344,INV-00344,CC-100 Operaciones,Bruno Garcia 02 00001103
1764,2026-06-03,5000,Gastos operativos,44886.00,0.00,Registro factura INV-00010,INV-00010,CC-100 Operaciones,Ana Ruiz 07 00001103
1765,2026-02-21,1180,IVA acreditable,11887.84,0.00,Registro factura INV-00143,INV-00143,CC-100 Operaciones,Carla Soto 09 00001103
1766,2026-05-23,2100,Cuentas por pagar,18353.99,0.00,Pago factura INV-00097,INV-00097,CC-100 Operaciones,Bruno Garcia 02 00001103
1767,2026-03-04,1020,Bancos,0.00,95316.04,Pago factura INV-00107,INV-00107,CC-100 Operaciones,Bruno Garcia 02 00001103
1768,2026-02-20,1020,Bancos,0.00,107267.52,Pago factura INV-00259,INV-00259,CC-100 Operaciones,Bruno Garcia 02 00001103
1769,2026-05-23,2100,Cuentas por pagar,14452.68,0.00,Pago factura INV-00336,INV-00336,CC-100 Operaciones,Bruno Garcia 02 00001103
1770,2026-06-27,1180,IVA acreditable,11111.20,0.00,Registro factura INV-00283,INV-00283,CC-100 Operaciones,Carla Soto 03 00001103
1771,2026-02-03,2100,Cuentas por pagar,62650.44,0.00,Pago factura INV-00064,INV-00064,CC-100 Operaciones,Bruno Garcia 02 00001103
1772,2026-06-03,2100,Cuentas por pagar,96964.40,0.00,Pago factura INV-00183,INV-00183,CC-100 Operaciones,Bruno Garcia 02 00001103
1773,2026-02-06,2100,Cuentas por pagar,72026.72,0.00,Pago factura INV-00261,INV-00261,CC-100 Operaciones,Bruno Garcia 02 00001103
1774,2026-03-12,2100,Cuentas por pagar,22869.40,0.00,Pago factura INV-00218,INV-00218,CC-100 Operaciones,Bruno Garcia 02 00001103
1775,2026-03-19,2100,Cuentas por pagar,0.00,82884.32,Registro factura INV-00270,INV-00270,CC-100 Operaciones,Ana Ruiz 07 00001103
1776,2026-03-05,2100,Cuentas por pagar,0.00,36131.68,Registro factura INV-00108,INV-00108,CC-100 Operaciones,Diego Luna 04 00001103
1777,2026-05-05,1180,IVA acreditable,5367.68,0.00,Registro factura INV-00028,INV-00028,CC-100 Operaciones,Bruno Garcia 08 00001103
1778,2026-03-04,5000,Gastos operativos,62617.00,0.00,Registro factura INV-00314,INV-00314,CC-100 Operaciones,Diego Luna 10 00001103
1779,2026-04-18,2100,Cuentas por pagar,41502.48,0.00,Pago factura INV-00214,INV-00214,CC-100 Operaciones,Bruno Garcia 02 00001103
1780,2026-03-20,1180,IVA acreditable,3101.76,0.00,Registro factura INV-00331,INV-00331,CC-100 Operaciones,Bruno Garcia 02 00001103
1781,2026-04-16,2100,Cuentas por pagar,101720.40,0.00,Pago factura INV-00033,INV-00033,CC-100 Operaciones,Bruno Garcia 02 00001103
1782,2026-04-25,2100,Cuentas por pagar,0.00,32555.40,Registro factura INV-00226,INV-00226,CC-100 Operaciones,Fabian Rios 06 00001103
1783,2026-06-15,1020,Bancos,0.00,98772.84,Pago factura INV-00163,INV-00163,CC-100 Operaciones,Bruno Garcia 02 00001103
1784,2026-03-05,2100,Cuentas por pagar,0.00,35644.48,Registro factura INV-00326,INV-00326,CC-100 Operaciones,Elena Mora 05 00001103
1785,2026-01-27,1180,IVA acreditable,4852.96,0.00,Registro factura INV-00072,INV-00072,CC-100 Operaciones,Bruno Garcia 08 00001103
1786,2026-05-07,2100,Cuentas por pagar,53901.72,0.00,Pago factura INV-00103,INV-00103,CC-100 Operaciones,Bruno Garcia 02 00001103
1787,2026-05-06,1020,Bancos,0.00,98622.04,Pago factura INV-00105,INV-00105,CC-100 Operaciones,Bruno Garcia 02 00001103
1788,2026-06-17,1180,IVA acreditable,13430.08,0.00,Registro factura INV-00197,INV-00197,CC-100 Operaciones,Ana Ruiz 07 00001103
1789,2026-05-11,2100,Cuentas por pagar,0.00,18034.52,Registro factura INV-00220,INV-00220,CC-100 Operaciones,Diego Luna 10 00001103
1790,2026-06-01,1020,Bancos,0.00,37219.76,Pago factura INV-00216,INV-00216,CC-100 Operaciones,Bruno Garcia 02 00001103
1791,2026-06-30,1020,Bancos,0.00,56721.68,Pago factura INV-00238,INV-00238,CC-100 Operaciones,Bruno Garcia 02 00001103
1792,2026-02-24,2100,Cuentas por pagar,33926.52,0.00,Pago factura INV-00322,INV-00322,CC-100 Operaciones,Bruno Garcia 02 00001103
1793,2026-06-30,1020,Bancos,0.00,38708.04,Pago factura INV-00080,INV-00080,CC-100 Operaciones,Bruno Garcia 02 00001103
1794,2026-05-02,5000,Gastos operativos,72109.00,0.00,Registro factura INV-00100,INV-00100,CC-100 Operaciones,Ana Ruiz 01 00001103
1795,2026-02-27,2100,Cuentas por pagar,0.00,101907.16,Registro factura INV-00319,INV-00319,CC-100 Operaciones,Carla Soto 09 00001103
1796,2026-01-09,2100,Cuentas por pagar,0.00,35543.56,Registro factura INV-00109,INV-00109,CC-100 Operaciones,Bruno Garcia 02 00001103
1797,2026-02-02,5000,Gastos operativos,56934.00,0.00,Registro factura INV-00265,INV-00265,CC-100 Operaciones,Bruno Garcia 08 00001103
1798,2026-05-19,1020,Bancos,0.00,56164.88,Pago factura INV-00029,INV-00029,CC-100 Operaciones,Bruno Garcia 02 00001103
1799,2026-03-29,1020,Bancos,0.00,82884.32,Pago factura INV-00270,INV-00270,CC-100 Operaciones,Bruno Garcia 02 00001103
1800,2026-06-19,2100,Cuentas por pagar,56203.16,0.00,Pago factura INV-00306,INV-00306,CC-100 Operaciones,Bruno Garcia 02 00001103
1801,2026-03-07,2100,Cuentas por pagar,79920.52,0.00,Pago factura INV-00223,INV-00223,CC-100 Operaciones,Bruno Garcia 02 00001103
1802,2026-05-16,1020,Bancos,0.00,50145.64,Pago factura INV-00059,INV-00059,CC-100 Operaciones,Bruno Garcia 02 00001103
1803,2026-01-22,2100,Cuentas por pagar,0.00,40728.76,Registro factura INV-00321,INV-00321,CC-100 Operaciones,Ana Ruiz 07 00001103
1804,2026-06-22,2100,Cuentas por pagar,0.00,47160.96,Registro factura INV-00001,INV-00001,CC-100 Operaciones,Bruno Garcia 02 00001103
1805,2026-04-24,2100,Cuentas por pagar,0.00,53260.24,Registro factura INV-00038,INV-00038,CC-100 Operaciones,Ana Ruiz 01 00001103
1806,2026-04-28,1180,IVA acreditable,3477.12,0.00,Registro factura INV-00142,INV-00142,CC-100 Operaciones,Elena Mora 05 00001103
1807,2026-06-07,5000,Gastos operativos,55145.00,0.00,Registro factura INV-00141,INV-00141,CC-100 Operaciones,Elena Mora 05 00001103
1808,2026-06-08,1180,IVA acreditable,13252.32,0.00,Registro factura INV-00126,INV-00126,CC-100 Operaciones,Diego Luna 10 00001103
1809,2026-01-20,1180,IVA acreditable,4911.52,0.00,Registro factura INV-00156,INV-00156,CC-100 Operaciones,Ana Ruiz 01 00001103
1810,2026-06-15,2100,Cuentas por pagar,15234.28,0.00,Pago factura INV-00158,INV-00158,CC-100 Operaciones,Bruno Garcia 02 00001103
1811,2026-06-13,2100,Cuentas por pagar,0.00,62469.48,Registro factura INV-00009,INV-00009,CC-100 Operaciones,Carla Soto 03 00001103
1812,2026-02-24,5000,Gastos operativos,40714.00,0.00,Registro factura INV-00250,INV-00250,CC-100 Operaciones,Bruno Garcia 08 00001103
1813,2026-01-13,2100,Cuentas por pagar,0.00,34432.28,Registro factura INV-00282,INV-00282,CC-100 Operaciones,Fabian Rios 06 00001103
1814,2026-06-07,2100,Cuentas por pagar,0.00,63968.20,Registro factura INV-00141,INV-00141,CC-100 Operaciones,Elena Mora 05 00001103
1815,2026-05-04,1020,Bancos,0.00,53260.24,Pago factura INV-00038,INV-00038,CC-100 Operaciones,Bruno Garcia 02 00001103
1816,2026-04-16,5000,Gastos operativos,13613.00,0.00,Registro factura INV-00299,INV-00299,CC-100 Operaciones,Carla Soto 09 00001103
1817,2026-04-06,2100,Cuentas por pagar,32833.80,0.00,Pago factura INV-00150,INV-00150,CC-100 Operaciones,Bruno Garcia 02 00001103
1818,2026-05-07,5000,Gastos operativos,54023.00,0.00,Registro factura INV-00081,INV-00081,CC-100 Operaciones,Bruno Garcia 02 00001103
1819,2026-03-18,5000,Gastos operativos,63761.00,0.00,Registro factura INV-00058,INV-00058,CC-100 Operaciones,Diego Luna 10 00001103
1820,2026-03-14,1180,IVA acreditable,13130.08,0.00,Registro factura INV-00339,INV-00339,CC-100 Operaciones,Fabian Rios 06 00001103
1821,2026-01-22,5000,Gastos operativos,35111.00,0.00,Registro factura INV-00321,INV-00321,CC-100 Operaciones,Ana Ruiz 07 00001103
1822,2026-05-19,2100,Cuentas por pagar,0.00,82788.04,Registro factura INV-00147,INV-00147,CC-100 Operaciones,Diego Luna 10 00001103
1823,2026-04-03,2100,Cuentas por pagar,0.00,66213.96,Registro factura INV-00106,INV-00106,CC-100 Operaciones,Fabian Rios 06 00001103
1824,2026-05-10,1020,Bancos,0.00,72823.64,Pago factura INV-00327,INV-00327,CC-100 Operaciones,Bruno Garcia 02 00001103
