entry_id,date,account_code,account_name,debit,credit,description,invoice_uuid,cost_center,approver
1,2026-01-17,2100,Cuentas por pagar,0.00,104056.64,Registro factura INV-00185,INV-00185,CC-100 Operaciones,Diego Luna 04 00001204
2,2026-06-05,5000,Gastos operativos,55644.00,0.00,Registro factura INV-00101,INV-00101,CC-100 Operaciones,Ana Ruiz 01 00001204
3,2026-05-06,1020,Bancos,0.00,57715.80,Pago factura INV-00233,INV-00233,CC-100 Operaciones,Bruno Garcia 02 00001204
4,2026-01-21,1180,IVA acreditable,6620.64,0.00,Registro factura INV-00084,INV-00084,CC-100 Operaciones,Diego Luna 10 00001204
5,2026-06-30,1020,Bancos,0.00,35963.48,Pago factura INV-00314,INV-00314,CC-100 Operaciones,Bruno Garcia 02 00001204
6,2026-06-02,1180,IVA acreditable,7745.92,0.00,Registro factura INV-00283,INV-00283,CC-100 Operaciones,Diego Luna 10 00001204
7,2026-02-01,2100,Cuentas por pagar,0.00,77215.40,Registro factura INV-00322,INV-00322,CC-100 Operaciones,Carla Soto 09 00001204
8,2026-02-21,5000,Gastos operativos,120572.00,0.00,Registro factura INV-00151,INV-00151,CC-100 Operaciones,Elena Mora 05 00001204
9,2026-04-24,2100,Cuentas por pagar,0.00,84631.28,Registro factura INV-00243,INV-00243,CC-100 Operaciones,Carla Soto 09 00001204
10,2026-04-01,5000,Gastos operativos,61503.00,0.00,Registro factura INV-00168,INV-00168,CC-100 Operaciones,Bruno Garcia 02 00001204
11,2026-02-01,1180,IVA acreditable,6925.92,0.00,Registro factura INV-00180,INV-00180,CC-100 Operaciones,Ana Ruiz 01 00001204
12,2026-04-18,1020,Bancos,0.00,49300.00,Pago factura INV-00219,INV-00219,CC-100 Operaciones,Bruno Garcia 02 00001204
13,2026-04-02,2100,Cuentas por pagar,0.00,102494.12,Registro factura INV-00002,INV-00002,CC-100 Operaciones,Carla Soto 09 00001204
14,2026-06-29,5000,Gastos operativos,15960.00,0.00,Registro factura INV-00206,INV-00206,CC-100 Operaciones,Ana Ruiz 07 00001204
15,2026-01-19,5000,Gastos operativos,26419.00,0.00,Registro factura INV-00062,INV-00062,CC-100 Operaciones,Fabian Rios 06 00001204
16,2026-01-21,1020,Bancos,0.00,77463.64,Pago factura INV-00098,INV-00098,CC-100 Operaciones,Bruno Garcia 02 00001204
17,2026-02-04,5000,Gastos operativos,59543.00,0.00,Registro factura INV-00312,INV-00312,CC-100 Operaciones,Diego Luna 10 00001204
18,2026-03-26,2100,Cuentas por pagar,55878.36,0.00,Pago factura INV-00034,INV-00034,CC-100 Operaciones,Bruno Garcia 02 00001204
19,2026-02-12,1020,Bancos,0.00,47311.76,Pago factura INV-00340,INV-00340,CC-100 Operaciones,Bruno Garcia 02 00001204
20,2026-02-12,1180,IVA acreditable,4791.68,0.00,Registro factura INV-00279,INV-00279,CC-100 Operaciones,Diego Luna 10 00001204
21,2026-06-27,5000,Gastos operativos,51245.00,0.00,Registro factura INV-00048,INV-00048,CC-100 Operaciones,Ana Ruiz 01 00001204
22,2026-02-01,1020,Bancos,0.00,74995.16,Pago factura INV-00214,INV-00214,CC-100 Operaciones,Bruno Garcia 02 00001204
23,2026-06-07,1020,Bancos,0.00,79238.44,Pago factura INV-00355,INV-00355,CC-100 Operaciones,Bruno Garcia 02 00001204
24,2026-04-23,2100,Cuentas por pagar,0.00,39286.88,Registro factura INV-00371,INV-00371,CC-100 Operaciones,Diego Luna 04 00001204
25,2026-06-30,1020,Bancos,0.00,21308.04,Pago factura INV-00353,INV-00353,CC-100 Operaciones,Bruno Garcia 02 00001204
26,2026-01-19,1020,Bancos,0.00,96085.12,Pago factura INV-00364,INV-00364,CC-100 Operaciones,Bruno Garcia 02 00001204
27,2026-02-24,1180,IVA acreditable,4462.40,0.00,Registro factura INV-00247,INV-00247,CC-100 Operaciones,Diego Luna 10 00001204
28,2026-02-11,5000,Gastos operativos,37489.00,0.00,Registro factura INV-00081,INV-00081,CC-100 Operaciones,Elena Mora 05 00001204
29,2026-02-07,5000,Gastos operativos,21271.00,0.00,Registro factura INV-00244,INV-00244,CC-100 Operaciones,Ana Ruiz 01 00001204
30,2026-04-14,2100,Cuentas por pagar,99268.16,0.00,Pago factura INV-00100,INV-00100,CC-100 Operaciones,Bruno Garcia 02 00001204
31,2026-06-12,2100,Cuentas por pagar,0.00,31610.00,Registro factura INV-00298,INV-00298,CC-100 Operaciones,Fabian Rios 06 00001204
32,2026-06-02,1180,IVA acreditable,9031.04,0.00,Registro factura INV-00005,INV-00005,CC-100 Operaciones,Bruno Garcia 02 00001204
33,2026-05-29,5000,Gastos operativos,43019.00,0.00,Registro factura INV-00200,INV-00200,CC-100 Operaciones,Fabian Rios 06 00001204
34,2026-04-02,2100,Cuentas por pagar,0.00,31390.76,Registro factura INV-00150,INV-00150,CC-100 Operaciones,Ana Ruiz 07 00001204
35,2026-03-07,2100,Cuentas por pagar,0.00,107770.96,Registro factura INV-00055,INV-00055,CC-100 Operaciones,Carla Soto 09 00001204
36,2026-03-12,2100,Cuentas por pagar,21202.94,0.00,Pago factura INV-00009,INV-00009,CC-100 Operaciones,Bruno Garcia 02 00001204
37,2026-03-18,2100,Cuentas por pagar,0.00,25837.84,Registro factura INV-00297,INV-00297,CC-100 Operaciones,Diego Luna 10 00001204
38,2026-05-23,5000,Gastos operativos,47452.00,0.00,Registro factura INV-00358,INV-00358,CC-100 Operaciones,Fabian Rios 06 00001204
39,2026-02-04,2100,Cuentas por pagar,75194.68,0.00,Pago factura INV-00329,INV-00329,CC-100 Operaciones,Bruno Garcia 02 00001204
40,2026-06-13,2100,Cuentas por pagar,0.00,70067.48,Registro factura INV-00357,INV-00357,CC-100 Operaciones,Carla Soto 03 00001204
41,2026-02-16,1180,IVA acreditable,11561.92,0.00,Registro factura INV-00152,INV-00152,CC-100 Operaciones,Bruno Garcia 08 00001204
42,2026-01-27,1180,IVA acreditable,8235.68,0.00,Registro factura INV-00050,INV-00050,CC-100 Operaciones,Bruno Garcia 08 00001204
43,2026-06-17,2100,Cuentas por pagar,89670.32,0.00,Pago factura INV-00281,INV-00281,CC-100 Operaciones,Bruno Garcia 02 00001204
44,2026-05-06,1020,Bancos,0.00,73733.08,Pago factura INV-00207,INV-00207,CC-100 Operaciones,Bruno Garcia 02 00001204
45,2026-02-16,2100,Cuentas por pagar,0.00,58372.36,Registro factura INV-00184,INV-00184,CC-100 Operaciones,Fabian Rios 06 00001204
46,2026-04-10,2100,Cuentas por pagar,66260.36,0.00,Pago factura INV-00274,INV-00274,CC-100 Operaciones,Bruno Garcia 02 00001204
47,2026-01-24,2100,Cuentas por pagar,99316.88,0.00,Pago factura INV-00146,INV-00146,CC-100 Operaciones,Bruno Garcia 02 00001204
48,2026-02-17,1180,IVA acreditable,11030.88,0.00,Registro factura INV-00106,INV-00106,CC-100 Operaciones,Carla Soto 03 00001204
49,2026-01-15,5000,Gastos operativos,49470.00,0.00,Registro factura INV-00172,INV-00172,CC-100 Operaciones,Bruno Garcia 02 00001204
50,2026-03-12,1020,Bancos,0.00,83872.64,Pago factura INV-00075,INV-00075,CC-100 Operaciones,Bruno Garcia 02 00001204
51,2026-04-24,1020,Bancos,0.00,102392.04,Pago factura INV-00248,INV-00248,CC-100 Operaciones,Bruno Garcia 02 00001204
52,2026-06-26,2100,Cuentas por pagar,76650.48,0.00,Pago factura INV-00058,INV-00058,CC-100 Operaciones,Bruno Garcia 02 00001204
53,2026-03-22,5000,Gastos operativos,54269.00,0.00,Registro factura INV-00221,INV-00221,CC-100 Operaciones,Fabian Rios 06 00001204
54,2026-01-26,1180,IVA acreditable,3752.00,0.00,Registro factura INV-00029,INV-00029,CC-100 Operaciones,Ana Ruiz 01 00001204
55,2026-04-05,1180,IVA acreditable,4748.00,0.00,Registro factura INV-00118,INV-00118,CC-100 Operaciones,Fabian Rios 06 00001204
56,2026-02-17,2100,Cuentas por pagar,32981.12,0.00,Pago factura INV-00319,INV-00319,CC-100 Operaciones,Bruno Garcia 02 00001204
57,2026-05-30,2100,Cuentas por pagar,0.00,15450.04,Registro factura INV-00109,INV-00109,CC-100 Operaciones,Ana Ruiz 01 00001204
58,2026-02-10,2100,Cuentas por pagar,0.00,93395.08,Registro factura INV-00282,INV-00282,CC-100 Operaciones,Bruno Garcia 08 00001204
59,2026-03-27,1180,IVA acreditable,4486.08,0.00,Registro factura INV-00292,INV-00292,CC-100 Operaciones,Ana Ruiz 07 00001204
60,2026-03-16,1020,Bancos,0.00,44433.80,Pago factura INV-00173,INV-00173,CC-100 Operaciones,Bruno Garcia 02 00001204
61,2026-02-11,2100,Cuentas por pagar,77215.40,0.00,Pago factura INV-00322,INV-00322,CC-100 Operaciones,Bruno Garcia 02 00001204
62,2026-03-28,1180,IVA acreditable,4108.00,0.00,Registro factura INV-00291,INV-00291,CC-100 Operaciones,Fabian Rios 06 00001204
63,2026-01-09,2100,Cuentas por pagar,0.00,96085.12,Registro factura INV-00364,INV-00364,CC-100 Operaciones,Diego Luna 10 00001204
64,2026-06-09,2100,Cuentas por pagar,0.00,40845.92,Registro factura INV-00127,INV-00127,CC-100 Operaciones,Elena Mora 05 00001204
65,2026-03-11,1020,Bancos,0.00,17558.92,Pago factura INV-00299,INV-00299,CC-100 Operaciones,Bruno Garcia 02 00001204
66,2026-03-18,5000,Gastos operativos,47155.00,0.00,Registro factura INV-00030,INV-00030,CC-100 Operaciones,Bruno Garcia 02 00001204
67,2026-06-04,5000,Gastos operativos,36894.00,0.00,Registro factura INV-00275,INV-00275,CC-100 Operaciones,Diego Luna 04 00001204
68,2026-06-07,5000,Gastos operativos,77302.00,0.00,Registro factura INV-00281,INV-00281,CC-100 Operaciones,Carla Soto 03 00001204
69,2026-04-10,1180,IVA acreditable,13826.88,0.00,Registro factura INV-00183,INV-00183,CC-100 Operaciones,Ana Ruiz 01 00001204
70,2026-04-15,2100,Cuentas por pagar,0.00,39740.44,Registro factura INV-00368,INV-00368,CC-100 Operaciones,Diego Luna 10 00001204
71,2026-01-21,2100,Cuentas por pagar,0.00,47999.64,Registro factura INV-00084,INV-00084,CC-100 Operaciones,Diego Luna 10 00001204
72,2026-06-08,1020,Bancos,0.00,101266.84,Pago factura INV-00096,INV-00096,CC-100 Operaciones,Bruno Garcia 02 00001204
73,2026-04-12,5000,Gastos operativos,30204.00,0.00,Registro factura INV-00195,INV-00195,CC-100 Operaciones,Carla Soto 03 00001204
74,2026-06-25,1020,Bancos,0.00,49639.88,Pago factura INV-00112,INV-00112,CC-100 Operaciones,Bruno Garcia 02 00001204
75,2026-03-10,2100,Cuentas por pagar,0.00,54027.00,Registro factura INV-00198,INV-00198,CC-100 Operaciones,Diego Luna 10 00001204
76,2026-05-05,5000,Gastos operativos,39064.00,0.00,Registro factura INV-00294,INV-00294,CC-100 Operaciones,Bruno Garcia 02 00001204
77,2026-06-19,1020,Bancos,0.00,104715.52,Pago factura INV-00023,INV-00023,CC-100 Operaciones,Bruno Garcia 02 00001204
78,2026-05-09,1180,IVA acreditable,11235.36,0.00,Registro factura INV-00224,INV-00224,CC-100 Operaciones,Fabian Rios 06 00001204
79,2026-02-18,1180,IVA acreditable,4433.76,0.00,Registro factura INV-00196,INV-00196,CC-100 Operaciones,Diego Luna 10 00001204
80,2026-02-10,5000,Gastos operativos,80513.00,0.00,Registro factura INV-00282,INV-00282,CC-100 Operaciones,Bruno Garcia 08 00001204
81,2026-01-20,2100,Cuentas por pagar,0.00,59185.52,Registro factura INV-00137,INV-00137,CC-100 Operaciones,Ana Ruiz 01 00001204
82,2026-01-23,5000,Gastos operativos,72594.00,0.00,Registro factura INV-00104,INV-00104,CC-100 Operaciones,Diego Luna 04 00001204
83,2026-06-08,2100,Cuentas por pagar,49902.04,0.00,Pago factura INV-00200,INV-00200,CC-100 Operaciones,Bruno Garcia 02 00001204
84,2026-04-26,2100,Cuentas por pagar,86331.84,0.00,Pago factura INV-00337,INV-00337,CC-100 Operaciones,Bruno Garcia 02 00001204
85,2026-03-23,1020,Bancos,0.00,36497.08,Pago factura INV-00102,INV-00102,CC-100 Operaciones,Bruno Garcia 02 00001204
86,2026-06-27,1180,IVA acreditable,13087.52,0.00,Registro factura INV-00094,INV-00094,CC-100 Operaciones,Carla Soto 03 00001204
87,2026-06-30,1020,Bancos,0.00,37974.92,Pago factura INV-00250,INV-00250,CC-100 Operaciones,Bruno Garcia 02 00001204
88,2026-04-10,1020,Bancos,0.00,33271.12,Pago factura INV-00216,INV-00216,CC-100 Operaciones,Bruno Garcia 02 00001204
89,2026-06-30,2100,Cuentas por pagar,108092.28,0.00,Pago factura INV-00052,INV-00052,CC-100 Operaciones,Bruno Garcia 02 00001204
90,2026-02-25,1020,Bancos,0.00,51406.56,Pago factura INV-00046,INV-00046,CC-100 Operaciones,Bruno Garcia 02 00001204
91,2026-04-13,2100,Cuentas por pagar,0.00,45006.84,Registro factura INV-00300,INV-00300,CC-100 Operaciones,Bruno Garcia 08 00001204
92,2026-03-13,2100,Cuentas por pagar,0.00,45734.16,Registro factura INV-00372,INV-00372,CC-100 Operaciones,Ana Ruiz 07 00001204
93,2026-05-09,2100,Cuentas por pagar,83805.36,0.00,Pago factura INV-00220,INV-00220,CC-100 Operaciones,Bruno Garcia 02 00001204
94,2026-04-26,5000,Gastos operativos,49755.00,0.00,Registro factura INV-00233,INV-00233,CC-100 Operaciones,Carla Soto 03 00001204
95,2026-02-05,5000,Gastos operativos,32703.00,0.00,Registro factura INV-00115,INV-00115,CC-100 Operaciones,Elena Mora 05 00001204
96,2026-02-13,1020,Bancos,0.00,71181.08,Pago factura INV-00022,INV-00022,CC-100 Operaciones,Bruno Garcia 02 00001204
97,2026-06-15,1180,IVA acreditable,6846.88,0.00,Registro factura INV-00112,INV-00112,CC-100 Operaciones,Elena Mora 05 00001204
98,2026-05-28,2100,Cuentas por pagar,97999.12,0.00,Pago factura INV-00043,INV-00043,CC-100 Operaciones,Bruno Garcia 02 00001204
99,2026-04-02,4000,Ingresos por servicios,55000.00,0.00,Reversion de venta cancelada INV-00126,INV-00126,CC-100 Operaciones,Bruno Garcia 02 00001204
100,2026-06-10,5000,Gastos operativos,73183.00,0.00,Registro factura INV-00070,INV-00070,CC-100 Operaciones,Diego Luna 04 00001204
101,2026-04-13,1180,IVA acreditable,4052.80,0.00,Registro factura INV-00143,INV-00143,CC-100 Operaciones,Diego Luna 10 00001204
102,2026-05-05,2100,Cuentas por pagar,105377.88,0.00,Pago factura INV-00031,INV-00031,CC-100 Operaciones,Bruno Garcia 02 00001204
103,2026-04-25,1020,Bancos,0.00,100131.20,Pago factura INV-00360,INV-00360,CC-100 Operaciones,Bruno Garcia 02 00001204
104,2026-06-07,1180,IVA acreditable,10678.72,0.00,Registro factura INV-00278,INV-00278,CC-100 Operaciones,Elena Mora 05 00001204
105,2026-02-18,4000,Ingresos por servicios,0.00,53003.00,Registro venta INV-00288,INV-00288,CC-100 Operaciones,Bruno Garcia 02 00001204
106,2026-01-18,2100,Cuentas por pagar,0.00,97936.48,Registro factura INV-00149,INV-00149,CC-100 Operaciones,Carla Soto 09 00001204
107,2026-04-30,5000,Gastos operativos,94563.00,0.00,Registro factura INV-00307,INV-00307,CC-100 Operaciones,Carla Soto 09 00001204
108,2026-02-06,5000,Gastos operativos,59498.00,0.00,Registro factura INV-00205,INV-00205,CC-100 Operaciones,Diego Luna 04 00001204
109,2026-04-14,1020,Bancos,0.00,69600.00,Pago factura INV-00018,INV-00018,CC-100 Operaciones,Bruno Garcia 02 00001204
110,2026-03-02,1020,Bancos,0.00,69119.76,Pago factura INV-00296,INV-00296,CC-100 Operaciones,Bruno Garcia 02 00001204
111,2026-06-26,1180,IVA acreditable,11411.04,0.00,Registro factura INV-00010,INV-00010,CC-100 Operaciones,Fabian Rios 06 00001204
112,2026-03-12,2100,Cuentas por pagar,83872.64,0.00,Pago factura INV-00075,INV-00075,CC-100 Operaciones,Bruno Garcia 02 00001204
113,2026-04-17,5000,Gastos operativos,75782.00,0.00,Registro factura INV-00105,INV-00105,CC-100 Operaciones,Fabian Rios 06 00001204
114,2026-01-30,5000,Gastos operativos,81410.00,0.00,Registro factura INV-00063,INV-00063,CC-100 Operaciones,Carla Soto 09 00001204
115,2026-06-02,2100,Cuentas por pagar,0.00,65475.04,Registro factura INV-00005,INV-00005,CC-100 Operaciones,Bruno Garcia 02 00001204
116,2026-04-09,2100,Cuentas por pagar,72410.68,0.00,Pago factura INV-00039,INV-00039,CC-100 Operaciones,Bruno Garcia 02 00001204
117,2026-02-06,2100,Cuentas por pagar,0.00,24302.00,Registro factura INV-00001,INV-00001,CC-100 Operaciones,Bruno Garcia 02 00001204
118,2026-01-15,1180,IVA acreditable,5300.00,0.00,Registro factura INV-00304,INV-00304,CC-100 Operaciones,Diego Luna 10 00001204
119,2026-03-31,2100,Cuentas por pagar,48150.44,0.00,Pago factura INV-00163,INV-00163,CC-100 Operaciones,Bruno Garcia 02 00001204
120,2026-03-12,5000,Gastos operativos,44860.00,0.00,Registro factura INV-00060,INV-00060,CC-100 Operaciones,Diego Luna 04 00001204
121,2026-02-27,2100,Cuentas por pagar,0.00,79288.32,Registro factura INV-00257,INV-00257,CC-100 Operaciones,Ana Ruiz 07 00001204
122,2026-04-01,1020,Bancos,0.00,25627.88,Pago factura INV-00212,INV-00212,CC-100 Operaciones,Bruno Garcia 02 00001204
123,2026-04-25,2100,Cuentas por pagar,100131.20,0.00,Pago factura INV-00360,INV-00360,CC-100 Operaciones,Bruno Garcia 02 00001204
124,2026-01-12,2100,Cuentas por pagar,27188.54,0.00,Pago factura INV-00053,INV-00053,CC-100 Operaciones,Bruno Garcia 02 00001204
125,2026-02-06,2100,Cuentas por pagar,52237.12,0.00,Pago factura INV-00359,INV-00359,CC-100 Operaciones,Bruno Garcia 02 00001204
126,2026-06-04,2100,Cuentas por pagar,17524.12,0.00,Pago factura INV-00365,INV-00365,CC-100 Operaciones,Bruno Garcia 02 00001204
127,2026-06-10,2100,Cuentas por pagar,0.00,84892.28,Registro factura INV-00070,INV-00070,CC-100 Operaciones,Diego Luna 04 00001204
128,2026-03-23,1180,IVA acreditable,9307.84,0.00,Registro factura INV-00346,INV-00346,CC-100 Operaciones,Elena Mora 05 00001204
129,2026-01-26,2100,Cuentas por pagar,0.00,75572.84,Registro factura INV-00136,INV-00136,CC-100 Operaciones,Carla Soto 03 00001204
130,2026-02-12,1020,Bancos,0.00,88242.36,Pago factura INV-00290,INV-00290,CC-100 Operaciones,Bruno Garcia 02 00001204
131,2026-04-08,1180,IVA acreditable,6800.00,0.00,Registro factura INV-00219,INV-00219,CC-100 Operaciones,Bruno Garcia 08 00001204
132,2026-02-22,2100,Cuentas por pagar,34739.68,0.00,Pago factura INV-00279,INV-00279,CC-100 Operaciones,Bruno Garcia 02 00001204
133,2026-05-09,5000,Gastos operativos,70359.00,0.00,Registro factura INV-00006,INV-00006,CC-100 Operaciones,Bruno Garcia 08 00001204
134,2026-06-02,2100,Cuentas por pagar,0.00,56157.92,Registro factura INV-00283,INV-00283,CC-100 Operaciones,Diego Luna 10 00001204
135,2026-04-07,2100,Cuentas por pagar,70742.60,0.00,Pago factura INV-00264,INV-00264,CC-100 Operaciones,Bruno Garcia 02 00001204
136,2026-06-20,1020,Bancos,0.00,89028.84,Pago factura INV-00045,INV-00045,CC-100 Operaciones,Bruno Garcia 02 00001204
137,2026-03-17,1020,Bancos,0.00,15417.56,Pago factura INV-00114,INV-00114,CC-100 Operaciones,Bruno Garcia 02 00001204
138,2026-06-05,2100,Cuentas por pagar,0.00,35699.00,Registro factura INV-00341,INV-00341,CC-100 Operaciones,Carla Soto 09 00001204
139,2026-06-23,1180,IVA acreditable,3602.88,0.00,Registro factura INV-00331,INV-00331,CC-100 Operaciones,Ana Ruiz 07 00001204
140,2026-05-05,1180,IVA acreditable,4924.00,0.00,Registro factura INV-00130,INV-00130,CC-100 Operaciones,Bruno Garcia 08 00001204
141,2026-06-10,1180,IVA acreditable,12279.84,0.00,Registro factura INV-00045,INV-00045,CC-100 Operaciones,Bruno Garcia 02 00001204
142,2026-03-16,1180,IVA acreditable,12697.44,0.00,Registro factura INV-00345,INV-00345,CC-100 Operaciones,Bruno Garcia 08 00001204
143,2026-04-11,1180,IVA acreditable,4104.64,0.00,Registro factura INV-00232,INV-00232,CC-100 Operaciones,Diego Luna 04 00001204
144,2026-06-03,2100,Cuentas por pagar,83323.96,0.00,Pago factura INV-00231,INV-00231,CC-100 Operaciones,Bruno Garcia 02 00001204
145,2026-04-20,2100,Cuentas por pagar,0.00,14522.04,Registro factura INV-00277,INV-00277,CC-100 Operaciones,Elena Mora 05 00001204
146,2026-04-11,2100,Cuentas por pagar,0.00,51756.88,Registro factura INV-00310,INV-00310,CC-100 Operaciones,Fabian Rios 06 00001204
147,2026-01-30,4000,Ingresos por servicios,0.00,38000.00,Registro venta INV-00285,INV-00285,CC-100 Operaciones,Bruno Garcia 02 00001204
148,2026-05-05,2100,Cuentas por pagar,0.00,35699.00,Registro factura INV-00130,INV-00130,CC-100 Operaciones,Bruno Garcia 08 00001204
149,2026-03-22,1020,Bancos,0.00,37806.72,Pago factura INV-00160,INV-00160,CC-100 Operaciones,Bruno Garcia 02 00001204
150,2026-04-22,5000,Gastos operativos,69173.00,0.00,Registro factura INV-00352,INV-00352,CC-100 Operaciones,Elena Mora 05 00001204
151,2026-04-28,2100,Cuentas por pagar,0.00,27272.76,Registro factura INV-00174,INV-00174,CC-100 Operaciones,Ana Ruiz 07 00001204
152,2026-06-17,2100,Cuentas por pagar,0.00,20757.04,Registro factura INV-00033,INV-00033,CC-100 Operaciones,Ana Ruiz 07 00001204
153,2026-03-20,5000,Gastos operativos,20228.00,0.00,Registro factura INV-00242,INV-00242,CC-100 Operaciones,Bruno Garcia 02 00001204
154,2026-01-14,2100,Cuentas por pagar,0.00,25422.56,Registro factura INV-00164,INV-00164,CC-100 Operaciones,Elena Mora 05 00001204
155,2026-06-30,1020,Bancos,0.00,91872.00,Pago factura INV-00135,INV-00135,CC-100 Operaciones,Bruno Garcia 02 00001204
156,2026-06-30,2100,Cuentas por pagar,80834.60,0.00,Pago factura INV-00014,INV-00014,CC-100 Operaciones,Bruno Garcia 02 00001204
157,2026-04-04,1180,IVA acreditable,13692.16,0.00,Registro factura INV-00100,INV-00100,CC-100 Operaciones,Carla Soto 09 00001204
158,2026-04-20,2100,Cuentas por pagar,90879.04,0.00,Pago factura INV-00336,INV-00336,CC-100 Operaciones,Bruno Garcia 02 00001204
159,2026-05-05,2100,Cuentas por pagar,0.00,35338.24,Registro factura INV-00004,INV-00004,CC-100 Operaciones,Fabian Rios 06 00001204
160,2026-01-26,2100,Cuentas por pagar,39109.40,0.00,Pago factura INV-00133,INV-00133,CC-100 Operaciones,Bruno Garcia 02 00001204
161,2026-04-18,2100,Cuentas por pagar,0.00,61249.16,Registro factura INV-00076,INV-00076,CC-100 Operaciones,Carla Soto 09 00001204
162,2026-06-30,1020,Bancos,0.00,80516.76,Pago factura INV-00223,INV-00223,CC-100 Operaciones,Bruno Garcia 02 00001204
163,2026-06-24,1180,IVA acreditable,14909.28,0.00,Registro factura INV-00052,INV-00052,CC-100 Operaciones,Bruno Garcia 02 00001204
164,2026-05-17,1180,IVA acreditable,4771.84,0.00,Registro factura INV-00093,INV-00093,CC-100 Operaciones,Bruno Garcia 08 00001204
165,2026-04-21,1180,IVA acreditable,5029.76,0.00,Registro factura INV-00339,INV-00339,CC-100 Operaciones,Bruno Garcia 02 00001204
166,2026-02-12,2100,Cuentas por pagar,0.00,97993.32,Registro factura INV-00266,INV-00266,CC-100 Operaciones,Bruno Garcia 02 00001204
167,2026-03-05,2100,Cuentas por pagar,0.00,73332.88,Registro factura INV-00306,INV-00306,CC-100 Operaciones,Elena Mora 05 00001204
168,2026-03-24,2100,Cuentas por pagar,0.00,22479.64,Registro factura INV-00078,INV-00078,CC-100 Operaciones,Bruno Garcia 08 00001204
169,2026-01-19,1180,IVA acreditable,3600.00,0.00,Registro factura INV-00103,INV-00103,CC-100 Operaciones,Carla Soto 09 00001204
170,2026-03-17,5000,Gastos operativos,58272.00,0.00,Registro factura INV-00258,INV-00258,CC-100 Operaciones,Elena Mora 05 00001204
171,2026-01-28,1020,Bancos,0.00,76302.48,Pago factura INV-00061,INV-00061,CC-100 Operaciones,Bruno Garcia 02 00001204
172,2026-06-24,5000,Gastos operativos,93183.00,0.00,Registro factura INV-00052,INV-00052,CC-100 Operaciones,Bruno Garcia 02 00001204
173,2026-06-10,2100,Cuentas por pagar,54557.12,0.00,Pago factura INV-00269,INV-00269,CC-100 Operaciones,Bruno Garcia 02 00001204
174,2026-02-04,5000,Gastos operativos,14591.00,0.00,Registro factura INV-00019,INV-00019,CC-100 Operaciones,Bruno Garcia 08 00001204
175,2026-05-19,2100,Cuentas por pagar,0.00,89050.88,Registro factura INV-00171,INV-00171,CC-100 Operaciones,Diego Luna 10 00001204
176,2026-02-16,5000,Gastos operativos,72262.00,0.00,Registro factura INV-00152,INV-00152,CC-100 Operaciones,Bruno Garcia 08 00001204
177,2026-06-05,2100,Cuentas por pagar,0.00,88933.72,Registro factura INV-00186,INV-00186,CC-100 Operaciones,Carla Soto 09 00001204
178,2026-05-23,2100,Cuentas por pagar,0.00,55044.32,Registro factura INV-00358,INV-00358,CC-100 Operaciones,Fabian Rios 06 00001204
179,2026-03-09,1020,Bancos,0.00,79288.32,Pago factura INV-00257,INV-00257,CC-100 Operaciones,Bruno Garcia 02 00001204
180,2026-06-05,1180,IVA acreditable,12266.72,0.00,Registro factura INV-00186,INV-00186,CC-100 Operaciones,Carla Soto 09 00001204
181,2026-03-27,2100,Cuentas por pagar,81606.00,0.00,Pago factura INV-00344,INV-00344,CC-100 Operaciones,Bruno Garcia 02 00001204
182,2026-06-05,2100,Cuentas por pagar,0.00,45314.24,Registro factura INV-00235,INV-00235,CC-100 Operaciones,Carla Soto 03 00001204
183,2026-03-01,1020,Bancos,0.00,88840.92,Pago factura INV-00079,INV-00079,CC-100 Operaciones,Bruno Garcia 02 00001204
184,2026-05-09,5000,Gastos operativos,70221.00,0.00,Registro factura INV-00224,INV-00224,CC-100 Operaciones,Fabian Rios 06 00001204
185,2026-05-23,1180,IVA acreditable,7592.32,0.00,Registro factura INV-00358,INV-00358,CC-100 Operaciones,Fabian Rios 06 00001204
186,2026-02-25,1020,Bancos,71340.00,0.00,Cobro factura INV-00328,INV-00328,CC-100 Operaciones,Bruno Garcia 02 00001204
187,2026-03-27,5000,Gastos operativos,47826.00,0.00,Registro factura INV-00057,INV-00057,CC-100 Operaciones,Carla Soto 09 00001204
188,2026-06-01,2100,Cuentas por pagar,59763.20,0.00,Pago factura INV-00179,INV-00179,CC-100 Operaciones,Bruno Garcia 02 00001204
189,2026-03-04,2100,Cuentas por pagar,28826.00,0.00,Pago factura INV-00153,INV-00153,CC-100 Operaciones,Bruno Garcia 02 00001204
190,2026-06-30,2100,Cuentas por pagar,94884.52,0.00,Pago factura INV-00094,INV-00094,CC-100 Operaciones,Bruno Garcia 02 00001204
191,2026-04-25,2100,Cuentas por pagar,0.00,67430.80,Registro factura INV-00159,INV-00159,CC-100 Operaciones,Bruno Garcia 08 00001204
192,2026-06-15,2100,Cuentas por pagar,0.00,49639.88,Registro factura INV-00112,INV-00112,CC-100 Operaciones,Elena Mora 05 00001204
193,2026-03-30,2100,Cuentas por pagar,0.00,72410.68,Registro factura INV-00039,INV-00039,CC-100 Operaciones,Bruno Garcia 08 00001204
194,2026-05-27,2100,Cuentas por pagar,34595.84,0.00,Pago factura INV-00093,INV-00093,CC-100 Operaciones,Bruno Garcia 02 00001204
195,2026-05-13,2100,Cuentas por pagar,45633.24,0.00,Pago factura INV-00261,INV-00261,CC-100 Operaciones,Bruno Garcia 02 00001204
196,2026-04-23,1020,Bancos,0.00,45006.84,Pago factura INV-00300,INV-00300,CC-100 Operaciones,Bruno Garcia 02 00001204
197,2026-04-24,1180,IVA acreditable,11673.28,0.00,Registro factura INV-00243,INV-00243,CC-100 Operaciones,Carla Soto 09 00001204
198,2026-04-20,2100,Cuentas por pagar,100244.88,0.00,Pago factura INV-00183,INV-00183,CC-100 Operaciones,Bruno Garcia 02 00001204
199,2026-06-15,1020,Bancos,0.00,64547.04,Pago factura INV-00101,INV-00101,CC-100 Operaciones,Bruno Garcia 02 00001204
200,2026-05-08,5000,Gastos operativos,71208.00,0.00,Registro factura INV-00303,INV-00303,CC-100 Operaciones,Carla Soto 09 00001204
201,2026-04-18,2100,Cuentas por pagar,86759.88,0.00,Pago factura INV-00044,INV-00044,CC-100 Operaciones,Bruno Garcia 02 00001204
202,2026-03-09,2100,Cuentas por pagar,0.00,46514.84,Registro factura INV-00049,INV-00049,CC-100 Operaciones,Carla Soto 03 00001204
203,2026-02-02,1020,Bancos,0.00,84209.04,Pago factura INV-00104,INV-00104,CC-100 Operaciones,Bruno Garcia 02 00001204
204,2026-03-24,2100,Cuentas por pagar,0.00,80551.56,Registro factura INV-00192,INV-00192,CC-100 Operaciones,Diego Luna 10 00001204
205,2026-02-08,2100,Cuentas por pagar,0.00,103625.12,Registro factura INV-00073,INV-00073,CC-100 Operaciones,Fabian Rios 06 00001204
206,2026-04-24,5000,Gastos operativos,72958.00,0.00,Registro factura INV-00243,INV-00243,CC-100 Operaciones,Carla Soto 09 00001204
207,2026-03-13,5000,Gastos operativos,31463.00,0.00,Registro factura INV-00102,INV-00102,CC-100 Operaciones,Carla Soto 09 00001204
208,2026-03-21,1180,IVA acreditable,6641.44,0.00,Registro factura INV-00163,INV-00163,CC-100 Operaciones,Ana Ruiz 01 00001204
209,2026-02-09,2100,Cuentas por pagar,0.00,77931.12,Registro factura INV-00120,INV-00120,CC-100 Operaciones,Carla Soto 03 00001204
210,2026-03-22,1180,IVA acreditable,12000.00,0.00,Registro factura INV-00021,INV-00021,CC-100 Operaciones,Bruno Garcia 02 00001204
211,2026-04-15,1020,Bancos,0.00,34423.00,Pago factura INV-00118,INV-00118,CC-100 Operaciones,Bruno Garcia 02 00001204
212,2026-06-28,2100,Cuentas por pagar,0.00,35963.48,Registro factura INV-00314,INV-00314,CC-100 Operaciones,Bruno Garcia 08 00001204
213,2026-02-05,2100,Cuentas por pagar,0.00,35338.24,Registro factura INV-00095,INV-00095,CC-100 Operaciones,Carla Soto 03 00001204
214,2026-01-27,1180,IVA acreditable,7205.12,0.00,Registro factura INV-00359,INV-00359,CC-100 Operaciones,Diego Luna 10 00001204
215,2026-02-17,5000,Gastos operativos,44172.00,0.00,Registro factura INV-00349,INV-00349,CC-100 Operaciones,Elena Mora 05 00001204
216,2026-04-19,2100,Cuentas por pagar,0.00,92165.48,Registro factura INV-00276,INV-00276,CC-100 Operaciones,Fabian Rios 06 00001204
217,2026-03-22,2100,Cuentas por pagar,0.00,62952.04,Registro factura INV-00221,INV-00221,CC-100 Operaciones,Fabian Rios 06 00001204
218,2026-04-27,1020,Bancos,0.00,42142.80,Pago factura INV-00202,INV-00202,CC-100 Operaciones,Bruno Garcia 02 00001204
219,2026-03-30,1020,Bancos,0.00,82594.32,Pago factura INV-00123,INV-00123,CC-100 Operaciones,Bruno Garcia 02 00001204
220,2026-04-13,1020,Bancos,0.00,107866.08,Pago factura INV-00254,INV-00254,CC-100 Operaciones,Bruno Garcia 02 00001204
221,2026-04-07,1180,IVA acreditable,6800.00,0.00,Registro factura INV-00193,INV-00193,CC-100 Operaciones,Bruno Garcia 08 00001204
222,2026-06-04,2100,Cuentas por pagar,0.00,38103.68,Registro factura INV-00316,INV-00316,CC-100 Operaciones,Fabian Rios 06 00001204
223,2026-03-26,5000,Gastos operativos,25482.00,0.00,Registro factura INV-00215,INV-00215,CC-100 Operaciones,Bruno Garcia 02 00001204
224,2026-06-16,2100,Cuentas por pagar,63423.00,0.00,Pago factura INV-00131,INV-00131,CC-100 Operaciones,Bruno Garcia 02 00001204
225,2026-04-13,2100,Cuentas por pagar,0.00,29382.80,Registro factura INV-00143,INV-00143,CC-100 Operaciones,Diego Luna 10 00001204
226,2026-04-11,5000,Gastos operativos,25654.00,0.00,Registro factura INV-00232,INV-00232,CC-100 Operaciones,Diego Luna 04 00001204
227,2026-06-07,1180,IVA acreditable,12368.32,0.00,Registro factura INV-00281,INV-00281,CC-100 Operaciones,Carla Soto 03 00001204
228,2026-02-09,1020,Bancos,0.00,101475.64,Pago factura INV-00157,INV-00157,CC-100 Operaciones,Bruno Garcia 02 00001204
229,2026-01-21,2100,Cuentas por pagar,82797.32,0.00,Pago factura INV-00124,INV-00124,CC-100 Operaciones,Bruno Garcia 02 00001204
230,2026-04-15,1020,Bancos,0.00,45314.24,Pago factura INV-00273,INV-00273,CC-100 Operaciones,Bruno Garcia 02 00001204
231,2026-03-09,5000,Gastos operativos,40099.00,0.00,Registro factura INV-00049,INV-00049,CC-100 Operaciones,Carla Soto 03 00001204
232,2026-05-19,1180,IVA acreditable,13008.64,0.00,Registro factura INV-00222,INV-00222,CC-100 Operaciones,Bruno Garcia 02 00001204
233,2026-03-23,1020,Bancos,0.00,14135.30,Pago factura INV-00009,INV-00009,CC-100 Operaciones,Bruno Garcia 02 00001204
234,2026-03-31,5000,Gastos operativos,28682.00,0.00,Registro factura INV-00216,INV-00216,CC-100 Operaciones,Elena Mora 05 00001204
235,2026-02-23,2100,Cuentas por pagar,47409.20,0.00,Pago factura INV-00042,INV-00042,CC-100 Operaciones,Bruno Garcia 02 00001204
236,2026-05-12,2100,Cuentas por pagar,21419.40,0.00,Pago factura INV-00130,INV-00130,CC-100 Operaciones,Bruno Garcia 02 00001204
237,2026-04-04,1020,Bancos,0.00,108714.04,Pago factura INV-00069,INV-00069,CC-100 Operaciones,Bruno Garcia 02 00001204
238,2026-03-22,2100,Cuentas por pagar,0.00,87000.00,Registro factura INV-00021,INV-00021,CC-100 Operaciones,Bruno Garcia 02 00001204
239,2026-04-14,1020,Bancos,0.00,99268.16,Pago factura INV-00100,INV-00100,CC-100 Operaciones,Bruno Garcia 02 00001204
240,2026-03-28,2100,Cuentas por pagar,0.00,29783.00,Registro factura INV-00291,INV-00291,CC-100 Operaciones,Fabian Rios 06 00001204
241,2026-04-05,5000,Gastos operativos,57208.00,0.00,Registro factura INV-00332,INV-00332,CC-100 Operaciones,Bruno Garcia 08 00001204
242,2026-01-21,1180,IVA acreditable,0.00,3600.00,Reversion de factura cancelada INV-00103,INV-00103,CC-100 Operaciones,Bruno Garcia 02 00001204
243,2026-02-14,1180,IVA acreditable,2492.48,0.00,Registro factura INV-00324,INV-00324,CC-100 Operaciones,Fabian Rios 06 00001204
244,2026-06-04,2100,Cuentas por pagar,91022.88,0.00,Pago factura INV-00227,INV-00227,CC-100 Operaciones,Bruno Garcia 02 00001204
245,2026-06-22,2100,Cuentas por pagar,31610.00,0.00,Pago factura INV-00298,INV-00298,CC-100 Operaciones,Bruno Garcia 02 00001204
246,2026-03-25,2100,Cuentas por pagar,98254.32,0.00,Pago factura INV-00236,INV-00236,CC-100 Operaciones,Bruno Garcia 02 00001204
247,2026-06-05,2100,Cuentas por pagar,67371.64,0.00,Pago factura INV-00363,INV-00363,CC-100 Operaciones,Bruno Garcia 02 00001204
248,2026-03-05,1180,IVA acreditable,4874.24,0.00,Registro factura INV-00009,INV-00009,CC-100 Operaciones,Diego Luna 04 00001204
249,2026-02-04,1180,IVA acreditable,2334.56,0.00,Registro factura INV-00019,INV-00019,CC-100 Operaciones,Bruno Garcia 08 00001204
250,2026-02-15,1180,IVA acreditable,11757.60,0.00,Registro factura INV-00122,INV-00122,CC-100 Operaciones,Diego Luna 10 00001204
251,2026-02-03,5000,Gastos operativos,91368.00,0.00,Registro factura INV-00145,INV-00145,CC-100 Operaciones,Carla Soto 03 00001204
252,2026-06-07,2100,Cuentas por pagar,79238.44,0.00,Pago factura INV-00355,INV-00355,CC-100 Operaciones,Bruno Garcia 02 00001204
253,2026-05-24,2100,Cuentas por pagar,0.00,57779.60,Registro factura INV-00308,INV-00308,CC-100 Operaciones,Elena Mora 05 00001204
254,2026-04-29,2100,Cuentas por pagar,59657.64,0.00,Pago factura INV-00125,INV-00125,CC-100 Operaciones,Bruno Garcia 02 00001204
255,2026-03-22,2100,Cuentas por pagar,0.00,25627.88,Registro factura INV-00212,INV-00212,CC-100 Operaciones,Bruno Garcia 08 00001204
256,2026-01-25,1020,Bancos,0.00,57385.20,Pago factura INV-00172,INV-00172,CC-100 Operaciones,Bruno Garcia 02 00001204
257,2026-06-10,1180,IVA acreditable,11709.28,0.00,Registro factura INV-00070,INV-00070,CC-100 Operaciones,Diego Luna 04 00001204
258,2026-02-26,1020,Bancos,0.00,58372.36,Pago factura INV-00184,INV-00184,CC-100 Operaciones,Bruno Garcia 02 00001204
259,2026-02-24,2100,Cuentas por pagar,18070.48,0.00,Pago factura INV-00324,INV-00324,CC-100 Operaciones,Bruno Garcia 02 00001204
260,2026-04-07,1020,Bancos,0.00,70742.60,Pago factura INV-00264,INV-00264,CC-100 Operaciones,Bruno Garcia 02 00001204
261,2026-04-19,1020,Bancos,0.00,49300.00,Pago factura INV-00317,INV-00317,CC-100 Operaciones,Bruno Garcia 02 00001204
262,2026-03-14,1180,IVA acreditable,14453.60,0.00,Registro factura INV-00134,INV-00134,CC-100 Operaciones,Diego Luna 04 00001204
263,2026-06-11,2100,Cuentas por pagar,24218.48,0.00,Pago factura INV-00347,INV-00347,CC-100 Operaciones,Bruno Garcia 02 00001204
264,2026-03-06,1020,Bancos,0.00,30917.48,Pago factura INV-00252,INV-00252,CC-100 Operaciones,Bruno Garcia 02 00001204
265,2026-03-12,1020,Bancos,0.00,21419.40,Pago factura INV-00194,INV-00194,CC-100 Operaciones,Bruno Garcia 02 00001204
266,2026-06-15,2100,Cuentas por pagar,64547.04,0.00,Pago factura INV-00101,INV-00101,CC-100 Operaciones,Bruno Garcia 02 00001204
267,2026-02-02,1180,IVA acreditable,6525.76,0.00,Registro factura INV-00340,INV-00340,CC-100 Operaciones,Fabian Rios 06 00001204
268,2026-06-18,2100,Cuentas por pagar,0.00,24801.96,Registro factura INV-00166,INV-00166,CC-100 Operaciones,Fabian Rios 06 00001204
269,2026-05-07,2100,Cuentas por pagar,0.00,51769.64,Registro factura INV-00188,INV-00188,CC-100 Operaciones,Diego Luna 04 00001204
270,2026-05-23,2100,Cuentas por pagar,52070.08,0.00,Pago factura INV-00110,INV-00110,CC-100 Operaciones,Bruno Garcia 02 00001204
271,2026-06-30,2100,Cuentas por pagar,78700.20,0.00,Pago factura INV-00071,INV-00071,CC-100 Operaciones,Bruno Garcia 02 00001204
272,2026-06-06,1020,Bancos,0.00,95244.12,Pago factura INV-00181,INV-00181,CC-100 Operaciones,Bruno Garcia 02 00001204
273,2026-04-14,2100,Cuentas por pagar,0.00,102392.04,Registro factura INV-00248,INV-00248,CC-100 Operaciones,Elena Mora 05 00001204
274,2026-04-12,2100,Cuentas por pagar,31390.76,0.00,Pago factura INV-00150,INV-00150,CC-100 Operaciones,Bruno Garcia 02 00001204
275,2026-03-15,5000,Gastos operativos,84702.00,0.00,Registro factura INV-00236,INV-00236,CC-100 Operaciones,Ana Ruiz 01 00001204
276,2026-06-22,1020,Bancos,0.00,31610.00,Pago factura INV-00298,INV-00298,CC-100 Operaciones,Bruno Garcia 02 00001204
277,2026-03-13,1020,Bancos,0.00,101065.00,Pago factura INV-00111,INV-00111,CC-100 Operaciones,Bruno Garcia 02 00001204
278,2026-05-25,2100,Cuentas por pagar,47749.08,0.00,Pago factura INV-00311,INV-00311,CC-100 Operaciones,Bruno Garcia 02 00001204
279,2026-02-15,1020,Bancos,0.00,35699.00,Pago factura INV-00361,INV-00361,CC-100 Operaciones,Bruno Garcia 02 00001204
280,2026-02-26,2100,Cuentas por pagar,0.00,29538.24,Registro factura INV-00356,INV-00356,CC-100 Operaciones,Diego Luna 10 00001204
281,2026-04-01,1020,Bancos,0.00,62952.04,Pago factura INV-00221,INV-00221,CC-100 Operaciones,Bruno Garcia 02 00001204
282,2026-06-26,5000,Gastos operativos,79200.00,0.00,Registro factura INV-00135,INV-00135,CC-100 Operaciones,Bruno Garcia 08 00001204
283,2026-05-08,2100,Cuentas por pagar,105218.96,0.00,Pago factura INV-00226,INV-00226,CC-100 Operaciones,Bruno Garcia 02 00001204
284,2026-03-27,1020,Bancos,0.00,67595.52,Pago factura INV-00258,INV-00258,CC-100 Operaciones,Bruno Garcia 02 00001204
285,2026-01-25,5000,Gastos operativos,64823.00,0.00,Registro factura INV-00329,INV-00329,CC-100 Operaciones,Fabian Rios 06 00001204
286,2026-01-13,5000,Gastos operativos,17047.00,0.00,Registro factura INV-00301,INV-00301,CC-100 Operaciones,Bruno Garcia 08 00001204
287,2026-03-16,2100,Cuentas por pagar,0.00,92056.44,Registro factura INV-00345,INV-00345,CC-100 Operaciones,Bruno Garcia 08 00001204
288,2026-03-14,2100,Cuentas por pagar,0.00,76953.24,Registro factura INV-00140,INV-00140,CC-100 Operaciones,Fabian Rios 06 00001204
289,2026-06-28,5000,Gastos operativos,69411.00,0.00,Registro factura INV-00223,INV-00223,CC-100 Operaciones,Diego Luna 10 00001204
290,2026-02-09,2100,Cuentas por pagar,94435.60,0.00,Pago factura INV-00063,INV-00063,CC-100 Operaciones,Bruno Garcia 02 00001204
291,2026-02-25,5000,Gastos operativos,38965.00,0.00,Registro factura INV-00087,INV-00087,CC-100 Operaciones,Elena Mora 05 00001204
292,2026-04-15,2100,Cuentas por pagar,0.00,100131.20,Registro factura INV-00360,INV-00360,CC-100 Operaciones,Bruno Garcia 02 00001204
293,2026-02-23,5000,Gastos operativos,14613.00,0.00,Registro factura INV-00066,INV-00066,CC-100 Operaciones,Ana Ruiz 01 00001204
294,2026-05-26,2100,Cuentas por pagar,27416.60,0.00,Pago factura INV-00156,INV-00156,CC-100 Operaciones,Bruno Garcia 02 00001204
295,2026-03-25,1020,Bancos,0.00,84299.52,Pago factura INV-00082,INV-00082,CC-100 Operaciones,Bruno Garcia 02 00001204
296,2026-06-21,2100,Cuentas por pagar,62909.12,0.00,Pago factura INV-00240,INV-00240,CC-100 Operaciones,Bruno Garcia 02 00001204
297,2026-05-27,5000,Gastos operativos,82107.00,0.00,Registro factura INV-00181,INV-00181,CC-100 Operaciones,Diego Luna 04 00001204
298,2026-04-19,2100,Cuentas por pagar,103585.68,0.00,Pago factura INV-00333,INV-00333,CC-100 Operaciones,Bruno Garcia 02 00001204
299,2026-04-15,5000,Gastos operativos,86320.00,0.00,Registro factura INV-00360,INV-00360,CC-100 Operaciones,Bruno Garcia 02 00001204
300,2026-04-01,2100,Cuentas por pagar,25627.88,0.00,Pago factura INV-00212,INV-00212,CC-100 Operaciones,Bruno Garcia 02 00001204
301,2026-06-15,1020,Bancos,0.00,45314.24,Pago factura INV-00235,INV-00235,CC-100 Operaciones,Bruno Garcia 02 00001204
302,2026-04-16,2100,Cuentas por pagar,0.00,86331.84,Registro factura INV-00337,INV-00337,CC-100 Operaciones,Ana Ruiz 07 00001204
303,2026-05-13,5000,Gastos operativos,44888.00,0.00,Registro factura INV-00110,INV-00110,CC-100 Operaciones,Diego Luna 04 00001204
304,2026-06-05,5000,Gastos operativos,30775.00,0.00,Registro factura INV-00341,INV-00341,CC-100 Operaciones,Carla Soto 09 00001204
305,2026-01-31,1180,IVA acreditable,6886.56,0.00,Registro factura INV-00138,INV-00138,CC-100 Operaciones,Bruno Garcia 02 00001204
306,2026-06-30,1020,Bancos,0.00,96834.48,Pago factura INV-00241,INV-00241,CC-100 Operaciones,Bruno Garcia 02 00001204
307,2026-05-24,2100,Cuentas por pagar,0.00,83323.96,Registro factura INV-00231,INV-00231,CC-100 Operaciones,Carla Soto 03 00001204
308,2026-01-14,1180,IVA acreditable,13698.88,0.00,Registro factura INV-00146,INV-00146,CC-100 Operaciones,Carla Soto 03 00001204
309,2026-05-23,1020,Bancos,0.00,52070.08,Pago factura INV-00110,INV-00110,CC-100 Operaciones,Bruno Garcia 02 00001204
310,2026-06-29,2100,Cuentas por pagar,0.00,18513.60,Registro factura INV-00206,INV-00206,CC-100 Operaciones,Ana Ruiz 07 00001204
311,2026-01-25,2100,Cuentas por pagar,38425.00,0.00,Pago factura INV-00304,INV-00304,CC-100 Operaciones,Bruno Garcia 02 00001204
312,2026-03-16,1180,IVA acreditable,7707.36,0.00,Registro factura INV-00034,INV-00034,CC-100 Operaciones,Fabian Rios 06 00001204
313,2026-02-11,1020,Bancos,0.00,77215.40,Pago factura INV-00322,INV-00322,CC-100 Operaciones,Bruno Garcia 02 00001204
314,2026-06-17,2100,Cuentas por pagar,77420.72,0.00,Pago factura INV-00278,INV-00278,CC-100 Operaciones,Bruno Garcia 02 00001204
315,2026-06-10,1020,Bancos,0.00,54557.12,Pago factura INV-00269,INV-00269,CC-100 Operaciones,Bruno Garcia 02 00001204
316,2026-06-14,1180,IVA acreditable,7670.72,0.00,Registro factura INV-00129,INV-00129,CC-100 Operaciones,Diego Luna 10 00001204
317,2026-06-30,1020,Bancos,0.00,23542.20,Pago factura INV-00253,INV-00253,CC-100 Operaciones,Bruno Garcia 02 00001204
318,2026-01-29,1020,Bancos,0.00,30646.04,Pago factura INV-00062,INV-00062,CC-100 Operaciones,Bruno Garcia 02 00001204
319,2026-03-12,1020,Bancos,0.00,21202.94,Pago factura INV-00009,INV-00009,CC-100 Operaciones,Bruno Garcia 02 00001204
320,2026-01-16,2100,Cuentas por pagar,0.00,39109.40,Registro factura INV-00133,INV-00133,CC-100 Operaciones,Carla Soto 09 00001204
321,2026-05-25,2100,Cuentas por pagar,0.00,91022.88,Registro factura INV-00227,INV-00227,CC-100 Operaciones,Bruno Garcia 08 00001204
322,2026-04-10,5000,Gastos operativos,78344.00,0.00,Registro factura INV-00336,INV-00336,CC-100 Operaciones,Carla Soto 09 00001204
323,2026-02-05,2100,Cuentas por pagar,75572.84,0.00,Pago factura INV-00136,INV-00136,CC-100 Operaciones,Bruno Garcia 02 00001204
324,2026-02-06,2100,Cuentas por pagar,59708.68,0.00,Pago factura INV-00050,INV-00050,CC-100 Operaciones,Bruno Garcia 02 00001204
325,2026-03-08,5000,Gastos operativos,93382.00,0.00,Registro factura INV-00245,INV-00245,CC-100 Operaciones,Fabian Rios 06 00001204
326,2026-04-10,2100,Cuentas por pagar,0.00,100244.88,Registro factura INV-00183,INV-00183,CC-100 Operaciones,Ana Ruiz 01 00001204
327,2026-06-23,2100,Cuentas por pagar,0.00,96834.48,Registro factura INV-00241,INV-00241,CC-100 Operaciones,Elena Mora 05 00001204
328,2026-05-15,1020,Bancos,0.00,51876.36,Pago factura INV-00199,INV-00199,CC-100 Operaciones,Bruno Garcia 02 00001204
329,2026-04-02,1050,Cuentas por cobrar,0.00,63800.00,Reversion de venta cancelada INV-00126,INV-00126,CC-100 Operaciones,Bruno Garcia 02 00001204
330,2026-04-01,1180,IVA acreditable,3442.24,0.00,Registro factura INV-00015,INV-00015,CC-100 Operaciones,Diego Luna 10 00001204
331,2026-04-23,5000,Gastos operativos,58990.00,0.00,Registro factura INV-00354,INV-00354,CC-100 Operaciones,Bruno Garcia 02 00001204
332,2026-04-02,2080,IVA trasladado,8800.00,0.00,Reversion de venta cancelada INV-00126,INV-00126,CC-100 Operaciones,Bruno Garcia 02 00001204
333,2026-05-05,1020,Bancos,0.00,67430.80,Pago factura INV-00159,INV-00159,CC-100 Operaciones,Bruno Garcia 02 00001204
334,2026-04-13,5000,Gastos operativos,38799.00,0.00,Registro factura INV-00300,INV-00300,CC-100 Operaciones,Bruno Garcia 08 00001204
335,2026-02-07,1180,IVA acreditable,4549.12,0.00,Registro factura INV-00319,INV-00319,CC-100 Operaciones,Carla Soto 09 00001204
336,2026-06-30,1020,Bancos,0.00,94884.52,Pago factura INV-00094,INV-00094,CC-100 Operaciones,Bruno Garcia 02 00001204
337,2026-03-07,1180,IVA acreditable,2126.56,0.00,Registro factura INV-00114,INV-00114,CC-100 Operaciones,Ana Ruiz 01 00001204
338,2026-03-28,5000,Gastos operativos,25675.00,0.00,Registro factura INV-00291,INV-00291,CC-100 Operaciones,Fabian Rios 06 00001204
339,2026-06-09,1180,IVA acreditable,14443.52,0.00,Registro factura INV-00023,INV-00023,CC-100 Operaciones,Ana Ruiz 07 00001204
340,2026-02-17,1020,Bancos,0.00,24674.36,Pago factura INV-00244,INV-00244,CC-100 Operaciones,Bruno Garcia 02 00001204
341,2026-02-18,1180,IVA acreditable,8258.88,0.00,Registro factura INV-00302,INV-00302,CC-100 Operaciones,Bruno Garcia 02 00001204
342,2026-01-20,1020,Bancos,0.00,69785.60,Pago factura INV-00209,INV-00209,CC-100 Operaciones,Bruno Garcia 02 00001204
343,2026-05-15,1180,IVA acreditable,14942.24,0.00,Registro factura INV-00367,INV-00367,CC-100 Operaciones,Diego Luna 04 00001204
344,2026-02-21,1180,IVA acreditable,7322.56,0.00,Registro factura INV-00038,INV-00038,CC-100 Operaciones,Carla Soto 09 00001204
345,2026-06-21,5000,Gastos operativos,39092.00,0.00,Registro factura INV-00189,INV-00189,CC-100 Operaciones,Elena Mora 05 00001204
346,2026-01-11,5000,Gastos operativos,66779.00,0.00,Registro factura INV-00098,INV-00098,CC-100 Operaciones,Fabian Rios 06 00001204
347,2026-03-17,2100,Cuentas por pagar,107770.96,0.00,Pago factura INV-00055,INV-00055,CC-100 Operaciones,Bruno Garcia 02 00001204
348,2026-06-01,2100,Cuentas por pagar,0.00,14795.80,Registro factura INV-00142,INV-00142,CC-100 Operaciones,Elena Mora 05 00001204
349,2026-03-27,2100,Cuentas por pagar,0.00,55478.16,Registro factura INV-00057,INV-00057,CC-100 Operaciones,Carla Soto 09 00001204
350,2026-02-03,2100,Cuentas por pagar,0.00,71181.08,Registro factura INV-00022,INV-00022,CC-100 Operaciones,Elena Mora 05 00001204
351,2026-02-06,5000,Gastos operativos,20950.00,0.00,Registro factura INV-00001,INV-00001,CC-100 Operaciones,Bruno Garcia 02 00001204
352,2026-01-31,2100,Cuentas por pagar,47999.64,0.00,Pago factura INV-00084,INV-00084,CC-100 Operaciones,Bruno Garcia 02 00001204
353,2026-04-21,2100,Cuentas por pagar,29758.64,0.00,Pago factura INV-00232,INV-00232,CC-100 Operaciones,Bruno Garcia 02 00001204
354,2026-03-27,2100,Cuentas por pagar,0.00,32524.08,Registro factura INV-00292,INV-00292,CC-100 Operaciones,Ana Ruiz 07 00001204
355,2026-04-05,5000,Gastos operativos,29675.00,0.00,Registro factura INV-00118,INV-00118,CC-100 Operaciones,Fabian Rios 06 00001204
356,2026-01-26,1020,Bancos,0.00,75456.84,Pago factura INV-00362,INV-00362,CC-100 Operaciones,Bruno Garcia 02 00001204
357,2026-03-15,1020,Bancos,0.00,98770.52,Pago factura INV-00083,INV-00083,CC-100 Operaciones,Bruno Garcia 02 00001204
358,2026-04-15,1020,Bancos,0.00,35338.24,Pago factura INV-00370,INV-00370,CC-100 Operaciones,Bruno Garcia 02 00001204
359,2026-01-31,1020,Bancos,0.00,47999.64,Pago factura INV-00084,INV-00084,CC-100 Operaciones,Bruno Garcia 02 00001204
360,2026-03-09,2100,Cuentas por pagar,37049.24,0.00,Pago factura INV-00239,INV-00239,CC-100 Operaciones,Bruno Garcia 02 00001204
361,2026-03-04,1180,IVA acreditable,4537.76,0.00,Registro factura INV-00263,INV-00263,CC-100 Operaciones,Bruno Garcia 02 00001204
362,2026-01-15,2100,Cuentas por pagar,0.00,57385.20,Registro factura INV-00172,INV-00172,CC-100 Operaciones,Bruno Garcia 02 00001204
363,2026-01-31,5000,Gastos operativos,62596.00,0.00,Registro factura INV-00177,INV-00177,CC-100 Operaciones,Diego Luna 04 00001204
364,2026-05-14,1020,Bancos,0.00,62118.00,Pago factura INV-00343,INV-00343,CC-100 Operaciones,Bruno Garcia 02 00001204
365,2026-06-12,5000,Gastos operativos,12260.00,0.00,Registro factura INV-00350,INV-00350,CC-100 Operaciones,Diego Luna 04 00001204
366,2026-01-09,5000,Gastos operativos,67730.00,0.00,Registro factura INV-00286,INV-00286,CC-100 Operaciones,Bruno Garcia 02 00001204
367,2026-02-07,5000,Gastos operativos,28432.00,0.00,Registro factura INV-00319,INV-00319,CC-100 Operaciones,Carla Soto 09 00001204
368,2026-04-18,5000,Gastos operativos,18719.00,0.00,Registro factura INV-00289,INV-00289,CC-100 Operaciones,Ana Ruiz 01 00001204
369,2026-01-18,5000,Gastos operativos,84428.00,0.00,Registro factura INV-00149,INV-00149,CC-100 Operaciones,Carla Soto 09 00001204
370,2026-01-11,1180,IVA acreditable,11420.32,0.00,Registro factura INV-00124,INV-00124,CC-100 Operaciones,Diego Luna 04 00001204
371,2026-04-30,1180,IVA acreditable,15130.08,0.00,Registro factura INV-00307,INV-00307,CC-100 Operaciones,Carla Soto 09 00001204
372,2026-05-19,2100,Cuentas por pagar,81616.44,0.00,Pago factura INV-00006,INV-00006,CC-100 Operaciones,Bruno Garcia 02 00001204
373,2026-04-18,1180,IVA acreditable,2995.04,0.00,Registro factura INV-00289,INV-00289,CC-100 Operaciones,Ana Ruiz 01 00001204
374,2026-06-20,2100,Cuentas por pagar,0.00,23542.20,Registro factura INV-00253,INV-00253,CC-100 Operaciones,Bruno Garcia 08 00001204
375,2026-01-30,2100,Cuentas por pagar,0.00,101475.64,Registro factura INV-00157,INV-00157,CC-100 Operaciones,Ana Ruiz 07 00001204
376,2026-02-11,2100,Cuentas por pagar,50212.92,0.00,Pago factura INV-00180,INV-00180,CC-100 Operaciones,Bruno Garcia 02 00001204
377,2026-03-08,1020,Bancos,0.00,29538.24,Pago factura INV-00356,INV-00356,CC-100 Operaciones,Bruno Garcia 02 00001204
378,2026-06-03,5000,Gastos operativos,25665.00,0.00,Registro factura INV-00234,INV-00234,CC-100 Operaciones,Ana Ruiz 07 00001204
379,2026-02-15,5000,Gastos operativos,73485.00,0.00,Registro factura INV-00122,INV-00122,CC-100 Operaciones,Diego Luna 10 00001204
380,2026-01-13,5000,Gastos operativos,31744.00,0.00,Registro factura INV-00068,INV-00068,CC-100 Operaciones,Fabian Rios 06 00001204
381,2026-06-20,1180,IVA acreditable,3247.20,0.00,Registro factura INV-00253,INV-00253,CC-100 Operaciones,Bruno Garcia 08 00001204
382,2026-03-29,1180,IVA acreditable,2914.24,0.00,Registro factura INV-00011,INV-00011,CC-100 Operaciones,Carla Soto 03 00001204
383,2026-03-25,5000,Gastos operativos,45093.00,0.00,Registro factura INV-00318,INV-00318,CC-100 Operaciones,Ana Ruiz 07 00001204
384,2026-06-14,1020,Bancos,0.00,38103.68,Pago factura INV-00316,INV-00316,CC-100 Operaciones,Bruno Garcia 02 00001204
385,2026-03-27,2100,Cuentas por pagar,67595.52,0.00,Pago factura INV-00258,INV-00258,CC-100 Operaciones,Bruno Garcia 02 00001204
386,2026-01-25,1020,Bancos,0.00,38425.00,Pago factura INV-00304,INV-00304,CC-100 Operaciones,Bruno Garcia 02 00001204
387,2026-06-05,2100,Cuentas por pagar,68733.48,0.00,Pago factura INV-00330,INV-00330,CC-100 Operaciones,Bruno Garcia 02 00001204
388,2026-06-15,1020,Bancos,0.00,35338.24,Pago factura INV-00225,INV-00225,CC-100 Operaciones,Bruno Garcia 02 00001204
389,2026-05-03,2100,Cuentas por pagar,39286.88,0.00,Pago factura INV-00371,INV-00371,CC-100 Operaciones,Bruno Garcia 02 00001204
390,2026-03-01,2100,Cuentas por pagar,0.00,109382.20,Registro factura INV-00108,INV-00108,CC-100 Operaciones,Carla Soto 03 00001204
391,2026-02-15,5000,Gastos operativos,44316.00,0.00,Registro factura INV-00046,INV-00046,CC-100 Operaciones,Carla Soto 09 00001204
392,2026-02-28,5000,Gastos operativos,24056.00,0.00,Registro factura INV-00369,INV-00369,CC-100 Operaciones,Fabian Rios 06 00001204
393,2026-02-28,1020,Bancos,0.00,59876.88,Pago factura INV-00302,INV-00302,CC-100 Operaciones,Bruno Garcia 02 00001204
394,2026-02-02,2100,Cuentas por pagar,0.00,47311.76,Registro factura INV-00340,INV-00340,CC-100 Operaciones,Fabian Rios 06 00001204
395,2026-06-14,1020,Bancos,0.00,42797.04,Pago factura INV-00275,INV-00275,CC-100 Operaciones,Bruno Garcia 02 00001204
396,2026-04-29,2100,Cuentas por pagar,0.00,83805.36,Registro factura INV-00220,INV-00220,CC-100 Operaciones,Bruno Garcia 02 00001204
397,2026-02-21,5000,Gastos operativos,33845.00,0.00,Registro factura INV-00271,INV-00271,CC-100 Operaciones,Ana Ruiz 01 00001204
398,2026-04-09,5000,Gastos operativos,89298.00,0.00,Registro factura INV-00333,INV-00333,CC-100 Operaciones,Bruno Garcia 02 00001204
399,2026-05-02,1020,Bancos,0.00,80240.68,Pago factura INV-00352,INV-00352,CC-100 Operaciones,Bruno Garcia 02 00001204
400,2026-05-18,5000,Gastos operativos,84482.00,0.00,Registro factura INV-00043,INV-00043,CC-100 Operaciones,Carla Soto 03 00001204
401,2026-05-26,5000,Gastos operativos,58079.00,0.00,Registro factura INV-00363,INV-00363,CC-100 Operaciones,Ana Ruiz 07 00001204
402,2026-01-31,2100,Cuentas por pagar,0.00,72611.36,Registro factura INV-00177,INV-00177,CC-100 Operaciones,Diego Luna 04 00001204
403,2026-04-06,1020,Bancos,0.00,32524.08,Pago factura INV-00292,INV-00292,CC-100 Operaciones,Bruno Garcia 02 00001204
404,2026-04-11,1020,Bancos,0.00,71343.48,Pago factura INV-00168,INV-00168,CC-100 Operaciones,Bruno Garcia 02 00001204
405,2026-04-19,5000,Gastos operativos,79453.00,0.00,Registro factura INV-00276,INV-00276,CC-100 Operaciones,Fabian Rios 06 00001204
406,2026-02-23,1020,Bancos,0.00,47409.20,Pago factura INV-00042,INV-00042,CC-100 Operaciones,Bruno Garcia 02 00001204
407,2026-01-26,2100,Cuentas por pagar,0.00,27202.00,Registro factura INV-00029,INV-00029,CC-100 Operaciones,Ana Ruiz 01 00001204
408,2026-01-27,2100,Cuentas por pagar,0.00,52237.12,Registro factura INV-00359,INV-00359,CC-100 Operaciones,Diego Luna 10 00001204
409,2026-04-22,2100,Cuentas por pagar,35036.64,0.00,Pago factura INV-00195,INV-00195,CC-100 Operaciones,Bruno Garcia 02 00001204
410,2026-02-23,2100,Cuentas por pagar,81061.96,0.00,Pago factura INV-00335,INV-00335,CC-100 Operaciones,Bruno Garcia 02 00001204
411,2026-02-05,2100,Cuentas por pagar,27202.00,0.00,Pago factura INV-00029,INV-00029,CC-100 Operaciones,Bruno Garcia 02 00001204
412,2026-06-07,2100,Cuentas por pagar,0.00,77420.72,Registro factura INV-00278,INV-00278,CC-100 Operaciones,Elena Mora 05 00001204
413,2026-05-29,1180,IVA acreditable,6883.04,0.00,Registro factura INV-00200,INV-00200,CC-100 Operaciones,Fabian Rios 06 00001204
414,2026-05-02,2100,Cuentas por pagar,0.00,86855.00,Registro factura INV-00086,INV-00086,CC-100 Operaciones,Carla Soto 03 00001204
415,2026-05-21,1020,Bancos,0.00,36592.20,Pago factura INV-00176,INV-00176,CC-100 Operaciones,Bruno Garcia 02 00001204
416,2026-01-16,5000,Gastos operativos,65049.00,0.00,Registro factura INV-00362,INV-00362,CC-100 Operaciones,Ana Ruiz 07 00001204
417,2026-06-06,5000,Gastos operativos,33167.00,0.00,Registro factura INV-00036,INV-00036,CC-100 Operaciones,Bruno Garcia 08 00001204
418,2026-03-02,5000,Gastos operativos,41878.00,0.00,Registro factura INV-00366,INV-00366,CC-100 Operaciones,Fabian Rios 06 00001204
419,2026-06-23,5000,Gastos operativos,83478.00,0.00,Registro factura INV-00241,INV-00241,CC-100 Operaciones,Elena Mora 05 00001204
420,2026-05-03,2100,Cuentas por pagar,0.00,45633.24,Registro factura INV-00261,INV-00261,CC-100 Operaciones,Fabian Rios 06 00001204
421,2026-05-23,1020,Bancos,0.00,14135.30,Pago factura INV-00004,INV-00004,CC-100 Operaciones,Bruno Garcia 02 00001204
422,2026-04-03,2100,Cuentas por pagar,0.00,89706.28,Registro factura INV-00139,INV-00139,CC-100 Operaciones,Diego Luna 04 00001204
423,2026-03-04,1020,Bancos,0.00,28826.00,Pago factura INV-00153,INV-00153,CC-100 Operaciones,Bruno Garcia 02 00001204
424,2026-04-26,1180,IVA acreditable,10170.08,0.00,Registro factura INV-00207,INV-00207,CC-100 Operaciones,Ana Ruiz 01 00001204
425,2026-01-29,2100,Cuentas por pagar,0.00,84451.48,Registro factura INV-00309,INV-00309,CC-100 Operaciones,Diego Luna 10 00001204
426,2026-06-22,5000,Gastos operativos,29744.00,0.00,Registro factura INV-00056,INV-00056,CC-100 Operaciones,Bruno Garcia 02 00001204
427,2026-02-08,2100,Cuentas por pagar,57426.96,0.00,Pago factura INV-00128,INV-00128,CC-100 Operaciones,Bruno Garcia 02 00001204
428,2026-03-26,1020,Bancos,0.00,92056.44,Pago factura INV-00345,INV-00345,CC-100 Operaciones,Bruno Garcia 02 00001204
429,2026-03-28,1020,Bancos,0.00,25837.84,Pago factura INV-00297,INV-00297,CC-100 Operaciones,Bruno Garcia 02 00001204
430,2026-02-22,1020,Bancos,0.00,97993.32,Pago factura INV-00266,INV-00266,CC-100 Operaciones,Bruno Garcia 02 00001204
431,2026-03-05,2100,Cuentas por pagar,0.00,98770.52,Registro factura INV-00083,INV-00083,CC-100 Operaciones,Ana Ruiz 07 00001204
432,2026-03-25,2100,Cuentas por pagar,0.00,46400.00,Registro factura INV-00284,INV-00284,CC-100 Operaciones,Carla Soto 03 00001204
433,2026-04-26,1020,Bancos,0.00,86331.84,Pago factura INV-00337,INV-00337,CC-100 Operaciones,Bruno Garcia 02 00001204
434,2026-05-17,1020,Bancos,0.00,47220.12,Pago factura INV-00326,INV-00326,CC-100 Operaciones,Bruno Garcia 02 00001204
435,2026-02-23,1180,IVA acreditable,14080.80,0.00,Registro factura INV-00165,INV-00165,CC-100 Operaciones,Carla Soto 03 00001204
436,2026-03-23,1020,Bancos,0.00,14279.60,Pago factura INV-00194,INV-00194,CC-100 Operaciones,Bruno Garcia 02 00001204
437,2026-03-18,1020,Bancos,0.00,108323.12,Pago factura INV-00245,INV-00245,CC-100 Operaciones,Bruno Garcia 02 00001204
438,2026-06-24,5000,Gastos operativos,69685.00,0.00,Registro factura INV-00014,INV-00014,CC-100 Operaciones,Diego Luna 04 00001204
439,2026-01-20,1180,IVA acreditable,3801.60,0.00,Registro factura INV-00037,INV-00037,CC-100 Operaciones,Carla Soto 03 00001204
440,2026-04-12,2100,Cuentas por pagar,0.00,109258.08,Registro factura INV-00040,INV-00040,CC-100 Operaciones,Ana Ruiz 01 00001204
441,2026-03-03,2100,Cuentas por pagar,39260.20,0.00,Pago factura INV-00271,INV-00271,CC-100 Operaciones,Bruno Garcia 02 00001204
442,2026-01-20,5000,Gastos operativos,51022.00,0.00,Registro factura INV-00137,INV-00137,CC-100 Operaciones,Ana Ruiz 01 00001204
443,2026-04-01,1050,Cuentas por cobrar,63800.00,0.00,Registro venta INV-00126,INV-00126,CC-100 Operaciones,Bruno Garcia 02 00001204
444,2026-01-28,2100,Cuentas por pagar,76302.48,0.00,Pago factura INV-00061,INV-00061,CC-100 Operaciones,Bruno Garcia 02 00001204
445,2026-06-06,1020,Bancos,0.00,38209.24,Pago factura INV-00321,INV-00321,CC-100 Operaciones,Bruno Garcia 02 00001204
446,2026-03-13,1180,IVA acreditable,5034.08,0.00,Registro factura INV-00102,INV-00102,CC-100 Operaciones,Carla Soto 09 00001204
447,2026-01-25,2100,Cuentas por pagar,0.00,75194.68,Registro factura INV-00329,INV-00329,CC-100 Operaciones,Fabian Rios 06 00001204
448,2026-04-13,2100,Cuentas por pagar,107866.08,0.00,Pago factura INV-00254,INV-00254,CC-100 Operaciones,Bruno Garcia 02 00001204
449,2026-02-08,5000,Gastos operativos,89889.00,0.00,Registro factura INV-00162,INV-00162,CC-100 Operaciones,Diego Luna 04 00001204
450,2026-03-05,5000,Gastos operativos,30464.00,0.00,Registro factura INV-00009,INV-00009,CC-100 Operaciones,Diego Luna 04 00001204
451,2026-01-16,5000,Gastos operativos,33715.00,0.00,Registro factura INV-00133,INV-00133,CC-100 Operaciones,Carla Soto 09 00001204
452,2026-05-31,2100,Cuentas por pagar,0.00,88519.60,Registro factura INV-00175,INV-00175,CC-100 Operaciones,Diego Luna 10 00001204
453,2026-04-05,1020,Bancos,0.00,22484.28,Pago factura INV-00147,INV-00147,CC-100 Operaciones,Bruno Garcia 02 00001204
454,2026-04-05,1020,Bancos,0.00,29559.12,Pago factura INV-00215,INV-00215,CC-100 Operaciones,Bruno Garcia 02 00001204
455,2026-03-19,1180,IVA acreditable,5557.60,0.00,Registro factura INV-00028,INV-00028,CC-100 Operaciones,Carla Soto 09 00001204
456,2026-05-31,1180,IVA acreditable,12209.60,0.00,Registro factura INV-00175,INV-00175,CC-100 Operaciones,Diego Luna 10 00001204
457,2026-06-03,2100,Cuentas por pagar,57779.60,0.00,Pago factura INV-00308,INV-00308,CC-100 Operaciones,Bruno Garcia 02 00001204
458,2026-04-27,2100,Cuentas por pagar,42142.80,0.00,Pago factura INV-00202,INV-00202,CC-100 Operaciones,Bruno Garcia 02 00001204
459,2026-06-30,1020,Bancos,0.00,80834.60,Pago factura INV-00014,INV-00014,CC-100 Operaciones,Bruno Garcia 02 00001204
460,2026-02-14,5000,Gastos operativos,15578.00,0.00,Registro factura INV-00324,INV-00324,CC-100 Operaciones,Fabian Rios 06 00001204
461,2026-01-21,5000,Gastos operativos,0.00,22500.00,Reversion de factura cancelada INV-00103,INV-00103,CC-100 Operaciones,Bruno Garcia 02 00001204
462,2026-05-22,1020,Bancos,0.00,59092.72,Pago factura INV-00013,INV-00013,CC-100 Operaciones,Bruno Garcia 02 00001204
463,2026-01-22,2100,Cuentas por pagar,0.00,74995.16,Registro factura INV-00214,INV-00214,CC-100 Operaciones,Elena Mora 05 00001204
464,2026-04-29,1020,Bancos,0.00,59657.64,Pago factura INV-00125,INV-00125,CC-100 Operaciones,Bruno Garcia 02 00001204
465,2026-04-08,5000,Gastos operativos,40424.00,0.00,Registro factura INV-00259,INV-00259,CC-100 Operaciones,Ana Ruiz 07 00001204
466,2026-04-02,1020,Bancos,0.00,107732.68,Pago factura INV-00020,INV-00020,CC-100 Operaciones,Bruno Garcia 02 00001204
467,2026-05-22,2100,Cuentas por pagar,59092.72,0.00,Pago factura INV-00013,INV-00013,CC-100 Operaciones,Bruno Garcia 02 00001204
468,2026-06-16,1180,IVA acreditable,10572.48,0.00,Registro factura INV-00058,INV-00058,CC-100 Operaciones,Bruno Garcia 02 00001204
469,2026-05-10,2100,Cuentas por pagar,0.00,98710.20,Registro factura INV-00148,INV-00148,CC-100 Operaciones,Ana Ruiz 01 00001204
470,2026-03-03,1180,IVA acreditable,13940.00,0.00,Registro factura INV-00111,INV-00111,CC-100 Operaciones,Carla Soto 03 00001204
471,2026-02-14,2100,Cuentas por pagar,69069.88,0.00,Pago factura INV-00312,INV-00312,CC-100 Operaciones,Bruno Garcia 02 00001204
472,2026-05-05,1180,IVA acreditable,6250.24,0.00,Registro factura INV-00294,INV-00294,CC-100 Operaciones,Bruno Garcia 02 00001204
473,2026-04-18,2100,Cuentas por pagar,49300.00,0.00,Pago factura INV-00219,INV-00219,CC-100 Operaciones,Bruno Garcia 02 00001204
474,2026-03-23,1020,Bancos,0.00,45734.16,Pago factura INV-00372,INV-00372,CC-100 Operaciones,Bruno Garcia 02 00001204
475,2026-02-24,2100,Cuentas por pagar,0.00,32352.40,Registro factura INV-00247,INV-00247,CC-100 Operaciones,Diego Luna 10 00001204
476,2026-05-25,1180,IVA acreditable,2417.12,0.00,Registro factura INV-00365,INV-00365,CC-100 Operaciones,Diego Luna 10 00001204
477,2026-06-01,2100,Cuentas por pagar,0.00,24218.48,Registro factura INV-00347,INV-00347,CC-100 Operaciones,Carla Soto 03 00001204
478,2026-05-05,2100,Cuentas por pagar,67430.80,0.00,Pago factura INV-00159,INV-00159,CC-100 Operaciones,Bruno Garcia 02 00001204
479,2026-03-21,1020,Bancos,0.00,75155.24,Pago factura INV-00187,INV-00187,CC-100 Operaciones,Bruno Garcia 02 00001204
480,2026-06-06,2100,Cuentas por pagar,38209.24,0.00,Pago factura INV-00321,INV-00321,CC-100 Operaciones,Bruno Garcia 02 00001204
481,2026-05-18,1180,IVA acreditable,1969.60,0.00,Registro factura INV-00197,INV-00197,CC-100 Operaciones,Elena Mora 05 00001204
482,2026-02-13,2100,Cuentas por pagar,71181.08,0.00,Pago factura INV-00022,INV-00022,CC-100 Operaciones,Bruno Garcia 02 00001204
483,2026-05-14,1180,IVA acreditable,6223.20,0.00,Registro factura INV-00325,INV-00325,CC-100 Operaciones,Carla Soto 09 00001204
484,2026-01-26,1180,IVA acreditable,10423.84,0.00,Registro factura INV-00136,INV-00136,CC-100 Operaciones,Carla Soto 03 00001204
485,2026-05-19,5000,Gastos operativos,76768.00,0.00,Registro factura INV-00171,INV-00171,CC-100 Operaciones,Diego Luna 10 00001204
486,2026-05-09,1020,Bancos,0.00,83805.36,Pago factura INV-00220,INV-00220,CC-100 Operaciones,Bruno Garcia 02 00001204
487,2026-06-11,1180,IVA acreditable,8677.12,0.00,Registro factura INV-00240,INV-00240,CC-100 Operaciones,Ana Ruiz 01 00001204
488,2026-06-24,1020,Bancos,0.00,54636.00,Pago factura INV-00132,INV-00132,CC-100 Operaciones,Bruno Garcia 02 00001204
489,2026-02-27,1180,IVA acreditable,5110.24,0.00,Registro factura INV-00239,INV-00239,CC-100 Operaciones,Carla Soto 09 00001204
490,2026-05-17,1020,Bancos,0.00,51769.64,Pago factura INV-00188,INV-00188,CC-100 Operaciones,Bruno Garcia 02 00001204
491,2026-05-18,2100,Cuentas por pagar,67202.28,0.00,Pago factura INV-00203,INV-00203,CC-100 Operaciones,Bruno Garcia 02 00001204
492,2026-05-07,1020,Bancos,0.00,44314.32,Pago factura INV-00182,INV-00182,CC-100 Operaciones,Bruno Garcia 02 00001204
493,2026-01-27,5000,Gastos operativos,45032.00,0.00,Registro factura INV-00359,INV-00359,CC-100 Operaciones,Diego Luna 10 00001204
494,2026-05-12,2100,Cuentas por pagar,108995.92,0.00,Pago factura INV-00218,INV-00218,CC-100 Operaciones,Bruno Garcia 02 00001204
495,2026-04-08,1180,IVA acreditable,11966.88,0.00,Registro factura INV-00044,INV-00044,CC-100 Operaciones,Elena Mora 05 00001204
496,2026-04-09,1180,IVA acreditable,6800.00,0.00,Registro factura INV-00317,INV-00317,CC-100 Operaciones,Bruno Garcia 08 00001204
497,2026-05-04,2100,Cuentas por pagar,0.00,62118.00,Registro factura INV-00343,INV-00343,CC-100 Operaciones,Elena Mora 05 00001204
498,2026-02-14,2100,Cuentas por pagar,16925.56,0.00,Pago factura INV-00019,INV-00019,CC-100 Operaciones,Bruno Garcia 02 00001204
499,2026-05-15,2100,Cuentas por pagar,51876.36,0.00,Pago factura INV-00199,INV-00199,CC-100 Operaciones,Bruno Garcia 02 00001204
500,2026-06-21,1020,Bancos,0.00,62909.12,Pago factura INV-00240,INV-00240,CC-100 Operaciones,Bruno Garcia 02 00001204
501,2026-05-27,2100,Cuentas por pagar,0.00,38209.24,Registro factura INV-00321,INV-00321,CC-100 Operaciones,Bruno Garcia 02 00001204
502,2026-04-27,1020,Bancos,0.00,87907.12,Pago factura INV-00105,INV-00105,CC-100 Operaciones,Bruno Garcia 02 00001204
503,2026-03-23,5000,Gastos operativos,58174.00,0.00,Registro factura INV-00346,INV-00346,CC-100 Operaciones,Elena Mora 05 00001204
504,2026-03-05,1180,IVA acreditable,4924.00,0.00,Registro factura INV-00194,INV-00194,CC-100 Operaciones,Fabian Rios 06 00001204
505,2026-06-30,2100,Cuentas por pagar,23542.20,0.00,Pago factura INV-00253,INV-00253,CC-100 Operaciones,Bruno Garcia 02 00001204
506,2026-03-31,2100,Cuentas por pagar,78364.96,0.00,Pago factura INV-00085,INV-00085,CC-100 Operaciones,Bruno Garcia 02 00001204
507,2026-06-16,1180,IVA acreditable,10544.32,0.00,Registro factura INV-00334,INV-00334,CC-100 Operaciones,Diego Luna 10 00001204
508,2026-03-18,2100,Cuentas por pagar,0.00,54699.80,Registro factura INV-00030,INV-00030,CC-100 Operaciones,Bruno Garcia 02 00001204
509,2026-05-18,1020,Bancos,0.00,82601.28,Pago factura INV-00303,INV-00303,CC-100 Operaciones,Bruno Garcia 02 00001204
510,2026-06-22,1180,IVA acreditable,5237.92,0.00,Registro factura INV-00250,INV-00250,CC-100 Operaciones,Diego Luna 10 00001204
511,2026-03-17,1020,Bancos,0.00,107770.96,Pago factura INV-00055,INV-00055,CC-100 Operaciones,Bruno Garcia 02 00001204
512,2026-02-17,2100,Cuentas por pagar,0.00,79973.88,Registro factura INV-00106,INV-00106,CC-100 Operaciones,Carla Soto 03 00001204
513,2026-03-25,1180,IVA acreditable,7214.88,0.00,Registro factura INV-00318,INV-00318,CC-100 Operaciones,Ana Ruiz 07 00001204
514,2026-04-21,2100,Cuentas por pagar,0.00,25828.56,Registro factura INV-00113,INV-00113,CC-100 Operaciones,Diego Luna 10 00001204
515,2026-05-22,2100,Cuentas por pagar,0.00,59763.20,Registro factura INV-00179,INV-00179,CC-100 Operaciones,Ana Ruiz 01 00001204
516,2026-03-28,5000,Gastos operativos,60985.00,0.00,Registro factura INV-00264,INV-00264,CC-100 Operaciones,Diego Luna 04 00001204
517,2026-06-17,1180,IVA acreditable,11623.84,0.00,Registro factura INV-00249,INV-00249,CC-100 Operaciones,Carla Soto 09 00001204
518,2026-04-04,2100,Cuentas por pagar,0.00,99268.16,Registro factura INV-00100,INV-00100,CC-100 Operaciones,Carla Soto 09 00001204
519,2026-02-15,2100,Cuentas por pagar,0.00,85242.60,Registro factura INV-00122,INV-00122,CC-100 Operaciones,Diego Luna 10 00001204
520,2026-05-10,1020,Bancos,0.00,109693.08,Pago factura INV-00307,INV-00307,CC-100 Operaciones,Bruno Garcia 02 00001204
521,2026-03-11,1180,IVA acreditable,10366.24,0.00,Registro factura INV-00187,INV-00187,CC-100 Operaciones,Elena Mora 05 00001204
522,2026-06-10,1020,Bancos,0.00,88519.60,Pago factura INV-00175,INV-00175,CC-100 Operaciones,Bruno Garcia 02 00001204
523,2026-01-20,2100,Cuentas por pagar,69785.60,0.00,Pago factura INV-00209,INV-00209,CC-100 Operaciones,Bruno Garcia 02 00001204
524,2026-03-03,2100,Cuentas por pagar,0.00,69533.88,Registro factura INV-00267,INV-00267,CC-100 Operaciones,Elena Mora 05 00001204
525,2026-04-20,1020,Bancos,0.00,100244.88,Pago factura INV-00183,INV-00183,CC-100 Operaciones,Bruno Garcia 02 00001204
526,2026-01-09,5000,Gastos operativos,82832.00,0.00,Registro factura INV-00364,INV-00364,CC-100 Operaciones,Diego Luna 10 00001204
527,2026-03-11,2100,Cuentas por pagar,17558.92,0.00,Pago factura INV-00299,INV-00299,CC-100 Operaciones,Bruno Garcia 02 00001204
528,2026-06-02,2100,Cuentas por pagar,65923.96,0.00,Pago factura INV-00116,INV-00116,CC-100 Operaciones,Bruno Garcia 02 00001204
529,2026-05-17,2100,Cuentas por pagar,51769.64,0.00,Pago factura INV-00188,INV-00188,CC-100 Operaciones,Bruno Garcia 02 00001204
530,2026-04-30,5000,Gastos operativos,61254.00,0.00,Registro factura INV-00272,INV-00272,CC-100 Operaciones,Ana Ruiz 07 00001204
531,2026-03-10,5000,Gastos operativos,75510.00,0.00,Registro factura INV-00119,INV-00119,CC-100 Operaciones,Bruno Garcia 08 00001204
532,2026-05-27,1180,IVA acreditable,13137.12,0.00,Registro factura INV-00181,INV-00181,CC-100 Operaciones,Diego Luna 04 00001204
533,2026-02-18,2080,IVA trasladado,0.00,8480.48,Registro venta INV-00288,INV-00288,CC-100 Operaciones,Bruno Garcia 02 00001204
534,2026-03-26,2100,Cuentas por pagar,0.00,22484.28,Registro factura INV-00147,INV-00147,CC-100 Operaciones,Diego Luna 04 00001204
535,2026-04-06,5000,Gastos operativos,18375.00,0.00,Registro factura INV-00211,INV-00211,CC-100 Operaciones,Elena Mora 05 00001204
536,2026-02-24,1020,Bancos,0.00,18070.48,Pago factura INV-00324,INV-00324,CC-100 Operaciones,Bruno Garcia 02 00001204
537,2026-05-07,2100,Cuentas por pagar,44314.32,0.00,Pago factura INV-00182,INV-00182,CC-100 Operaciones,Bruno Garcia 02 00001204
538,2026-06-03,2100,Cuentas por pagar,0.00,72170.56,Registro factura INV-00190,INV-00190,CC-100 Operaciones,Carla Soto 09 00001204
539,2026-05-28,5000,Gastos operativos,68309.00,0.00,Registro factura INV-00355,INV-00355,CC-100 Operaciones,Carla Soto 09 00001204
540,2026-01-18,2100,Cuentas por pagar,0.00,76302.48,Registro factura INV-00061,INV-00061,CC-100 Operaciones,Ana Ruiz 01 00001204
541,2026-05-04,5000,Gastos operativos,89532.00,0.00,Registro factura INV-00323,INV-00323,CC-100 Operaciones,Carla Soto 03 00001204
542,2026-02-15,2100,Cuentas por pagar,30410.56,0.00,Pago factura INV-00251,INV-00251,CC-100 Operaciones,Bruno Garcia 02 00001204
543,2026-05-01,1020,Bancos,0.00,25828.56,Pago factura INV-00113,INV-00113,CC-100 Operaciones,Bruno Garcia 02 00001204
544,2026-03-20,1180,IVA acreditable,3236.48,0.00,Registro factura INV-00242,INV-00242,CC-100 Operaciones,Bruno Garcia 02 00001204
545,2026-01-23,2100,Cuentas por pagar,36823.04,0.00,Pago factura INV-00068,INV-00068,CC-100 Operaciones,Bruno Garcia 02 00001204
546,2026-03-22,1020,Bancos,0.00,52037.60,Pago factura INV-00060,INV-00060,CC-100 Operaciones,Bruno Garcia 02 00001204
547,2026-05-06,2100,Cuentas por pagar,0.00,89695.84,Registro factura INV-00089,INV-00089,CC-100 Operaciones,Ana Ruiz 07 00001204
548,2026-06-13,1020,Bancos,0.00,29771.40,Pago factura INV-00234,INV-00234,CC-100 Operaciones,Bruno Garcia 02 00001204
549,2026-05-16,1180,IVA acreditable,8859.68,0.00,Registro factura INV-00204,INV-00204,CC-100 Operaciones,Ana Ruiz 01 00001204
550,2026-06-08,1180,IVA acreditable,6793.44,0.00,Registro factura INV-00280,INV-00280,CC-100 Operaciones,Diego Luna 10 00001204
551,2026-06-13,1020,Bancos,0.00,72170.56,Pago factura INV-00190,INV-00190,CC-100 Operaciones,Bruno Garcia 02 00001204
552,2026-02-23,1020,Bancos,0.00,81061.96,Pago factura INV-00335,INV-00335,CC-100 Operaciones,Bruno Garcia 02 00001204
553,2026-05-06,2100,Cuentas por pagar,73733.08,0.00,Pago factura INV-00207,INV-00207,CC-100 Operaciones,Bruno Garcia 02 00001204
554,2026-04-19,5000,Gastos operativos,51429.00,0.00,Registro factura INV-00125,INV-00125,CC-100 Operaciones,Bruno Garcia 08 00001204
555,2026-05-26,1020,Bancos,0.00,27416.60,Pago factura INV-00156,INV-00156,CC-100 Operaciones,Bruno Garcia 02 00001204
556,2026-02-20,5000,Gastos operativos,59586.00,0.00,Registro factura INV-00296,INV-00296,CC-100 Operaciones,Bruno Garcia 02 00001204
557,2026-05-18,1180,IVA acreditable,13517.12,0.00,Registro factura INV-00043,INV-00043,CC-100 Operaciones,Carla Soto 03 00001204
558,2026-04-21,1020,Bancos,0.00,29758.64,Pago factura INV-00232,INV-00232,CC-100 Operaciones,Bruno Garcia 02 00001204
559,2026-03-14,5000,Gastos operativos,66339.00,0.00,Registro factura INV-00140,INV-00140,CC-100 Operaciones,Fabian Rios 06 00001204
560,2026-03-01,1020,Bancos,0.00,48156.24,Pago factura INV-00246,INV-00246,CC-100 Operaciones,Bruno Garcia 02 00001204
561,2026-01-29,2100,Cuentas por pagar,99416.64,0.00,Pago factura INV-00213,INV-00213,CC-100 Operaciones,Bruno Garcia 02 00001204
562,2026-05-19,1180,IVA acreditable,12282.88,0.00,Registro factura INV-00171,INV-00171,CC-100 Operaciones,Diego Luna 10 00001204
563,2026-02-05,2100,Cuentas por pagar,0.00,30410.56,Registro factura INV-00251,INV-00251,CC-100 Operaciones,Ana Ruiz 07 00001204
564,2026-02-13,1180,IVA acreditable,11180.96,0.00,Registro factura INV-00335,INV-00335,CC-100 Operaciones,Carla Soto 09 00001204
565,2026-01-29,5000,Gastos operativos,72803.00,0.00,Registro factura INV-00309,INV-00309,CC-100 Operaciones,Diego Luna 10 00001204
566,2026-02-25,1180,IVA acreditable,2533.12,0.00,Registro factura INV-00295,INV-00295,CC-100 Operaciones,Ana Ruiz 07 00001204
567,2026-02-15,1180,IVA acreditable,4394.40,0.00,Registro factura INV-00026,INV-00026,CC-100 Operaciones,Ana Ruiz 01 00001204
568,2026-04-15,2100,Cuentas por pagar,35699.00,0.00,Pago factura INV-00117,INV-00117,CC-100 Operaciones,Bruno Garcia 02 00001204
569,2026-03-17,1180,IVA acreditable,9323.52,0.00,Registro factura INV-00258,INV-00258,CC-100 Operaciones,Elena Mora 05 00001204
570,2026-04-03,1180,IVA acreditable,12373.28,0.00,Registro factura INV-00139,INV-00139,CC-100 Operaciones,Diego Luna 04 00001204
571,2026-01-28,2100,Cuentas por pagar,0.00,63835.96,Registro factura INV-00025,INV-00025,CC-100 Operaciones,Elena Mora 05 00001204
572,2026-03-12,2100,Cuentas por pagar,27188.54,0.00,Pago factura INV-00090,INV-00090,CC-100 Operaciones,Bruno Garcia 02 00001204
573,2026-04-04,1020,Bancos,0.00,52307.88,Pago factura INV-00318,INV-00318,CC-100 Operaciones,Bruno Garcia 02 00001204
574,2026-01-21,1180,IVA acreditable,6938.08,0.00,Registro factura INV-00074,INV-00074,CC-100 Operaciones,Bruno Garcia 08 00001204
575,2026-01-12,5000,Gastos operativos,24695.00,0.00,Registro factura INV-00313,INV-00313,CC-100 Operaciones,Carla Soto 03 00001204
576,2026-06-30,1020,Bancos,0.00,49099.32,Pago factura INV-00238,INV-00238,CC-100 Operaciones,Bruno Garcia 02 00001204
577,2026-01-13,2100,Cuentas por pagar,0.00,36823.04,Registro factura INV-00068,INV-00068,CC-100 Operaciones,Fabian Rios 06 00001204
578,2026-01-16,1180,IVA acreditable,10407.84,0.00,Registro factura INV-00362,INV-00362,CC-100 Operaciones,Ana Ruiz 07 00001204
579,2026-05-11,2100,Cuentas por pagar,28522.08,0.00,Pago factura INV-00348,INV-00348,CC-100 Operaciones,Bruno Garcia 02 00001204
580,2026-03-29,1180,IVA acreditable,9191.20,0.00,Registro factura INV-00229,INV-00229,CC-100 Operaciones,Ana Ruiz 01 00001204
581,2026-05-19,1020,Bancos,0.00,81616.44,Pago factura INV-00006,INV-00006,CC-100 Operaciones,Bruno Garcia 02 00001204
582,2026-04-29,2100,Cuentas por pagar,0.00,41850.48,Registro factura INV-00080,INV-00080,CC-100 Operaciones,Diego Luna 10 00001204
583,2026-06-01,1020,Bancos,0.00,59763.20,Pago factura INV-00179,INV-00179,CC-100 Operaciones,Bruno Garcia 02 00001204
584,2026-06-19,2100,Cuentas por pagar,104715.52,0.00,Pago factura INV-00023,INV-00023,CC-100 Operaciones,Bruno Garcia 02 00001204
585,2026-05-24,1180,IVA acreditable,11492.96,0.00,Registro factura INV-00231,INV-00231,CC-100 Operaciones,Carla Soto 03 00001204
586,2026-06-05,1180,IVA acreditable,8903.04,0.00,Registro factura INV-00101,INV-00101,CC-100 Operaciones,Ana Ruiz 01 00001204
587,2026-04-15,1020,Bancos,0.00,66361.28,Pago factura INV-00332,INV-00332,CC-100 Operaciones,Bruno Garcia 02 00001204
588,2026-06-05,1020,Bancos,0.00,67371.64,Pago factura INV-00363,INV-00363,CC-100 Operaciones,Bruno Garcia 02 00001204
589,2026-03-06,5000,Gastos operativos,38305.00,0.00,Registro factura INV-00173,INV-00173,CC-100 Operaciones,Diego Luna 04 00001204
590,2026-03-28,1180,IVA acreditable,9757.60,0.00,Registro factura INV-00264,INV-00264,CC-100 Operaciones,Diego Luna 04 00001204
591,2026-01-26,1020,Bancos,0.00,39109.40,Pago factura INV-00133,INV-00133,CC-100 Operaciones,Bruno Garcia 02 00001204
592,2026-04-17,2100,Cuentas por pagar,39624.44,0.00,Pago factura INV-00260,INV-00260,CC-100 Operaciones,Bruno Garcia 02 00001204
593,2026-04-10,2100,Cuentas por pagar,0.00,90879.04,Registro factura INV-00336,INV-00336,CC-100 Operaciones,Carla Soto 09 00001204
594,2026-03-19,5000,Gastos operativos,60434.00,0.00,Registro factura INV-00255,INV-00255,CC-100 Operaciones,Ana Ruiz 07 00001204
595,2026-04-01,2080,IVA trasladado,0.00,8800.00,Registro venta INV-00126,INV-00126,CC-100 Operaciones,Bruno Garcia 02 00001204
596,2026-01-05,1180,IVA acreditable,4874.24,0.00,Registro factura INV-00007,INV-00007,CC-100 Operaciones,Bruno Garcia 02 00001204
597,2026-01-21,5000,Gastos operativos,41379.00,0.00,Registro factura INV-00084,INV-00084,CC-100 Operaciones,Diego Luna 10 00001204
598,2026-01-20,2100,Cuentas por pagar,0.00,27561.60,Registro factura INV-00037,INV-00037,CC-100 Operaciones,Carla Soto 03 00001204
599,2026-02-08,1020,Bancos,0.00,84451.48,Pago factura INV-00309,INV-00309,CC-100 Operaciones,Bruno Garcia 02 00001204
600,2026-03-01,5000,Gastos operativos,15137.00,0.00,Registro factura INV-00299,INV-00299,CC-100 Operaciones,Ana Ruiz 01 00001204
601,2026-05-14,5000,Gastos operativos,38895.00,0.00,Registro factura INV-00325,INV-00325,CC-100 Operaciones,Carla Soto 09 00001204
602,2026-01-19,2100,Cuentas por pagar,0.00,26100.00,Registro factura INV-00103,INV-00103,CC-100 Operaciones,Carla Soto 09 00001204
603,2026-02-22,1180,IVA acreditable,3976.00,0.00,Registro factura INV-00153,INV-00153,CC-100 Operaciones,Fabian Rios 06 00001204
604,2026-02-12,2100,Cuentas por pagar,47311.76,0.00,Pago factura INV-00340,INV-00340,CC-100 Operaciones,Bruno Garcia 02 00001204
605,2026-01-12,1180,IVA acreditable,4972.16,0.00,Registro factura INV-00077,INV-00077,CC-100 Operaciones,Ana Ruiz 01 00001204
606,2026-05-11,5000,Gastos operativos,31545.00,0.00,Registro factura INV-00176,INV-00176,CC-100 Operaciones,Diego Luna 10 00001204
607,2026-06-27,5000,Gastos operativos,81797.00,0.00,Registro factura INV-00094,INV-00094,CC-100 Operaciones,Carla Soto 03 00001204
608,2026-06-30,2100,Cuentas por pagar,37974.92,0.00,Pago factura INV-00250,INV-00250,CC-100 Operaciones,Bruno Garcia 02 00001204
609,2026-02-24,2100,Cuentas por pagar,0.00,30917.48,Registro factura INV-00252,INV-00252,CC-100 Operaciones,Bruno Garcia 08 00001204
610,2026-03-30,1180,IVA acreditable,9987.68,0.00,Registro factura INV-00039,INV-00039,CC-100 Operaciones,Bruno Garcia 08 00001204
611,2026-01-24,2100,Cuentas por pagar,25422.56,0.00,Pago factura INV-00164,INV-00164,CC-100 Operaciones,Bruno Garcia 02 00001204
612,2026-01-29,2100,Cuentas por pagar,0.00,57426.96,Registro factura INV-00128,INV-00128,CC-100 Operaciones,Bruno Garcia 02 00001204
613,2026-03-01,2100,Cuentas por pagar,0.00,17558.92,Registro factura INV-00299,INV-00299,CC-100 Operaciones,Ana Ruiz 01 00001204
614,2026-06-09,1180,IVA acreditable,5633.92,0.00,Registro factura INV-00127,INV-00127,CC-100 Operaciones,Elena Mora 05 00001204
615,2026-06-23,2100,Cuentas por pagar,39289.20,0.00,Pago factura INV-00065,INV-00065,CC-100 Operaciones,Bruno Garcia 02 00001204
616,2026-02-20,5000,Gastos operativos,24238.00,0.00,Registro factura INV-00265,INV-00265,CC-100 Operaciones,Diego Luna 04 00001204
617,2026-05-02,5000,Gastos operativos,93962.00,0.00,Registro factura INV-00218,INV-00218,CC-100 Operaciones,Ana Ruiz 01 00001204
618,2026-02-13,2100,Cuentas por pagar,0.00,81061.96,Registro factura INV-00335,INV-00335,CC-100 Operaciones,Carla Soto 09 00001204
619,2026-03-21,2100,Cuentas por pagar,47942.80,0.00,Pago factura INV-00237,INV-00237,CC-100 Operaciones,Bruno Garcia 02 00001204
620,2026-04-22,5000,Gastos operativos,44201.00,0.00,Registro factura INV-00270,INV-00270,CC-100 Operaciones,Ana Ruiz 07 00001204
621,2026-02-02,5000,Gastos operativos,40786.00,0.00,Registro factura INV-00340,INV-00340,CC-100 Operaciones,Fabian Rios 06 00001204
622,2026-05-07,1180,IVA acreditable,6513.12,0.00,Registro factura INV-00326,INV-00326,CC-100 Operaciones,Bruno Garcia 02 00001204
623,2026-01-27,5000,Gastos operativos,51473.00,0.00,Registro factura INV-00050,INV-00050,CC-100 Operaciones,Bruno Garcia 08 00001204
624,2026-02-21,2100,Cuentas por pagar,0.00,53088.56,Registro factura INV-00038,INV-00038,CC-100 Operaciones,Carla Soto 09 00001204
625,2026-05-23,1180,IVA acreditable,9092.96,0.00,Registro factura INV-00116,INV-00116,CC-100 Operaciones,Bruno Garcia 08 00001204
626,2026-05-01,1180,IVA acreditable,12240.48,0.00,Registro factura INV-00099,INV-00099,CC-100 Operaciones,Diego Luna 04 00001204
627,2026-06-16,2100,Cuentas por pagar,38473.72,0.00,Pago factura INV-00036,INV-00036,CC-100 Operaciones,Bruno Garcia 02 00001204
628,2026-02-01,1020,Bancos,0.00,73324.76,Pago factura INV-00017,INV-00017,CC-100 Operaciones,Bruno Garcia 02 00001204
629,2026-02-08,2100,Cuentas por pagar,84451.48,0.00,Pago factura INV-00309,INV-00309,CC-100 Operaciones,Bruno Garcia 02 00001204
630,2026-04-07,2100,Cuentas por pagar,0.00,49300.00,Registro factura INV-00193,INV-00193,CC-100 Operaciones,Bruno Garcia 08 00001204
631,2026-01-23,2100,Cuentas por pagar,18125.70,0.00,Pago factura INV-00053,INV-00053,CC-100 Operaciones,Bruno Garcia 02 00001204
632,2026-06-14,1180,IVA acreditable,7536.00,0.00,Registro factura INV-00132,INV-00132,CC-100 Operaciones,Bruno Garcia 08 00001204
633,2026-02-05,1020,Bancos,0.00,27202.00,Pago factura INV-00029,INV-00029,CC-100 Operaciones,Bruno Garcia 02 00001204
634,2026-01-24,2100,Cuentas por pagar,0.00,26473.52,Registro factura INV-00035,INV-00035,CC-100 Operaciones,Carla Soto 09 00001204
635,2026-06-12,2100,Cuentas por pagar,0.00,14221.60,Registro factura INV-00350,INV-00350,CC-100 Operaciones,Diego Luna 04 00001204
636,2026-02-12,5000,Gastos operativos,84477.00,0.00,Registro factura INV-00266,INV-00266,CC-100 Operaciones,Bruno Garcia 02 00001204
637,2026-06-02,1020,Bancos,0.00,55044.32,Pago factura INV-00358,INV-00358,CC-100 Operaciones,Bruno Garcia 02 00001204
638,2026-03-08,1180,IVA acreditable,6386.08,0.00,Registro factura INV-00064,INV-00064,CC-100 Operaciones,Bruno Garcia 08 00001204
639,2026-04-11,2100,Cuentas por pagar,0.00,29758.64,Registro factura INV-00232,INV-00232,CC-100 Operaciones,Diego Luna 04 00001204
640,2026-06-02,5000,Gastos operativos,48412.00,0.00,Registro factura INV-00283,INV-00283,CC-100 Operaciones,Diego Luna 10 00001204
641,2026-04-17,2100,Cuentas por pagar,0.00,42142.80,Registro factura INV-00202,INV-00202,CC-100 Operaciones,Diego Luna 04 00001204
642,2026-02-03,2100,Cuentas por pagar,0.00,105986.88,Registro factura INV-00145,INV-00145,CC-100 Operaciones,Carla Soto 03 00001204
643,2026-05-01,5000,Gastos operativos,76503.00,0.00,Registro factura INV-00099,INV-00099,CC-100 Operaciones,Diego Luna 04 00001204
644,2026-01-22,1180,IVA acreditable,10344.16,0.00,Registro factura INV-00214,INV-00214,CC-100 Operaciones,Elena Mora 05 00001204
645,2026-05-30,1020,Bancos,0.00,73592.72,Pago factura INV-00054,INV-00054,CC-100 Operaciones,Bruno Garcia 02 00001204
646,2026-06-02,1020,Bancos,0.00,65923.96,Pago factura INV-00116,INV-00116,CC-100 Operaciones,Bruno Garcia 02 00001204
647,2026-03-10,2100,Cuentas por pagar,0.00,87591.60,Registro factura INV-00119,INV-00119,CC-100 Operaciones,Bruno Garcia 08 00001204
648,2026-03-03,2100,Cuentas por pagar,139863.52,0.00,Pago factura INV-00151,INV-00151,CC-100 Operaciones,Bruno Garcia 02 00001204
649,2026-04-03,5000,Gastos operativos,92988.00,0.00,Registro factura INV-00254,INV-00254,CC-100 Operaciones,Fabian Rios 06 00001204
650,2026-04-28,1020,Bancos,0.00,61249.16,Pago factura INV-00076,INV-00076,CC-100 Operaciones,Bruno Garcia 02 00001204
651,2026-05-13,1180,IVA acreditable,3052.80,0.00,Registro factura INV-00008,INV-00008,CC-100 Operaciones,Bruno Garcia 02 00001204
652,2026-03-16,2100,Cuentas por pagar,23432.00,0.00,Pago factura INV-00154,INV-00154,CC-100 Operaciones,Bruno Garcia 02 00001204
653,2026-03-04,2100,Cuentas por pagar,30838.60,0.00,Pago factura INV-00107,INV-00107,CC-100 Operaciones,Bruno Garcia 02 00001204
654,2026-06-30,2100,Cuentas por pagar,35963.48,0.00,Pago factura INV-00314,INV-00314,CC-100 Operaciones,Bruno Garcia 02 00001204
655,2026-02-15,1020,Bancos,0.00,35338.24,Pago factura INV-00095,INV-00095,CC-100 Operaciones,Bruno Garcia 02 00001204
656,2026-06-26,2100,Cuentas por pagar,76446.32,0.00,Pago factura INV-00334,INV-00334,CC-100 Operaciones,Bruno Garcia 02 00001204
657,2026-04-17,2100,Cuentas por pagar,49300.00,0.00,Pago factura INV-00193,INV-00193,CC-100 Operaciones,Bruno Garcia 02 00001204
658,2026-02-07,1020,Bancos,0.00,63835.96,Pago factura INV-00025,INV-00025,CC-100 Operaciones,Bruno Garcia 02 00001204
659,2026-02-14,5000,Gastos operativos,16612.00,0.00,Registro factura INV-00067,INV-00067,CC-100 Operaciones,Diego Luna 04 00001204
660,2026-01-23,2100,Cuentas por pagar,14279.60,0.00,Pago factura INV-00230,INV-00230,CC-100 Operaciones,Bruno Garcia 02 00001204
661,2026-03-26,5000,Gastos operativos,19383.00,0.00,Registro factura INV-00147,INV-00147,CC-100 Operaciones,Diego Luna 04 00001204
662,2026-05-02,1180,IVA acreditable,11980.00,0.00,Registro factura INV-00086,INV-00086,CC-100 Operaciones,Carla Soto 03 00001204
663,2026-03-15,1180,IVA acreditable,11627.52,0.00,Registro factura INV-00082,INV-00082,CC-100 Operaciones,Carla Soto 03 00001204
664,2026-05-04,2100,Cuentas por pagar,84631.28,0.00,Pago factura INV-00243,INV-00243,CC-100 Operaciones,Bruno Garcia 02 00001204
665,2026-03-30,1180,IVA acreditable,7612.64,0.00,Registro factura INV-00091,INV-00091,CC-100 Operaciones,Diego Luna 10 00001204
666,2026-03-09,2100,Cuentas por pagar,79288.32,0.00,Pago factura INV-00257,INV-00257,CC-100 Operaciones,Bruno Garcia 02 00001204
667,2026-03-19,1180,IVA acreditable,9669.44,0.00,Registro factura INV-00255,INV-00255,CC-100 Operaciones,Ana Ruiz 07 00001204
668,2026-05-16,5000,Gastos operativos,23635.00,0.00,Registro factura INV-00156,INV-00156,CC-100 Operaciones,Carla Soto 03 00001204
669,2026-02-12,2100,Cuentas por pagar,88242.36,0.00,Pago factura INV-00290,INV-00290,CC-100 Operaciones,Bruno Garcia 02 00001204
670,2026-06-12,1020,Bancos,0.00,65475.04,Pago factura INV-00005,INV-00005,CC-100 Operaciones,Bruno Garcia 02 00001204
671,2026-04-23,2100,Cuentas por pagar,45006.84,0.00,Pago factura INV-00300,INV-00300,CC-100 Operaciones,Bruno Garcia 02 00001204
672,2026-01-27,2100,Cuentas por pagar,0.00,59708.68,Registro factura INV-00050,INV-00050,CC-100 Operaciones,Bruno Garcia 08 00001204
673,2026-03-28,1020,Bancos,0.00,54699.80,Pago factura INV-00030,INV-00030,CC-100 Operaciones,Bruno Garcia 02 00001204
674,2026-01-16,2100,Cuentas por pagar,0.00,75456.84,Registro factura INV-00362,INV-00362,CC-100 Operaciones,Ana Ruiz 07 00001204
675,2026-06-28,2100,Cuentas por pagar,0.00,80516.76,Registro factura INV-00223,INV-00223,CC-100 Operaciones,Diego Luna 10 00001204
676,2026-01-28,2100,Cuentas por pagar,97936.48,0.00,Pago factura INV-00149,INV-00149,CC-100 Operaciones,Bruno Garcia 02 00001204
677,2026-05-29,1180,IVA acreditable,13967.84,0.00,Registro factura INV-00096,INV-00096,CC-100 Operaciones,Diego Luna 04 00001204
678,2026-04-19,1180,IVA acreditable,12712.48,0.00,Registro factura INV-00276,INV-00276,CC-100 Operaciones,Fabian Rios 06 00001204
679,2026-02-19,1050,Cuentas por cobrar,61889.48,0.00,Registro venta INV-00161,INV-00161,CC-100 Operaciones,Bruno Garcia 02 00001204
680,2026-02-05,1180,IVA acreditable,4194.56,0.00,Registro factura INV-00251,INV-00251,CC-100 Operaciones,Ana Ruiz 07 00001204
681,2026-06-30,1020,Bancos,0.00,82730.04,Pago factura INV-00010,INV-00010,CC-100 Operaciones,Bruno Garcia 02 00001204
682,2026-02-20,1050,Cuentas por cobrar,62295.48,0.00,Registro venta INV-00287,INV-00287,CC-100 Operaciones,Bruno Garcia 02 00001204
683,2026-05-24,1020,Bancos,0.00,30869.92,Pago factura INV-00027,INV-00027,CC-100 Operaciones,Bruno Garcia 02 00001204
684,2026-03-14,1180,IVA acreditable,10614.24,0.00,Registro factura INV-00140,INV-00140,CC-100 Operaciones,Fabian Rios 06 00001204
685,2026-04-06,2100,Cuentas por pagar,0.00,83871.48,Registro factura INV-00051,INV-00051,CC-100 Operaciones,Carla Soto 03 00001204
686,2026-04-23,2100,Cuentas por pagar,0.00,68428.40,Registro factura INV-00354,INV-00354,CC-100 Operaciones,Bruno Garcia 02 00001204
687,2026-01-24,5000,Gastos operativos,53465.00,0.00,Registro factura INV-00320,INV-00320,CC-100 Operaciones,Ana Ruiz 07 00001204
688,2026-05-10,1180,IVA acreditable,12231.04,0.00,Registro factura INV-00024,INV-00024,CC-100 Operaciones,Carla Soto 03 00001204
689,2026-04-09,5000,Gastos operativos,42500.00,0.00,Registro factura INV-00317,INV-00317,CC-100 Operaciones,Bruno Garcia 08 00001204
690,2026-06-10,2100,Cuentas por pagar,0.00,89028.84,Registro factura INV-00045,INV-00045,CC-100 Operaciones,Bruno Garcia 02 00001204
691,2026-01-24,2100,Cuentas por pagar,0.00,62019.40,Registro factura INV-00320,INV-00320,CC-100 Operaciones,Ana Ruiz 07 00001204
692,2026-03-12,2100,Cuentas por pagar,0.00,52037.60,Registro factura INV-00060,INV-00060,CC-100 Operaciones,Diego Luna 04 00001204
693,2026-03-25,2100,Cuentas por pagar,0.00,52307.88,Registro factura INV-00318,INV-00318,CC-100 Operaciones,Ana Ruiz 07 00001204
694,2026-03-16,2100,Cuentas por pagar,44433.80,0.00,Pago factura INV-00173,INV-00173,CC-100 Operaciones,Bruno Garcia 02 00001204
695,2026-02-05,1020,Bancos,0.00,75572.84,Pago factura INV-00136,INV-00136,CC-100 Operaciones,Bruno Garcia 02 00001204
696,2026-05-13,2100,Cuentas por pagar,0.00,22132.80,Registro factura INV-00008,INV-00008,CC-100 Operaciones,Bruno Garcia 02 00001204
697,2026-04-10,5000,Gastos operativos,86418.00,0.00,Registro factura INV-00183,INV-00183,CC-100 Operaciones,Ana Ruiz 01 00001204
698,2026-03-18,2100,Cuentas por pagar,46299.08,0.00,Pago factura INV-00064,INV-00064,CC-100 Operaciones,Bruno Garcia 02 00001204
699,2026-06-30,2100,Cuentas por pagar,49099.32,0.00,Pago factura INV-00238,INV-00238,CC-100 Operaciones,Bruno Garcia 02 00001204
700,2026-04-27,5000,Gastos operativos,38202.00,0.00,Registro factura INV-00182,INV-00182,CC-100 Operaciones,Diego Luna 10 00001204
701,2026-01-21,1020,Bancos,0.00,82797.32,Pago factura INV-00124,INV-00124,CC-100 Operaciones,Bruno Garcia 02 00001204
702,2026-01-25,2100,Cuentas por pagar,0.00,54191.72,Registro factura INV-00144,INV-00144,CC-100 Operaciones,Diego Luna 04 00001204
703,2026-05-18,2100,Cuentas por pagar,0.00,97999.12,Registro factura INV-00043,INV-00043,CC-100 Operaciones,Carla Soto 03 00001204
704,2026-04-08,2100,Cuentas por pagar,66636.20,0.00,Pago factura INV-00229,INV-00229,CC-100 Operaciones,Bruno Garcia 02 00001204
705,2026-06-10,5000,Gastos operativos,76749.00,0.00,Registro factura INV-00045,INV-00045,CC-100 Operaciones,Bruno Garcia 02 00001204
706,2026-06-15,1020,Bancos,0.00,35699.00,Pago factura INV-00341,INV-00341,CC-100 Operaciones,Bruno Garcia 02 00001204
707,2026-06-09,1020,Bancos,0.00,15450.04,Pago factura INV-00109,INV-00109,CC-100 Operaciones,Bruno Garcia 02 00001204
708,2026-05-04,2100,Cuentas por pagar,64657.24,0.00,Pago factura INV-00191,INV-00191,CC-100 Operaciones,Bruno Garcia 02 00001204
709,2026-04-22,2100,Cuentas por pagar,0.00,51273.16,Registro factura INV-00270,INV-00270,CC-100 Operaciones,Ana Ruiz 07 00001204
710,2026-01-13,2100,Cuentas por pagar,0.00,19774.52,Registro factura INV-00301,INV-00301,CC-100 Operaciones,Bruno Garcia 08 00001204
711,2026-01-19,5000,Gastos operativos,22500.00,0.00,Registro factura INV-00103,INV-00103,CC-100 Operaciones,Carla Soto 09 00001204
712,2026-03-18,1180,IVA acreditable,7544.80,0.00,Registro factura INV-00030,INV-00030,CC-100 Operaciones,Bruno Garcia 02 00001204
713,2026-06-18,2100,Cuentas por pagar,49252.44,0.00,Pago factura INV-00280,INV-00280,CC-100 Operaciones,Bruno Garcia 02 00001204
714,2026-04-09,2100,Cuentas por pagar,0.00,49300.00,Registro factura INV-00317,INV-00317,CC-100 Operaciones,Bruno Garcia 08 00001204
715,2026-04-08,2100,Cuentas por pagar,0.00,46891.84,Registro factura INV-00259,INV-00259,CC-100 Operaciones,Ana Ruiz 07 00001204
716,2026-06-30,2100,Cuentas por pagar,45346.72,0.00,Pago factura INV-00189,INV-00189,CC-100 Operaciones,Bruno Garcia 02 00001204
717,2026-05-28,1020,Bancos,0.00,97999.12,Pago factura INV-00043,INV-00043,CC-100 Operaciones,Bruno Garcia 02 00001204
718,2026-06-30,1020,Bancos,0.00,90707.36,Pago factura INV-00059,INV-00059,CC-100 Operaciones,Bruno Garcia 02 00001204
719,2026-02-14,1020,Bancos,0.00,69069.88,Pago factura INV-00312,INV-00312,CC-100 Operaciones,Bruno Garcia 02 00001204
720,2026-04-07,2100,Cuentas por pagar,29783.00,0.00,Pago factura INV-00291,INV-00291,CC-100 Operaciones,Bruno Garcia 02 00001204
721,2026-04-04,5000,Gastos operativos,60000.00,0.00,Registro factura INV-00018,INV-00018,CC-100 Operaciones,Diego Luna 04 00001204
722,2026-05-01,1020,Bancos,0.00,36465.76,Pago factura INV-00339,INV-00339,CC-100 Operaciones,Bruno Garcia 02 00001204
723,2026-05-30,2100,Cuentas por pagar,0.00,84473.52,Registro factura INV-00268,INV-00268,CC-100 Operaciones,Carla Soto 03 00001204
724,2026-04-19,1180,IVA acreditable,8228.64,0.00,Registro factura INV-00125,INV-00125,CC-100 Operaciones,Bruno Garcia 08 00001204
725,2026-03-05,1180,IVA acreditable,6250.24,0.00,Registro factura INV-00090,INV-00090,CC-100 Operaciones,Diego Luna 10 00001204
726,2026-05-04,1020,Bancos,0.00,64657.24,Pago factura INV-00191,INV-00191,CC-100 Operaciones,Bruno Garcia 02 00001204
727,2026-05-12,1180,IVA acreditable,8150.72,0.00,Registro factura INV-00013,INV-00013,CC-100 Operaciones,Elena Mora 05 00001204
728,2026-06-28,2100,Cuentas por pagar,24801.96,0.00,Pago factura INV-00166,INV-00166,CC-100 Operaciones,Bruno Garcia 02 00001204
729,2026-06-09,2100,Cuentas por pagar,0.00,104715.52,Registro factura INV-00023,INV-00023,CC-100 Operaciones,Ana Ruiz 07 00001204
730,2026-02-24,2100,Cuentas por pagar,19269.92,0.00,Pago factura INV-00067,INV-00067,CC-100 Operaciones,Bruno Garcia 02 00001204
731,2026-05-10,1020,Bancos,0.00,71054.64,Pago factura INV-00272,INV-00272,CC-100 Operaciones,Bruno Garcia 02 00001204
732,2026-03-23,2100,Cuentas por pagar,36497.08,0.00,Pago factura INV-00102,INV-00102,CC-100 Operaciones,Bruno Garcia 02 00001204
733,2026-05-18,2100,Cuentas por pagar,82601.28,0.00,Pago factura INV-00303,INV-00303,CC-100 Operaciones,Bruno Garcia 02 00001204
734,2026-02-25,5000,Gastos operativos,15832.00,0.00,Registro factura INV-00295,INV-00295,CC-100 Operaciones,Ana Ruiz 07 00001204
735,2026-03-04,1020,Bancos,0.00,30838.60,Pago factura INV-00107,INV-00107,CC-100 Operaciones,Bruno Garcia 02 00001204
736,2026-02-14,2100,Cuentas por pagar,0.00,18070.48,Registro factura INV-00324,INV-00324,CC-100 Operaciones,Fabian Rios 06 00001204
737,2026-06-13,2100,Cuentas por pagar,29771.40,0.00,Pago factura INV-00234,INV-00234,CC-100 Operaciones,Bruno Garcia 02 00001204
738,2026-06-25,2100,Cuentas por pagar,49639.88,0.00,Pago factura INV-00112,INV-00112,CC-100 Operaciones,Bruno Garcia 02 00001204
739,2026-03-25,1180,IVA acreditable,6400.00,0.00,Registro factura INV-00284,INV-00284,CC-100 Operaciones,Carla Soto 03 00001204
740,2026-05-15,2100,Cuentas por pagar,0.00,108331.24,Registro factura INV-00367,INV-00367,CC-100 Operaciones,Diego Luna 04 00001204
741,2026-03-19,1020,Bancos,0.00,31028.84,Pago factura INV-00158,INV-00158,CC-100 Operaciones,Bruno Garcia 02 00001204
742,2026-02-18,2100,Cuentas por pagar,104271.24,0.00,Pago factura INV-00162,INV-00162,CC-100 Operaciones,Bruno Garcia 02 00001204
743,2026-03-24,2100,Cuentas por pagar,104788.60,0.00,Pago factura INV-00134,INV-00134,CC-100 Operaciones,Bruno Garcia 02 00001204
744,2026-04-28,2100,Cuentas por pagar,0.00,105218.96,Registro factura INV-00226,INV-00226,CC-100 Operaciones,Elena Mora 05 00001204
745,2026-04-10,1180,IVA acreditable,12535.04,0.00,Registro factura INV-00336,INV-00336,CC-100 Operaciones,Carla Soto 09 00001204
746,2026-05-01,2100,Cuentas por pagar,0.00,88743.48,Registro factura INV-00099,INV-00099,CC-100 Operaciones,Diego Luna 04 00001204
747,2026-06-15,2100,Cuentas por pagar,35699.00,0.00,Pago factura INV-00341,INV-00341,CC-100 Operaciones,Bruno Garcia 02 00001204
748,2026-03-17,2100,Cuentas por pagar,0.00,67595.52,Registro factura INV-00258,INV-00258,CC-100 Operaciones,Elena Mora 05 00001204
749,2026-04-15,1020,Bancos,0.00,35699.00,Pago factura INV-00117,INV-00117,CC-100 Operaciones,Bruno Garcia 02 00001204
750,2026-01-18,1180,IVA acreditable,10524.48,0.00,Registro factura INV-00061,INV-00061,CC-100 Operaciones,Ana Ruiz 01 00001204
751,2026-02-08,1180,IVA acreditable,14293.12,0.00,Registro factura INV-00073,INV-00073,CC-100 Operaciones,Fabian Rios 06 00001204
752,2026-05-09,2100,Cuentas por pagar,0.00,81616.44,Registro factura INV-00006,INV-00006,CC-100 Operaciones,Bruno Garcia 08 00001204
753,2026-04-08,5000,Gastos operativos,42500.00,0.00,Registro factura INV-00219,INV-00219,CC-100 Operaciones,Bruno Garcia 08 00001204
754,2026-05-12,1180,IVA acreditable,1940.80,0.00,Registro factura INV-00167,INV-00167,CC-100 Operaciones,Ana Ruiz 07 00001204
755,2026-01-11,1180,IVA acreditable,10684.64,0.00,Registro factura INV-00098,INV-00098,CC-100 Operaciones,Fabian Rios 06 00001204
756,2026-04-03,5000,Gastos operativos,77333.00,0.00,Registro factura INV-00139,INV-00139,CC-100 Operaciones,Diego Luna 04 00001204
757,2026-02-13,1020,Bancos,0.00,105986.88,Pago factura INV-00145,INV-00145,CC-100 Operaciones,Bruno Garcia 02 00001204
758,2026-02-13,2100,Cuentas por pagar,0.00,47409.20,Registro factura INV-00042,INV-00042,CC-100 Operaciones,Ana Ruiz 07 00001204
759,2026-06-11,2100,Cuentas por pagar,0.00,62909.12,Registro factura INV-00240,INV-00240,CC-100 Operaciones,Ana Ruiz 01 00001204
760,2026-02-18,2100,Cuentas por pagar,0.00,32144.76,Registro factura INV-00196,INV-00196,CC-100 Operaciones,Diego Luna 10 00001204
761,2026-06-22,2100,Cuentas por pagar,14221.60,0.00,Pago factura INV-00350,INV-00350,CC-100 Operaciones,Bruno Garcia 02 00001204
762,2026-02-26,2100,Cuentas por pagar,0.00,104811.80,Registro factura INV-00342,INV-00342,CC-100 Operaciones,Bruno Garcia 02 00001204
763,2026-03-15,2100,Cuentas por pagar,0.00,84299.52,Registro factura INV-00082,INV-00082,CC-100 Operaciones,Carla Soto 03 00001204
764,2026-06-30,2100,Cuentas por pagar,82730.04,0.00,Pago factura INV-00010,INV-00010,CC-100 Operaciones,Bruno Garcia 02 00001204
765,2026-03-13,2100,Cuentas por pagar,69533.88,0.00,Pago factura INV-00267,INV-00267,CC-100 Operaciones,Bruno Garcia 02 00001204
766,2026-02-08,2100,Cuentas por pagar,0.00,104271.24,Registro factura INV-00162,INV-00162,CC-100 Operaciones,Diego Luna 04 00001204
767,2026-04-07,2100,Cuentas por pagar,0.00,74546.24,Registro factura INV-00293,INV-00293,CC-100 Operaciones,Bruno Garcia 08 00001204
768,2026-02-13,5000,Gastos operativos,69881.00,0.00,Registro factura INV-00335,INV-00335,CC-100 Operaciones,Carla Soto 09 00001204
769,2026-04-06,1180,IVA acreditable,11568.48,0.00,Registro factura INV-00051,INV-00051,CC-100 Operaciones,Carla Soto 03 00001204
770,2026-03-29,1020,Bancos,0.00,40292.60,Pago factura INV-00028,INV-00028,CC-100 Operaciones,Bruno Garcia 02 00001204
771,2026-04-17,1180,IVA acreditable,5812.80,0.00,Registro factura INV-00202,INV-00202,CC-100 Operaciones,Diego Luna 04 00001204
772,2026-06-27,1180,IVA acreditable,8199.20,0.00,Registro factura INV-00048,INV-00048,CC-100 Operaciones,Ana Ruiz 01 00001204
773,2026-04-27,2100,Cuentas por pagar,0.00,98062.92,Registro factura INV-00092,INV-00092,CC-100 Operaciones,Bruno Garcia 08 00001204
774,2026-06-19,5000,Gastos operativos,59044.00,0.00,Registro factura INV-00003,INV-00003,CC-100 Operaciones,Ana Ruiz 01 00001204
775,2026-01-28,1180,IVA acreditable,11289.44,0.00,Registro factura INV-00305,INV-00305,CC-100 Operaciones,Carla Soto 03 00001204
776,2026-04-04,5000,Gastos operativos,85576.00,0.00,Registro factura INV-00100,INV-00100,CC-100 Operaciones,Carla Soto 09 00001204
777,2026-05-11,1180,IVA acreditable,11795.20,0.00,Registro factura INV-00155,INV-00155,CC-100 Operaciones,Bruno Garcia 08 00001204
778,2026-05-05,2100,Cuentas por pagar,0.00,51876.36,Registro factura INV-00199,INV-00199,CC-100 Operaciones,Diego Luna 10 00001204
779,2026-02-16,1180,IVA acreditable,8051.36,0.00,Registro factura INV-00184,INV-00184,CC-100 Operaciones,Fabian Rios 06 00001204
780,2026-03-04,5000,Gastos operativos,28361.00,0.00,Registro factura INV-00263,INV-00263,CC-100 Operaciones,Bruno Garcia 02 00001204
781,2026-02-21,1020,Bancos,0.00,80282.44,Pago factura INV-00041,INV-00041,CC-100 Operaciones,Bruno Garcia 02 00001204
782,2026-04-28,5000,Gastos operativos,23511.00,0.00,Registro factura INV-00174,INV-00174,CC-100 Operaciones,Ana Ruiz 07 00001204
783,2026-05-06,2100,Cuentas por pagar,57715.80,0.00,Pago factura INV-00233,INV-00233,CC-100 Operaciones,Bruno Garcia 02 00001204
784,2026-05-12,1020,Bancos,0.00,21202.94,Pago factura INV-00004,INV-00004,CC-100 Operaciones,Bruno Garcia 02 00001204
785,2026-04-05,1180,IVA acreditable,6250.24,0.00,Registro factura INV-00273,INV-00273,CC-100 Operaciones,Ana Ruiz 01 00001204
786,2026-03-29,5000,Gastos operativos,18214.00,0.00,Registro factura INV-00011,INV-00011,CC-100 Operaciones,Carla Soto 03 00001204
787,2026-03-03,1020,Bancos,0.00,53088.56,Pago factura INV-00038,INV-00038,CC-100 Operaciones,Bruno Garcia 02 00001204
788,2026-04-23,1020,Bancos,0.00,29382.80,Pago factura INV-00143,INV-00143,CC-100 Operaciones,Bruno Garcia 02 00001204
789,2026-04-09,2100,Cuentas por pagar,55191.64,0.00,Pago factura INV-00091,INV-00091,CC-100 Operaciones,Bruno Garcia 02 00001204
790,2026-04-19,2100,Cuentas por pagar,49300.00,0.00,Pago factura INV-00317,INV-00317,CC-100 Operaciones,Bruno Garcia 02 00001204
791,2026-04-20,1180,IVA acreditable,2003.04,0.00,Registro factura INV-00277,INV-00277,CC-100 Operaciones,Elena Mora 05 00001204
792,2026-06-20,2100,Cuentas por pagar,84892.28,0.00,Pago factura INV-00070,INV-00070,CC-100 Operaciones,Bruno Garcia 02 00001204
793,2026-06-29,2100,Cuentas por pagar,68491.04,0.00,Pago factura INV-00003,INV-00003,CC-100 Operaciones,Bruno Garcia 02 00001204
794,2026-06-08,5000,Gastos operativos,42459.00,0.00,Registro factura INV-00280,INV-00280,CC-100 Operaciones,Diego Luna 10 00001204
795,2026-01-19,2100,Cuentas por pagar,0.00,30646.04,Registro factura INV-00062,INV-00062,CC-100 Operaciones,Fabian Rios 06 00001204
796,2026-06-29,1180,IVA acreditable,2553.60,0.00,Registro factura INV-00206,INV-00206,CC-100 Operaciones,Ana Ruiz 07 00001204
797,2026-06-16,5000,Gastos operativos,65902.00,0.00,Registro factura INV-00334,INV-00334,CC-100 Operaciones,Diego Luna 10 00001204
798,2026-05-11,5000,Gastos operativos,73720.00,0.00,Registro factura INV-00155,INV-00155,CC-100 Operaciones,Bruno Garcia 08 00001204
799,2026-03-20,2100,Cuentas por pagar,0.00,23464.48,Registro factura INV-00242,INV-00242,CC-100 Operaciones,Bruno Garcia 02 00001204
800,2026-06-30,1020,Bancos,0.00,18513.60,Pago factura INV-00206,INV-00206,CC-100 Operaciones,Bruno Garcia 02 00001204
801,2026-04-11,2100,Cuentas por pagar,71343.48,0.00,Pago factura INV-00168,INV-00168,CC-100 Operaciones,Bruno Garcia 02 00001204
802,2026-05-28,2100,Cuentas por pagar,0.00,79238.44,Registro factura INV-00355,INV-00355,CC-100 Operaciones,Carla Soto 09 00001204
803,2026-04-01,5000,Gastos operativos,21514.00,0.00,Registro factura INV-00015,INV-00015,CC-100 Operaciones,Diego Luna 10 00001204
804,2026-01-19,2100,Cuentas por pagar,96085.12,0.00,Pago factura INV-00364,INV-00364,CC-100 Operaciones,Bruno Garcia 02 00001204
805,2026-03-01,5000,Gastos operativos,94295.00,0.00,Registro factura INV-00108,INV-00108,CC-100 Operaciones,Carla Soto 03 00001204
806,2026-04-23,1180,IVA acreditable,9438.40,0.00,Registro factura INV-00354,INV-00354,CC-100 Operaciones,Bruno Garcia 02 00001204
807,2026-03-24,1020,Bancos,0.00,76953.24,Pago factura INV-00140,INV-00140,CC-100 Operaciones,Bruno Garcia 02 00001204
808,2026-05-07,2100,Cuentas por pagar,0.00,47220.12,Registro factura INV-00326,INV-00326,CC-100 Operaciones,Bruno Garcia 02 00001204
809,2026-06-20,5000,Gastos operativos,20295.00,0.00,Registro factura INV-00253,INV-00253,CC-100 Operaciones,Bruno Garcia 08 00001204
810,2026-02-10,2100,Cuentas por pagar,72611.36,0.00,Pago factura INV-00177,INV-00177,CC-100 Operaciones,Bruno Garcia 02 00001204
811,2026-05-24,5000,Gastos operativos,71831.00,0.00,Registro factura INV-00231,INV-00231,CC-100 Operaciones,Carla Soto 03 00001204
812,2026-03-25,5000,Gastos operativos,93719.00,0.00,Registro factura INV-00069,INV-00069,CC-100 Operaciones,Elena Mora 05 00001204
813,2026-06-12,2100,Cuentas por pagar,65475.04,0.00,Pago factura INV-00005,INV-00005,CC-100 Operaciones,Bruno Garcia 02 00001204
814,2026-05-29,2100,Cuentas por pagar,94312.64,0.00,Pago factura INV-00222,INV-00222,CC-100 Operaciones,Bruno Garcia 02 00001204
815,2026-04-01,2100,Cuentas por pagar,0.00,71343.48,Registro factura INV-00168,INV-00168,CC-100 Operaciones,Bruno Garcia 02 00001204
816,2026-03-05,5000,Gastos operativos,85147.00,0.00,Registro factura INV-00083,INV-00083,CC-100 Operaciones,Ana Ruiz 07 00001204
817,2026-03-30,2100,Cuentas por pagar,0.00,55191.64,Registro factura INV-00091,INV-00091,CC-100 Operaciones,Diego Luna 10 00001204
818,2026-02-26,5000,Gastos operativos,25464.00,0.00,Registro factura INV-00356,INV-00356,CC-100 Operaciones,Diego Luna 10 00001204
819,2026-04-16,2100,Cuentas por pagar,0.00,43364.28,Registro factura INV-00047,INV-00047,CC-100 Operaciones,Carla Soto 09 00001204
820,2026-06-18,1020,Bancos,0.00,49252.44,Pago factura INV-00280,INV-00280,CC-100 Operaciones,Bruno Garcia 02 00001204
821,2026-05-22,1020,Bancos,0.00,14070.80,Pago factura INV-00167,INV-00167,CC-100 Operaciones,Bruno Garcia 02 00001204
822,2026-04-01,1180,IVA acreditable,9840.48,0.00,Registro factura INV-00168,INV-00168,CC-100 Operaciones,Bruno Garcia 02 00001204
823,2026-06-13,5000,Gastos operativos,33870.00,0.00,Registro factura INV-00065,INV-00065,CC-100 Operaciones,Ana Ruiz 01 00001204
824,2026-06-15,5000,Gastos operativos,83696.00,0.00,Registro factura INV-00032,INV-00032,CC-100 Operaciones,Ana Ruiz 07 00001204
825,2026-02-27,1020,Bancos,0.00,51239.52,Pago factura INV-00349,INV-00349,CC-100 Operaciones,Bruno Garcia 02 00001204
826,2026-03-18,1020,Bancos,0.00,46299.08,Pago factura INV-00064,INV-00064,CC-100 Operaciones,Bruno Garcia 02 00001204
827,2026-02-28,2100,Cuentas por pagar,59876.88,0.00,Pago factura INV-00302,INV-00302,CC-100 Operaciones,Bruno Garcia 02 00001204
828,2026-04-05,2100,Cuentas por pagar,0.00,35338.24,Registro factura INV-00370,INV-00370,CC-100 Operaciones,Elena Mora 05 00001204
829,2026-05-06,5000,Gastos operativos,77324.00,0.00,Registro factura INV-00089,INV-00089,CC-100 Operaciones,Ana Ruiz 07 00001204
830,2026-06-24,1020,Bancos,0.00,55612.72,Pago factura INV-00129,INV-00129,CC-100 Operaciones,Bruno Garcia 02 00001204
831,2026-05-10,5000,Gastos operativos,76444.00,0.00,Registro factura INV-00024,INV-00024,CC-100 Operaciones,Carla Soto 03 00001204
832,2026-03-07,2100,Cuentas por pagar,18365.12,0.00,Pago factura INV-00295,INV-00295,CC-100 Operaciones,Bruno Garcia 02 00001204
833,2026-02-28,1180,IVA acreditable,3848.96,0.00,Registro factura INV-00369,INV-00369,CC-100 Operaciones,Fabian Rios 06 00001204
834,2026-03-23,5000,Gastos operativos,92873.00,0.00,Registro factura INV-00020,INV-00020,CC-100 Operaciones,Carla Soto 03 00001204
835,2026-05-02,1180,IVA acreditable,15033.92,0.00,Registro factura INV-00218,INV-00218,CC-100 Operaciones,Ana Ruiz 01 00001204
836,2026-06-16,2100,Cuentas por pagar,0.00,76650.48,Registro factura INV-00058,INV-00058,CC-100 Operaciones,Bruno Garcia 02 00001204
837,2026-05-05,1180,IVA acreditable,7155.36,0.00,Registro factura INV-00199,INV-00199,CC-100 Operaciones,Diego Luna 10 00001204
838,2026-03-23,2100,Cuentas por pagar,18125.70,0.00,Pago factura INV-00090,INV-00090,CC-100 Operaciones,Bruno Garcia 02 00001204
839,2026-03-30,1020,Bancos,0.00,23464.48,Pago factura INV-00242,INV-00242,CC-100 Operaciones,Bruno Garcia 02 00001204
840,2026-05-19,2100,Cuentas por pagar,0.00,94312.64,Registro factura INV-00222,INV-00222,CC-100 Operaciones,Bruno Garcia 02 00001204
841,2026-05-21,5000,Gastos operativos,33384.00,0.00,Registro factura INV-00170,INV-00170,CC-100 Operaciones,Bruno Garcia 02 00001204
842,2026-04-03,2100,Cuentas por pagar,0.00,107866.08,Registro factura INV-00254,INV-00254,CC-100 Operaciones,Fabian Rios 06 00001204
843,2026-06-29,1020,Bancos,0.00,68491.04,Pago factura INV-00003,INV-00003,CC-100 Operaciones,Bruno Garcia 02 00001204
844,2026-05-30,1180,IVA acreditable,2131.04,0.00,Registro factura INV-00109,INV-00109,CC-100 Operaciones,Ana Ruiz 01 00001204
845,2026-04-13,1020,Bancos,0.00,89706.28,Pago factura INV-00139,INV-00139,CC-100 Operaciones,Bruno Garcia 02 00001204
846,2026-04-16,2100,Cuentas por pagar,83871.48,0.00,Pago factura INV-00051,INV-00051,CC-100 Operaciones,Bruno Garcia 02 00001204
847,2026-03-01,2100,Cuentas por pagar,88840.92,0.00,Pago factura INV-00079,INV-00079,CC-100 Operaciones,Bruno Garcia 02 00001204
848,2026-04-16,5000,Gastos operativos,37383.00,0.00,Registro factura INV-00047,INV-00047,CC-100 Operaciones,Carla Soto 09 00001204
849,2026-02-14,1180,IVA acreditable,2657.92,0.00,Registro factura INV-00067,INV-00067,CC-100 Operaciones,Diego Luna 04 00001204
850,2026-06-30,1020,Bancos,0.00,34503.04,Pago factura INV-00056,INV-00056,CC-100 Operaciones,Bruno Garcia 02 00001204
851,2026-01-22,1020,Bancos,0.00,28646.20,Pago factura INV-00313,INV-00313,CC-100 Operaciones,Bruno Garcia 02 00001204
852,2026-04-12,5000,Gastos operativos,94188.00,0.00,Registro factura INV-00040,INV-00040,CC-100 Operaciones,Ana Ruiz 01 00001204
853,2026-02-12,1180,IVA acreditable,13746.40,0.00,Registro factura INV-00373,INV-00373,CC-100 Operaciones,Diego Luna 10 00001204
854,2026-04-15,2100,Cuentas por pagar,45314.24,0.00,Pago factura INV-00273,INV-00273,CC-100 Operaciones,Bruno Garcia 02 00001204
855,2026-05-25,1180,IVA acreditable,12554.88,0.00,Registro factura INV-00227,INV-00227,CC-100 Operaciones,Bruno Garcia 08 00001204
856,2026-04-27,1180,IVA acreditable,13525.92,0.00,Registro factura INV-00092,INV-00092,CC-100 Operaciones,Bruno Garcia 08 00001204
857,2026-01-21,2100,Cuentas por pagar,26100.00,0.00,Reversion de factura cancelada INV-00103,INV-00103,CC-100 Operaciones,Bruno Garcia 02 00001204
858,2026-04-17,1180,IVA acreditable,12125.12,0.00,Registro factura INV-00105,INV-00105,CC-100 Operaciones,Fabian Rios 06 00001204
859,2026-06-01,5000,Gastos operativos,12755.00,0.00,Registro factura INV-00142,INV-00142,CC-100 Operaciones,Elena Mora 05 00001204
860,2026-06-22,2100,Cuentas por pagar,0.00,34503.04,Registro factura INV-00056,INV-00056,CC-100 Operaciones,Bruno Garcia 02 00001204
861,2026-06-14,5000,Gastos operativos,47942.00,0.00,Registro factura INV-00129,INV-00129,CC-100 Operaciones,Diego Luna 10 00001204
862,2026-06-05,5000,Gastos operativos,30464.00,0.00,Registro factura INV-00225,INV-00225,CC-100 Operaciones,Ana Ruiz 07 00001204
863,2026-03-02,1020,Bancos,0.00,28116.08,Pago factura INV-00265,INV-00265,CC-100 Operaciones,Bruno Garcia 02 00001204
864,2026-06-23,1020,Bancos,0.00,70067.48,Pago factura INV-00357,INV-00357,CC-100 Operaciones,Bruno Garcia 02 00001204
865,2026-03-07,2100,Cuentas por pagar,45199.40,0.00,Pago factura INV-00087,INV-00087,CC-100 Operaciones,Bruno Garcia 02 00001204
866,2026-06-03,1020,Bancos,0.00,57779.60,Pago factura INV-00308,INV-00308,CC-100 Operaciones,Bruno Garcia 02 00001204
867,2026-01-22,2100,Cuentas por pagar,36048.16,0.00,Pago factura INV-00077,INV-00077,CC-100 Operaciones,Bruno Garcia 02 00001204
868,2026-05-09,1020,Bancos,0.00,41850.48,Pago factura INV-00080,INV-00080,CC-100 Operaciones,Bruno Garcia 02 00001204
869,2026-05-03,1020,Bancos,0.00,68428.40,Pago factura INV-00354,INV-00354,CC-100 Operaciones,Bruno Garcia 02 00001204
870,2026-01-29,1020,Bancos,0.00,99416.64,Pago factura INV-00213,INV-00213,CC-100 Operaciones,Bruno Garcia 02 00001204
871,2026-01-25,5000,Gastos operativos,46717.00,0.00,Registro factura INV-00144,INV-00144,CC-100 Operaciones,Diego Luna 04 00001204
872,2026-04-06,1180,IVA acreditable,0.00,6400.00,Reembolso proveedor INV-00284,INV-00284,CC-100 Operaciones,Bruno Garcia 02 00001204
873,2026-02-15,1020,Bancos,0.00,37935.48,Pago factura INV-00115,INV-00115,CC-100 Operaciones,Bruno Garcia 02 00001204
874,2026-01-13,1180,IVA acreditable,2727.52,0.00,Registro factura INV-00301,INV-00301,CC-100 Operaciones,Bruno Garcia 08 00001204
875,2026-02-03,1020,Bancos,0.00,26473.52,Pago factura INV-00035,INV-00035,CC-100 Operaciones,Bruno Garcia 02 00001204
876,2026-02-11,5000,Gastos operativos,69209.00,0.00,Registro factura INV-00041,INV-00041,CC-100 Operaciones,Carla Soto 03 00001204
877,2026-05-25,5000,Gastos operativos,15107.00,0.00,Registro factura INV-00365,INV-00365,CC-100 Operaciones,Diego Luna 10 00001204
878,2026-02-24,1180,IVA acreditable,4264.48,0.00,Registro factura INV-00252,INV-00252,CC-100 Operaciones,Bruno Garcia 08 00001204
879,2026-05-25,2100,Cuentas por pagar,108331.24,0.00,Pago factura INV-00367,INV-00367,CC-100 Operaciones,Bruno Garcia 02 00001204
880,2026-04-25,1180,IVA acreditable,14534.88,0.00,Registro factura INV-00031,INV-00031,CC-100 Operaciones,Fabian Rios 06 00001204
881,2026-02-23,2100,Cuentas por pagar,0.00,102085.80,Registro factura INV-00165,INV-00165,CC-100 Operaciones,Carla Soto 03 00001204
882,2026-02-15,5000,Gastos operativos,27465.00,0.00,Registro factura INV-00026,INV-00026,CC-100 Operaciones,Ana Ruiz 01 00001204
883,2026-06-03,1180,IVA acreditable,9954.56,0.00,Registro factura INV-00190,INV-00190,CC-100 Operaciones,Carla Soto 09 00001204
884,2026-01-12,1180,IVA acreditable,3951.20,0.00,Registro factura INV-00313,INV-00313,CC-100 Operaciones,Carla Soto 03 00001204
885,2026-05-13,2100,Cuentas por pagar,0.00,52070.08,Registro factura INV-00110,INV-00110,CC-100 Operaciones,Diego Luna 04 00001204
886,2026-04-16,1180,IVA acreditable,5981.28,0.00,Registro factura INV-00047,INV-00047,CC-100 Operaciones,Carla Soto 09 00001204
887,2026-01-21,2100,Cuentas por pagar,0.00,50301.08,Registro factura INV-00074,INV-00074,CC-100 Operaciones,Bruno Garcia 08 00001204
888,2026-01-19,1180,IVA acreditable,13712.64,0.00,Registro factura INV-00213,INV-00213,CC-100 Operaciones,Bruno Garcia 08 00001204
889,2026-04-28,2100,Cuentas por pagar,21714.04,0.00,Pago factura INV-00289,INV-00289,CC-100 Operaciones,Bruno Garcia 02 00001204
890,2026-03-08,2100,Cuentas por pagar,0.00,108323.12,Registro factura INV-00245,INV-00245,CC-100 Operaciones,Fabian Rios 06 00001204
891,2026-03-17,5000,Gastos operativos,70350.00,0.00,Registro factura INV-00344,INV-00344,CC-100 Operaciones,Carla Soto 03 00001204
892,2026-05-26,2100,Cuentas por pagar,64232.68,0.00,Pago factura INV-00204,INV-00204,CC-100 Operaciones,Bruno Garcia 02 00001204
893,2026-04-18,1020,Bancos,0.00,46891.84,Pago factura INV-00259,INV-00259,CC-100 Operaciones,Bruno Garcia 02 00001204
894,2026-02-04,1020,Bancos,0.00,54191.72,Pago factura INV-00144,INV-00144,CC-100 Operaciones,Bruno Garcia 02 00001204
895,2026-06-18,2100,Cuentas por pagar,0.00,67068.88,Registro factura INV-00012,INV-00012,CC-100 Operaciones,Diego Luna 04 00001204
896,2026-01-17,5000,Gastos operativos,89704.00,0.00,Registro factura INV-00185,INV-00185,CC-100 Operaciones,Diego Luna 04 00001204
897,2026-02-25,1020,Bancos,0.00,85242.60,Pago factura INV-00122,INV-00122,CC-100 Operaciones,Bruno Garcia 02 00001204
898,2026-01-29,1180,IVA acreditable,11648.48,0.00,Registro factura INV-00309,INV-00309,CC-100 Operaciones,Diego Luna 10 00001204
899,2026-04-03,2100,Cuentas por pagar,22479.64,0.00,Pago factura INV-00078,INV-00078,CC-100 Operaciones,Bruno Garcia 02 00001204
900,2026-01-23,2100,Cuentas por pagar,0.00,84209.04,Registro factura INV-00104,INV-00104,CC-100 Operaciones,Diego Luna 04 00001204
901,2026-06-03,5000,Gastos operativos,62216.00,0.00,Registro factura INV-00190,INV-00190,CC-100 Operaciones,Carla Soto 09 00001204
902,2026-01-30,1180,IVA acreditable,13025.60,0.00,Registro factura INV-00063,INV-00063,CC-100 Operaciones,Carla Soto 09 00001204
903,2026-05-08,1180,IVA acreditable,11393.28,0.00,Registro factura INV-00303,INV-00303,CC-100 Operaciones,Carla Soto 09 00001204
904,2026-02-07,1020,Bancos,0.00,81848.44,Pago factura INV-00305,INV-00305,CC-100 Operaciones,Bruno Garcia 02 00001204
905,2026-03-05,2100,Cuentas por pagar,0.00,45314.24,Registro factura INV-00090,INV-00090,CC-100 Operaciones,Diego Luna 10 00001204
906,2026-05-24,1180,IVA acreditable,7969.60,0.00,Registro factura INV-00308,INV-00308,CC-100 Operaciones,Elena Mora 05 00001204
907,2026-02-18,5000,Gastos operativos,51618.00,0.00,Registro factura INV-00302,INV-00302,CC-100 Operaciones,Bruno Garcia 02 00001204
908,2026-05-11,2100,Cuentas por pagar,0.00,36592.20,Registro factura INV-00176,INV-00176,CC-100 Operaciones,Diego Luna 10 00001204
909,2026-05-05,1180,IVA acreditable,4874.24,0.00,Registro factura INV-00004,INV-00004,CC-100 Operaciones,Fabian Rios 06 00001204
910,2026-01-28,5000,Gastos operativos,70559.00,0.00,Registro factura INV-00305,INV-00305,CC-100 Operaciones,Carla Soto 03 00001204
911,2026-03-04,5000,Gastos operativos,16787.00,0.00,Registro factura INV-00210,INV-00210,CC-100 Operaciones,Diego Luna 10 00001204
912,2026-01-10,2100,Cuentas por pagar,0.00,27994.28,Registro factura INV-00169,INV-00169,CC-100 Operaciones,Ana Ruiz 07 00001204
913,2026-06-20,5000,Gastos operativos,18369.00,0.00,Registro factura INV-00353,INV-00353,CC-100 Operaciones,Fabian Rios 06 00001204
914,2026-04-21,2100,Cuentas por pagar,0.00,36465.76,Registro factura INV-00339,INV-00339,CC-100 Operaciones,Bruno Garcia 02 00001204
915,2026-02-22,5000,Gastos operativos,24850.00,0.00,Registro factura INV-00153,INV-00153,CC-100 Operaciones,Fabian Rios 06 00001204
916,2026-03-03,2100,Cuentas por pagar,0.00,101065.00,Registro factura INV-00111,INV-00111,CC-100 Operaciones,Carla Soto 03 00001204
917,2026-05-03,1180,IVA acreditable,2297.12,0.00,Registro factura INV-00315,INV-00315,CC-100 Operaciones,Bruno Garcia 08 00001204
918,2026-02-22,2100,Cuentas por pagar,97993.32,0.00,Pago factura INV-00266,INV-00266,CC-100 Operaciones,Bruno Garcia 02 00001204
919,2026-01-28,2100,Cuentas por pagar,0.00,81848.44,Registro factura INV-00305,INV-00305,CC-100 Operaciones,Carla Soto 03 00001204
920,2026-01-05,2100,Cuentas por pagar,0.00,45314.24,Registro factura INV-00053,INV-00053,CC-100 Operaciones,Bruno Garcia 08 00001204
921,2026-06-28,1180,IVA acreditable,11105.76,0.00,Registro factura INV-00223,INV-00223,CC-100 Operaciones,Diego Luna 10 00001204
922,2026-02-05,1180,IVA acreditable,4874.24,0.00,Registro factura INV-00095,INV-00095,CC-100 Operaciones,Carla Soto 03 00001204
923,2026-06-19,2100,Cuentas por pagar,40845.92,0.00,Pago factura INV-00127,INV-00127,CC-100 Operaciones,Bruno Garcia 02 00001204
924,2026-02-19,2100,Cuentas por pagar,93804.56,0.00,Pago factura INV-00016,INV-00016,CC-100 Operaciones,Bruno Garcia 02 00001204
925,2026-06-30,2100,Cuentas por pagar,80516.76,0.00,Pago factura INV-00223,INV-00223,CC-100 Operaciones,Bruno Garcia 02 00001204
926,2026-04-14,2100,Cuentas por pagar,39411.00,0.00,Pago factura INV-00178,INV-00178,CC-100 Operaciones,Bruno Garcia 02 00001204
927,2026-05-29,2100,Cuentas por pagar,89050.88,0.00,Pago factura INV-00171,INV-00171,CC-100 Operaciones,Bruno Garcia 02 00001204
928,2026-04-27,2100,Cuentas por pagar,87907.12,0.00,Pago factura INV-00105,INV-00105,CC-100 Operaciones,Bruno Garcia 02 00001204
929,2026-01-23,1020,Bancos,0.00,18125.70,Pago factura INV-00053,INV-00053,CC-100 Operaciones,Bruno Garcia 02 00001204
930,2026-05-02,2100,Cuentas por pagar,51273.16,0.00,Pago factura INV-00270,INV-00270,CC-100 Operaciones,Bruno Garcia 02 00001204
931,2026-04-07,1020,Bancos,0.00,29783.00,Pago factura INV-00291,INV-00291,CC-100 Operaciones,Bruno Garcia 02 00001204
932,2026-02-26,1020,Bancos,0.00,83823.92,Pago factura INV-00152,INV-00152,CC-100 Operaciones,Bruno Garcia 02 00001204
933,2026-02-20,1180,IVA acreditable,3878.08,0.00,Registro factura INV-00265,INV-00265,CC-100 Operaciones,Diego Luna 04 00001204
934,2026-04-16,1020,Bancos,0.00,21315.00,Pago factura INV-00211,INV-00211,CC-100 Operaciones,Bruno Garcia 02 00001204
935,2026-04-11,1180,IVA acreditable,7138.88,0.00,Registro factura INV-00310,INV-00310,CC-100 Operaciones,Fabian Rios 06 00001204
936,2026-01-19,5000,Gastos operativos,85704.00,0.00,Registro factura INV-00213,INV-00213,CC-100 Operaciones,Bruno Garcia 08 00001204
937,2026-02-28,1180,IVA acreditable,13982.56,0.00,Registro factura INV-00256,INV-00256,CC-100 Operaciones,Diego Luna 04 00001204
938,2026-04-02,5000,Gastos operativos,27061.00,0.00,Registro factura INV-00150,INV-00150,CC-100 Operaciones,Ana Ruiz 07 00001204
939,2026-06-04,2100,Cuentas por pagar,0.00,42797.04,Registro factura INV-00275,INV-00275,CC-100 Operaciones,Diego Luna 04 00001204
940,2026-01-17,1180,IVA acreditable,8898.72,0.00,Registro factura INV-00338,INV-00338,CC-100 Operaciones,Bruno Garcia 02 00001204
941,2026-05-13,1180,IVA acreditable,7182.08,0.00,Registro factura INV-00110,INV-00110,CC-100 Operaciones,Diego Luna 04 00001204
942,2026-06-17,2100,Cuentas por pagar,0.00,84272.84,Registro factura INV-00249,INV-00249,CC-100 Operaciones,Carla Soto 09 00001204
943,2026-02-09,1020,Bancos,0.00,94435.60,Pago factura INV-00063,INV-00063,CC-100 Operaciones,Bruno Garcia 02 00001204
944,2026-03-24,5000,Gastos operativos,69441.00,0.00,Registro factura INV-00192,INV-00192,CC-100 Operaciones,Diego Luna 10 00001204
945,2026-01-09,1180,IVA acreditable,13253.12,0.00,Registro factura INV-00364,INV-00364,CC-100 Operaciones,Diego Luna 10 00001204
946,2026-03-25,2100,Cuentas por pagar,84299.52,0.00,Pago factura INV-00082,INV-00082,CC-100 Operaciones,Bruno Garcia 02 00001204
947,2026-03-11,5000,Gastos operativos,64789.00,0.00,Registro factura INV-00187,INV-00187,CC-100 Operaciones,Elena Mora 05 00001204
948,2026-06-28,1180,IVA acreditable,4960.48,0.00,Registro factura INV-00314,INV-00314,CC-100 Operaciones,Bruno Garcia 08 00001204
949,2026-04-12,1020,Bancos,0.00,31390.76,Pago factura INV-00150,INV-00150,CC-100 Operaciones,Bruno Garcia 02 00001204
950,2026-04-01,2100,Cuentas por pagar,62952.04,0.00,Pago factura INV-00221,INV-00221,CC-100 Operaciones,Bruno Garcia 02 00001204
951,2026-06-11,1020,Bancos,0.00,24218.48,Pago factura INV-00347,INV-00347,CC-100 Operaciones,Bruno Garcia 02 00001204
952,2026-05-27,2100,Cuentas por pagar,0.00,95244.12,Registro factura INV-00181,INV-00181,CC-100 Operaciones,Diego Luna 04 00001204
953,2026-06-03,1180,IVA acreditable,4106.40,0.00,Registro factura INV-00234,INV-00234,CC-100 Operaciones,Ana Ruiz 07 00001204
954,2026-02-23,1180,IVA acreditable,2338.08,0.00,Registro factura INV-00066,INV-00066,CC-100 Operaciones,Ana Ruiz 01 00001204
955,2026-03-14,2100,Cuentas por pagar,19472.92,0.00,Pago factura INV-00210,INV-00210,CC-100 Operaciones,Bruno Garcia 02 00001204
956,2026-06-15,1180,IVA acreditable,13391.36,0.00,Registro factura INV-00032,INV-00032,CC-100 Operaciones,Ana Ruiz 07 00001204
957,2026-05-16,2100,Cuentas por pagar,89695.84,0.00,Pago factura INV-00089,INV-00089,CC-100 Operaciones,Bruno Garcia 02 00001204
958,2026-03-22,1180,IVA acreditable,3534.88,0.00,Registro factura INV-00212,INV-00212,CC-100 Operaciones,Bruno Garcia 08 00001204
959,2026-02-11,2100,Cuentas por pagar,0.00,80282.44,Registro factura INV-00041,INV-00041,CC-100 Operaciones,Carla Soto 03 00001204
960,2026-02-09,5000,Gastos operativos,67182.00,0.00,Registro factura INV-00120,INV-00120,CC-100 Operaciones,Carla Soto 03 00001204
961,2026-03-21,1180,IVA acreditable,10808.96,0.00,Registro factura INV-00085,INV-00085,CC-100 Operaciones,Carla Soto 09 00001204
962,2026-03-15,1180,IVA acreditable,13552.32,0.00,Registro factura INV-00236,INV-00236,CC-100 Operaciones,Ana Ruiz 01 00001204
963,2026-01-31,1020,Bancos,0.00,50301.08,Pago factura INV-00074,INV-00074,CC-100 Operaciones,Bruno Garcia 02 00001204
964,2026-02-24,1020,Bancos,0.00,19269.92,Pago factura INV-00067,INV-00067,CC-100 Operaciones,Bruno Garcia 02 00001204
965,2026-06-13,2100,Cuentas por pagar,72170.56,0.00,Pago factura INV-00190,INV-00190,CC-100 Operaciones,Bruno Garcia 02 00001204
966,2026-04-29,2100,Cuentas por pagar,92165.48,0.00,Pago factura INV-00276,INV-00276,CC-100 Operaciones,Bruno Garcia 02 00001204
967,2026-04-14,1180,IVA acreditable,14123.04,0.00,Registro factura INV-00248,INV-00248,CC-100 Operaciones,Elena Mora 05 00001204
968,2026-02-01,5000,Gastos operativos,43287.00,0.00,Registro factura INV-00180,INV-00180,CC-100 Operaciones,Ana Ruiz 01 00001204
969,2026-04-19,1020,Bancos,0.00,103585.68,Pago factura INV-00333,INV-00333,CC-100 Operaciones,Bruno Garcia 02 00001204
970,2026-06-27,2100,Cuentas por pagar,20757.04,0.00,Pago factura INV-00033,INV-00033,CC-100 Operaciones,Bruno Garcia 02 00001204
971,2026-01-16,1180,IVA acreditable,5394.40,0.00,Registro factura INV-00133,INV-00133,CC-100 Operaciones,Carla Soto 09 00001204
972,2026-03-27,1020,Bancos,0.00,81606.00,Pago factura INV-00344,INV-00344,CC-100 Operaciones,Bruno Garcia 02 00001204
973,2026-04-05,2100,Cuentas por pagar,0.00,35699.00,Registro factura INV-00117,INV-00117,CC-100 Operaciones,Ana Ruiz 07 00001204
974,2026-03-29,2100,Cuentas por pagar,0.00,66636.20,Registro factura INV-00229,INV-00229,CC-100 Operaciones,Ana Ruiz 01 00001204
975,2026-05-25,2100,Cuentas por pagar,0.00,17524.12,Registro factura INV-00365,INV-00365,CC-100 Operaciones,Diego Luna 10 00001204
976,2026-06-30,2100,Cuentas por pagar,96834.48,0.00,Pago factura INV-00241,INV-00241,CC-100 Operaciones,Bruno Garcia 02 00001204
977,2026-02-05,1180,IVA acreditable,6250.24,0.00,Registro factura INV-00262,INV-00262,CC-100 Operaciones,Carla Soto 09 00001204
978,2026-05-14,2100,Cuentas por pagar,103857.12,0.00,Pago factura INV-00323,INV-00323,CC-100 Operaciones,Bruno Garcia 02 00001204
979,2026-04-25,2100,Cuentas por pagar,39740.44,0.00,Pago factura INV-00368,INV-00368,CC-100 Operaciones,Bruno Garcia 02 00001204
980,2026-03-25,2100,Cuentas por pagar,0.00,108714.04,Registro factura INV-00069,INV-00069,CC-100 Operaciones,Elena Mora 05 00001204
981,2026-06-14,5000,Gastos operativos,47100.00,0.00,Registro factura INV-00132,INV-00132,CC-100 Operaciones,Bruno Garcia 08 00001204
982,2026-04-04,2100,Cuentas por pagar,0.00,39411.00,Registro factura INV-00178,INV-00178,CC-100 Operaciones,Ana Ruiz 01 00001204
983,2026-06-09,5000,Gastos operativos,35212.00,0.00,Registro factura INV-00127,INV-00127,CC-100 Operaciones,Elena Mora 05 00001204
984,2026-05-06,1180,IVA acreditable,12371.84,0.00,Registro factura INV-00089,INV-00089,CC-100 Operaciones,Ana Ruiz 07 00001204
985,2026-02-12,1180,IVA acreditable,13516.32,0.00,Registro factura INV-00266,INV-00266,CC-100 Operaciones,Bruno Garcia 02 00001204
986,2026-05-20,1020,Bancos,0.00,98710.20,Pago factura INV-00148,INV-00148,CC-100 Operaciones,Bruno Garcia 02 00001204
987,2026-05-02,2100,Cuentas por pagar,0.00,108995.92,Registro factura INV-00218,INV-00218,CC-100 Operaciones,Ana Ruiz 01 00001204
988,2026-05-23,1020,Bancos,0.00,18125.70,Pago factura INV-00294,INV-00294,CC-100 Operaciones,Bruno Garcia 02 00001204
989,2026-03-03,2100,Cuentas por pagar,53088.56,0.00,Pago factura INV-00038,INV-00038,CC-100 Operaciones,Bruno Garcia 02 00001204
990,2026-03-05,1180,IVA acreditable,10114.88,0.00,Registro factura INV-00306,INV-00306,CC-100 Operaciones,Elena Mora 05 00001204
991,2026-03-19,2100,Cuentas por pagar,46514.84,0.00,Pago factura INV-00049,INV-00049,CC-100 Operaciones,Bruno Garcia 02 00001204
992,2026-04-30,2100,Cuentas por pagar,95207.00,0.00,Pago factura INV-00088,INV-00088,CC-100 Operaciones,Bruno Garcia 02 00001204
993,2026-02-21,2100,Cuentas por pagar,0.00,139863.52,Registro factura INV-00151,INV-00151,CC-100 Operaciones,Elena Mora 05 00001204
994,2026-04-09,5000,Gastos operativos,84564.00,0.00,Registro factura INV-00201,INV-00201,CC-100 Operaciones,Diego Luna 04 00001204
995,2026-02-21,5000,Gastos operativos,45766.00,0.00,Registro factura INV-00038,INV-00038,CC-100 Operaciones,Carla Soto 09 00001204
996,2026-04-13,5000,Gastos operativos,25330.00,0.00,Registro factura INV-00143,INV-00143,CC-100 Operaciones,Diego Luna 10 00001204
997,2026-03-05,5000,Gastos operativos,63218.00,0.00,Registro factura INV-00306,INV-00306,CC-100 Operaciones,Elena Mora 05 00001204
998,2026-02-28,2100,Cuentas por pagar,32144.76,0.00,Pago factura INV-00196,INV-00196,CC-100 Operaciones,Bruno Garcia 02 00001204
999,2026-05-03,1180,IVA acreditable,6294.24,0.00,Registro factura INV-00261,INV-00261,CC-100 Operaciones,Fabian Rios 06 00001204
1000,2026-02-16,5000,Gastos operativos,50321.00,0.00,Registro factura INV-00184,INV-00184,CC-100 Operaciones,Fabian Rios 06 00001204
1001,2026-06-05,1180,IVA acreditable,4924.00,0.00,Registro factura INV-00341,INV-00341,CC-100 Operaciones,Carla Soto 09 00001204
1002,2026-04-14,5000,Gastos operativos,88269.00,0.00,Registro factura INV-00248,INV-00248,CC-100 Operaciones,Elena Mora 05 00001204
1003,2026-03-28,2100,Cuentas por pagar,0.00,70742.60,Registro factura INV-00264,INV-00264,CC-100 Operaciones,Diego Luna 04 00001204
1004,2026-05-30,1180,IVA acreditable,11651.52,0.00,Registro factura INV-00268,INV-00268,CC-100 Operaciones,Carla Soto 03 00001204
1005,2026-02-16,2100,Cuentas por pagar,24302.00,0.00,Pago factura INV-00001,INV-00001,CC-100 Operaciones,Bruno Garcia 02 00001204
1006,2026-01-12,1020,Bancos,0.00,27188.54,Pago factura INV-00053,INV-00053,CC-100 Operaciones,Bruno Garcia 02 00001204
1007,2026-04-07,1180,IVA acreditable,5465.44,0.00,Registro factura INV-00260,INV-00260,CC-100 Operaciones,Diego Luna 10 00001204
1008,2026-02-03,1180,IVA acreditable,9818.08,0.00,Registro factura INV-00022,INV-00022,CC-100 Operaciones,Elena Mora 05 00001204
1009,2026-04-25,5000,Gastos operativos,90843.00,0.00,Registro factura INV-00031,INV-00031,CC-100 Operaciones,Fabian Rios 06 00001204
1010,2026-03-20,2100,Cuentas por pagar,87591.60,0.00,Pago factura INV-00119,INV-00119,CC-100 Operaciones,Bruno Garcia 02 00001204
1011,2026-03-03,5000,Gastos operativos,59943.00,0.00,Registro factura INV-00267,INV-00267,CC-100 Operaciones,Elena Mora 05 00001204
1012,2026-03-06,5000,Gastos operativos,20200.00,0.00,Registro factura INV-00154,INV-00154,CC-100 Operaciones,Bruno Garcia 02 00001204
1013,2026-06-08,2100,Cuentas por pagar,0.00,49252.44,Registro factura INV-00280,INV-00280,CC-100 Operaciones,Diego Luna 10 00001204
1014,2026-02-24,5000,Gastos operativos,27890.00,0.00,Registro factura INV-00247,INV-00247,CC-100 Operaciones,Diego Luna 10 00001204
1015,2026-01-23,2100,Cuentas por pagar,14135.30,0.00,Pago factura INV-00007,INV-00007,CC-100 Operaciones,Bruno Garcia 02 00001204
1016,2026-03-18,1180,IVA acreditable,3563.84,0.00,Registro factura INV-00297,INV-00297,CC-100 Operaciones,Diego Luna 10 00001204
1017,2026-04-04,1180,IVA acreditable,5436.00,0.00,Registro factura INV-00178,INV-00178,CC-100 Operaciones,Ana Ruiz 01 00001204
1018,2026-05-14,1180,IVA acreditable,4257.92,0.00,Registro factura INV-00027,INV-00027,CC-100 Operaciones,Ana Ruiz 07 00001204
1019,2026-01-15,1180,IVA acreditable,7915.20,0.00,Registro factura INV-00172,INV-00172,CC-100 Operaciones,Bruno Garcia 02 00001204
1020,2026-06-01,1180,IVA acreditable,2040.80,0.00,Registro factura INV-00142,INV-00142,CC-100 Operaciones,Elena Mora 05 00001204
1021,2026-01-22,1180,IVA acreditable,10113.76,0.00,Registro factura INV-00017,INV-00017,CC-100 Operaciones,Ana Ruiz 07 00001204
1022,2026-04-16,1020,Bancos,5000.00,0.00,Reembolso proveedor INV-00018,INV-00018,CC-100 Operaciones,Bruno Garcia 02 00001204
1023,2026-05-22,5000,Gastos operativos,51520.00,0.00,Registro factura INV-00179,INV-00179,CC-100 Operaciones,Ana Ruiz 01 00001204
1024,2026-04-01,1020,Bancos,0.00,87000.00,Pago factura INV-00021,INV-00021,CC-100 Operaciones,Bruno Garcia 02 00001204
1025,2026-05-30,5000,Gastos operativos,13319.00,0.00,Registro factura INV-00109,INV-00109,CC-100 Operaciones,Ana Ruiz 01 00001204
1026,2026-02-09,5000,Gastos operativos,80866.00,0.00,Registro factura INV-00016,INV-00016,CC-100 Operaciones,Ana Ruiz 01 00001204
1027,2026-03-20,1180,IVA acreditable,11392.32,0.00,Registro factura INV-00123,INV-00123,CC-100 Operaciones,Diego Luna 04 00001204
1028,2026-04-07,2100,Cuentas por pagar,0.00,39624.44,Registro factura INV-00260,INV-00260,CC-100 Operaciones,Diego Luna 10 00001204
1029,2026-03-02,5000,Gastos operativos,72304.00,0.00,Registro factura INV-00075,INV-00075,CC-100 Operaciones,Bruno Garcia 08 00001204
1030,2026-02-12,2100,Cuentas por pagar,0.00,34739.68,Registro factura INV-00279,INV-00279,CC-100 Operaciones,Diego Luna 10 00001204
1031,2026-01-27,2100,Cuentas por pagar,104056.64,0.00,Pago factura INV-00185,INV-00185,CC-100 Operaciones,Bruno Garcia 02 00001204
1032,2026-02-09,1180,IVA acreditable,10749.12,0.00,Registro factura INV-00120,INV-00120,CC-100 Operaciones,Carla Soto 03 00001204
1033,2026-03-07,5000,Gastos operativos,13291.00,0.00,Registro factura INV-00114,INV-00114,CC-100 Operaciones,Ana Ruiz 01 00001204
1034,2026-01-05,5000,Gastos operativos,30464.00,0.00,Registro factura INV-00007,INV-00007,CC-100 Operaciones,Bruno Garcia 02 00001204
1035,2026-03-16,5000,Gastos operativos,48171.00,0.00,Registro factura INV-00034,INV-00034,CC-100 Operaciones,Fabian Rios 06 00001204
1036,2026-05-29,2100,Cuentas por pagar,0.00,101266.84,Registro factura INV-00096,INV-00096,CC-100 Operaciones,Diego Luna 04 00001204
1037,2026-05-31,2100,Cuentas por pagar,0.00,54557.12,Registro factura INV-00269,INV-00269,CC-100 Operaciones,Bruno Garcia 08 00001204
1038,2026-02-25,1020,Bancos,0.00,31859.40,Pago factura INV-00026,INV-00026,CC-100 Operaciones,Bruno Garcia 02 00001204
1039,2026-04-25,2100,Cuentas por pagar,0.00,105377.88,Registro factura INV-00031,INV-00031,CC-100 Operaciones,Fabian Rios 06 00001204
1040,2026-02-08,1020,Bancos,44080.00,0.00,Cobro factura INV-00285,INV-00285,CC-100 Operaciones,Bruno Garcia 02 00001204
1041,2026-02-22,2100,Cuentas por pagar,99661.40,0.00,Pago factura INV-00373,INV-00373,CC-100 Operaciones,Bruno Garcia 02 00001204
1042,2026-02-20,1180,IVA acreditable,9533.76,0.00,Registro factura INV-00296,INV-00296,CC-100 Operaciones,Bruno Garcia 02 00001204
1043,2026-04-29,5000,Gastos operativos,36078.00,0.00,Registro factura INV-00080,INV-00080,CC-100 Operaciones,Diego Luna 10 00001204
1044,2026-02-20,1020,Bancos,0.00,41737.96,Pago factura INV-00327,INV-00327,CC-100 Operaciones,Bruno Garcia 02 00001204
1045,2026-02-15,2100,Cuentas por pagar,45314.24,0.00,Pago factura INV-00262,INV-00262,CC-100 Operaciones,Bruno Garcia 02 00001204
1046,2026-01-26,5000,Gastos operativos,23450.00,0.00,Registro factura INV-00029,INV-00029,CC-100 Operaciones,Ana Ruiz 01 00001204
1047,2026-06-29,1180,IVA acreditable,10855.20,0.00,Registro factura INV-00071,INV-00071,CC-100 Operaciones,Elena Mora 05 00001204
1048,2026-04-29,1180,IVA acreditable,11559.36,0.00,Registro factura INV-00220,INV-00220,CC-100 Operaciones,Bruno Garcia 02 00001204
1049,2026-04-27,1180,IVA acreditable,6112.32,0.00,Registro factura INV-00182,INV-00182,CC-100 Operaciones,Diego Luna 10 00001204
1050,2026-05-17,2100,Cuentas por pagar,47220.12,0.00,Pago factura INV-00326,INV-00326,CC-100 Operaciones,Bruno Garcia 02 00001204
1051,2026-04-01,4000,Ingresos por servicios,0.00,55000.00,Registro venta INV-00126,INV-00126,CC-100 Operaciones,Bruno Garcia 02 00001204
1052,2026-06-21,5000,Gastos operativos,78196.00,0.00,Registro factura INV-00059,INV-00059,CC-100 Operaciones,Carla Soto 03 00001204
1053,2026-03-24,1180,IVA acreditable,3100.64,0.00,Registro factura INV-00078,INV-00078,CC-100 Operaciones,Bruno Garcia 08 00001204
1054,2026-06-04,1180,IVA acreditable,5255.68,0.00,Registro factura INV-00316,INV-00316,CC-100 Operaciones,Fabian Rios 06 00001204
1055,2026-06-05,1180,IVA acreditable,6250.24,0.00,Registro factura INV-00235,INV-00235,CC-100 Operaciones,Carla Soto 03 00001204
1056,2026-03-30,2100,Cuentas por pagar,82594.32,0.00,Pago factura INV-00123,INV-00123,CC-100 Operaciones,Bruno Garcia 02 00001204
1057,2026-04-24,2100,Cuentas por pagar,102392.04,0.00,Pago factura INV-00248,INV-00248,CC-100 Operaciones,Bruno Garcia 02 00001204
1058,2026-02-02,2100,Cuentas por pagar,84209.04,0.00,Pago factura INV-00104,INV-00104,CC-100 Operaciones,Bruno Garcia 02 00001204
1059,2026-01-23,1020,Bancos,0.00,36823.04,Pago factura INV-00068,INV-00068,CC-100 Operaciones,Bruno Garcia 02 00001204
1060,2026-05-09,1180,IVA acreditable,11257.44,0.00,Registro factura INV-00006,INV-00006,CC-100 Operaciones,Bruno Garcia 08 00001204
1061,2026-02-08,1180,IVA acreditable,14382.24,0.00,Registro factura INV-00162,INV-00162,CC-100 Operaciones,Diego Luna 04 00001204
1062,2026-05-24,2100,Cuentas por pagar,45118.20,0.00,Pago factura INV-00325,INV-00325,CC-100 Operaciones,Bruno Garcia 02 00001204
1063,2026-05-15,1180,IVA acreditable,6586.08,0.00,Registro factura INV-00311,INV-00311,CC-100 Operaciones,Fabian Rios 06 00001204
1064,2026-03-17,2100,Cuentas por pagar,15417.56,0.00,Pago factura INV-00114,INV-00114,CC-100 Operaciones,Bruno Garcia 02 00001204
1065,2026-05-11,1020,Bancos,0.00,28522.08,Pago factura INV-00348,INV-00348,CC-100 Operaciones,Bruno Garcia 02 00001204
1066,2026-06-13,5000,Gastos operativos,60403.00,0.00,Registro factura INV-00357,INV-00357,CC-100 Operaciones,Carla Soto 03 00001204
1067,2026-01-28,1180,IVA acreditable,8804.96,0.00,Registro factura INV-00025,INV-00025,CC-100 Operaciones,Elena Mora 05 00001204
1068,2026-06-12,1180,IVA acreditable,1961.60,0.00,Registro factura INV-00350,INV-00350,CC-100 Operaciones,Diego Luna 04 00001204
1069,2026-06-26,1020,Bancos,0.00,76446.32,Pago factura INV-00334,INV-00334,CC-100 Operaciones,Bruno Garcia 02 00001204
1070,2026-03-09,1180,IVA acreditable,4279.84,0.00,Registro factura INV-00158,INV-00158,CC-100 Operaciones,Ana Ruiz 01 00001204
1071,2026-05-19,5000,Gastos operativos,81304.00,0.00,Registro factura INV-00222,INV-00222,CC-100 Operaciones,Bruno Garcia 02 00001204
1072,2026-03-21,5000,Gastos operativos,67556.00,0.00,Registro factura INV-00085,INV-00085,CC-100 Operaciones,Carla Soto 09 00001204
1073,2026-05-11,2100,Cuentas por pagar,88743.48,0.00,Pago factura INV-00099,INV-00099,CC-100 Operaciones,Bruno Garcia 02 00001204
1074,2026-06-11,5000,Gastos operativos,54232.00,0.00,Registro factura INV-00240,INV-00240,CC-100 Operaciones,Ana Ruiz 01 00001204
1075,2026-04-24,1180,IVA acreditable,8918.24,0.00,Registro factura INV-00191,INV-00191,CC-100 Operaciones,Ana Ruiz 01 00001204
1076,2026-06-04,1020,Bancos,0.00,17524.12,Pago factura INV-00365,INV-00365,CC-100 Operaciones,Bruno Garcia 02 00001204
1077,2026-06-11,1020,Bancos,0.00,14795.80,Pago factura INV-00142,INV-00142,CC-100 Operaciones,Bruno Garcia 02 00001204
1078,2026-05-01,2100,Cuentas por pagar,0.00,28522.08,Registro factura INV-00348,INV-00348,CC-100 Operaciones,Fabian Rios 06 00001204
1079,2026-03-26,1180,IVA acreditable,4077.12,0.00,Registro factura INV-00215,INV-00215,CC-100 Operaciones,Bruno Garcia 02 00001204
1080,2026-01-09,1180,IVA acreditable,10836.80,0.00,Registro factura INV-00286,INV-00286,CC-100 Operaciones,Bruno Garcia 02 00001204
1081,2026-05-23,2100,Cuentas por pagar,22132.80,0.00,Pago factura INV-00008,INV-00008,CC-100 Operaciones,Bruno Garcia 02 00001204
1082,2026-04-14,2100,Cuentas por pagar,0.00,31538.08,Registro factura INV-00097,INV-00097,CC-100 Operaciones,Ana Ruiz 07 00001204
1083,2026-05-13,2100,Cuentas por pagar,16654.12,0.00,Pago factura INV-00315,INV-00315,CC-100 Operaciones,Bruno Garcia 02 00001204
1084,2026-02-06,2100,Cuentas por pagar,0.00,69017.68,Registro factura INV-00205,INV-00205,CC-100 Operaciones,Diego Luna 04 00001204
1085,2026-05-10,2100,Cuentas por pagar,0.00,88675.04,Registro factura INV-00024,INV-00024,CC-100 Operaciones,Carla Soto 03 00001204
1086,2026-04-30,1020,Bancos,0.00,14522.04,Pago factura INV-00277,INV-00277,CC-100 Operaciones,Bruno Garcia 02 00001204
1087,2026-01-22,5000,Gastos operativos,63211.00,0.00,Registro factura INV-00017,INV-00017,CC-100 Operaciones,Ana Ruiz 07 00001204
1088,2026-03-31,1020,Bancos,0.00,48150.44,Pago factura INV-00163,INV-00163,CC-100 Operaciones,Bruno Garcia 02 00001204
1089,2026-04-29,1180,IVA acreditable,5772.48,0.00,Registro factura INV-00080,INV-00080,CC-100 Operaciones,Diego Luna 10 00001204
1090,2026-01-14,1180,IVA acreditable,3506.56,0.00,Registro factura INV-00164,INV-00164,CC-100 Operaciones,Elena Mora 05 00001204
1091,2026-03-21,2100,Cuentas por pagar,75155.24,0.00,Pago factura INV-00187,INV-00187,CC-100 Operaciones,Bruno Garcia 02 00001204
1092,2026-03-29,2100,Cuentas por pagar,0.00,21128.24,Registro factura INV-00011,INV-00011,CC-100 Operaciones,Carla Soto 03 00001204
1093,2026-03-10,1180,IVA acreditable,7452.00,0.00,Registro factura INV-00198,INV-00198,CC-100 Operaciones,Diego Luna 10 00001204
1094,2026-01-10,1180,IVA acreditable,3861.28,0.00,Registro factura INV-00169,INV-00169,CC-100 Operaciones,Ana Ruiz 07 00001204
1095,2026-06-28,1020,Bancos,0.00,24801.96,Pago factura INV-00166,INV-00166,CC-100 Operaciones,Bruno Garcia 02 00001204
1096,2026-05-12,1020,Bancos,0.00,108995.92,Pago factura INV-00218,INV-00218,CC-100 Operaciones,Bruno Garcia 02 00001204
1097,2026-04-26,2100,Cuentas por pagar,0.00,73733.08,Registro factura INV-00207,INV-00207,CC-100 Operaciones,Ana Ruiz 01 00001204
1098,2026-01-24,1180,IVA acreditable,8554.40,0.00,Registro factura INV-00320,INV-00320,CC-100 Operaciones,Ana Ruiz 07 00001204
1099,2026-02-05,5000,Gastos operativos,30775.00,0.00,Registro factura INV-00361,INV-00361,CC-100 Operaciones,Elena Mora 05 00001204
1100,2026-01-23,1180,IVA acreditable,8196.96,0.00,Registro factura INV-00072,INV-00072,CC-100 Operaciones,Bruno Garcia 02 00001204
1101,2026-02-19,1180,IVA acreditable,12253.92,0.00,Registro factura INV-00079,INV-00079,CC-100 Operaciones,Ana Ruiz 07 00001204
1102,2026-04-15,2100,Cuentas por pagar,35338.24,0.00,Pago factura INV-00370,INV-00370,CC-100 Operaciones,Bruno Garcia 02 00001204
1103,2026-06-16,1020,Bancos,0.00,38473.72,Pago factura INV-00036,INV-00036,CC-100 Operaciones,Bruno Garcia 02 00001204
1104,2026-04-17,1020,Bancos,0.00,49300.00,Pago factura INV-00193,INV-00193,CC-100 Operaciones,Bruno Garcia 02 00001204
1105,2026-02-16,1020,Bancos,0.00,69017.68,Pago factura INV-00205,INV-00205,CC-100 Operaciones,Bruno Garcia 02 00001204
1106,2026-04-06,1020,Bancos,46400.00,0.00,Reembolso proveedor INV-00284,INV-00284,CC-100 Operaciones,Bruno Garcia 02 00001204
1107,2026-06-30,2100,Cuentas por pagar,76214.32,0.00,Pago factura INV-00141,INV-00141,CC-100 Operaciones,Bruno Garcia 02 00001204
1108,2026-04-30,1020,Bancos,0.00,95207.00,Pago factura INV-00088,INV-00088,CC-100 Operaciones,Bruno Garcia 02 00001204
1109,2026-03-21,1020,Bancos,0.00,47942.80,Pago factura INV-00237,INV-00237,CC-100 Operaciones,Bruno Garcia 02 00001204
1110,2026-03-07,1020,Bancos,0.00,18365.12,Pago factura INV-00295,INV-00295,CC-100 Operaciones,Bruno Garcia 02 00001204
1111,2026-03-31,1020,Bancos,0.00,78364.96,Pago factura INV-00085,INV-00085,CC-100 Operaciones,Bruno Garcia 02 00001204
1112,2026-06-11,2100,Cuentas por pagar,0.00,74034.68,Registro factura INV-00208,INV-00208,CC-100 Operaciones,Carla Soto 09 00001204
1113,2026-03-15,5000,Gastos operativos,72672.00,0.00,Registro factura INV-00082,INV-00082,CC-100 Operaciones,Carla Soto 03 00001204
1114,2026-06-17,5000,Gastos operativos,72649.00,0.00,Registro factura INV-00249,INV-00249,CC-100 Operaciones,Carla Soto 09 00001204
1115,2026-06-12,1020,Bancos,0.00,56157.92,Pago factura INV-00283,INV-00283,CC-100 Operaciones,Bruno Garcia 02 00001204
1116,2026-03-19,5000,Gastos operativos,34735.00,0.00,Registro factura INV-00028,INV-00028,CC-100 Operaciones,Carla Soto 09 00001204
1117,2026-03-14,5000,Gastos operativos,90335.00,0.00,Registro factura INV-00134,INV-00134,CC-100 Operaciones,Diego Luna 04 00001204
1118,2026-04-14,1180,IVA acreditable,4350.08,0.00,Registro factura INV-00097,INV-00097,CC-100 Operaciones,Ana Ruiz 07 00001204
1119,2026-06-26,2100,Cuentas por pagar,0.00,82730.04,Registro factura INV-00010,INV-00010,CC-100 Operaciones,Fabian Rios 06 00001204
1120,2026-05-27,5000,Gastos operativos,32939.00,0.00,Registro factura INV-00321,INV-00321,CC-100 Operaciones,Bruno Garcia 02 00001204
1121,2026-02-28,5000,Gastos operativos,87391.00,0.00,Registro factura INV-00256,INV-00256,CC-100 Operaciones,Diego Luna 04 00001204
1122,2026-02-27,2100,Cuentas por pagar,0.00,37049.24,Registro factura INV-00239,INV-00239,CC-100 Operaciones,Carla Soto 09 00001204
1123,2026-04-29,1020,Bancos,0.00,92165.48,Pago factura INV-00276,INV-00276,CC-100 Operaciones,Bruno Garcia 02 00001204
1124,2026-03-19,2100,Cuentas por pagar,31028.84,0.00,Pago factura INV-00158,INV-00158,CC-100 Operaciones,Bruno Garcia 02 00001204
1125,2026-06-09,1020,Bancos,0.00,84473.52,Pago factura INV-00268,INV-00268,CC-100 Operaciones,Bruno Garcia 02 00001204
1126,2026-06-16,1020,Bancos,0.00,63423.00,Pago factura INV-00131,INV-00131,CC-100 Operaciones,Bruno Garcia 02 00001204
1127,2026-06-05,1180,IVA acreditable,4874.24,0.00,Registro factura INV-00225,INV-00225,CC-100 Operaciones,Ana Ruiz 07 00001204
1128,2026-03-23,2100,Cuentas por pagar,14279.60,0.00,Pago factura INV-00194,INV-00194,CC-100 Operaciones,Bruno Garcia 02 00001204
1129,2026-02-26,5000,Gastos operativos,90355.00,0.00,Registro factura INV-00342,INV-00342,CC-100 Operaciones,Bruno Garcia 02 00001204
1130,2026-04-26,1180,IVA acreditable,7960.80,0.00,Registro factura INV-00233,INV-00233,CC-100 Operaciones,Carla Soto 03 00001204
1131,2026-02-26,2100,Cuentas por pagar,58372.36,0.00,Pago factura INV-00184,INV-00184,CC-100 Operaciones,Bruno Garcia 02 00001204
1132,2026-04-05,1180,IVA acreditable,4874.24,0.00,Registro factura INV-00370,INV-00370,CC-100 Operaciones,Elena Mora 05 00001204
1133,2026-02-05,2100,Cuentas por pagar,0.00,35699.00,Registro factura INV-00361,INV-00361,CC-100 Operaciones,Elena Mora 05 00001204
1134,2026-03-27,5000,Gastos operativos,28038.00,0.00,Registro factura INV-00292,INV-00292,CC-100 Operaciones,Ana Ruiz 07 00001204
1135,2026-05-03,5000,Gastos operativos,39339.00,0.00,Registro factura INV-00261,INV-00261,CC-100 Operaciones,Fabian Rios 06 00001204
1136,2026-02-22,2100,Cuentas por pagar,0.00,28826.00,Registro factura INV-00153,INV-00153,CC-100 Operaciones,Fabian Rios 06 00001204
1137,2026-05-23,1020,Bancos,0.00,14279.60,Pago factura INV-00130,INV-00130,CC-100 Operaciones,Bruno Garcia 02 00001204
1138,2026-05-19,1020,Bancos,0.00,81456.36,Pago factura INV-00224,INV-00224,CC-100 Operaciones,Bruno Garcia 02 00001204
1139,2026-03-24,1180,IVA acreditable,11110.56,0.00,Registro factura INV-00192,INV-00192,CC-100 Operaciones,Diego Luna 10 00001204
1140,2026-03-05,2100,Cuentas por pagar,0.00,35699.00,Registro factura INV-00194,INV-00194,CC-100 Operaciones,Fabian Rios 06 00001204
1141,2026-04-11,1020,Bancos,0.00,24956.24,Pago factura INV-00015,INV-00015,CC-100 Operaciones,Bruno Garcia 02 00001204
1142,2026-03-11,2100,Cuentas por pagar,0.00,75155.24,Registro factura INV-00187,INV-00187,CC-100 Operaciones,Elena Mora 05 00001204
1143,2026-03-01,2100,Cuentas por pagar,48156.24,0.00,Pago factura INV-00246,INV-00246,CC-100 Operaciones,Bruno Garcia 02 00001204
1144,2026-03-21,5000,Gastos operativos,41509.00,0.00,Registro factura INV-00163,INV-00163,CC-100 Operaciones,Ana Ruiz 01 00001204
1145,2026-02-17,1180,IVA acreditable,7067.52,0.00,Registro factura INV-00349,INV-00349,CC-100 Operaciones,Elena Mora 05 00001204
1146,2026-03-03,1020,Bancos,0.00,39260.20,Pago factura INV-00271,INV-00271,CC-100 Operaciones,Bruno Garcia 02 00001204
1147,2026-04-21,2100,Cuentas por pagar,51756.88,0.00,Pago factura INV-00310,INV-00310,CC-100 Operaciones,Bruno Garcia 02 00001204
1148,2026-01-20,1180,IVA acreditable,8163.52,0.00,Registro factura INV-00137,INV-00137,CC-100 Operaciones,Ana Ruiz 01 00001204
1149,2026-02-12,2100,Cuentas por pagar,0.00,99661.40,Registro factura INV-00373,INV-00373,CC-100 Operaciones,Diego Luna 10 00001204
1150,2026-05-28,1020,Bancos,0.00,14279.60,Pago factura INV-00197,INV-00197,CC-100 Operaciones,Bruno Garcia 02 00001204
1151,2026-02-20,1020,Bancos,0.00,93395.08,Pago factura INV-00282,INV-00282,CC-100 Operaciones,Bruno Garcia 02 00001204
1152,2026-04-06,1020,Bancos,0.00,55478.16,Pago factura INV-00057,INV-00057,CC-100 Operaciones,Bruno Garcia 02 00001204
1153,2026-05-21,5000,Gastos operativos,32505.00,0.00,Registro factura INV-00121,INV-00121,CC-100 Operaciones,Diego Luna 04 00001204
1154,2026-06-15,1020,Bancos,0.00,88933.72,Pago factura INV-00186,INV-00186,CC-100 Operaciones,Bruno Garcia 02 00001204
1155,2026-06-06,5000,Gastos operativos,54675.00,0.00,Registro factura INV-00131,INV-00131,CC-100 Operaciones,Fabian Rios 06 00001204
1156,2026-06-05,2100,Cuentas por pagar,0.00,64547.04,Registro factura INV-00101,INV-00101,CC-100 Operaciones,Ana Ruiz 01 00001204
1157,2026-02-21,2100,Cuentas por pagar,0.00,39260.20,Registro factura INV-00271,INV-00271,CC-100 Operaciones,Ana Ruiz 01 00001204
1158,2026-05-25,5000,Gastos operativos,78468.00,0.00,Registro factura INV-00227,INV-00227,CC-100 Operaciones,Bruno Garcia 08 00001204
1159,2026-05-31,5000,Gastos operativos,76310.00,0.00,Registro factura INV-00175,INV-00175,CC-100 Operaciones,Diego Luna 10 00001204
1160,2026-03-03,5000,Gastos operativos,87125.00,0.00,Registro factura INV-00111,INV-00111,CC-100 Operaciones,Carla Soto 03 00001204
1161,2026-02-22,1020,Bancos,0.00,99661.40,Pago factura INV-00373,INV-00373,CC-100 Operaciones,Bruno Garcia 02 00001204
1162,2026-03-10,1020,Bancos,0.00,27904.96,Pago factura INV-00369,INV-00369,CC-100 Operaciones,Bruno Garcia 02 00001204
1163,2026-06-06,1180,IVA acreditable,8748.00,0.00,Registro factura INV-00131,INV-00131,CC-100 Operaciones,Fabian Rios 06 00001204
1164,2026-01-20,1020,Bancos,0.00,27994.28,Pago factura INV-00169,INV-00169,CC-100 Operaciones,Bruno Garcia 02 00001204
1165,2026-06-24,2100,Cuentas por pagar,0.00,108092.28,Registro factura INV-00052,INV-00052,CC-100 Operaciones,Bruno Garcia 02 00001204
1166,2026-03-28,2100,Cuentas por pagar,54699.80,0.00,Pago factura INV-00030,INV-00030,CC-100 Operaciones,Bruno Garcia 02 00001204
1167,2026-03-03,1180,IVA acreditable,9590.88,0.00,Registro factura INV-00267,INV-00267,CC-100 Operaciones,Elena Mora 05 00001204
1168,2026-03-05,1180,IVA acreditable,13623.52,0.00,Registro factura INV-00083,INV-00083,CC-100 Operaciones,Ana Ruiz 07 00001204
1169,2026-06-03,2100,Cuentas por pagar,0.00,29771.40,Registro factura INV-00234,INV-00234,CC-100 Operaciones,Ana Ruiz 07 00001204
1170,2026-02-21,1180,IVA acreditable,5415.20,0.00,Registro factura INV-00271,INV-00271,CC-100 Operaciones,Ana Ruiz 01 00001204
1171,2026-03-29,2100,Cuentas por pagar,40292.60,0.00,Pago factura INV-00028,INV-00028,CC-100 Operaciones,Bruno Garcia 02 00001204
1172,2026-03-12,2100,Cuentas por pagar,0.00,37806.72,Registro factura INV-00160,INV-00160,CC-100 Operaciones,Bruno Garcia 02 00001204
1173,2026-02-07,2100,Cuentas por pagar,0.00,24674.36,Registro factura INV-00244,INV-00244,CC-100 Operaciones,Ana Ruiz 01 00001204
1174,2026-04-28,5000,Gastos operativos,90706.00,0.00,Registro factura INV-00226,INV-00226,CC-100 Operaciones,Elena Mora 05 00001204
1175,2026-03-26,1020,Bancos,0.00,55878.36,Pago factura INV-00034,INV-00034,CC-100 Operaciones,Bruno Garcia 02 00001204
1176,2026-03-06,2100,Cuentas por pagar,0.00,44433.80,Registro factura INV-00173,INV-00173,CC-100 Operaciones,Diego Luna 04 00001204
1177,2026-04-12,1180,IVA acreditable,15070.08,0.00,Registro factura INV-00040,INV-00040,CC-100 Operaciones,Ana Ruiz 01 00001204
1178,2026-01-30,1180,IVA acreditable,13996.64,0.00,Registro factura INV-00157,INV-00157,CC-100 Operaciones,Ana Ruiz 07 00001204
1179,2026-04-11,5000,Gastos operativos,44618.00,0.00,Registro factura INV-00310,INV-00310,CC-100 Operaciones,Fabian Rios 06 00001204
1180,2026-05-08,1020,Bancos,0.00,105218.96,Pago factura INV-00226,INV-00226,CC-100 Operaciones,Bruno Garcia 02 00001204
1181,2026-06-25,5000,Gastos operativos,65702.00,0.00,Registro factura INV-00141,INV-00141,CC-100 Operaciones,Carla Soto 09 00001204
1182,2026-02-19,2100,Cuentas por pagar,0.00,48156.24,Registro factura INV-00246,INV-00246,CC-100 Operaciones,Elena Mora 05 00001204
1183,2026-04-28,1020,Bancos,0.00,21714.04,Pago factura INV-00289,INV-00289,CC-100 Operaciones,Bruno Garcia 02 00001204
1184,2026-03-24,1020,Bancos,0.00,104788.60,Pago factura INV-00134,INV-00134,CC-100 Operaciones,Bruno Garcia 02 00001204
1185,2026-05-28,2100,Cuentas por pagar,14279.60,0.00,Pago factura INV-00197,INV-00197,CC-100 Operaciones,Bruno Garcia 02 00001204
1186,2026-04-04,2100,Cuentas por pagar,46400.00,0.00,Pago factura INV-00284,INV-00284,CC-100 Operaciones,Bruno Garcia 02 00001204
1187,2026-04-28,1180,IVA acreditable,3761.76,0.00,Registro factura INV-00174,INV-00174,CC-100 Operaciones,Ana Ruiz 07 00001204
1188,2026-01-18,1180,IVA acreditable,13508.48,0.00,Registro factura INV-00149,INV-00149,CC-100 Operaciones,Carla Soto 09 00001204
1189,2026-01-14,5000,Gastos operativos,85618.00,0.00,Registro factura INV-00146,INV-00146,CC-100 Operaciones,Carla Soto 03 00001204
1190,2026-03-18,2100,Cuentas por pagar,108323.12,0.00,Pago factura INV-00245,INV-00245,CC-100 Operaciones,Bruno Garcia 02 00001204
1191,2026-01-29,2100,Cuentas por pagar,30646.04,0.00,Pago factura INV-00062,INV-00062,CC-100 Operaciones,Bruno Garcia 02 00001204
1192,2026-02-07,2100,Cuentas por pagar,0.00,32981.12,Registro factura INV-00319,INV-00319,CC-100 Operaciones,Carla Soto 09 00001204
1193,2026-03-13,2100,Cuentas por pagar,101065.00,0.00,Pago factura INV-00111,INV-00111,CC-100 Operaciones,Bruno Garcia 02 00001204
1194,2026-05-08,2100,Cuentas por pagar,0.00,67202.28,Registro factura INV-00203,INV-00203,CC-100 Operaciones,Ana Ruiz 01 00001204
1195,2026-03-17,1180,IVA acreditable,11256.00,0.00,Registro factura INV-00344,INV-00344,CC-100 Operaciones,Carla Soto 03 00001204
1196,2026-04-15,2100,Cuentas por pagar,66361.28,0.00,Pago factura INV-00332,INV-00332,CC-100 Operaciones,Bruno Garcia 02 00001204
1197,2026-03-03,1020,Bancos,0.00,139863.52,Pago factura INV-00151,INV-00151,CC-100 Operaciones,Bruno Garcia 02 00001204
1198,2026-03-24,5000,Gastos operativos,19379.00,0.00,Registro factura INV-00078,INV-00078,CC-100 Operaciones,Bruno Garcia 08 00001204
1199,2026-03-25,5000,Gastos operativos,40000.00,0.00,Registro factura INV-00284,INV-00284,CC-100 Operaciones,Carla Soto 03 00001204
1200,2026-05-05,5000,Gastos operativos,28448.00,0.00,Registro factura INV-00351,INV-00351,CC-100 Operaciones,Bruno Garcia 02 00001204
1201,2026-05-03,2100,Cuentas por pagar,68428.40,0.00,Pago factura INV-00354,INV-00354,CC-100 Operaciones,Bruno Garcia 02 00001204
1202,2026-01-15,2100,Cuentas por pagar,0.00,38425.00,Registro factura INV-00304,INV-00304,CC-100 Operaciones,Diego Luna 10 00001204
1203,2026-03-12,1180,IVA acreditable,5214.72,0.00,Registro factura INV-00160,INV-00160,CC-100 Operaciones,Bruno Garcia 02 00001204
1204,2026-03-08,2100,Cuentas por pagar,29538.24,0.00,Pago factura INV-00356,INV-00356,CC-100 Operaciones,Bruno Garcia 02 00001204
1205,2026-05-20,1180,IVA acreditable,10391.20,0.00,Registro factura INV-00217,INV-00217,CC-100 Operaciones,Ana Ruiz 07 00001204
1206,2026-05-15,2100,Cuentas por pagar,0.00,47749.08,Registro factura INV-00311,INV-00311,CC-100 Operaciones,Fabian Rios 06 00001204
1207,2026-05-05,1180,IVA acreditable,4551.68,0.00,Registro factura INV-00351,INV-00351,CC-100 Operaciones,Bruno Garcia 02 00001204
1208,2026-06-22,1020,Bancos,0.00,14221.60,Pago factura INV-00350,INV-00350,CC-100 Operaciones,Bruno Garcia 02 00001204
1209,2026-02-05,1180,IVA acreditable,5232.48,0.00,Registro factura INV-00115,INV-00115,CC-100 Operaciones,Elena Mora 05 00001204
1210,2026-03-08,1020,Bancos,0.00,104811.80,Pago factura INV-00342,INV-00342,CC-100 Operaciones,Bruno Garcia 02 00001204
1211,2026-05-21,2100,Cuentas por pagar,0.00,37705.80,Registro factura INV-00121,INV-00121,CC-100 Operaciones,Diego Luna 04 00001204
1212,2026-06-30,2100,Cuentas por pagar,90707.36,0.00,Pago factura INV-00059,INV-00059,CC-100 Operaciones,Bruno Garcia 02 00001204
1213,2026-01-20,2100,Cuentas por pagar,27994.28,0.00,Pago factura INV-00169,INV-00169,CC-100 Operaciones,Bruno Garcia 02 00001204
1214,2026-05-16,2100,Cuentas por pagar,0.00,64232.68,Registro factura INV-00204,INV-00204,CC-100 Operaciones,Ana Ruiz 01 00001204
1215,2026-03-09,1020,Bancos,0.00,37049.24,Pago factura INV-00239,INV-00239,CC-100 Operaciones,Bruno Garcia 02 00001204
1216,2026-02-14,2100,Cuentas por pagar,0.00,19269.92,Registro factura INV-00067,INV-00067,CC-100 Operaciones,Diego Luna 04 00001204
1217,2026-06-07,2100,Cuentas por pagar,0.00,89670.32,Registro factura INV-00281,INV-00281,CC-100 Operaciones,Carla Soto 03 00001204
1218,2026-03-20,5000,Gastos operativos,71202.00,0.00,Registro factura INV-00123,INV-00123,CC-100 Operaciones,Diego Luna 04 00001204
1219,2026-04-04,5000,Gastos operativos,33975.00,0.00,Registro factura INV-00178,INV-00178,CC-100 Operaciones,Ana Ruiz 01 00001204
1220,2026-04-19,2100,Cuentas por pagar,0.00,59657.64,Registro factura INV-00125,INV-00125,CC-100 Operaciones,Bruno Garcia 08 00001204
1221,2026-05-07,5000,Gastos operativos,40707.00,0.00,Registro factura INV-00326,INV-00326,CC-100 Operaciones,Bruno Garcia 02 00001204
1222,2026-05-24,2100,Cuentas por pagar,30869.92,0.00,Pago factura INV-00027,INV-00027,CC-100 Operaciones,Bruno Garcia 02 00001204
1223,2026-05-04,1180,IVA acreditable,14325.12,0.00,Registro factura INV-00323,INV-00323,CC-100 Operaciones,Carla Soto 03 00001204
1224,2026-06-28,5000,Gastos operativos,31003.00,0.00,Registro factura INV-00314,INV-00314,CC-100 Operaciones,Bruno Garcia 08 00001204
1225,2026-02-04,1020,Bancos,0.00,75194.68,Pago factura INV-00329,INV-00329,CC-100 Operaciones,Bruno Garcia 02 00001204
1226,2026-06-11,2100,Cuentas por pagar,14795.80,0.00,Pago factura INV-00142,INV-00142,CC-100 Operaciones,Bruno Garcia 02 00001204
1227,2026-04-13,1180,IVA acreditable,6207.84,0.00,Registro factura INV-00300,INV-00300,CC-100 Operaciones,Bruno Garcia 08 00001204
1228,2026-03-10,1180,IVA acreditable,12081.60,0.00,Registro factura INV-00119,INV-00119,CC-100 Operaciones,Bruno Garcia 08 00001204
1229,2026-05-20,1180,IVA acreditable,10150.72,0.00,Registro factura INV-00054,INV-00054,CC-100 Operaciones,Carla Soto 09 00001204
1230,2026-05-30,1020,Bancos,0.00,75336.20,Pago factura INV-00217,INV-00217,CC-100 Operaciones,Bruno Garcia 02 00001204
1231,2026-06-25,2100,Cuentas por pagar,0.00,76214.32,Registro factura INV-00141,INV-00141,CC-100 Operaciones,Carla Soto 09 00001204
1232,2026-02-04,1180,IVA acreditable,9526.88,0.00,Registro factura INV-00312,INV-00312,CC-100 Operaciones,Diego Luna 10 00001204
1233,2026-04-14,5000,Gastos operativos,27188.00,0.00,Registro factura INV-00097,INV-00097,CC-100 Operaciones,Ana Ruiz 07 00001204
1234,2026-05-30,2100,Cuentas por pagar,73592.72,0.00,Pago factura INV-00054,INV-00054,CC-100 Operaciones,Bruno Garcia 02 00001204
1235,2026-02-27,1020,Bancos,0.00,79973.88,Pago factura INV-00106,INV-00106,CC-100 Operaciones,Bruno Garcia 02 00001204
1236,2026-05-12,2100,Cuentas por pagar,0.00,59092.72,Registro factura INV-00013,INV-00013,CC-100 Operaciones,Elena Mora 05 00001204
1237,2026-04-16,1180,IVA acreditable,0.00,689.66,Reembolso proveedor INV-00018,INV-00018,CC-100 Operaciones,Bruno Garcia 02 00001204
1238,2026-02-15,1020,Bancos,0.00,45314.24,Pago factura INV-00262,INV-00262,CC-100 Operaciones,Bruno Garcia 02 00001204
1239,2026-01-22,2100,Cuentas por pagar,0.00,73324.76,Registro factura INV-00017,INV-00017,CC-100 Operaciones,Ana Ruiz 07 00001204
1240,2026-01-17,1180,IVA acreditable,14352.64,0.00,Registro factura INV-00185,INV-00185,CC-100 Operaciones,Diego Luna 04 00001204
1241,2026-01-31,2100,Cuentas por pagar,0.00,49927.56,Registro factura INV-00138,INV-00138,CC-100 Operaciones,Bruno Garcia 02 00001204
1242,2026-06-25,2100,Cuentas por pagar,0.00,49099.32,Registro factura INV-00238,INV-00238,CC-100 Operaciones,Ana Ruiz 01 00001204
1243,2026-04-26,2100,Cuentas por pagar,43364.28,0.00,Pago factura INV-00047,INV-00047,CC-100 Operaciones,Bruno Garcia 02 00001204
1244,2026-05-31,1020,Bancos,0.00,37705.80,Pago factura INV-00121,INV-00121,CC-100 Operaciones,Bruno Garcia 02 00001204
1245,2026-02-11,1180,IVA acreditable,11073.44,0.00,Registro factura INV-00041,INV-00041,CC-100 Operaciones,Carla Soto 03 00001204
1246,2026-03-11,1020,Bancos,0.00,109382.20,Pago factura INV-00108,INV-00108,CC-100 Operaciones,Bruno Garcia 02 00001204
1247,2026-06-17,1020,Bancos,0.00,89670.32,Pago factura INV-00281,INV-00281,CC-100 Operaciones,Bruno Garcia 02 00001204
1248,2026-03-02,1180,IVA acreditable,6700.48,0.00,Registro factura INV-00366,INV-00366,CC-100 Operaciones,Fabian Rios 06 00001204
1249,2026-05-13,1020,Bancos,0.00,16654.12,Pago factura INV-00315,INV-00315,CC-100 Operaciones,Bruno Garcia 02 00001204
1250,2026-04-02,5000,Gastos operativos,88357.00,0.00,Registro factura INV-00002,INV-00002,CC-100 Operaciones,Carla Soto 09 00001204
1251,2026-04-16,5000,Gastos operativos,74424.00,0.00,Registro factura INV-00337,INV-00337,CC-100 Operaciones,Ana Ruiz 07 00001204
1252,2026-05-26,2100,Cuentas por pagar,0.00,67371.64,Registro factura INV-00363,INV-00363,CC-100 Operaciones,Ana Ruiz 07 00001204
1253,2026-03-07,5000,Gastos operativos,92906.00,0.00,Registro factura INV-00055,INV-00055,CC-100 Operaciones,Carla Soto 09 00001204
1254,2026-02-28,2100,Cuentas por pagar,0.00,27904.96,Registro factura INV-00369,INV-00369,CC-100 Operaciones,Fabian Rios 06 00001204
1255,2026-01-05,1180,IVA acreditable,4924.00,0.00,Registro factura INV-00230,INV-00230,CC-100 Operaciones,Diego Luna 04 00001204
1256,2026-06-21,2100,Cuentas por pagar,74034.68,0.00,Pago factura INV-00208,INV-00208,CC-100 Operaciones,Bruno Garcia 02 00001204
1257,2026-05-14,5000,Gastos operativos,26612.00,0.00,Registro factura INV-00027,INV-00027,CC-100 Operaciones,Ana Ruiz 07 00001204
1258,2026-04-09,1020,Bancos,0.00,72410.68,Pago factura INV-00039,INV-00039,CC-100 Operaciones,Bruno Garcia 02 00001204
1259,2026-02-03,2100,Cuentas por pagar,26473.52,0.00,Pago factura INV-00035,INV-00035,CC-100 Operaciones,Bruno Garcia 02 00001204
1260,2026-02-26,2100,Cuentas por pagar,83823.92,0.00,Pago factura INV-00152,INV-00152,CC-100 Operaciones,Bruno Garcia 02 00001204
1261,2026-02-01,1180,IVA acreditable,10650.40,0.00,Registro factura INV-00322,INV-00322,CC-100 Operaciones,Carla Soto 09 00001204
1262,2026-03-23,2100,Cuentas por pagar,14135.30,0.00,Pago factura INV-00009,INV-00009,CC-100 Operaciones,Bruno Garcia 02 00001204
1263,2026-05-21,1180,IVA acreditable,5341.44,0.00,Registro factura INV-00170,INV-00170,CC-100 Operaciones,Bruno Garcia 02 00001204
1264,2026-02-15,1020,Bancos,0.00,30410.56,Pago factura INV-00251,INV-00251,CC-100 Operaciones,Bruno Garcia 02 00001204
1265,2026-06-18,1180,IVA acreditable,9250.88,0.00,Registro factura INV-00012,INV-00012,CC-100 Operaciones,Diego Luna 04 00001204
1266,2026-02-16,4000,Ingresos por servicios,0.00,61500.00,Registro venta INV-00328,INV-00328,CC-100 Operaciones,Bruno Garcia 02 00001204
1267,2026-04-08,5000,Gastos operativos,74793.00,0.00,Registro factura INV-00044,INV-00044,CC-100 Operaciones,Elena Mora 05 00001204
1268,2026-02-20,4000,Ingresos por servicios,0.00,53703.00,Registro venta INV-00287,INV-00287,CC-100 Operaciones,Bruno Garcia 02 00001204
1269,2026-06-24,2100,Cuentas por pagar,55612.72,0.00,Pago factura INV-00129,INV-00129,CC-100 Operaciones,Bruno Garcia 02 00001204
1270,2026-02-24,5000,Gastos operativos,26653.00,0.00,Registro factura INV-00252,INV-00252,CC-100 Operaciones,Bruno Garcia 08 00001204
1271,2026-03-24,2100,Cuentas por pagar,76953.24,0.00,Pago factura INV-00140,INV-00140,CC-100 Operaciones,Bruno Garcia 02 00001204
1272,2026-01-30,2100,Cuentas por pagar,59185.52,0.00,Pago factura INV-00137,INV-00137,CC-100 Operaciones,Bruno Garcia 02 00001204
1273,2026-02-20,2080,IVA trasladado,0.00,8592.48,Registro venta INV-00287,INV-00287,CC-100 Operaciones,Bruno Garcia 02 00001204
1274,2026-01-15,5000,Gastos operativos,33125.00,0.00,Registro factura INV-00304,INV-00304,CC-100 Operaciones,Diego Luna 10 00001204
1275,2026-03-12,2100,Cuentas por pagar,21419.40,0.00,Pago factura INV-00194,INV-00194,CC-100 Operaciones,Bruno Garcia 02 00001204
1276,2026-01-28,1020,Bancos,0.00,97936.48,Pago factura INV-00149,INV-00149,CC-100 Operaciones,Bruno Garcia 02 00001204
1277,2026-03-12,1020,Bancos,0.00,27188.54,Pago factura INV-00090,INV-00090,CC-100 Operaciones,Bruno Garcia 02 00001204
1278,2026-06-23,1020,Bancos,0.00,39289.20,Pago factura INV-00065,INV-00065,CC-100 Operaciones,Bruno Garcia 02 00001204
1279,2026-02-18,5000,Gastos operativos,27711.00,0.00,Registro factura INV-00196,INV-00196,CC-100 Operaciones,Diego Luna 10 00001204
1280,2026-03-16,1020,Bancos,0.00,23432.00,Pago factura INV-00154,INV-00154,CC-100 Operaciones,Bruno Garcia 02 00001204
1281,2026-03-25,1020,Bancos,0.00,98254.32,Pago factura INV-00236,INV-00236,CC-100 Operaciones,Bruno Garcia 02 00001204
1282,2026-02-17,5000,Gastos operativos,68943.00,0.00,Registro factura INV-00106,INV-00106,CC-100 Operaciones,Carla Soto 03 00001204
1283,2026-03-04,2100,Cuentas por pagar,0.00,19472.92,Registro factura INV-00210,INV-00210,CC-100 Operaciones,Diego Luna 10 00001204
1284,2026-06-04,1180,IVA acreditable,5903.04,0.00,Registro factura INV-00275,INV-00275,CC-100 Operaciones,Diego Luna 04 00001204
1285,2026-01-21,2100,Cuentas por pagar,77463.64,0.00,Pago factura INV-00098,INV-00098,CC-100 Operaciones,Bruno Garcia 02 00001204
1286,2026-05-16,1020,Bancos,0.00,89695.84,Pago factura INV-00089,INV-00089,CC-100 Operaciones,Bruno Garcia 02 00001204
1287,2026-03-02,2100,Cuentas por pagar,69119.76,0.00,Pago factura INV-00296,INV-00296,CC-100 Operaciones,Bruno Garcia 02 00001204
1288,2026-03-02,1180,IVA acreditable,11568.64,0.00,Registro factura INV-00075,INV-00075,CC-100 Operaciones,Bruno Garcia 08 00001204
1289,2026-06-13,1180,IVA acreditable,9664.48,0.00,Registro factura INV-00357,INV-00357,CC-100 Operaciones,Carla Soto 03 00001204
1290,2026-02-21,2100,Cuentas por pagar,80282.44,0.00,Pago factura INV-00041,INV-00041,CC-100 Operaciones,Bruno Garcia 02 00001204
1291,2026-02-22,5000,Gastos operativos,26585.00,0.00,Registro factura INV-00107,INV-00107,CC-100 Operaciones,Diego Luna 04 00001204
1292,2026-03-11,2100,Cuentas por pagar,0.00,47942.80,Registro factura INV-00237,INV-00237,CC-100 Operaciones,Ana Ruiz 07 00001204
1293,2026-04-18,5000,Gastos operativos,52801.00,0.00,Registro factura INV-00076,INV-00076,CC-100 Operaciones,Carla Soto 09 00001204
1294,2026-05-12,5000,Gastos operativos,50942.00,0.00,Registro factura INV-00013,INV-00013,CC-100 Operaciones,Elena Mora 05 00001204
1295,2026-02-02,5000,Gastos operativos,76071.00,0.00,Registro factura INV-00290,INV-00290,CC-100 Operaciones,Bruno Garcia 08 00001204
1296,2026-04-12,1020,Bancos,0.00,102494.12,Pago factura INV-00002,INV-00002,CC-100 Operaciones,Bruno Garcia 02 00001204
1297,2026-03-27,1180,IVA acreditable,7652.16,0.00,Registro factura INV-00057,INV-00057,CC-100 Operaciones,Carla Soto 09 00001204
1298,2026-01-21,5000,Gastos operativos,43363.00,0.00,Registro factura INV-00074,INV-00074,CC-100 Operaciones,Bruno Garcia 08 00001204
1299,2026-05-14,2100,Cuentas por pagar,62118.00,0.00,Pago factura INV-00343,INV-00343,CC-100 Operaciones,Bruno Garcia 02 00001204
1300,2026-05-14,2100,Cuentas por pagar,0.00,45118.20,Registro factura INV-00325,INV-00325,CC-100 Operaciones,Carla Soto 09 00001204
1301,2026-04-05,5000,Gastos operativos,30775.00,0.00,Registro factura INV-00117,INV-00117,CC-100 Operaciones,Ana Ruiz 07 00001204
1302,2026-05-20,1020,Bancos,0.00,88675.04,Pago factura INV-00024,INV-00024,CC-100 Operaciones,Bruno Garcia 02 00001204
1303,2026-05-31,5000,Gastos operativos,47032.00,0.00,Registro factura INV-00269,INV-00269,CC-100 Operaciones,Bruno Garcia 08 00001204
1304,2026-04-25,1180,IVA acreditable,9300.80,0.00,Registro factura INV-00159,INV-00159,CC-100 Operaciones,Bruno Garcia 08 00001204
1305,2026-05-12,2100,Cuentas por pagar,86855.00,0.00,Pago factura INV-00086,INV-00086,CC-100 Operaciones,Bruno Garcia 02 00001204
1306,2026-04-17,1020,Bancos,0.00,39624.44,Pago factura INV-00260,INV-00260,CC-100 Operaciones,Bruno Garcia 02 00001204
1307,2026-02-16,2080,IVA trasladado,0.00,9840.00,Registro venta INV-00328,INV-00328,CC-100 Operaciones,Bruno Garcia 02 00001204
1308,2026-06-19,2100,Cuentas por pagar,0.00,68491.04,Registro factura INV-00003,INV-00003,CC-100 Operaciones,Ana Ruiz 01 00001204
1309,2026-02-12,5000,Gastos operativos,29948.00,0.00,Registro factura INV-00279,INV-00279,CC-100 Operaciones,Diego Luna 10 00001204
1310,2026-06-08,2100,Cuentas por pagar,101266.84,0.00,Pago factura INV-00096,INV-00096,CC-100 Operaciones,Bruno Garcia 02 00001204
1311,2026-05-15,1020,Bancos,0.00,32999.68,Pago factura INV-00351,INV-00351,CC-100 Operaciones,Bruno Garcia 02 00001204
1312,2026-02-01,2100,Cuentas por pagar,73324.76,0.00,Pago factura INV-00017,INV-00017,CC-100 Operaciones,Bruno Garcia 02 00001204
1313,2026-02-19,5000,Gastos operativos,41514.00,0.00,Registro factura INV-00246,INV-00246,CC-100 Operaciones,Elena Mora 05 00001204
1314,2026-05-25,1020,Bancos,0.00,47749.08,Pago factura INV-00311,INV-00311,CC-100 Operaciones,Bruno Garcia 02 00001204
1315,2026-05-20,2100,Cuentas por pagar,98710.20,0.00,Pago factura INV-00148,INV-00148,CC-100 Operaciones,Bruno Garcia 02 00001204
1316,2026-05-01,1180,IVA acreditable,3934.08,0.00,Registro factura INV-00348,INV-00348,CC-100 Operaciones,Fabian Rios 06 00001204
1317,2026-04-05,2100,Cuentas por pagar,0.00,34423.00,Registro factura INV-00118,INV-00118,CC-100 Operaciones,Fabian Rios 06 00001204
1318,2026-02-25,2100,Cuentas por pagar,85242.60,0.00,Pago factura INV-00122,INV-00122,CC-100 Operaciones,Bruno Garcia 02 00001204
1319,2026-05-15,2100,Cuentas por pagar,32999.68,0.00,Pago factura INV-00351,INV-00351,CC-100 Operaciones,Bruno Garcia 02 00001204
1320,2026-06-06,1180,IVA acreditable,5306.72,0.00,Registro factura INV-00036,INV-00036,CC-100 Operaciones,Bruno Garcia 08 00001204
1321,2026-01-10,1180,IVA acreditable,9625.60,0.00,Registro factura INV-00209,INV-00209,CC-100 Operaciones,Carla Soto 09 00001204
1322,2026-06-21,2100,Cuentas por pagar,0.00,45346.72,Registro factura INV-00189,INV-00189,CC-100 Operaciones,Elena Mora 05 00001204
1323,2026-06-30,1020,Bancos,0.00,26120.88,Pago factura INV-00331,INV-00331,CC-100 Operaciones,Bruno Garcia 02 00001204
1324,2026-02-19,2100,Cuentas por pagar,77931.12,0.00,Pago factura INV-00120,INV-00120,CC-100 Operaciones,Bruno Garcia 02 00001204
1325,2026-05-23,2100,Cuentas por pagar,0.00,65923.96,Registro factura INV-00116,INV-00116,CC-100 Operaciones,Bruno Garcia 08 00001204
1326,2026-02-11,2100,Cuentas por pagar,0.00,43487.24,Registro factura INV-00081,INV-00081,CC-100 Operaciones,Elena Mora 05 00001204
1327,2026-06-30,1020,Bancos,0.00,78700.20,Pago factura INV-00071,INV-00071,CC-100 Operaciones,Bruno Garcia 02 00001204
1328,2026-03-26,1180,IVA acreditable,3101.28,0.00,Registro factura INV-00147,INV-00147,CC-100 Operaciones,Diego Luna 04 00001204
1329,2026-04-09,1180,IVA acreditable,13530.24,0.00,Registro factura INV-00201,INV-00201,CC-100 Operaciones,Diego Luna 04 00001204
1330,2026-05-11,1020,Bancos,0.00,88743.48,Pago factura INV-00099,INV-00099,CC-100 Operaciones,Bruno Garcia 02 00001204
1331,2026-06-14,2100,Cuentas por pagar,0.00,55612.72,Registro factura INV-00129,INV-00129,CC-100 Operaciones,Diego Luna 10 00001204
1332,2026-03-10,2100,Cuentas por pagar,27904.96,0.00,Pago factura INV-00369,INV-00369,CC-100 Operaciones,Bruno Garcia 02 00001204
1333,2026-04-07,5000,Gastos operativos,64264.00,0.00,Registro factura INV-00293,INV-00293,CC-100 Operaciones,Bruno Garcia 08 00001204
1334,2026-04-20,2100,Cuentas por pagar,0.00,95207.00,Registro factura INV-00088,INV-00088,CC-100 Operaciones,Carla Soto 03 00001204
1335,2026-03-02,2100,Cuentas por pagar,0.00,83872.64,Registro factura INV-00075,INV-00075,CC-100 Operaciones,Bruno Garcia 08 00001204
1336,2026-01-14,2100,Cuentas por pagar,0.00,99316.88,Registro factura INV-00146,INV-00146,CC-100 Operaciones,Carla Soto 03 00001204
1337,2026-06-15,2100,Cuentas por pagar,35338.24,0.00,Pago factura INV-00225,INV-00225,CC-100 Operaciones,Bruno Garcia 02 00001204
1338,2026-06-17,1020,Bancos,0.00,77420.72,Pago factura INV-00278,INV-00278,CC-100 Operaciones,Bruno Garcia 02 00001204
1339,2026-01-23,1020,Bancos,0.00,14135.30,Pago factura INV-00007,INV-00007,CC-100 Operaciones,Bruno Garcia 02 00001204
1340,2026-04-02,1180,IVA acreditable,4329.76,0.00,Registro factura INV-00150,INV-00150,CC-100 Operaciones,Ana Ruiz 07 00001204
1341,2026-06-15,5000,Gastos operativos,42793.00,0.00,Registro factura INV-00112,INV-00112,CC-100 Operaciones,Elena Mora 05 00001204
1342,2026-02-01,2100,Cuentas por pagar,74995.16,0.00,Pago factura INV-00214,INV-00214,CC-100 Operaciones,Bruno Garcia 02 00001204
1343,2026-06-21,1180,IVA acreditable,6254.72,0.00,Registro factura INV-00189,INV-00189,CC-100 Operaciones,Elena Mora 05 00001204
1344,2026-03-12,5000,Gastos operativos,32592.00,0.00,Registro factura INV-00160,INV-00160,CC-100 Operaciones,Bruno Garcia 02 00001204
1345,2026-04-17,5000,Gastos operativos,36330.00,0.00,Registro factura INV-00202,INV-00202,CC-100 Operaciones,Diego Luna 04 00001204
1346,2026-05-05,5000,Gastos operativos,44721.00,0.00,Registro factura INV-00199,INV-00199,CC-100 Operaciones,Diego Luna 10 00001204
1347,2026-01-05,1180,IVA acreditable,6250.24,0.00,Registro factura INV-00053,INV-00053,CC-100 Operaciones,Bruno Garcia 08 00001204
1348,2026-03-30,2100,Cuentas por pagar,23464.48,0.00,Pago factura INV-00242,INV-00242,CC-100 Operaciones,Bruno Garcia 02 00001204
1349,2026-04-24,2100,Cuentas por pagar,0.00,64657.24,Registro factura INV-00191,INV-00191,CC-100 Operaciones,Ana Ruiz 01 00001204
1350,2026-01-09,2100,Cuentas por pagar,0.00,78566.80,Registro factura INV-00286,INV-00286,CC-100 Operaciones,Bruno Garcia 02 00001204
1351,2026-06-19,1180,IVA acreditable,9447.04,0.00,Registro factura INV-00003,INV-00003,CC-100 Operaciones,Ana Ruiz 01 00001204
1352,2026-02-01,2100,Cuentas por pagar,0.00,50212.92,Registro factura INV-00180,INV-00180,CC-100 Operaciones,Ana Ruiz 01 00001204
1353,2026-06-11,1180,IVA acreditable,10211.68,0.00,Registro factura INV-00208,INV-00208,CC-100 Operaciones,Carla Soto 09 00001204
1354,2026-06-28,1020,Bancos,0.00,67068.88,Pago factura INV-00012,INV-00012,CC-100 Operaciones,Bruno Garcia 02 00001204
1355,2026-04-08,1180,IVA acreditable,6467.84,0.00,Registro factura INV-00259,INV-00259,CC-100 Operaciones,Ana Ruiz 07 00001204
1356,2026-03-11,5000,Gastos operativos,41330.00,0.00,Registro factura INV-00237,INV-00237,CC-100 Operaciones,Ana Ruiz 07 00001204
1357,2026-06-05,5000,Gastos operativos,76667.00,0.00,Registro factura INV-00186,INV-00186,CC-100 Operaciones,Carla Soto 09 00001204
1358,2026-01-05,2100,Cuentas por pagar,0.00,35699.00,Registro factura INV-00230,INV-00230,CC-100 Operaciones,Diego Luna 04 00001204
1359,2026-05-26,1180,IVA acreditable,9292.64,0.00,Registro factura INV-00363,INV-00363,CC-100 Operaciones,Ana Ruiz 07 00001204
1360,2026-03-11,1180,IVA acreditable,6612.80,0.00,Registro factura INV-00237,INV-00237,CC-100 Operaciones,Ana Ruiz 07 00001204
1361,2026-03-04,1180,IVA acreditable,2685.92,0.00,Registro factura INV-00210,INV-00210,CC-100 Operaciones,Diego Luna 10 00001204
1362,2026-06-25,1180,IVA acreditable,6772.32,0.00,Registro factura INV-00238,INV-00238,CC-100 Operaciones,Ana Ruiz 01 00001204
1363,2026-01-12,2100,Cuentas por pagar,0.00,36048.16,Registro factura INV-00077,INV-00077,CC-100 Operaciones,Ana Ruiz 01 00001204
1364,2026-06-22,2100,Cuentas por pagar,0.00,37974.92,Registro factura INV-00250,INV-00250,CC-100 Operaciones,Diego Luna 10 00001204
1365,2026-01-27,1020,Bancos,0.00,104056.64,Pago factura INV-00185,INV-00185,CC-100 Operaciones,Bruno Garcia 02 00001204
1366,2026-03-05,2100,Cuentas por pagar,102085.80,0.00,Pago factura INV-00165,INV-00165,CC-100 Operaciones,Bruno Garcia 02 00001204
1367,2026-05-30,2100,Cuentas por pagar,75336.20,0.00,Pago factura INV-00217,INV-00217,CC-100 Operaciones,Bruno Garcia 02 00001204
1368,2026-02-20,2100,Cuentas por pagar,0.00,69119.76,Registro factura INV-00296,INV-00296,CC-100 Operaciones,Bruno Garcia 02 00001204
1369,2026-04-10,1020,Bancos,0.00,66260.36,Pago factura INV-00274,INV-00274,CC-100 Operaciones,Bruno Garcia 02 00001204
1370,2026-02-18,1050,Cuentas por cobrar,61483.48,0.00,Registro venta INV-00288,INV-00288,CC-100 Operaciones,Bruno Garcia 02 00001204
1371,2026-06-21,1180,IVA acreditable,12511.36,0.00,Registro factura INV-00059,INV-00059,CC-100 Operaciones,Carla Soto 03 00001204
1372,2026-03-05,5000,Gastos operativos,39064.00,0.00,Registro factura INV-00090,INV-00090,CC-100 Operaciones,Diego Luna 10 00001204
1373,2026-03-23,1180,IVA acreditable,14859.68,0.00,Registro factura INV-00020,INV-00020,CC-100 Operaciones,Carla Soto 03 00001204
1374,2026-03-14,1020,Bancos,0.00,19472.92,Pago factura INV-00210,INV-00210,CC-100 Operaciones,Bruno Garcia 02 00001204
1375,2026-01-18,5000,Gastos operativos,65778.00,0.00,Registro factura INV-00061,INV-00061,CC-100 Operaciones,Ana Ruiz 01 00001204
1376,2026-01-25,1180,IVA acreditable,10371.68,0.00,Registro factura INV-00329,INV-00329,CC-100 Operaciones,Fabian Rios 06 00001204
1377,2026-04-23,2100,Cuentas por pagar,29382.80,0.00,Pago factura INV-00143,INV-00143,CC-100 Operaciones,Bruno Garcia 02 00001204
1378,2026-02-26,1180,IVA acreditable,14456.80,0.00,Registro factura INV-00342,INV-00342,CC-100 Operaciones,Bruno Garcia 02 00001204
1379,2026-04-20,1180,IVA acreditable,13132.00,0.00,Registro factura INV-00088,INV-00088,CC-100 Operaciones,Carla Soto 03 00001204
1380,2026-04-06,2100,Cuentas por pagar,32524.08,0.00,Pago factura INV-00292,INV-00292,CC-100 Operaciones,Bruno Garcia 02 00001204
1381,2026-01-05,5000,Gastos operativos,30775.00,0.00,Registro factura INV-00230,INV-00230,CC-100 Operaciones,Diego Luna 04 00001204
1382,2026-02-15,2100,Cuentas por pagar,0.00,31859.40,Registro factura INV-00026,INV-00026,CC-100 Operaciones,Ana Ruiz 01 00001204
1383,2026-04-08,2100,Cuentas por pagar,21128.24,0.00,Pago factura INV-00011,INV-00011,CC-100 Operaciones,Bruno Garcia 02 00001204
1384,2026-02-18,2100,Cuentas por pagar,103625.12,0.00,Pago factura INV-00073,INV-00073,CC-100 Operaciones,Bruno Garcia 02 00001204
1385,2026-02-10,5000,Gastos operativos,35981.00,0.00,Registro factura INV-00327,INV-00327,CC-100 Operaciones,Diego Luna 10 00001204
1386,2026-06-10,2100,Cuentas por pagar,88519.60,0.00,Pago factura INV-00175,INV-00175,CC-100 Operaciones,Bruno Garcia 02 00001204
1387,2026-02-27,1180,IVA acreditable,10936.32,0.00,Registro factura INV-00257,INV-00257,CC-100 Operaciones,Ana Ruiz 07 00001204
1388,2026-06-12,1180,IVA acreditable,4360.00,0.00,Registro factura INV-00298,INV-00298,CC-100 Operaciones,Fabian Rios 06 00001204
1389,2026-03-25,1180,IVA acreditable,14995.04,0.00,Registro factura INV-00069,INV-00069,CC-100 Operaciones,Elena Mora 05 00001204
1390,2026-06-24,1180,IVA acreditable,11149.60,0.00,Registro factura INV-00014,INV-00014,CC-100 Operaciones,Diego Luna 04 00001204
1391,2026-05-21,2100,Cuentas por pagar,85515.20,0.00,Pago factura INV-00155,INV-00155,CC-100 Operaciones,Bruno Garcia 02 00001204
1392,2026-01-25,1180,IVA acreditable,7474.72,0.00,Registro factura INV-00144,INV-00144,CC-100 Operaciones,Diego Luna 04 00001204
1393,2026-06-09,2100,Cuentas por pagar,15450.04,0.00,Pago factura INV-00109,INV-00109,CC-100 Operaciones,Bruno Garcia 02 00001204
1394,2026-02-18,1020,Bancos,0.00,103625.12,Pago factura INV-00073,INV-00073,CC-100 Operaciones,Bruno Garcia 02 00001204
1395,2026-05-13,1020,Bancos,0.00,45633.24,Pago factura INV-00261,INV-00261,CC-100 Operaciones,Bruno Garcia 02 00001204
1396,2026-02-27,2100,Cuentas por pagar,51239.52,0.00,Pago factura INV-00349,INV-00349,CC-100 Operaciones,Bruno Garcia 02 00001204
1397,2026-02-06,1020,Bancos,0.00,59708.68,Pago factura INV-00050,INV-00050,CC-100 Operaciones,Bruno Garcia 02 00001204
1398,2026-04-25,5000,Gastos operativos,58130.00,0.00,Registro factura INV-00159,INV-00159,CC-100 Operaciones,Bruno Garcia 08 00001204
1399,2026-04-15,1180,IVA acreditable,13811.20,0.00,Registro factura INV-00360,INV-00360,CC-100 Operaciones,Bruno Garcia 02 00001204
1400,2026-04-18,1180,IVA acreditable,8448.16,0.00,Registro factura INV-00076,INV-00076,CC-100 Operaciones,Carla Soto 09 00001204
1401,2026-01-27,2100,Cuentas por pagar,64515.72,0.00,Pago factura INV-00338,INV-00338,CC-100 Operaciones,Bruno Garcia 02 00001204
1402,2026-02-01,5000,Gastos operativos,66565.00,0.00,Registro factura INV-00322,INV-00322,CC-100 Operaciones,Carla Soto 09 00001204
1403,2026-05-22,1180,IVA acreditable,10246.88,0.00,Registro factura INV-00228,INV-00228,CC-100 Operaciones,Carla Soto 09 00001204
1404,2026-05-26,1020,Bancos,0.00,64232.68,Pago factura INV-00204,INV-00204,CC-100 Operaciones,Bruno Garcia 02 00001204
1405,2026-02-25,2100,Cuentas por pagar,51406.56,0.00,Pago factura INV-00046,INV-00046,CC-100 Operaciones,Bruno Garcia 02 00001204
1406,2026-01-25,2100,Cuentas por pagar,57385.20,0.00,Pago factura INV-00172,INV-00172,CC-100 Operaciones,Bruno Garcia 02 00001204
1407,2026-03-26,2100,Cuentas por pagar,0.00,29559.12,Registro factura INV-00215,INV-00215,CC-100 Operaciones,Bruno Garcia 02 00001204
1408,2026-06-29,2100,Cuentas por pagar,0.00,78700.20,Registro factura INV-00071,INV-00071,CC-100 Operaciones,Elena Mora 05 00001204
1409,2026-03-31,1180,IVA acreditable,9139.36,0.00,Registro factura INV-00274,INV-00274,CC-100 Operaciones,Carla Soto 03 00001204
1410,2026-01-30,5000,Gastos operativos,87479.00,0.00,Registro factura INV-00157,INV-00157,CC-100 Operaciones,Ana Ruiz 07 00001204
1411,2026-02-16,2100,Cuentas por pagar,0.00,83823.92,Registro factura INV-00152,INV-00152,CC-100 Operaciones,Bruno Garcia 08 00001204
1412,2026-03-09,2100,Cuentas por pagar,0.00,31028.84,Registro factura INV-00158,INV-00158,CC-100 Operaciones,Ana Ruiz 01 00001204
1413,2026-03-22,2100,Cuentas por pagar,52037.60,0.00,Pago factura INV-00060,INV-00060,CC-100 Operaciones,Bruno Garcia 02 00001204
1414,2026-04-24,5000,Gastos operativos,55739.00,0.00,Registro factura INV-00191,INV-00191,CC-100 Operaciones,Ana Ruiz 01 00001204
1415,2026-02-19,1020,Bancos,0.00,93804.56,Pago factura INV-00016,INV-00016,CC-100 Operaciones,Bruno Garcia 02 00001204
1416,2026-06-26,5000,Gastos operativos,71319.00,0.00,Registro factura INV-00010,INV-00010,CC-100 Operaciones,Fabian Rios 06 00001204
1417,2026-03-08,2100,Cuentas por pagar,0.00,46299.08,Registro factura INV-00064,INV-00064,CC-100 Operaciones,Bruno Garcia 08 00001204
1418,2026-02-19,2100,Cuentas por pagar,0.00,88840.92,Registro factura INV-00079,INV-00079,CC-100 Operaciones,Ana Ruiz 07 00001204
1419,2026-04-03,1020,Bancos,0.00,80551.56,Pago factura INV-00192,INV-00192,CC-100 Operaciones,Bruno Garcia 02 00001204
1420,2026-05-23,5000,Gastos operativos,56831.00,0.00,Registro factura INV-00116,INV-00116,CC-100 Operaciones,Bruno Garcia 08 00001204
1421,2026-03-23,2100,Cuentas por pagar,0.00,67481.84,Registro factura INV-00346,INV-00346,CC-100 Operaciones,Elena Mora 05 00001204
1422,2026-03-31,2100,Cuentas por pagar,0.00,66260.36,Registro factura INV-00274,INV-00274,CC-100 Operaciones,Carla Soto 03 00001204
1423,2026-04-08,1020,Bancos,0.00,21128.24,Pago factura INV-00011,INV-00011,CC-100 Operaciones,Bruno Garcia 02 00001204
1424,2026-02-05,5000,Gastos operativos,26216.00,0.00,Registro factura INV-00251,INV-00251,CC-100 Operaciones,Ana Ruiz 07 00001204
1425,2026-03-10,5000,Gastos operativos,46575.00,0.00,Registro factura INV-00198,INV-00198,CC-100 Operaciones,Diego Luna 10 00001204
1426,2026-06-20,1020,Bancos,0.00,84892.28,Pago factura INV-00070,INV-00070,CC-100 Operaciones,Bruno Garcia 02 00001204
1427,2026-05-15,5000,Gastos operativos,93389.00,0.00,Registro factura INV-00367,INV-00367,CC-100 Operaciones,Diego Luna 04 00001204
1428,2026-05-27,1020,Bancos,0.00,34595.84,Pago factura INV-00093,INV-00093,CC-100 Operaciones,Bruno Garcia 02 00001204
1429,2026-04-09,2100,Cuentas por pagar,0.00,98094.24,Registro factura INV-00201,INV-00201,CC-100 Operaciones,Diego Luna 04 00001204
1430,2026-01-11,5000,Gastos operativos,71377.00,0.00,Registro factura INV-00124,INV-00124,CC-100 Operaciones,Diego Luna 04 00001204
1431,2026-02-18,1020,Bancos,0.00,104271.24,Pago factura INV-00162,INV-00162,CC-100 Operaciones,Bruno Garcia 02 00001204
1432,2026-06-26,1020,Bancos,0.00,76650.48,Pago factura INV-00058,INV-00058,CC-100 Operaciones,Bruno Garcia 02 00001204
1433,2026-05-23,2100,Cuentas por pagar,14279.60,0.00,Pago factura INV-00130,INV-00130,CC-100 Operaciones,Bruno Garcia 02 00001204
1434,2026-03-02,2100,Cuentas por pagar,28116.08,0.00,Pago factura INV-00265,INV-00265,CC-100 Operaciones,Bruno Garcia 02 00001204
1435,2026-06-30,2100,Cuentas por pagar,59444.20,0.00,Pago factura INV-00048,INV-00048,CC-100 Operaciones,Bruno Garcia 02 00001204
1436,2026-02-11,1020,Bancos,0.00,50212.92,Pago factura INV-00180,INV-00180,CC-100 Operaciones,Bruno Garcia 02 00001204
1437,2026-02-09,1180,IVA acreditable,12938.56,0.00,Registro factura INV-00016,INV-00016,CC-100 Operaciones,Ana Ruiz 01 00001204
1438,2026-01-30,1050,Cuentas por cobrar,44080.00,0.00,Registro venta INV-00285,INV-00285,CC-100 Operaciones,Bruno Garcia 02 00001204
1439,2026-06-21,2100,Cuentas por pagar,0.00,90707.36,Registro factura INV-00059,INV-00059,CC-100 Operaciones,Carla Soto 03 00001204
1440,2026-05-20,5000,Gastos operativos,64945.00,0.00,Registro factura INV-00217,INV-00217,CC-100 Operaciones,Ana Ruiz 07 00001204
1441,2026-04-20,5000,Gastos operativos,12519.00,0.00,Registro factura INV-00277,INV-00277,CC-100 Operaciones,Elena Mora 05 00001204
1442,2026-04-16,2100,Cuentas por pagar,21315.00,0.00,Pago factura INV-00211,INV-00211,CC-100 Operaciones,Bruno Garcia 02 00001204
1443,2026-01-12,2100,Cuentas por pagar,0.00,28646.20,Registro factura INV-00313,INV-00313,CC-100 Operaciones,Carla Soto 03 00001204
1444,2026-05-01,5000,Gastos operativos,24588.00,0.00,Registro factura INV-00348,INV-00348,CC-100 Operaciones,Fabian Rios 06 00001204
1445,2026-03-20,2100,Cuentas por pagar,0.00,82594.32,Registro factura INV-00123,INV-00123,CC-100 Operaciones,Diego Luna 04 00001204
1446,2026-05-03,2100,Cuentas por pagar,0.00,16654.12,Registro factura INV-00315,INV-00315,CC-100 Operaciones,Bruno Garcia 08 00001204
1447,2026-02-21,1020,Bancos,0.00,43487.24,Pago factura INV-00081,INV-00081,CC-100 Operaciones,Bruno Garcia 02 00001204
1448,2026-06-05,1020,Bancos,0.00,68733.48,Pago factura INV-00330,INV-00330,CC-100 Operaciones,Bruno Garcia 02 00001204
1449,2026-05-30,5000,Gastos operativos,72822.00,0.00,Registro factura INV-00268,INV-00268,CC-100 Operaciones,Carla Soto 03 00001204
1450,2026-05-21,2100,Cuentas por pagar,36592.20,0.00,Pago factura INV-00176,INV-00176,CC-100 Operaciones,Bruno Garcia 02 00001204
1451,2026-01-19,1020,Bancos,0.00,78566.80,Pago factura INV-00286,INV-00286,CC-100 Operaciones,Bruno Garcia 02 00001204
1452,2026-02-02,1020,Bancos,0.00,59427.96,Pago factura INV-00072,INV-00072,CC-100 Operaciones,Bruno Garcia 02 00001204
1453,2026-02-17,2100,Cuentas por pagar,0.00,51239.52,Registro factura INV-00349,INV-00349,CC-100 Operaciones,Elena Mora 05 00001204
1454,2026-06-27,1020,Bancos,0.00,84272.84,Pago factura INV-00249,INV-00249,CC-100 Operaciones,Bruno Garcia 02 00001204
1455,2026-03-19,1020,Bancos,0.00,46514.84,Pago factura INV-00049,INV-00049,CC-100 Operaciones,Bruno Garcia 02 00001204
1456,2026-04-07,1180,IVA acreditable,10282.24,0.00,Registro factura INV-00293,INV-00293,CC-100 Operaciones,Bruno Garcia 08 00001204
1457,2026-02-16,2100,Cuentas por pagar,69017.68,0.00,Pago factura INV-00205,INV-00205,CC-100 Operaciones,Bruno Garcia 02 00001204
1458,2026-01-26,2100,Cuentas por pagar,75456.84,0.00,Pago factura INV-00362,INV-00362,CC-100 Operaciones,Bruno Garcia 02 00001204
1459,2026-02-19,2080,IVA trasladado,0.00,8536.48,Registro venta INV-00161,INV-00161,CC-100 Operaciones,Bruno Garcia 02 00001204
1460,2026-04-06,5000,Gastos operativos,0.00,40000.00,Reembolso proveedor INV-00284,INV-00284,CC-100 Operaciones,Bruno Garcia 02 00001204
1461,2026-05-05,5000,Gastos operativos,30464.00,0.00,Registro factura INV-00004,INV-00004,CC-100 Operaciones,Fabian Rios 06 00001204
1462,2026-06-23,2100,Cuentas por pagar,0.00,26120.88,Registro factura INV-00331,INV-00331,CC-100 Operaciones,Ana Ruiz 07 00001204
1463,2026-05-10,1180,IVA acreditable,13615.20,0.00,Registro factura INV-00148,INV-00148,CC-100 Operaciones,Ana Ruiz 01 00001204
1464,2026-02-20,2100,Cuentas por pagar,41737.96,0.00,Pago factura INV-00327,INV-00327,CC-100 Operaciones,Bruno Garcia 02 00001204
1465,2026-03-16,2100,Cuentas por pagar,0.00,55878.36,Registro factura INV-00034,INV-00034,CC-100 Operaciones,Fabian Rios 06 00001204
1466,2026-02-05,5000,Gastos operativos,30464.00,0.00,Registro factura INV-00095,INV-00095,CC-100 Operaciones,Carla Soto 03 00001204
1467,2026-04-22,1180,IVA acreditable,11067.68,0.00,Registro factura INV-00352,INV-00352,CC-100 Operaciones,Elena Mora 05 00001204
1468,2026-04-18,2100,Cuentas por pagar,46891.84,0.00,Pago factura INV-00259,INV-00259,CC-100 Operaciones,Bruno Garcia 02 00001204
1469,2026-04-08,2100,Cuentas por pagar,0.00,86759.88,Registro factura INV-00044,INV-00044,CC-100 Operaciones,Elena Mora 05 00001204
1470,2026-06-30,1020,Bancos,0.00,45346.72,Pago factura INV-00189,INV-00189,CC-100 Operaciones,Bruno Garcia 02 00001204
1471,2026-04-02,2100,Cuentas por pagar,107732.68,0.00,Pago factura INV-00020,INV-00020,CC-100 Operaciones,Bruno Garcia 02 00001204
1472,2026-05-31,2100,Cuentas por pagar,38725.44,0.00,Pago factura INV-00170,INV-00170,CC-100 Operaciones,Bruno Garcia 02 00001204
1473,2026-05-05,2100,Cuentas por pagar,0.00,32999.68,Registro factura INV-00351,INV-00351,CC-100 Operaciones,Bruno Garcia 02 00001204
1474,2026-05-18,1020,Bancos,0.00,67202.28,Pago factura INV-00203,INV-00203,CC-100 Operaciones,Bruno Garcia 02 00001204
1475,2026-03-05,2100,Cuentas por pagar,0.00,35338.24,Registro factura INV-00009,INV-00009,CC-100 Operaciones,Diego Luna 04 00001204
1476,2026-03-01,1180,IVA acreditable,15087.20,0.00,Registro factura INV-00108,INV-00108,CC-100 Operaciones,Carla Soto 03 00001204
1477,2026-05-07,5000,Gastos operativos,44629.00,0.00,Registro factura INV-00188,INV-00188,CC-100 Operaciones,Diego Luna 04 00001204
1478,2026-06-23,1180,IVA acreditable,13356.48,0.00,Registro factura INV-00241,INV-00241,CC-100 Operaciones,Elena Mora 05 00001204
1479,2026-03-15,2100,Cuentas por pagar,73332.88,0.00,Pago factura INV-00306,INV-00306,CC-100 Operaciones,Bruno Garcia 02 00001204
1480,2026-05-11,2100,Cuentas por pagar,0.00,85515.20,Registro factura INV-00155,INV-00155,CC-100 Operaciones,Bruno Garcia 08 00001204
1481,2026-03-08,5000,Gastos operativos,39913.00,0.00,Registro factura INV-00064,INV-00064,CC-100 Operaciones,Bruno Garcia 08 00001204
1482,2026-05-04,2100,Cuentas por pagar,0.00,103857.12,Registro factura INV-00323,INV-00323,CC-100 Operaciones,Carla Soto 03 00001204
1483,2026-01-24,5000,Gastos operativos,22822.00,0.00,Registro factura INV-00035,INV-00035,CC-100 Operaciones,Carla Soto 09 00001204
1484,2026-03-08,2100,Cuentas por pagar,104811.80,0.00,Pago factura INV-00342,INV-00342,CC-100 Operaciones,Bruno Garcia 02 00001204
1485,2026-04-12,1180,IVA acreditable,4832.64,0.00,Registro factura INV-00195,INV-00195,CC-100 Operaciones,Carla Soto 03 00001204
1486,2026-05-29,2100,Cuentas por pagar,0.00,49902.04,Registro factura INV-00200,INV-00200,CC-100 Operaciones,Fabian Rios 06 00001204
1487,2026-06-27,2100,Cuentas por pagar,0.00,94884.52,Registro factura INV-00094,INV-00094,CC-100 Operaciones,Carla Soto 03 00001204
1488,2026-06-06,2100,Cuentas por pagar,0.00,38473.72,Registro factura INV-00036,INV-00036,CC-100 Operaciones,Bruno Garcia 08 00001204
1489,2026-04-01,2100,Cuentas por pagar,0.00,24956.24,Registro factura INV-00015,INV-00015,CC-100 Operaciones,Diego Luna 10 00001204
1490,2026-04-03,1180,IVA acreditable,14878.08,0.00,Registro factura INV-00254,INV-00254,CC-100 Operaciones,Fabian Rios 06 00001204
1491,2026-04-15,2100,Cuentas por pagar,34423.00,0.00,Pago factura INV-00118,INV-00118,CC-100 Operaciones,Bruno Garcia 02 00001204
1492,2026-04-17,2100,Cuentas por pagar,74546.24,0.00,Pago factura INV-00293,INV-00293,CC-100 Operaciones,Bruno Garcia 02 00001204
1493,2026-06-14,2100,Cuentas por pagar,0.00,54636.00,Registro factura INV-00132,INV-00132,CC-100 Operaciones,Bruno Garcia 08 00001204
1494,2026-03-11,2100,Cuentas por pagar,109382.20,0.00,Pago factura INV-00108,INV-00108,CC-100 Operaciones,Bruno Garcia 02 00001204
1495,2026-06-26,1180,IVA acreditable,12672.00,0.00,Registro factura INV-00135,INV-00135,CC-100 Operaciones,Bruno Garcia 08 00001204
1496,2026-02-21,2100,Cuentas por pagar,43487.24,0.00,Pago factura INV-00081,INV-00081,CC-100 Operaciones,Bruno Garcia 02 00001204
1497,2026-06-29,5000,Gastos operativos,67845.00,0.00,Registro factura INV-00071,INV-00071,CC-100 Operaciones,Elena Mora 05 00001204
1498,2026-04-22,2100,Cuentas por pagar,109258.08,0.00,Pago factura INV-00040,INV-00040,CC-100 Operaciones,Bruno Garcia 02 00001204
1499,2026-02-06,1020,Bancos,0.00,52237.12,Pago factura INV-00359,INV-00359,CC-100 Operaciones,Bruno Garcia 02 00001204
1500,2026-03-02,2100,Cuentas por pagar,0.00,48578.48,Registro factura INV-00366,INV-00366,CC-100 Operaciones,Fabian Rios 06 00001204
1501,2026-02-08,1020,Bancos,0.00,57426.96,Pago factura INV-00128,INV-00128,CC-100 Operaciones,Bruno Garcia 02 00001204
1502,2026-01-19,2100,Cuentas por pagar,78566.80,0.00,Pago factura INV-00286,INV-00286,CC-100 Operaciones,Bruno Garcia 02 00001204
1503,2026-02-21,1180,IVA acreditable,19291.52,0.00,Registro factura INV-00151,INV-00151,CC-100 Operaciones,Elena Mora 05 00001204
1504,2026-03-23,2100,Cuentas por pagar,0.00,107732.68,Registro factura INV-00020,INV-00020,CC-100 Operaciones,Carla Soto 03 00001204
1505,2026-05-19,2100,Cuentas por pagar,81456.36,0.00,Pago factura INV-00224,INV-00224,CC-100 Operaciones,Bruno Garcia 02 00001204
1506,2026-06-26,2100,Cuentas por pagar,0.00,91872.00,Registro factura INV-00135,INV-00135,CC-100 Operaciones,Bruno Garcia 08 00001204
1507,2026-05-18,5000,Gastos operativos,12310.00,0.00,Registro factura INV-00197,INV-00197,CC-100 Operaciones,Elena Mora 05 00001204
1508,2026-04-17,1020,Bancos,0.00,74546.24,Pago factura INV-00293,INV-00293,CC-100 Operaciones,Bruno Garcia 02 00001204
1509,2026-02-06,1180,IVA acreditable,3352.00,0.00,Registro factura INV-00001,INV-00001,CC-100 Operaciones,Bruno Garcia 02 00001204
1510,2026-02-27,2100,Cuentas por pagar,79973.88,0.00,Pago factura INV-00106,INV-00106,CC-100 Operaciones,Bruno Garcia 02 00001204
1511,2026-03-13,1020,Bancos,0.00,69533.88,Pago factura INV-00267,INV-00267,CC-100 Operaciones,Bruno Garcia 02 00001204
1512,2026-02-27,5000,Gastos operativos,31939.00,0.00,Registro factura INV-00239,INV-00239,CC-100 Operaciones,Carla Soto 09 00001204
1513,2026-06-13,1180,IVA acreditable,5419.20,0.00,Registro factura INV-00065,INV-00065,CC-100 Operaciones,Ana Ruiz 01 00001204
1514,2026-01-20,5000,Gastos operativos,23760.00,0.00,Registro factura INV-00037,INV-00037,CC-100 Operaciones,Carla Soto 03 00001204
1515,2026-05-08,1020,Bancos,0.00,27272.76,Pago factura INV-00174,INV-00174,CC-100 Operaciones,Bruno Garcia 02 00001204
1516,2026-01-12,2100,Cuentas por pagar,21419.40,0.00,Pago factura INV-00230,INV-00230,CC-100 Operaciones,Bruno Garcia 02 00001204
1517,2026-05-12,2100,Cuentas por pagar,27188.54,0.00,Pago factura INV-00294,INV-00294,CC-100 Operaciones,Bruno Garcia 02 00001204
1518,2026-02-05,1180,IVA acreditable,4924.00,0.00,Registro factura INV-00361,INV-00361,CC-100 Operaciones,Elena Mora 05 00001204
1519,2026-02-15,1180,IVA acreditable,7090.56,0.00,Registro factura INV-00046,INV-00046,CC-100 Operaciones,Carla Soto 09 00001204
1520,2026-02-17,2100,Cuentas por pagar,24674.36,0.00,Pago factura INV-00244,INV-00244,CC-100 Operaciones,Bruno Garcia 02 00001204
1521,2026-06-04,1020,Bancos,0.00,91022.88,Pago factura INV-00227,INV-00227,CC-100 Operaciones,Bruno Garcia 02 00001204
1522,2026-02-18,2100,Cuentas por pagar,0.00,59876.88,Registro factura INV-00302,INV-00302,CC-100 Operaciones,Bruno Garcia 02 00001204
1523,2026-02-02,2100,Cuentas por pagar,0.00,88242.36,Registro factura INV-00290,INV-00290,CC-100 Operaciones,Bruno Garcia 08 00001204
1524,2026-06-24,2100,Cuentas por pagar,54636.00,0.00,Pago factura INV-00132,INV-00132,CC-100 Operaciones,Bruno Garcia 02 00001204
1525,2026-03-16,5000,Gastos operativos,79359.00,0.00,Registro factura INV-00345,INV-00345,CC-100 Operaciones,Bruno Garcia 08 00001204
1526,2026-04-22,1180,IVA acreditable,7072.16,0.00,Registro factura INV-00270,INV-00270,CC-100 Operaciones,Ana Ruiz 07 00001204
1527,2026-01-28,5000,Gastos operativos,55031.00,0.00,Registro factura INV-00025,INV-00025,CC-100 Operaciones,Elena Mora 05 00001204
1528,2026-04-01,2100,Cuentas por pagar,87000.00,0.00,Pago factura INV-00021,INV-00021,CC-100 Operaciones,Bruno Garcia 02 00001204
1529,2026-03-05,1020,Bancos,0.00,102085.80,Pago factura INV-00165,INV-00165,CC-100 Operaciones,Bruno Garcia 02 00001204
1530,2026-05-31,2100,Cuentas por pagar,37705.80,0.00,Pago factura INV-00121,INV-00121,CC-100 Operaciones,Bruno Garcia 02 00001204
1531,2026-04-08,1020,Bancos,0.00,66636.20,Pago factura INV-00229,INV-00229,CC-100 Operaciones,Bruno Garcia 02 00001204
1532,2026-03-22,2100,Cuentas por pagar,37806.72,0.00,Pago factura INV-00160,INV-00160,CC-100 Operaciones,Bruno Garcia 02 00001204
1533,2026-06-23,2100,Cuentas por pagar,70067.48,0.00,Pago factura INV-00357,INV-00357,CC-100 Operaciones,Bruno Garcia 02 00001204
1534,2026-02-13,5000,Gastos operativos,40870.00,0.00,Registro factura INV-00042,INV-00042,CC-100 Operaciones,Ana Ruiz 07 00001204
1535,2026-04-07,5000,Gastos operativos,42500.00,0.00,Registro factura INV-00193,INV-00193,CC-100 Operaciones,Bruno Garcia 08 00001204
1536,2026-04-26,5000,Gastos operativos,63563.00,0.00,Registro factura INV-00207,INV-00207,CC-100 Operaciones,Ana Ruiz 01 00001204
1537,2026-02-10,1180,IVA acreditable,5756.96,0.00,Registro factura INV-00327,INV-00327,CC-100 Operaciones,Diego Luna 10 00001204
1538,2026-01-30,2080,IVA trasladado,0.00,6080.00,Registro venta INV-00285,INV-00285,CC-100 Operaciones,Bruno Garcia 02 00001204
1539,2026-03-28,2100,Cuentas por pagar,25837.84,0.00,Pago factura INV-00297,INV-00297,CC-100 Operaciones,Bruno Garcia 02 00001204
1540,2026-05-24,5000,Gastos operativos,49810.00,0.00,Registro factura INV-00308,INV-00308,CC-100 Operaciones,Elena Mora 05 00001204
1541,2026-06-08,1020,Bancos,0.00,49902.04,Pago factura INV-00200,INV-00200,CC-100 Operaciones,Bruno Garcia 02 00001204
1542,2026-04-23,5000,Gastos operativos,33868.00,0.00,Registro factura INV-00371,INV-00371,CC-100 Operaciones,Diego Luna 04 00001204
1543,2026-04-23,1180,IVA acreditable,5418.88,0.00,Registro factura INV-00371,INV-00371,CC-100 Operaciones,Diego Luna 04 00001204
1544,2026-05-22,5000,Gastos operativos,64043.00,0.00,Registro factura INV-00228,INV-00228,CC-100 Operaciones,Carla Soto 09 00001204
1545,2026-06-30,2100,Cuentas por pagar,26120.88,0.00,Pago factura INV-00331,INV-00331,CC-100 Operaciones,Bruno Garcia 02 00001204
1546,2026-05-14,2100,Cuentas por pagar,0.00,30869.92,Registro factura INV-00027,INV-00027,CC-100 Operaciones,Ana Ruiz 07 00001204
1547,2026-02-26,1180,IVA acreditable,4074.24,0.00,Registro factura INV-00356,INV-00356,CC-100 Operaciones,Diego Luna 10 00001204
1548,2026-05-16,1180,IVA acreditable,3781.60,0.00,Registro factura INV-00156,INV-00156,CC-100 Operaciones,Carla Soto 03 00001204
1549,2026-05-12,2100,Cuentas por pagar,0.00,14070.80,Registro factura INV-00167,INV-00167,CC-100 Operaciones,Ana Ruiz 07 00001204
1550,2026-06-02,5000,Gastos operativos,56444.00,0.00,Registro factura INV-00005,INV-00005,CC-100 Operaciones,Bruno Garcia 02 00001204
1551,2026-02-11,1180,IVA acreditable,5998.24,0.00,Registro factura INV-00081,INV-00081,CC-100 Operaciones,Elena Mora 05 00001204
1552,2026-04-06,1180,IVA acreditable,2940.00,0.00,Registro factura INV-00211,INV-00211,CC-100 Operaciones,Elena Mora 05 00001204
1553,2026-03-09,5000,Gastos operativos,26749.00,0.00,Registro factura INV-00158,INV-00158,CC-100 Operaciones,Ana Ruiz 01 00001204
1554,2026-05-10,5000,Gastos operativos,85095.00,0.00,Registro factura INV-00148,INV-00148,CC-100 Operaciones,Ana Ruiz 01 00001204
1555,2026-05-26,1180,IVA acreditable,9480.48,0.00,Registro factura INV-00330,INV-00330,CC-100 Operaciones,Elena Mora 05 00001204
1556,2026-04-02,1180,IVA acreditable,14137.12,0.00,Registro factura INV-00002,INV-00002,CC-100 Operaciones,Carla Soto 09 00001204
1557,2026-03-12,1020,Bancos,0.00,48578.48,Pago factura INV-00366,INV-00366,CC-100 Operaciones,Bruno Garcia 02 00001204
1558,2026-06-23,5000,Gastos operativos,22518.00,0.00,Registro factura INV-00331,INV-00331,CC-100 Operaciones,Ana Ruiz 07 00001204
1559,2026-03-06,2100,Cuentas por pagar,32352.40,0.00,Pago factura INV-00247,INV-00247,CC-100 Operaciones,Bruno Garcia 02 00001204
1560,2026-03-23,1020,Bancos,0.00,18125.70,Pago factura INV-00090,INV-00090,CC-100 Operaciones,Bruno Garcia 02 00001204
1561,2026-05-02,1020,Bancos,0.00,51273.16,Pago factura INV-00270,INV-00270,CC-100 Operaciones,Bruno Garcia 02 00001204
1562,2026-04-22,1020,Bancos,0.00,35036.64,Pago factura INV-00195,INV-00195,CC-100 Operaciones,Bruno Garcia 02 00001204
1563,2026-03-10,1020,Bancos,0.00,101373.56,Pago factura INV-00256,INV-00256,CC-100 Operaciones,Bruno Garcia 02 00001204
1564,2026-01-27,1020,Bancos,0.00,64515.72,Pago factura INV-00338,INV-00338,CC-100 Operaciones,Bruno Garcia 02 00001204
1565,2026-04-05,2100,Cuentas por pagar,0.00,66361.28,Registro factura INV-00332,INV-00332,CC-100 Operaciones,Bruno Garcia 08 00001204
1566,2026-02-14,1020,Bancos,0.00,16925.56,Pago factura INV-00019,INV-00019,CC-100 Operaciones,Bruno Garcia 02 00001204
1567,2026-02-20,2100,Cuentas por pagar,0.00,28116.08,Registro factura INV-00265,INV-00265,CC-100 Operaciones,Diego Luna 04 00001204
1568,2026-01-23,2100,Cuentas por pagar,0.00,59427.96,Registro factura INV-00072,INV-00072,CC-100 Operaciones,Bruno Garcia 02 00001204
1569,2026-05-21,1180,IVA acreditable,5200.80,0.00,Registro factura INV-00121,INV-00121,CC-100 Operaciones,Diego Luna 04 00001204
1570,2026-01-05,5000,Gastos operativos,39064.00,0.00,Registro factura INV-00053,INV-00053,CC-100 Operaciones,Bruno Garcia 08 00001204
1571,2026-03-20,2100,Cuentas por pagar,54027.00,0.00,Pago factura INV-00198,INV-00198,CC-100 Operaciones,Bruno Garcia 02 00001204
1572,2026-03-06,1020,Bancos,0.00,32352.40,Pago factura INV-00247,INV-00247,CC-100 Operaciones,Bruno Garcia 02 00001204
1573,2026-06-27,2100,Cuentas por pagar,84272.84,0.00,Pago factura INV-00249,INV-00249,CC-100 Operaciones,Bruno Garcia 02 00001204
1574,2026-06-12,5000,Gastos operativos,27250.00,0.00,Registro factura INV-00298,INV-00298,CC-100 Operaciones,Fabian Rios 06 00001204
1575,2026-06-30,1020,Bancos,0.00,59444.20,Pago factura INV-00048,INV-00048,CC-100 Operaciones,Bruno Garcia 02 00001204
1576,2026-04-09,1180,IVA acreditable,14287.68,0.00,Registro factura INV-00333,INV-00333,CC-100 Operaciones,Bruno Garcia 02 00001204
1577,2026-01-30,2100,Cuentas por pagar,27561.60,0.00,Pago factura INV-00037,INV-00037,CC-100 Operaciones,Bruno Garcia 02 00001204
1578,2026-01-26,5000,Gastos operativos,65149.00,0.00,Registro factura INV-00136,INV-00136,CC-100 Operaciones,Carla Soto 03 00001204
1579,2026-06-20,2100,Cuentas por pagar,89028.84,0.00,Pago factura INV-00045,INV-00045,CC-100 Operaciones,Bruno Garcia 02 00001204
1580,2026-03-12,2100,Cuentas por pagar,48578.48,0.00,Pago factura INV-00366,INV-00366,CC-100 Operaciones,Bruno Garcia 02 00001204
1581,2026-04-09,2100,Cuentas por pagar,0.00,103585.68,Registro factura INV-00333,INV-00333,CC-100 Operaciones,Bruno Garcia 02 00001204
1582,2026-04-04,2100,Cuentas por pagar,108714.04,0.00,Pago factura INV-00069,INV-00069,CC-100 Operaciones,Bruno Garcia 02 00001204
1583,2026-03-08,1180,IVA acreditable,14941.12,0.00,Registro factura INV-00245,INV-00245,CC-100 Operaciones,Fabian Rios 06 00001204
1584,2026-05-08,1180,IVA acreditable,9269.28,0.00,Registro factura INV-00203,INV-00203,CC-100 Operaciones,Ana Ruiz 01 00001204
1585,2026-06-14,2100,Cuentas por pagar,38103.68,0.00,Pago factura INV-00316,INV-00316,CC-100 Operaciones,Bruno Garcia 02 00001204
1586,2026-03-30,5000,Gastos operativos,62423.00,0.00,Registro factura INV-00039,INV-00039,CC-100 Operaciones,Bruno Garcia 08 00001204
1587,2026-05-03,5000,Gastos operativos,14357.00,0.00,Registro factura INV-00315,INV-00315,CC-100 Operaciones,Bruno Garcia 08 00001204
1588,2026-05-20,5000,Gastos operativos,63442.00,0.00,Registro factura INV-00054,INV-00054,CC-100 Operaciones,Carla Soto 09 00001204
1589,2026-05-22,2100,Cuentas por pagar,0.00,74289.88,Registro factura INV-00228,INV-00228,CC-100 Operaciones,Carla Soto 09 00001204
1590,2026-01-12,1020,Bancos,0.00,21419.40,Pago factura INV-00230,INV-00230,CC-100 Operaciones,Bruno Garcia 02 00001204
1591,2026-05-25,1020,Bancos,0.00,108331.24,Pago factura INV-00367,INV-00367,CC-100 Operaciones,Bruno Garcia 02 00001204
1592,2026-04-04,1020,Bancos,0.00,46400.00,Pago factura INV-00284,INV-00284,CC-100 Operaciones,Bruno Garcia 02 00001204
1593,2026-04-16,5000,Gastos operativos,0.00,4310.34,Reembolso proveedor INV-00018,INV-00018,CC-100 Operaciones,Bruno Garcia 02 00001204
1594,2026-05-08,2100,Cuentas por pagar,0.00,82601.28,Registro factura INV-00303,INV-00303,CC-100 Operaciones,Carla Soto 09 00001204
1595,2026-01-23,2100,Cuentas por pagar,19774.52,0.00,Pago factura INV-00301,INV-00301,CC-100 Operaciones,Bruno Garcia 02 00001204
1596,2026-04-21,5000,Gastos operativos,31436.00,0.00,Registro factura INV-00339,INV-00339,CC-100 Operaciones,Bruno Garcia 02 00001204
1597,2026-02-07,2100,Cuentas por pagar,81848.44,0.00,Pago factura INV-00305,INV-00305,CC-100 Operaciones,Bruno Garcia 02 00001204
1598,2026-06-19,1020,Bancos,0.00,40845.92,Pago factura INV-00127,INV-00127,CC-100 Operaciones,Bruno Garcia 02 00001204
1599,2026-05-31,1020,Bancos,0.00,38725.44,Pago factura INV-00170,INV-00170,CC-100 Operaciones,Bruno Garcia 02 00001204
1600,2026-02-16,1020,Bancos,0.00,24302.00,Pago factura INV-00001,INV-00001,CC-100 Operaciones,Bruno Garcia 02 00001204
1601,2026-02-22,1020,Bancos,0.00,34739.68,Pago factura INV-00279,INV-00279,CC-100 Operaciones,Bruno Garcia 02 00001204
1602,2026-05-24,1020,Bancos,0.00,45118.20,Pago factura INV-00325,INV-00325,CC-100 Operaciones,Bruno Garcia 02 00001204
1603,2026-03-18,5000,Gastos operativos,22274.00,0.00,Registro factura INV-00297,INV-00297,CC-100 Operaciones,Diego Luna 10 00001204
1604,2026-03-05,1020,Bancos,0.00,16951.08,Pago factura INV-00066,INV-00066,CC-100 Operaciones,Bruno Garcia 02 00001204
1605,2026-02-23,5000,Gastos operativos,88005.00,0.00,Registro factura INV-00165,INV-00165,CC-100 Operaciones,Carla Soto 03 00001204
1606,2026-02-25,2100,Cuentas por pagar,0.00,18365.12,Registro factura INV-00295,INV-00295,CC-100 Operaciones,Ana Ruiz 07 00001204
1607,2026-03-22,1180,IVA acreditable,8683.04,0.00,Registro factura INV-00221,INV-00221,CC-100 Operaciones,Fabian Rios 06 00001204
1608,2026-04-26,2100,Cuentas por pagar,0.00,57715.80,Registro factura INV-00233,INV-00233,CC-100 Operaciones,Carla Soto 03 00001204
1609,2026-03-30,5000,Gastos operativos,47579.00,0.00,Registro factura INV-00091,INV-00091,CC-100 Operaciones,Diego Luna 10 00001204
1610,2026-05-21,2100,Cuentas por pagar,0.00,38725.44,Registro factura INV-00170,INV-00170,CC-100 Operaciones,Bruno Garcia 02 00001204
1611,2026-04-16,1180,IVA acreditable,11907.84,0.00,Registro factura INV-00337,INV-00337,CC-100 Operaciones,Ana Ruiz 07 00001204
1612,2026-05-11,1180,IVA acreditable,5047.20,0.00,Registro factura INV-00176,INV-00176,CC-100 Operaciones,Diego Luna 10 00001204
1613,2026-05-01,2100,Cuentas por pagar,25828.56,0.00,Pago factura INV-00113,INV-00113,CC-100 Operaciones,Bruno Garcia 02 00001204
1614,2026-05-22,2100,Cuentas por pagar,14070.80,0.00,Pago factura INV-00167,INV-00167,CC-100 Operaciones,Bruno Garcia 02 00001204
1615,2026-04-21,1020,Bancos,0.00,51756.88,Pago factura INV-00310,INV-00310,CC-100 Operaciones,Bruno Garcia 02 00001204
1616,2026-02-27,5000,Gastos operativos,68352.00,0.00,Registro factura INV-00257,INV-00257,CC-100 Operaciones,Ana Ruiz 07 00001204
1617,2026-05-02,2100,Cuentas por pagar,80240.68,0.00,Pago factura INV-00352,INV-00352,CC-100 Operaciones,Bruno Garcia 02 00001204
1618,2026-01-29,5000,Gastos operativos,49506.00,0.00,Registro factura INV-00128,INV-00128,CC-100 Operaciones,Bruno Garcia 02 00001204
1619,2026-04-08,2100,Cuentas por pagar,0.00,49300.00,Registro factura INV-00219,INV-00219,CC-100 Operaciones,Bruno Garcia 08 00001204
1620,2026-04-14,2100,Cuentas por pagar,69600.00,0.00,Pago factura INV-00018,INV-00018,CC-100 Operaciones,Bruno Garcia 02 00001204
1621,2026-05-27,1180,IVA acreditable,5270.24,0.00,Registro factura INV-00321,INV-00321,CC-100 Operaciones,Bruno Garcia 02 00001204
1622,2026-02-03,1180,IVA acreditable,14618.88,0.00,Registro factura INV-00145,INV-00145,CC-100 Operaciones,Carla Soto 03 00001204
1623,2026-04-11,2100,Cuentas por pagar,24956.24,0.00,Pago factura INV-00015,INV-00015,CC-100 Operaciones,Bruno Garcia 02 00001204
1624,2026-05-14,1020,Bancos,0.00,103857.12,Pago factura INV-00323,INV-00323,CC-100 Operaciones,Bruno Garcia 02 00001204
1625,2026-04-06,2100,Cuentas por pagar,0.00,21315.00,Registro factura INV-00211,INV-00211,CC-100 Operaciones,Elena Mora 05 00001204
1626,2026-01-30,1020,Bancos,0.00,59185.52,Pago factura INV-00137,INV-00137,CC-100 Operaciones,Bruno Garcia 02 00001204
1627,2026-03-22,5000,Gastos operativos,75000.00,0.00,Registro factura INV-00021,INV-00021,CC-100 Operaciones,Bruno Garcia 02 00001204
1628,2026-05-16,5000,Gastos operativos,55373.00,0.00,Registro factura INV-00204,INV-00204,CC-100 Operaciones,Ana Ruiz 01 00001204
1629,2026-04-13,2100,Cuentas por pagar,89706.28,0.00,Pago factura INV-00139,INV-00139,CC-100 Operaciones,Bruno Garcia 02 00001204
1630,2026-04-18,2100,Cuentas por pagar,0.00,21714.04,Registro factura INV-00289,INV-00289,CC-100 Operaciones,Ana Ruiz 01 00001204
1631,2026-06-09,5000,Gastos operativos,90272.00,0.00,Registro factura INV-00023,INV-00023,CC-100 Operaciones,Ana Ruiz 07 00001204
1632,2026-04-05,2100,Cuentas por pagar,22484.28,0.00,Pago factura INV-00147,INV-00147,CC-100 Operaciones,Bruno Garcia 02 00001204
1633,2026-06-30,1020,Bancos,0.00,76214.32,Pago factura INV-00141,INV-00141,CC-100 Operaciones,Bruno Garcia 02 00001204
1634,2026-02-25,1180,IVA acreditable,6234.40,0.00,Registro factura INV-00087,INV-00087,CC-100 Operaciones,Elena Mora 05 00001204
1635,2026-06-01,1180,IVA acreditable,3340.48,0.00,Registro factura INV-00347,INV-00347,CC-100 Operaciones,Carla Soto 03 00001204
1636,2026-06-12,2100,Cuentas por pagar,56157.92,0.00,Pago factura INV-00283,INV-00283,CC-100 Operaciones,Bruno Garcia 02 00001204
1637,2026-06-17,5000,Gastos operativos,17894.00,0.00,Registro factura INV-00033,INV-00033,CC-100 Operaciones,Ana Ruiz 07 00001204
1638,2026-01-23,1020,Bancos,0.00,14279.60,Pago factura INV-00230,INV-00230,CC-100 Operaciones,Bruno Garcia 02 00001204
1639,2026-04-06,5000,Gastos operativos,72303.00,0.00,Registro factura INV-00051,INV-00051,CC-100 Operaciones,Carla Soto 03 00001204
1640,2026-04-05,1180,IVA acreditable,4924.00,0.00,Registro factura INV-00117,INV-00117,CC-100 Operaciones,Ana Ruiz 07 00001204
1641,2026-06-30,2100,Cuentas por pagar,18513.60,0.00,Pago factura INV-00206,INV-00206,CC-100 Operaciones,Bruno Garcia 02 00001204
1642,2026-03-05,2100,Cuentas por pagar,16951.08,0.00,Pago factura INV-00066,INV-00066,CC-100 Operaciones,Bruno Garcia 02 00001204
1643,2026-02-19,5000,Gastos operativos,76587.00,0.00,Registro factura INV-00079,INV-00079,CC-100 Operaciones,Ana Ruiz 07 00001204
1644,2026-05-13,5000,Gastos operativos,19080.00,0.00,Registro factura INV-00008,INV-00008,CC-100 Operaciones,Bruno Garcia 02 00001204
1645,2026-05-12,2100,Cuentas por pagar,21202.94,0.00,Pago factura INV-00004,INV-00004,CC-100 Operaciones,Bruno Garcia 02 00001204
1646,2026-01-22,1020,Bancos,0.00,36048.16,Pago factura INV-00077,INV-00077,CC-100 Operaciones,Bruno Garcia 02 00001204
1647,2026-05-12,1020,Bancos,0.00,86855.00,Pago factura INV-00086,INV-00086,CC-100 Operaciones,Bruno Garcia 02 00001204
1648,2026-02-19,1020,Bancos,0.00,77931.12,Pago factura INV-00120,INV-00120,CC-100 Operaciones,Bruno Garcia 02 00001204
1649,2026-03-29,2100,Cuentas por pagar,70103.44,0.00,Pago factura INV-00255,INV-00255,CC-100 Operaciones,Bruno Garcia 02 00001204
1650,2026-02-20,2100,Cuentas por pagar,93395.08,0.00,Pago factura INV-00282,INV-00282,CC-100 Operaciones,Bruno Garcia 02 00001204
1651,2026-02-19,4000,Ingresos por servicios,0.00,53353.00,Registro venta INV-00161,INV-00161,CC-100 Operaciones,Bruno Garcia 02 00001204
1652,2026-05-04,5000,Gastos operativos,53550.00,0.00,Registro factura INV-00343,INV-00343,CC-100 Operaciones,Elena Mora 05 00001204
1653,2026-02-02,2100,Cuentas por pagar,59427.96,0.00,Pago factura INV-00072,INV-00072,CC-100 Operaciones,Bruno Garcia 02 00001204
1654,2026-03-19,2100,Cuentas por pagar,0.00,40292.60,Registro factura INV-00028,INV-00028,CC-100 Operaciones,Carla Soto 09 00001204
1655,2026-04-05,2100,Cuentas por pagar,0.00,45314.24,Registro factura INV-00273,INV-00273,CC-100 Operaciones,Ana Ruiz 01 00001204
1656,2026-02-10,2100,Cuentas por pagar,0.00,41737.96,Registro factura INV-00327,INV-00327,CC-100 Operaciones,Diego Luna 10 00001204
1657,2026-04-21,1180,IVA acreditable,3562.56,0.00,Registro factura INV-00113,INV-00113,CC-100 Operaciones,Diego Luna 10 00001204
1658,2026-04-20,1020,Bancos,0.00,90879.04,Pago factura INV-00336,INV-00336,CC-100 Operaciones,Bruno Garcia 02 00001204
1659,2026-02-10,1020,Bancos,0.00,72611.36,Pago factura INV-00177,INV-00177,CC-100 Operaciones,Bruno Garcia 02 00001204
1660,2026-06-05,5000,Gastos operativos,39064.00,0.00,Registro factura INV-00235,INV-00235,CC-100 Operaciones,Carla Soto 03 00001204
1661,2026-01-19,1180,IVA acreditable,4227.04,0.00,Registro factura INV-00062,INV-00062,CC-100 Operaciones,Fabian Rios 06 00001204
1662,2026-04-02,1020,Bancos,0.00,67481.84,Pago factura INV-00346,INV-00346,CC-100 Operaciones,Bruno Garcia 02 00001204
1663,2026-03-23,2100,Cuentas por pagar,45734.16,0.00,Pago factura INV-00372,INV-00372,CC-100 Operaciones,Bruno Garcia 02 00001204
1664,2026-06-22,1180,IVA acreditable,4759.04,0.00,Registro factura INV-00056,INV-00056,CC-100 Operaciones,Bruno Garcia 02 00001204
1665,2026-06-30,1020,Bancos,0.00,108092.28,Pago factura INV-00052,INV-00052,CC-100 Operaciones,Bruno Garcia 02 00001204
1666,2026-03-21,2100,Cuentas por pagar,0.00,78364.96,Registro factura INV-00085,INV-00085,CC-100 Operaciones,Carla Soto 09 00001204
1667,2026-04-24,2100,Cuentas por pagar,31538.08,0.00,Pago factura INV-00097,INV-00097,CC-100 Operaciones,Bruno Garcia 02 00001204
1668,2026-04-26,1020,Bancos,0.00,43364.28,Pago factura INV-00047,INV-00047,CC-100 Operaciones,Bruno Garcia 02 00001204
1669,2026-06-20,1180,IVA acreditable,2939.04,0.00,Registro factura INV-00353,INV-00353,CC-100 Operaciones,Fabian Rios 06 00001204
1670,2026-06-03,1020,Bancos,0.00,83323.96,Pago factura INV-00231,INV-00231,CC-100 Operaciones,Bruno Garcia 02 00001204
1671,2026-06-06,2100,Cuentas por pagar,95244.12,0.00,Pago factura INV-00181,INV-00181,CC-100 Operaciones,Bruno Garcia 02 00001204
1672,2026-02-08,1050,Cuentas por cobrar,0.00,44080.00,Cobro factura INV-00285,INV-00285,CC-100 Operaciones,Bruno Garcia 02 00001204
1673,2026-03-22,5000,Gastos operativos,22093.00,0.00,Registro factura INV-00212,INV-00212,CC-100 Operaciones,Bruno Garcia 08 00001204
1674,2026-02-03,2100,Cuentas por pagar,62019.40,0.00,Pago factura INV-00320,INV-00320,CC-100 Operaciones,Bruno Garcia 02 00001204
1675,2026-04-22,1020,Bancos,0.00,109258.08,Pago factura INV-00040,INV-00040,CC-100 Operaciones,Bruno Garcia 02 00001204
1676,2026-02-02,1180,IVA acreditable,12171.36,0.00,Registro factura INV-00290,INV-00290,CC-100 Operaciones,Bruno Garcia 08 00001204
1677,2026-03-14,2100,Cuentas por pagar,32898.76,0.00,Pago factura INV-00263,INV-00263,CC-100 Operaciones,Bruno Garcia 02 00001204
1678,2026-05-16,2100,Cuentas por pagar,0.00,27416.60,Registro factura INV-00156,INV-00156,CC-100 Operaciones,Carla Soto 03 00001204
1679,2026-05-05,1020,Bancos,0.00,105377.88,Pago factura INV-00031,INV-00031,CC-100 Operaciones,Bruno Garcia 02 00001204
1680,2026-03-31,1180,IVA acreditable,4589.12,0.00,Registro factura INV-00216,INV-00216,CC-100 Operaciones,Elena Mora 05 00001204
1681,2026-04-15,5000,Gastos operativos,34259.00,0.00,Registro factura INV-00368,INV-00368,CC-100 Operaciones,Diego Luna 10 00001204
1682,2026-06-30,2100,Cuentas por pagar,91872.00,0.00,Pago factura INV-00135,INV-00135,CC-100 Operaciones,Bruno Garcia 02 00001204
1683,2026-05-10,2100,Cuentas por pagar,109693.08,0.00,Pago factura INV-00307,INV-00307,CC-100 Operaciones,Bruno Garcia 02 00001204
1684,2026-01-12,1020,Bancos,0.00,21202.94,Pago factura INV-00007,INV-00007,CC-100 Operaciones,Bruno Garcia 02 00001204
1685,2026-04-21,5000,Gastos operativos,22266.00,0.00,Registro factura INV-00113,INV-00113,CC-100 Operaciones,Diego Luna 10 00001204
1686,2026-04-17,2100,Cuentas por pagar,0.00,87907.12,Registro factura INV-00105,INV-00105,CC-100 Operaciones,Fabian Rios 06 00001204
1687,2026-02-22,2100,Cuentas por pagar,0.00,30838.60,Registro factura INV-00107,INV-00107,CC-100 Operaciones,Diego Luna 04 00001204
1688,2026-04-22,2100,Cuentas por pagar,0.00,80240.68,Registro factura INV-00352,INV-00352,CC-100 Operaciones,Elena Mora 05 00001204
1689,2026-05-10,2100,Cuentas por pagar,71054.64,0.00,Pago factura INV-00272,INV-00272,CC-100 Operaciones,Bruno Garcia 02 00001204
1690,2026-02-19,1180,IVA acreditable,6642.24,0.00,Registro factura INV-00246,INV-00246,CC-100 Operaciones,Elena Mora 05 00001204
1691,2026-03-09,1180,IVA acreditable,6415.84,0.00,Registro factura INV-00049,INV-00049,CC-100 Operaciones,Carla Soto 03 00001204
1692,2026-02-23,2100,Cuentas por pagar,0.00,16951.08,Registro factura INV-00066,INV-00066,CC-100 Operaciones,Ana Ruiz 01 00001204
1693,2026-01-23,1180,IVA acreditable,11615.04,0.00,Registro factura INV-00104,INV-00104,CC-100 Operaciones,Diego Luna 04 00001204
1694,2026-01-30,2100,Cuentas por pagar,0.00,94435.60,Registro factura INV-00063,INV-00063,CC-100 Operaciones,Carla Soto 09 00001204
1695,2026-04-25,1020,Bancos,0.00,39740.44,Pago factura INV-00368,INV-00368,CC-100 Operaciones,Bruno Garcia 02 00001204
1696,2026-05-12,1020,Bancos,0.00,27188.54,Pago factura INV-00294,INV-00294,CC-100 Operaciones,Bruno Garcia 02 00001204
1697,2026-06-15,2100,Cuentas por pagar,45314.24,0.00,Pago factura INV-00235,INV-00235,CC-100 Operaciones,Bruno Garcia 02 00001204
1698,2026-05-07,1180,IVA acreditable,7140.64,0.00,Registro factura INV-00188,INV-00188,CC-100 Operaciones,Diego Luna 04 00001204
1699,2026-04-19,2100,Cuentas por pagar,98094.24,0.00,Pago factura INV-00201,INV-00201,CC-100 Operaciones,Bruno Garcia 02 00001204
1700,2026-06-15,2100,Cuentas por pagar,0.00,97087.36,Registro factura INV-00032,INV-00032,CC-100 Operaciones,Ana Ruiz 07 00001204
1701,2026-03-12,1180,IVA acreditable,7177.60,0.00,Registro factura INV-00060,INV-00060,CC-100 Operaciones,Diego Luna 04 00001204
1702,2026-06-18,5000,Gastos operativos,21381.00,0.00,Registro factura INV-00166,INV-00166,CC-100 Operaciones,Fabian Rios 06 00001204
1703,2026-05-07,2100,Cuentas por pagar,98062.92,0.00,Pago factura INV-00092,INV-00092,CC-100 Operaciones,Bruno Garcia 02 00001204
1704,2026-06-30,2100,Cuentas por pagar,34503.04,0.00,Pago factura INV-00056,INV-00056,CC-100 Operaciones,Bruno Garcia 02 00001204
1705,2026-04-12,2100,Cuentas por pagar,102494.12,0.00,Pago factura INV-00002,INV-00002,CC-100 Operaciones,Bruno Garcia 02 00001204
1706,2026-02-15,2100,Cuentas por pagar,37935.48,0.00,Pago factura INV-00115,INV-00115,CC-100 Operaciones,Bruno Garcia 02 00001204
1707,2026-01-23,1020,Bancos,0.00,19774.52,Pago factura INV-00301,INV-00301,CC-100 Operaciones,Bruno Garcia 02 00001204
1708,2026-03-14,2100,Cuentas por pagar,0.00,104788.60,Registro factura INV-00134,INV-00134,CC-100 Operaciones,Diego Luna 04 00001204
1709,2026-02-22,1180,IVA acreditable,4253.60,0.00,Registro factura INV-00107,INV-00107,CC-100 Operaciones,Diego Luna 04 00001204
1710,2026-02-28,2100,Cuentas por pagar,0.00,101373.56,Registro factura INV-00256,INV-00256,CC-100 Operaciones,Diego Luna 04 00001204
1711,2026-04-05,5000,Gastos operativos,39064.00,0.00,Registro factura INV-00273,INV-00273,CC-100 Operaciones,Ana Ruiz 01 00001204
1712,2026-05-04,1180,IVA acreditable,8568.00,0.00,Registro factura INV-00343,INV-00343,CC-100 Operaciones,Elena Mora 05 00001204
1713,2026-06-22,5000,Gastos operativos,32737.00,0.00,Registro factura INV-00250,INV-00250,CC-100 Operaciones,Diego Luna 10 00001204
1714,2026-04-30,2100,Cuentas por pagar,14522.04,0.00,Pago factura INV-00277,INV-00277,CC-100 Operaciones,Bruno Garcia 02 00001204
1715,2026-05-21,1020,Bancos,0.00,85515.20,Pago factura INV-00155,INV-00155,CC-100 Operaciones,Bruno Garcia 02 00001204
1716,2026-06-01,5000,Gastos operativos,20878.00,0.00,Registro factura INV-00347,INV-00347,CC-100 Operaciones,Carla Soto 03 00001204
1717,2026-05-15,5000,Gastos operativos,41163.00,0.00,Registro factura INV-00311,INV-00311,CC-100 Operaciones,Fabian Rios 06 00001204
1718,2026-03-29,5000,Gastos operativos,57445.00,0.00,Registro factura INV-00229,INV-00229,CC-100 Operaciones,Ana Ruiz 01 00001204
1719,2026-02-04,2100,Cuentas por pagar,0.00,69069.88,Registro factura INV-00312,INV-00312,CC-100 Operaciones,Diego Luna 10 00001204
1720,2026-03-10,2100,Cuentas por pagar,101373.56,0.00,Pago factura INV-00256,INV-00256,CC-100 Operaciones,Bruno Garcia 02 00001204
1721,2026-05-08,2100,Cuentas por pagar,27272.76,0.00,Pago factura INV-00174,INV-00174,CC-100 Operaciones,Bruno Garcia 02 00001204
1722,2026-05-07,1020,Bancos,0.00,98062.92,Pago factura INV-00092,INV-00092,CC-100 Operaciones,Bruno Garcia 02 00001204
1723,2026-05-29,1020,Bancos,0.00,89050.88,Pago factura INV-00171,INV-00171,CC-100 Operaciones,Bruno Garcia 02 00001204
1724,2026-02-12,5000,Gastos operativos,85915.00,0.00,Registro factura INV-00373,INV-00373,CC-100 Operaciones,Diego Luna 10 00001204
1725,2026-03-13,5000,Gastos operativos,39426.00,0.00,Registro factura INV-00372,INV-00372,CC-100 Operaciones,Ana Ruiz 07 00001204
1726,2026-06-20,2100,Cuentas por pagar,0.00,21308.04,Registro factura INV-00353,INV-00353,CC-100 Operaciones,Fabian Rios 06 00001204
1727,2026-06-21,1020,Bancos,0.00,74034.68,Pago factura INV-00208,INV-00208,CC-100 Operaciones,Bruno Garcia 02 00001204
1728,2026-02-03,5000,Gastos operativos,61363.00,0.00,Registro factura INV-00022,INV-00022,CC-100 Operaciones,Elena Mora 05 00001204
1729,2026-05-09,2100,Cuentas por pagar,0.00,81456.36,Registro factura INV-00224,INV-00224,CC-100 Operaciones,Fabian Rios 06 00001204
1730,2026-06-18,1180,IVA acreditable,3420.96,0.00,Registro factura INV-00166,INV-00166,CC-100 Operaciones,Fabian Rios 06 00001204
1731,2026-05-17,2100,Cuentas por pagar,0.00,34595.84,Registro factura INV-00093,INV-00093,CC-100 Operaciones,Bruno Garcia 08 00001204
1732,2026-04-02,2100,Cuentas por pagar,67481.84,0.00,Pago factura INV-00346,INV-00346,CC-100 Operaciones,Bruno Garcia 02 00001204
1733,2026-01-31,5000,Gastos operativos,43041.00,0.00,Registro factura INV-00138,INV-00138,CC-100 Operaciones,Bruno Garcia 02 00001204
1734,2026-04-27,5000,Gastos operativos,84537.00,0.00,Registro factura INV-00092,INV-00092,CC-100 Operaciones,Bruno Garcia 08 00001204
1735,2026-01-24,1020,Bancos,0.00,99316.88,Pago factura INV-00146,INV-00146,CC-100 Operaciones,Bruno Garcia 02 00001204
1736,2026-06-30,2100,Cuentas por pagar,21308.04,0.00,Pago factura INV-00353,INV-00353,CC-100 Operaciones,Bruno Garcia 02 00001204
1737,2026-06-09,2100,Cuentas por pagar,84473.52,0.00,Pago factura INV-00268,INV-00268,CC-100 Operaciones,Bruno Garcia 02 00001204
1738,2026-03-06,2100,Cuentas por pagar,30917.48,0.00,Pago factura INV-00252,INV-00252,CC-100 Operaciones,Bruno Garcia 02 00001204
1739,2026-02-08,5000,Gastos operativos,89332.00,0.00,Registro factura INV-00073,INV-00073,CC-100 Operaciones,Fabian Rios 06 00001204
1740,2026-02-25,1050,Cuentas por cobrar,0.00,71340.00,Cobro factura INV-00328,INV-00328,CC-100 Operaciones,Bruno Garcia 02 00001204
1741,2026-02-07,1180,IVA acreditable,3403.36,0.00,Registro factura INV-00244,INV-00244,CC-100 Operaciones,Ana Ruiz 01 00001204
1742,2026-05-17,5000,Gastos operativos,29824.00,0.00,Registro factura INV-00093,INV-00093,CC-100 Operaciones,Bruno Garcia 08 00001204
1743,2026-06-25,2100,Cuentas por pagar,97087.36,0.00,Pago factura INV-00032,INV-00032,CC-100 Operaciones,Bruno Garcia 02 00001204
1744,2026-05-12,5000,Gastos operativos,12130.00,0.00,Registro factura INV-00167,INV-00167,CC-100 Operaciones,Ana Ruiz 07 00001204
1745,2026-04-09,1020,Bancos,0.00,55191.64,Pago factura INV-00091,INV-00091,CC-100 Operaciones,Bruno Garcia 02 00001204
1746,2026-04-30,2100,Cuentas por pagar,0.00,71054.64,Registro factura INV-00272,INV-00272,CC-100 Operaciones,Ana Ruiz 07 00001204
1747,2026-03-29,1020,Bancos,0.00,70103.44,Pago factura INV-00255,INV-00255,CC-100 Operaciones,Bruno Garcia 02 00001204
1748,2026-04-30,1180,IVA acreditable,9800.64,0.00,Registro factura INV-00272,INV-00272,CC-100 Operaciones,Ana Ruiz 07 00001204
1749,2026-02-10,1180,IVA acreditable,12882.08,0.00,Registro factura INV-00282,INV-00282,CC-100 Operaciones,Bruno Garcia 08 00001204
1750,2026-05-26,5000,Gastos operativos,59253.00,0.00,Registro factura INV-00330,INV-00330,CC-100 Operaciones,Elena Mora 05 00001204
1751,2026-02-05,2100,Cuentas por pagar,0.00,45314.24,Registro factura INV-00262,INV-00262,CC-100 Operaciones,Carla Soto 09 00001204
1752,2026-02-15,2100,Cuentas por pagar,0.00,51406.56,Registro factura INV-00046,INV-00046,CC-100 Operaciones,Carla Soto 09 00001204
1753,2026-01-22,2100,Cuentas por pagar,28646.20,0.00,Pago factura INV-00313,INV-00313,CC-100 Operaciones,Bruno Garcia 02 00001204
1754,2026-04-14,1020,Bancos,0.00,39411.00,Pago factura INV-00178,INV-00178,CC-100 Operaciones,Bruno Garcia 02 00001204
1755,2026-02-25,2100,Cuentas por pagar,0.00,45199.40,Registro factura INV-00087,INV-00087,CC-100 Operaciones,Elena Mora 05 00001204
1756,2026-06-25,1180,IVA acreditable,10512.32,0.00,Registro factura INV-00141,INV-00141,CC-100 Operaciones,Carla Soto 09 00001204
1757,2026-06-06,2100,Cuentas por pagar,0.00,63423.00,Registro factura INV-00131,INV-00131,CC-100 Operaciones,Fabian Rios 06 00001204
1758,2026-05-29,5000,Gastos operativos,87299.00,0.00,Registro factura INV-00096,INV-00096,CC-100 Operaciones,Diego Luna 04 00001204
1759,2026-02-09,2100,Cuentas por pagar,101475.64,0.00,Pago factura INV-00157,INV-00157,CC-100 Operaciones,Bruno Garcia 02 00001204
1760,2026-02-10,1020,Bancos,0.00,49927.56,Pago factura INV-00138,INV-00138,CC-100 Operaciones,Bruno Garcia 02 00001204
1761,2026-03-01,1180,IVA acreditable,2421.92,0.00,Registro factura INV-00299,INV-00299,CC-100 Operaciones,Ana Ruiz 01 00001204
1762,2026-01-10,2100,Cuentas por pagar,0.00,69785.60,Registro factura INV-00209,INV-00209,CC-100 Operaciones,Carla Soto 09 00001204
1763,2026-03-13,1180,IVA acreditable,6308.16,0.00,Registro factura INV-00372,INV-00372,CC-100 Operaciones,Ana Ruiz 07 00001204
1764,2026-01-05,2100,Cuentas por pagar,0.00,35338.24,Registro factura INV-00007,INV-00007,CC-100 Operaciones,Bruno Garcia 02 00001204
1765,2026-04-10,2100,Cuentas por pagar,33271.12,0.00,Pago factura INV-00216,INV-00216,CC-100 Operaciones,Bruno Garcia 02 00001204
1766,2026-06-27,2100,Cuentas por pagar,0.00,59444.20,Registro factura INV-00048,INV-00048,CC-100 Operaciones,Ana Ruiz 01 00001204
1767,2026-01-24,1020,Bancos,0.00,25422.56,Pago factura INV-00164,INV-00164,CC-100 Operaciones,Bruno Garcia 02 00001204
1768,2026-05-12,1020,Bancos,0.00,21419.40,Pago factura INV-00130,INV-00130,CC-100 Operaciones,Bruno Garcia 02 00001204
1769,2026-01-12,5000,Gastos operativos,31076.00,0.00,Registro factura INV-00077,INV-00077,CC-100 Operaciones,Ana Ruiz 01 00001204
1770,2026-04-30,2100,Cuentas por pagar,0.00,109693.08,Registro factura INV-00307,INV-00307,CC-100 Operaciones,Carla Soto 09 00001204
1771,2026-01-30,1020,Bancos,0.00,27561.60,Pago factura INV-00037,INV-00037,CC-100 Operaciones,Bruno Garcia 02 00001204
1772,2026-03-07,1020,Bancos,0.00,45199.40,Pago factura INV-00087,INV-00087,CC-100 Operaciones,Bruno Garcia 02 00001204
1773,2026-04-03,2100,Cuentas por pagar,80551.56,0.00,Pago factura INV-00192,INV-00192,CC-100 Operaciones,Bruno Garcia 02 00001204
1774,2026-04-05,2100,Cuentas por pagar,29559.12,0.00,Pago factura INV-00215,INV-00215,CC-100 Operaciones,Bruno Garcia 02 00001204
1775,2026-03-31,2100,Cuentas por pagar,0.00,33271.12,Registro factura INV-00216,INV-00216,CC-100 Operaciones,Elena Mora 05 00001204
1776,2026-02-15,2100,Cuentas por pagar,35338.24,0.00,Pago factura INV-00095,INV-00095,CC-100 Operaciones,Bruno Garcia 02 00001204
1777,2026-01-13,1180,IVA acreditable,5079.04,0.00,Registro factura INV-00068,INV-00068,CC-100 Operaciones,Fabian Rios 06 00001204
1778,2026-01-31,1180,IVA acreditable,10015.36,0.00,Registro factura INV-00177,INV-00177,CC-100 Operaciones,Diego Luna 04 00001204
1779,2026-06-01,1020,Bancos,0.00,74289.88,Pago factura INV-00228,INV-00228,CC-100 Operaciones,Bruno Garcia 02 00001204
1780,2026-02-05,2100,Cuentas por pagar,0.00,37935.48,Registro factura INV-00115,INV-00115,CC-100 Operaciones,Elena Mora 05 00001204
1781,2026-04-04,2100,Cuentas por pagar,0.00,69600.00,Registro factura INV-00018,INV-00018,CC-100 Operaciones,Diego Luna 04 00001204
1782,2026-06-25,1020,Bancos,0.00,97087.36,Pago factura INV-00032,INV-00032,CC-100 Operaciones,Bruno Garcia 02 00001204
1783,2026-01-14,5000,Gastos operativos,21916.00,0.00,Registro factura INV-00164,INV-00164,CC-100 Operaciones,Elena Mora 05 00001204
1784,2026-05-29,1020,Bancos,0.00,94312.64,Pago factura INV-00222,INV-00222,CC-100 Operaciones,Bruno Garcia 02 00001204
1785,2026-02-13,1180,IVA acreditable,6539.20,0.00,Registro factura INV-00042,INV-00042,CC-100 Operaciones,Ana Ruiz 07 00001204
1786,2026-04-28,1180,IVA acreditable,14512.96,0.00,Registro factura INV-00226,INV-00226,CC-100 Operaciones,Elena Mora 05 00001204
1787,2026-05-03,1020,Bancos,0.00,39286.88,Pago factura INV-00371,INV-00371,CC-100 Operaciones,Bruno Garcia 02 00001204
1788,2026-06-14,2100,Cuentas por pagar,42797.04,0.00,Pago factura INV-00275,INV-00275,CC-100 Operaciones,Bruno Garcia 02 00001204
1789,2026-03-07,2100,Cuentas por pagar,0.00,15417.56,Registro factura INV-00114,INV-00114,CC-100 Operaciones,Ana Ruiz 01 00001204
1790,2026-05-20,2100,Cuentas por pagar,0.00,75336.20,Registro factura INV-00217,INV-00217,CC-100 Operaciones,Ana Ruiz 07 00001204
1791,2026-02-04,2100,Cuentas por pagar,0.00,16925.56,Registro factura INV-00019,INV-00019,CC-100 Operaciones,Bruno Garcia 08 00001204
1792,2026-02-15,2100,Cuentas por pagar,35699.00,0.00,Pago factura INV-00361,INV-00361,CC-100 Operaciones,Bruno Garcia 02 00001204
1793,2026-04-03,1020,Bancos,0.00,22479.64,Pago factura INV-00078,INV-00078,CC-100 Operaciones,Bruno Garcia 02 00001204
1794,2026-01-23,5000,Gastos operativos,51231.00,0.00,Registro factura INV-00072,INV-00072,CC-100 Operaciones,Bruno Garcia 02 00001204
1795,2026-03-05,5000,Gastos operativos,30775.00,0.00,Registro factura INV-00194,INV-00194,CC-100 Operaciones,Fabian Rios 06 00001204
1796,2026-01-17,5000,Gastos operativos,55617.00,0.00,Registro factura INV-00338,INV-00338,CC-100 Operaciones,Bruno Garcia 02 00001204
1797,2026-05-09,2100,Cuentas por pagar,41850.48,0.00,Pago factura INV-00080,INV-00080,CC-100 Operaciones,Bruno Garcia 02 00001204
1798,2026-02-16,1050,Cuentas por cobrar,71340.00,0.00,Registro venta INV-00328,INV-00328,CC-100 Operaciones,Bruno Garcia 02 00001204
1799,2026-05-04,1020,Bancos,0.00,84631.28,Pago factura INV-00243,INV-00243,CC-100 Operaciones,Bruno Garcia 02 00001204
1800,2026-02-25,2100,Cuentas por pagar,31859.40,0.00,Pago factura INV-00026,INV-00026,CC-100 Operaciones,Bruno Garcia 02 00001204
1801,2026-02-03,1020,Bancos,0.00,62019.40,Pago factura INV-00320,INV-00320,CC-100 Operaciones,Bruno Garcia 02 00001204
1802,2026-03-04,2100,Cuentas por pagar,0.00,32898.76,Registro factura INV-00263,INV-00263,CC-100 Operaciones,Bruno Garcia 02 00001204
1803,2026-01-10,5000,Gastos operativos,60160.00,0.00,Registro factura INV-00209,INV-00209,CC-100 Operaciones,Carla Soto 09 00001204
1804,2026-04-05,5000,Gastos operativos,30464.00,0.00,Registro factura INV-00370,INV-00370,CC-100 Operaciones,Elena Mora 05 00001204
1805,2026-04-19,1020,Bancos,0.00,98094.24,Pago factura INV-00201,INV-00201,CC-100 Operaciones,Bruno Garcia 02 00001204
1806,2026-02-04,2100,Cuentas por pagar,54191.72,0.00,Pago factura INV-00144,INV-00144,CC-100 Operaciones,Bruno Garcia 02 00001204
1807,2026-03-06,1180,IVA acreditable,3232.00,0.00,Registro factura INV-00154,INV-00154,CC-100 Operaciones,Bruno Garcia 02 00001204
1808,2026-05-02,5000,Gastos operativos,74875.00,0.00,Registro factura INV-00086,INV-00086,CC-100 Operaciones,Carla Soto 03 00001204
1809,2026-03-31,5000,Gastos operativos,57121.00,0.00,Registro factura INV-00274,INV-00274,CC-100 Operaciones,Carla Soto 03 00001204
1810,2026-06-15,2100,Cuentas por pagar,88933.72,0.00,Pago factura INV-00186,INV-00186,CC-100 Operaciones,Bruno Garcia 02 00001204
1811,2026-05-22,1180,IVA acreditable,8243.20,0.00,Registro factura INV-00179,INV-00179,CC-100 Operaciones,Ana Ruiz 01 00001204
1812,2026-03-20,1020,Bancos,0.00,54027.00,Pago factura INV-00198,INV-00198,CC-100 Operaciones,Bruno Garcia 02 00001204
1813,2026-03-20,1020,Bancos,0.00,87591.60,Pago factura INV-00119,INV-00119,CC-100 Operaciones,Bruno Garcia 02 00001204
1814,2026-02-13,2100,Cuentas por pagar,105986.88,0.00,Pago factura INV-00145,INV-00145,CC-100 Operaciones,Bruno Garcia 02 00001204
1815,2026-06-25,5000,Gastos operativos,42327.00,0.00,Registro factura INV-00238,INV-00238,CC-100 Operaciones,Ana Ruiz 01 00001204
1816,2026-06-17,1180,IVA acreditable,2863.04,0.00,Registro factura INV-00033,INV-00033,CC-100 Operaciones,Ana Ruiz 07 00001204
1817,2026-04-12,2100,Cuentas por pagar,0.00,35036.64,Registro factura INV-00195,INV-00195,CC-100 Operaciones,Carla Soto 03 00001204
1818,2026-01-11,2100,Cuentas por pagar,0.00,82797.32,Registro factura INV-00124,INV-00124,CC-100 Operaciones,Diego Luna 04 00001204
1819,2026-02-28,1020,Bancos,0.00,32144.76,Pago factura INV-00196,INV-00196,CC-100 Operaciones,Bruno Garcia 02 00001204
1820,2026-01-24,1180,IVA acreditable,3651.52,0.00,Registro factura INV-00035,INV-00035,CC-100 Operaciones,Carla Soto 09 00001204
1821,2026-06-02,2100,Cuentas por pagar,55044.32,0.00,Pago factura INV-00358,INV-00358,CC-100 Operaciones,Bruno Garcia 02 00001204
1822,2026-05-01,2100,Cuentas por pagar,36465.76,0.00,Pago factura INV-00339,INV-00339,CC-100 Operaciones,Bruno Garcia 02 00001204
1823,2026-04-24,1020,Bancos,0.00,31538.08,Pago factura INV-00097,INV-00097,CC-100 Operaciones,Bruno Garcia 02 00001204
1824,2026-01-11,2100,Cuentas por pagar,0.00,77463.64,Registro factura INV-00098,INV-00098,CC-100 Operaciones,Fabian Rios 06 00001204
1825,2026-01-17,2100,Cuentas por pagar,0.00,64515.72,Registro factura INV-00338,INV-00338,CC-100 Operaciones,Bruno Garcia 02 00001204
1826,2026-05-31,1180,IVA acreditable,7525.12,0.00,Registro factura INV-00269,INV-00269,CC-100 Operaciones,Bruno Garcia 08 00001204
1827,2026-05-23,2100,Cuentas por pagar,18125.70,0.00,Pago factura INV-00294,INV-00294,CC-100 Operaciones,Bruno Garcia 02 00001204
1828,2026-04-04,2100,Cuentas por pagar,52307.88,0.00,Pago factura INV-00318,INV-00318,CC-100 Operaciones,Bruno Garcia 02 00001204
1829,2026-03-07,1180,IVA acreditable,14864.96,0.00,Registro factura INV-00055,INV-00055,CC-100 Operaciones,Carla Soto 09 00001204
1830,2026-06-16,2100,Cuentas por pagar,0.00,76446.32,Registro factura INV-00334,INV-00334,CC-100 Operaciones,Diego Luna 10 00001204
1831,2026-04-06,2100,Cuentas por pagar,55478.16,0.00,Pago factura INV-00057,INV-00057,CC-100 Operaciones,Bruno Garcia 02 00001204
1832,2026-04-05,1180,IVA acreditable,9153.28,0.00,Registro factura INV-00332,INV-00332,CC-100 Operaciones,Bruno Garcia 08 00001204
1833,2026-05-05,5000,Gastos operativos,30775.00,0.00,Registro factura INV-00130,INV-00130,CC-100 Operaciones,Bruno Garcia 08 00001204
1834,2026-01-10,5000,Gastos operativos,24133.00,0.00,Registro factura INV-00169,INV-00169,CC-100 Operaciones,Ana Ruiz 07 00001204
1835,2026-04-27,2100,Cuentas por pagar,0.00,44314.32,Registro factura INV-00182,INV-00182,CC-100 Operaciones,Diego Luna 10 00001204
1836,2026-04-04,1180,IVA acreditable,9600.00,0.00,Registro factura INV-00018,INV-00018,CC-100 Operaciones,Diego Luna 04 00001204
1837,2026-03-17,2100,Cuentas por pagar,0.00,81606.00,Registro factura INV-00344,INV-00344,CC-100 Operaciones,Carla Soto 03 00001204
1838,2026-05-23,2100,Cuentas por pagar,14135.30,0.00,Pago factura INV-00004,INV-00004,CC-100 Operaciones,Bruno Garcia 02 00001204
1839,2026-04-18,1020,Bancos,0.00,86759.88,Pago factura INV-00044,INV-00044,CC-100 Operaciones,Bruno Garcia 02 00001204
1840,2026-06-05,2100,Cuentas por pagar,0.00,35338.24,Registro factura INV-00225,INV-00225,CC-100 Operaciones,Ana Ruiz 07 00001204
1841,2026-03-06,2100,Cuentas por pagar,0.00,23432.00,Registro factura INV-00154,INV-00154,CC-100 Operaciones,Bruno Garcia 02 00001204
1842,2026-01-22,5000,Gastos operativos,64651.00,0.00,Registro factura INV-00214,INV-00214,CC-100 Operaciones,Elena Mora 05 00001204
1843,2026-04-29,5000,Gastos operativos,72246.00,0.00,Registro factura INV-00220,INV-00220,CC-100 Operaciones,Bruno Garcia 02 00001204
1844,2026-03-13,2100,Cuentas por pagar,0.00,36497.08,Registro factura INV-00102,INV-00102,CC-100 Operaciones,Carla Soto 09 00001204
1845,2026-02-17,1020,Bancos,0.00,32981.12,Pago factura INV-00319,INV-00319,CC-100 Operaciones,Bruno Garcia 02 00001204
1846,2026-06-27,1020,Bancos,0.00,20757.04,Pago factura INV-00033,INV-00033,CC-100 Operaciones,Bruno Garcia 02 00001204
1847,2026-06-16,5000,Gastos operativos,66078.00,0.00,Registro factura INV-00058,INV-00058,CC-100 Operaciones,Bruno Garcia 02 00001204
1848,2026-02-06,1180,IVA acreditable,9519.68,0.00,Registro factura INV-00205,INV-00205,CC-100 Operaciones,Diego Luna 04 00001204
1849,2026-03-14,1020,Bancos,0.00,32898.76,Pago factura INV-00263,INV-00263,CC-100 Operaciones,Bruno Garcia 02 00001204
1850,2026-04-07,5000,Gastos operativos,34159.00,0.00,Registro factura INV-00260,INV-00260,CC-100 Operaciones,Diego Luna 10 00001204
1851,2026-06-07,5000,Gastos operativos,66742.00,0.00,Registro factura INV-00278,INV-00278,CC-100 Operaciones,Elena Mora 05 00001204
1852,2026-05-08,5000,Gastos operativos,57933.00,0.00,Registro factura INV-00203,INV-00203,CC-100 Operaciones,Ana Ruiz 01 00001204
1853,2026-06-18,5000,Gastos operativos,57818.00,0.00,Registro factura INV-00012,INV-00012,CC-100 Operaciones,Diego Luna 04 00001204
1854,2026-03-19,2100,Cuentas por pagar,0.00,70103.44,Registro factura INV-00255,INV-00255,CC-100 Operaciones,Ana Ruiz 07 00001204
1855,2026-03-15,1020,Bancos,0.00,73332.88,Pago factura INV-00306,INV-00306,CC-100 Operaciones,Bruno Garcia 02 00001204
1856,2026-04-16,1020,Bancos,0.00,83871.48,Pago factura INV-00051,INV-00051,CC-100 Operaciones,Bruno Garcia 02 00001204
1857,2026-05-20,2100,Cuentas por pagar,88675.04,0.00,Pago factura INV-00024,INV-00024,CC-100 Operaciones,Bruno Garcia 02 00001204
1858,2026-03-26,2100,Cuentas por pagar,92056.44,0.00,Pago factura INV-00345,INV-00345,CC-100 Operaciones,Bruno Garcia 02 00001204
1859,2026-06-01,2100,Cuentas por pagar,74289.88,0.00,Pago factura INV-00228,INV-00228,CC-100 Operaciones,Bruno Garcia 02 00001204
1860,2026-05-18,2100,Cuentas por pagar,0.00,14279.60,Registro factura INV-00197,INV-00197,CC-100 Operaciones,Elena Mora 05 00001204
1861,2026-06-28,2100,Cuentas por pagar,67068.88,0.00,Pago factura INV-00012,INV-00012,CC-100 Operaciones,Bruno Garcia 02 00001204
1862,2026-04-15,1180,IVA acreditable,5481.44,0.00,Registro factura INV-00368,INV-00368,CC-100 Operaciones,Diego Luna 10 00001204
1863,2026-05-20,2100,Cuentas por pagar,0.00,73592.72,Registro factura INV-00054,INV-00054,CC-100 Operaciones,Carla Soto 09 00001204
1864,2026-06-24,2100,Cuentas por pagar,0.00,80834.60,Registro factura INV-00014,INV-00014,CC-100 Operaciones,Diego Luna 04 00001204
1865,2026-01-12,2100,Cuentas por pagar,21202.94,0.00,Pago factura INV-00007,INV-00007,CC-100 Operaciones,Bruno Garcia 02 00001204
1866,2026-02-09,2100,Cuentas por pagar,0.00,93804.56,Registro factura INV-00016,INV-00016,CC-100 Operaciones,Ana Ruiz 01 00001204
1867,2026-01-29,1180,IVA acreditable,7920.96,0.00,Registro factura INV-00128,INV-00128,CC-100 Operaciones,Bruno Garcia 02 00001204
1868,2026-05-26,2100,Cuentas por pagar,0.00,68733.48,Registro factura INV-00330,INV-00330,CC-100 Operaciones,Elena Mora 05 00001204
1869,2026-01-31,2100,Cuentas por pagar,50301.08,0.00,Pago factura INV-00074,INV-00074,CC-100 Operaciones,Bruno Garcia 02 00001204
1870,2026-03-06,1180,IVA acreditable,6128.80,0.00,Registro factura INV-00173,INV-00173,CC-100 Operaciones,Diego Luna 04 00001204
1871,2026-02-10,2100,Cuentas por pagar,49927.56,0.00,Pago factura INV-00138,INV-00138,CC-100 Operaciones,Bruno Garcia 02 00001204
1872,2026-03-15,2100,Cuentas por pagar,0.00,98254.32,Registro factura INV-00236,INV-00236,CC-100 Operaciones,Ana Ruiz 01 00001204
1873,2026-06-11,5000,Gastos operativos,63823.00,0.00,Registro factura INV-00208,INV-00208,CC-100 Operaciones,Carla Soto 09 00001204
1874,2026-01-19,2100,Cuentas por pagar,0.00,99416.64,Registro factura INV-00213,INV-00213,CC-100 Operaciones,Bruno Garcia 08 00001204
1875,2026-03-21,2100,Cuentas por pagar,0.00,48150.44,Registro factura INV-00163,INV-00163,CC-100 Operaciones,Ana Ruiz 01 00001204
1876,2026-04-28,2100,Cuentas por pagar,61249.16,0.00,Pago factura INV-00076,INV-00076,CC-100 Operaciones,Bruno Garcia 02 00001204
1877,2026-04-20,5000,Gastos operativos,82075.00,0.00,Registro factura INV-00088,INV-00088,CC-100 Operaciones,Carla Soto 03 00001204
1878,2026-05-23,1020,Bancos,0.00,22132.80,Pago factura INV-00008,INV-00008,CC-100 Operaciones,Bruno Garcia 02 00001204
1879,2026-03-15,2100,Cuentas por pagar,98770.52,0.00,Pago factura INV-00083,INV-00083,CC-100 Operaciones,Bruno Garcia 02 00001204
1880,2026-06-13,2100,Cuentas por pagar,0.00,39289.20,Registro factura INV-00065,INV-00065,CC-100 Operaciones,Ana Ruiz 01 00001204
1881,2026-05-28,1180,IVA acreditable,10929.44,0.00,Registro factura INV-00355,INV-00355,CC-100 Operaciones,Carla Soto 09 00001204
1882,2026-06-04,5000,Gastos operativos,32848.00,0.00,Registro factura INV-00316,INV-00316,CC-100 Operaciones,Fabian Rios 06 00001204
1883,2026-02-05,5000,Gastos operativos,39064.00,0.00,Registro factura INV-00262,INV-00262,CC-100 Operaciones,Carla Soto 09 00001204
1884,2026-02-07,2100,Cuentas por pagar,63835.96,0.00,Pago factura INV-00025,INV-00025,CC-100 Operaciones,Bruno Garcia 02 00001204
1885,2026-05-05,2100,Cuentas por pagar,0.00,45314.24,Registro factura INV-00294,INV-00294,CC-100 Operaciones,Bruno Garcia 02 00001204
