entry_id,date,account_code,account_name,debit,credit,description,invoice_uuid,cost_center,approver
1,2026-02-01,2100,Cuentas por pagar,31086.84,0.00,Pago factura INV-00261,INV-00261,CC-100 Operaciones,Bruno Garcia 02 00001105
2,2026-03-12,2100,Cuentas por pagar,63102.84,0.00,Pago factura INV-00304,INV-00304,CC-100 Operaciones,Bruno Garcia 02 00001105
3,2026-01-17,2100,Cuentas por pagar,0.00,58658.88,Registro factura INV-00054,INV-00054,CC-100 Operaciones,Bruno Garcia 02 00001105
4,2026-02-05,1180,IVA acreditable,2003.04,0.00,Registro factura INV-00202,INV-00202,CC-100 Operaciones,Elena Mora 05 00001105
5,2026-02-09,1020,Bancos,0.00,18597.12,Pago factura INV-00264,INV-00264,CC-100 Operaciones,Bruno Garcia 02 00001105
6,2026-04-16,2100,Cuentas por pagar,0.00,30730.72,Registro factura INV-00063,INV-00063,CC-100 Operaciones,Ana Ruiz 07 00001105
7,2026-05-14,5000,Gastos operativos,48859.00,0.00,Registro factura INV-00323,INV-00323,CC-100 Operaciones,Carla Soto 09 00001105
8,2026-04-16,2100,Cuentas por pagar,86457.12,0.00,Pago factura INV-00238,INV-00238,CC-100 Operaciones,Bruno Garcia 02 00001105
9,2026-04-05,1020,Bancos,0.00,21087.64,Pago factura INV-00051,INV-00051,CC-100 Operaciones,Bruno Garcia 02 00001105
10,2026-02-11,2100,Cuentas por pagar,0.00,81312.52,Registro factura INV-00310,INV-00310,CC-100 Operaciones,Elena Mora 05 00001105
11,2026-01-13,2100,Cuentas por pagar,0.00,74158.80,Registro factura INV-00012,INV-00012,CC-100 Operaciones,Fabian Rios 06 00001105
12,2026-05-18,1020,Bancos,0.00,72701.84,Pago factura INV-00203,INV-00203,CC-100 Operaciones,Bruno Garcia 02 00001105
13,2026-01-28,5000,Gastos operativos,73363.00,0.00,Registro factura INV-00234,INV-00234,CC-100 Operaciones,Carla Soto 03 00001105
14,2026-02-27,1020,Bancos,0.00,58653.08,Pago factura INV-00002,INV-00002,CC-100 Operaciones,Bruno Garcia 02 00001105
15,2026-04-20,2100,Cuentas por pagar,0.00,78117.88,Registro factura INV-00220,INV-00220,CC-100 Operaciones,Carla Soto 03 00001105
16,2026-03-15,2100,Cuentas por pagar,0.00,92663.12,Registro factura INV-00166,INV-00166,CC-100 Operaciones,Ana Ruiz 01 00001105
17,2026-04-13,2100,Cuentas por pagar,0.00,83468.96,Registro factura INV-00235,INV-00235,CC-100 Operaciones,Diego Luna 10 00001105
18,2026-03-25,2100,Cuentas por pagar,92663.12,0.00,Pago factura INV-00166,INV-00166,CC-100 Operaciones,Bruno Garcia 02 00001105
19,2026-03-19,2100,Cuentas por pagar,0.00,65925.12,Registro factura INV-00290,INV-00290,CC-100 Operaciones,Ana Ruiz 07 00001105
20,2026-03-24,2100,Cuentas por pagar,0.00,22043.48,Registro factura INV-00360,INV-00360,CC-100 Operaciones,Diego Luna 10 00001105
21,2026-04-09,1180,IVA acreditable,9148.96,0.00,Registro factura INV-00298,INV-00298,CC-100 Operaciones,Bruno Garcia 02 00001105
22,2026-02-09,5000,Gastos operativos,22226.00,0.00,Registro factura INV-00363,INV-00363,CC-100 Operaciones,Ana Ruiz 01 00001105
23,2026-06-22,2100,Cuentas por pagar,0.00,70968.80,Registro factura INV-00018,INV-00018,CC-100 Operaciones,Diego Luna 10 00001105
24,2026-02-02,1180,IVA acreditable,7732.00,0.00,Registro factura INV-00056,INV-00056,CC-100 Operaciones,Fabian Rios 06 00001105
25,2026-06-16,1180,IVA acreditable,3399.84,0.00,Registro factura INV-00020,INV-00020,CC-100 Operaciones,Diego Luna 10 00001105
26,2026-04-15,5000,Gastos operativos,28134.00,0.00,Registro factura INV-00163,INV-00163,CC-100 Operaciones,Diego Luna 10 00001105
27,2026-04-27,5000,Gastos operativos,23792.00,0.00,Registro factura INV-00055,INV-00055,CC-100 Operaciones,Diego Luna 10 00001105
28,2026-02-09,1180,IVA acreditable,3556.16,0.00,Registro factura INV-00363,INV-00363,CC-100 Operaciones,Ana Ruiz 01 00001105
29,2026-02-14,1020,Bancos,0.00,38447.04,Pago factura INV-00253,INV-00253,CC-100 Operaciones,Bruno Garcia 02 00001105
30,2026-01-14,1180,IVA acreditable,11431.84,0.00,Registro factura INV-00292,INV-00292,CC-100 Operaciones,Elena Mora 05 00001105
31,2026-05-30,5000,Gastos operativos,74334.00,0.00,Registro factura INV-00174,INV-00174,CC-100 Operaciones,Carla Soto 03 00001105
32,2026-06-17,2100,Cuentas por pagar,100737.88,0.00,Pago factura INV-00317,INV-00317,CC-100 Operaciones,Bruno Garcia 02 00001105
33,2026-06-19,2100,Cuentas por pagar,43755.20,0.00,Pago factura INV-00198,INV-00198,CC-100 Operaciones,Bruno Garcia 02 00001105
34,2026-02-19,1020,Bancos,0.00,96059.60,Pago factura INV-00110,INV-00110,CC-100 Operaciones,Bruno Garcia 02 00001105
35,2026-05-31,1020,Bancos,0.00,26831.96,Pago factura INV-00287,INV-00287,CC-100 Operaciones,Bruno Garcia 02 00001105
36,2026-02-05,1180,IVA acreditable,6886.24,0.00,Registro factura INV-00011,INV-00011,CC-100 Operaciones,Carla Soto 03 00001105
37,2026-06-03,2100,Cuentas por pagar,103860.60,0.00,Pago factura INV-00230,INV-00230,CC-100 Operaciones,Bruno Garcia 02 00001105
38,2026-06-08,2100,Cuentas por pagar,0.00,85243.76,Registro factura INV-00286,INV-00286,CC-100 Operaciones,Diego Luna 10 00001105
39,2026-05-13,1180,IVA acreditable,4986.08,0.00,Registro factura INV-00123,INV-00123,CC-100 Operaciones,Bruno Garcia 02 00001105
40,2026-03-18,2100,Cuentas por pagar,0.00,59004.56,Registro factura INV-00041,INV-00041,CC-100 Operaciones,Diego Luna 10 00001105
41,2026-01-28,1020,Bancos,0.00,40872.60,Pago factura INV-00064,INV-00064,CC-100 Operaciones,Bruno Garcia 02 00001105
42,2026-03-20,1180,IVA acreditable,5990.40,0.00,Registro factura INV-00021,INV-00021,CC-100 Operaciones,Diego Luna 04 00001105
43,2026-05-23,2100,Cuentas por pagar,0.00,50174.64,Registro factura INV-00205,INV-00205,CC-100 Operaciones,Fabian Rios 06 00001105
44,2026-01-29,2100,Cuentas por pagar,23577.00,0.00,Pago factura INV-00084,INV-00084,CC-100 Operaciones,Bruno Garcia 02 00001105
45,2026-06-16,5000,Gastos operativos,65363.00,0.00,Registro factura INV-00351,INV-00351,CC-100 Operaciones,Bruno Garcia 02 00001105
46,2026-03-23,2100,Cuentas por pagar,8686.08,0.00,Pago factura INV-00300,INV-00300,CC-100 Operaciones,Bruno Garcia 02 00001105
47,2026-05-05,5000,Gastos operativos,41175.00,0.00,Registro factura INV-00243,INV-00243,CC-100 Operaciones,Bruno Garcia 02 00001105
48,2026-06-20,2100,Cuentas por pagar,42838.80,0.00,Pago factura INV-00307,INV-00307,CC-100 Operaciones,Bruno Garcia 02 00001105
49,2026-04-11,1020,Bancos,0.00,88673.88,Pago factura INV-00258,INV-00258,CC-100 Operaciones,Bruno Garcia 02 00001105
50,2026-03-15,2100,Cuentas por pagar,82931.88,0.00,Pago factura INV-00029,INV-00029,CC-100 Operaciones,Bruno Garcia 02 00001105
51,2026-02-03,2100,Cuentas por pagar,63632.96,0.00,Pago factura INV-00068,INV-00068,CC-100 Operaciones,Bruno Garcia 02 00001105
52,2026-04-11,1180,IVA acreditable,14945.92,0.00,Registro factura INV-00333,INV-00333,CC-100 Operaciones,Fabian Rios 06 00001105
53,2026-03-12,5000,Gastos operativos,60175.00,0.00,Registro factura INV-00065,INV-00065,CC-100 Operaciones,Bruno Garcia 02 00001105
54,2026-04-04,2100,Cuentas por pagar,54057.16,0.00,Pago factura INV-00249,INV-00249,CC-100 Operaciones,Bruno Garcia 02 00001105
55,2026-01-12,1020,Bancos,0.00,29955.14,Pago factura INV-00297,INV-00297,CC-100 Operaciones,Bruno Garcia 02 00001105
56,2026-03-26,1020,Bancos,0.00,47138.92,Pago factura INV-00053,INV-00053,CC-100 Operaciones,Bruno Garcia 02 00001105
57,2026-04-10,5000,Gastos operativos,19056.00,0.00,Registro factura INV-00276,INV-00276,CC-100 Operaciones,Ana Ruiz 01 00001105
58,2026-05-16,1180,IVA acreditable,5816.64,0.00,Registro factura INV-00191,INV-00191,CC-100 Operaciones,Ana Ruiz 01 00001105
59,2026-03-03,1020,Bancos,0.00,74047.44,Pago factura INV-00080,INV-00080,CC-100 Operaciones,Bruno Garcia 02 00001105
60,2026-02-19,1180,IVA acreditable,9332.16,0.00,Registro factura INV-00278,INV-00278,CC-100 Operaciones,Elena Mora 05 00001105
61,2026-04-11,5000,Gastos operativos,61585.00,0.00,Registro factura INV-00164,INV-00164,CC-100 Operaciones,Diego Luna 04 00001105
62,2026-03-04,1180,IVA acreditable,7731.52,0.00,Registro factura INV-00165,INV-00165,CC-100 Operaciones,Bruno Garcia 02 00001105
63,2026-04-12,5000,Gastos operativos,62945.00,0.00,Registro factura INV-00144,INV-00144,CC-100 Operaciones,Carla Soto 03 00001105
64,2026-06-09,2100,Cuentas por pagar,0.00,43755.20,Registro factura INV-00198,INV-00198,CC-100 Operaciones,Elena Mora 05 00001105
65,2026-02-17,1020,Bancos,0.00,26594.16,Pago factura INV-00042,INV-00042,CC-100 Operaciones,Bruno Garcia 02 00001105
66,2026-02-16,1020,Bancos,0.00,96995.72,Pago factura INV-00099,INV-00099,CC-100 Operaciones,Bruno Garcia 02 00001105
67,2026-04-11,2100,Cuentas por pagar,0.00,108357.92,Registro factura INV-00333,INV-00333,CC-100 Operaciones,Fabian Rios 06 00001105
68,2026-03-10,1020,Bancos,0.00,76005.52,Pago factura INV-00111,INV-00111,CC-100 Operaciones,Bruno Garcia 02 00001105
69,2026-01-12,2100,Cuentas por pagar,0.00,51167.60,Registro factura INV-00255,INV-00255,CC-100 Operaciones,Carla Soto 03 00001105
70,2026-04-05,5000,Gastos operativos,45105.00,0.00,Registro factura INV-00149,INV-00149,CC-100 Operaciones,Bruno Garcia 08 00001105
71,2026-02-21,1180,IVA acreditable,7271.52,0.00,Registro factura INV-00334,INV-00334,CC-100 Operaciones,Ana Ruiz 01 00001105
72,2026-04-28,2100,Cuentas por pagar,0.00,68386.64,Registro factura INV-00314,INV-00314,CC-100 Operaciones,Ana Ruiz 07 00001105
73,2026-06-27,1020,Bancos,0.00,101308.60,Pago factura INV-00109,INV-00109,CC-100 Operaciones,Bruno Garcia 02 00001105
74,2026-03-13,2100,Cuentas por pagar,0.00,56045.40,Registro factura INV-00086,INV-00086,CC-100 Operaciones,Carla Soto 09 00001105
75,2026-01-30,2100,Cuentas por pagar,0.00,18597.12,Registro factura INV-00264,INV-00264,CC-100 Operaciones,Carla Soto 09 00001105
76,2026-02-22,5000,Gastos operativos,32105.00,0.00,Registro factura INV-00089,INV-00089,CC-100 Operaciones,Diego Luna 04 00001105
77,2026-06-09,1180,IVA acreditable,6035.20,0.00,Registro factura INV-00198,INV-00198,CC-100 Operaciones,Elena Mora 05 00001105
78,2026-04-10,5000,Gastos operativos,56548.00,0.00,Registro factura INV-00127,INV-00127,CC-100 Operaciones,Carla Soto 09 00001105
79,2026-01-30,1180,IVA acreditable,2565.12,0.00,Registro factura INV-00264,INV-00264,CC-100 Operaciones,Carla Soto 09 00001105
80,2026-01-05,2100,Cuentas por pagar,0.00,49925.24,Registro factura INV-00297,INV-00297,CC-100 Operaciones,Bruno Garcia 02 00001105
81,2026-02-16,2100,Cuentas por pagar,96995.72,0.00,Pago factura INV-00099,INV-00099,CC-100 Operaciones,Bruno Garcia 02 00001105
82,2026-02-04,1180,IVA acreditable,5303.04,0.00,Registro factura INV-00253,INV-00253,CC-100 Operaciones,Diego Luna 10 00001105
83,2026-06-17,1020,Bancos,0.00,94179.24,Pago factura INV-00200,INV-00200,CC-100 Operaciones,Bruno Garcia 02 00001105
84,2026-06-14,2100,Cuentas por pagar,0.00,76474.16,Registro factura INV-00142,INV-00142,CC-100 Operaciones,Diego Luna 10 00001105
85,2026-06-05,1180,IVA acreditable,6886.24,0.00,Registro factura INV-00206,INV-00206,CC-100 Operaciones,Ana Ruiz 07 00001105
86,2026-05-26,1020,Bancos,0.00,83791.44,Pago factura INV-00058,INV-00058,CC-100 Operaciones,Bruno Garcia 02 00001105
87,2026-06-30,1020,Bancos,0.00,27299.44,Pago factura INV-00176,INV-00176,CC-100 Operaciones,Bruno Garcia 02 00001105
88,2026-02-22,2100,Cuentas por pagar,0.00,37241.80,Registro factura INV-00089,INV-00089,CC-100 Operaciones,Diego Luna 04 00001105
89,2026-02-10,5000,Gastos operativos,70038.00,0.00,Registro factura INV-00246,INV-00246,CC-100 Operaciones,Bruno Garcia 08 00001105
90,2026-03-21,5000,Gastos operativos,61943.00,0.00,Registro factura INV-00038,INV-00038,CC-100 Operaciones,Ana Ruiz 01 00001105
91,2026-02-28,5000,Gastos operativos,65522.00,0.00,Registro factura INV-00111,INV-00111,CC-100 Operaciones,Diego Luna 04 00001105
92,2026-04-10,1020,Bancos,0.00,60238.80,Pago factura INV-00308,INV-00308,CC-100 Operaciones,Bruno Garcia 02 00001105
93,2026-01-24,2100,Cuentas por pagar,0.00,63632.96,Registro factura INV-00068,INV-00068,CC-100 Operaciones,Carla Soto 09 00001105
94,2026-05-22,1020,Bancos,0.00,72497.68,Pago factura INV-00209,INV-00209,CC-100 Operaciones,Bruno Garcia 02 00001105
95,2026-02-19,2100,Cuentas por pagar,0.00,67658.16,Registro factura INV-00278,INV-00278,CC-100 Operaciones,Elena Mora 05 00001105
96,2026-05-18,5000,Gastos operativos,90028.00,0.00,Registro factura INV-00118,INV-00118,CC-100 Operaciones,Carla Soto 03 00001105
97,2026-02-25,2100,Cuentas por pagar,20468.20,0.00,Pago factura INV-00328,INV-00328,CC-100 Operaciones,Bruno Garcia 02 00001105
98,2026-01-23,2100,Cuentas por pagar,9684.61,0.00,Pago factura INV-00275,INV-00275,CC-100 Operaciones,Bruno Garcia 02 00001105
99,2026-04-01,2100,Cuentas por pagar,102672.76,0.00,Pago factura INV-00120,INV-00120,CC-100 Operaciones,Bruno Garcia 02 00001105
100,2026-04-21,5000,Gastos operativos,22320.00,0.00,Registro factura INV-00030,INV-00030,CC-100 Operaciones,Diego Luna 10 00001105
101,2026-05-30,1020,Bancos,0.00,19616.76,Pago factura INV-00088,INV-00088,CC-100 Operaciones,Bruno Garcia 02 00001105
102,2026-06-03,1180,IVA acreditable,9869.92,0.00,Registro factura INV-00073,INV-00073,CC-100 Operaciones,Carla Soto 09 00001105
103,2026-03-25,1180,IVA acreditable,11353.92,0.00,Registro factura INV-00100,INV-00100,CC-100 Operaciones,Elena Mora 05 00001105
104,2026-03-17,5000,Gastos operativos,14424.00,0.00,Registro factura INV-00211,INV-00211,CC-100 Operaciones,Carla Soto 03 00001105
105,2026-01-23,1020,Bancos,0.00,9684.61,Pago factura INV-00275,INV-00275,CC-100 Operaciones,Bruno Garcia 02 00001105
106,2026-05-23,2100,Cuentas por pagar,8686.08,0.00,Pago factura INV-00112,INV-00112,CC-100 Operaciones,Bruno Garcia 02 00001105
107,2026-02-16,5000,Gastos operativos,30945.00,0.00,Registro factura INV-00015,INV-00015,CC-100 Operaciones,Fabian Rios 06 00001105
108,2026-01-26,2100,Cuentas por pagar,0.00,81930.80,Registro factura INV-00339,INV-00339,CC-100 Operaciones,Carla Soto 03 00001105
109,2026-06-21,1020,Bancos,0.00,104626.20,Pago factura INV-00285,INV-00285,CC-100 Operaciones,Bruno Garcia 02 00001105
110,2026-02-20,2100,Cuentas por pagar,0.00,99075.60,Registro factura INV-00272,INV-00272,CC-100 Operaciones,Diego Luna 04 00001105
111,2026-03-29,2100,Cuentas por pagar,16403.56,0.00,Pago factura INV-00325,INV-00325,CC-100 Operaciones,Bruno Garcia 02 00001105
112,2026-04-26,2100,Cuentas por pagar,0.00,20175.88,Registro factura INV-00185,INV-00185,CC-100 Operaciones,Ana Ruiz 01 00001105
113,2026-03-12,1180,IVA acreditable,7475.84,0.00,Registro factura INV-00061,INV-00061,CC-100 Operaciones,Diego Luna 04 00001105
114,2026-03-23,1020,Bancos,0.00,56045.40,Pago factura INV-00086,INV-00086,CC-100 Operaciones,Bruno Garcia 02 00001105
115,2026-05-28,2100,Cuentas por pagar,59061.40,0.00,Pago factura INV-00101,INV-00101,CC-100 Operaciones,Bruno Garcia 02 00001105
116,2026-02-28,2100,Cuentas por pagar,85533.76,0.00,Pago factura INV-00154,INV-00154,CC-100 Operaciones,Bruno Garcia 02 00001105
117,2026-02-14,2100,Cuentas por pagar,38447.04,0.00,Pago factura INV-00253,INV-00253,CC-100 Operaciones,Bruno Garcia 02 00001105
118,2026-06-15,2100,Cuentas por pagar,0.00,90016.00,Registro factura INV-00122,INV-00122,CC-100 Operaciones,Ana Ruiz 07 00001105
119,2026-06-04,1180,IVA acreditable,3716.80,0.00,Registro factura INV-00281,INV-00281,CC-100 Operaciones,Fabian Rios 06 00001105
120,2026-05-10,5000,Gastos operativos,31287.00,0.00,Registro factura INV-00005,INV-00005,CC-100 Operaciones,Ana Ruiz 01 00001105
121,2026-04-03,1180,IVA acreditable,7905.44,0.00,Registro factura INV-00141,INV-00141,CC-100 Operaciones,Diego Luna 04 00001105
122,2026-06-13,1180,IVA acreditable,7584.32,0.00,Registro factura INV-00341,INV-00341,CC-100 Operaciones,Carla Soto 03 00001105
123,2026-02-15,1020,Bancos,0.00,24211.52,Pago factura INV-00036,INV-00036,CC-100 Operaciones,Bruno Garcia 02 00001105
124,2026-02-14,1020,Bancos,0.00,41870.20,Pago factura INV-00267,INV-00267,CC-100 Operaciones,Bruno Garcia 02 00001105
125,2026-05-25,5000,Gastos operativos,81431.00,0.00,Registro factura INV-00227,INV-00227,CC-100 Operaciones,Diego Luna 10 00001105
126,2026-02-23,5000,Gastos operativos,55786.00,0.00,Registro factura INV-00140,INV-00140,CC-100 Operaciones,Carla Soto 03 00001105
127,2026-02-21,2100,Cuentas por pagar,14677.48,0.00,Pago factura INV-00001,INV-00001,CC-100 Operaciones,Bruno Garcia 02 00001105
128,2026-04-15,1180,IVA acreditable,11961.92,0.00,Registro factura INV-00050,INV-00050,CC-100 Operaciones,Bruno Garcia 02 00001105
129,2026-01-21,1180,IVA acreditable,0.00,3600.00,Reversion de factura cancelada INV-00083,INV-00083,CC-100 Operaciones,Bruno Garcia 02 00001105
130,2026-05-20,1180,IVA acreditable,3535.68,0.00,Registro factura INV-00168,INV-00168,CC-100 Operaciones,Ana Ruiz 07 00001105
131,2026-02-23,1020,Bancos,0.00,53612.88,Pago factura INV-00070,INV-00070,CC-100 Operaciones,Bruno Garcia 02 00001105
132,2026-04-20,2100,Cuentas por pagar,22104.96,0.00,Pago factura INV-00276,INV-00276,CC-100 Operaciones,Bruno Garcia 02 00001105
133,2026-06-13,1020,Bancos,0.00,71556.92,Pago factura INV-00073,INV-00073,CC-100 Operaciones,Bruno Garcia 02 00001105
134,2026-03-19,1180,IVA acreditable,9093.12,0.00,Registro factura INV-00290,INV-00290,CC-100 Operaciones,Ana Ruiz 07 00001105
135,2026-03-11,5000,Gastos operativos,85272.00,0.00,Registro factura INV-00204,INV-00204,CC-100 Operaciones,Elena Mora 05 00001105
136,2026-05-21,1020,Bancos,0.00,105235.20,Pago factura INV-00132,INV-00132,CC-100 Operaciones,Bruno Garcia 02 00001105
137,2026-04-22,2100,Cuentas por pagar,0.00,18865.08,Registro factura INV-00231,INV-00231,CC-100 Operaciones,Ana Ruiz 07 00001105
138,2026-05-02,1180,IVA acreditable,7676.80,0.00,Registro factura INV-00184,INV-00184,CC-100 Operaciones,Ana Ruiz 01 00001105
139,2026-02-08,2100,Cuentas por pagar,0.00,107835.92,Registro factura INV-00229,INV-00229,CC-100 Operaciones,Diego Luna 04 00001105
140,2026-03-22,2100,Cuentas por pagar,0.00,102672.76,Registro factura INV-00120,INV-00120,CC-100 Operaciones,Fabian Rios 06 00001105
141,2026-03-21,2100,Cuentas por pagar,60681.92,0.00,Pago factura INV-00169,INV-00169,CC-100 Operaciones,Bruno Garcia 02 00001105
142,2026-03-23,1020,Bancos,0.00,9684.61,Pago factura INV-00223,INV-00223,CC-100 Operaciones,Bruno Garcia 02 00001105
143,2026-01-31,1020,Bancos,0.00,58063.80,Pago factura INV-00277,INV-00277,CC-100 Operaciones,Bruno Garcia 02 00001105
144,2026-01-30,1050,Cuentas por cobrar,44080.00,0.00,Registro venta INV-00225,INV-00225,CC-100 Operaciones,Bruno Garcia 02 00001105
145,2026-03-01,5000,Gastos operativos,12919.00,0.00,Registro factura INV-00216,INV-00216,CC-100 Operaciones,Carla Soto 03 00001105
146,2026-06-21,5000,Gastos operativos,36614.00,0.00,Registro factura INV-00105,INV-00105,CC-100 Operaciones,Carla Soto 03 00001105
147,2026-01-25,1180,IVA acreditable,5310.08,0.00,Registro factura INV-00265,INV-00265,CC-100 Operaciones,Diego Luna 04 00001105
148,2026-04-17,5000,Gastos operativos,39398.00,0.00,Registro factura INV-00288,INV-00288,CC-100 Operaciones,Diego Luna 04 00001105
149,2026-02-13,1180,IVA acreditable,7394.88,0.00,Registro factura INV-00070,INV-00070,CC-100 Operaciones,Ana Ruiz 07 00001105
150,2026-06-26,2100,Cuentas por pagar,0.00,85691.52,Registro factura INV-00336,INV-00336,CC-100 Operaciones,Fabian Rios 06 00001105
151,2026-01-11,1180,IVA acreditable,13640.48,0.00,Registro factura INV-00129,INV-00129,CC-100 Operaciones,Fabian Rios 06 00001105
152,2026-04-13,1180,IVA acreditable,11512.96,0.00,Registro factura INV-00235,INV-00235,CC-100 Operaciones,Diego Luna 10 00001105
153,2026-02-25,1180,IVA acreditable,6399.68,0.00,Registro factura INV-00017,INV-00017,CC-100 Operaciones,Elena Mora 05 00001105
154,2026-01-29,1020,Bancos,0.00,60207.48,Pago factura INV-00108,INV-00108,CC-100 Operaciones,Bruno Garcia 02 00001105
155,2026-05-20,5000,Gastos operativos,22098.00,0.00,Registro factura INV-00168,INV-00168,CC-100 Operaciones,Ana Ruiz 07 00001105
156,2026-02-05,1020,Bancos,0.00,30901.24,Pago factura INV-00349,INV-00349,CC-100 Operaciones,Bruno Garcia 02 00001105
157,2026-03-26,2100,Cuentas por pagar,90586.72,0.00,Pago factura INV-00006,INV-00006,CC-100 Operaciones,Bruno Garcia 02 00001105
158,2026-05-31,2100,Cuentas por pagar,26831.96,0.00,Pago factura INV-00287,INV-00287,CC-100 Operaciones,Bruno Garcia 02 00001105
159,2026-06-11,1020,Bancos,0.00,83935.28,Pago factura INV-00157,INV-00157,CC-100 Operaciones,Bruno Garcia 02 00001105
160,2026-02-26,2100,Cuentas por pagar,35896.20,0.00,Pago factura INV-00015,INV-00015,CC-100 Operaciones,Bruno Garcia 02 00001105
161,2026-02-01,2100,Cuentas por pagar,0.00,23923.84,Registro factura INV-00139,INV-00139,CC-100 Operaciones,Ana Ruiz 01 00001105
162,2026-05-25,1180,IVA acreditable,13028.96,0.00,Registro factura INV-00227,INV-00227,CC-100 Operaciones,Diego Luna 10 00001105
163,2026-03-19,5000,Gastos operativos,14141.00,0.00,Registro factura INV-00325,INV-00325,CC-100 Operaciones,Carla Soto 09 00001105
164,2026-04-24,1020,Bancos,0.00,61991.56,Pago factura INV-00128,INV-00128,CC-100 Operaciones,Bruno Garcia 02 00001105
165,2026-06-23,1020,Bancos,0.00,55712.48,Pago factura INV-00358,INV-00358,CC-100 Operaciones,Bruno Garcia 02 00001105
166,2026-04-18,1020,Bancos,0.00,58349.16,Pago factura INV-00195,INV-00195,CC-100 Operaciones,Bruno Garcia 02 00001105
167,2026-06-11,5000,Gastos operativos,90195.00,0.00,Registro factura INV-00285,INV-00285,CC-100 Operaciones,Ana Ruiz 01 00001105
168,2026-02-03,2100,Cuentas por pagar,0.00,53538.64,Registro factura INV-00023,INV-00023,CC-100 Operaciones,Carla Soto 03 00001105
169,2026-03-16,1180,IVA acreditable,6501.92,0.00,Registro factura INV-00053,INV-00053,CC-100 Operaciones,Bruno Garcia 08 00001105
170,2026-06-06,2100,Cuentas por pagar,0.00,28228.60,Registro factura INV-00326,INV-00326,CC-100 Operaciones,Fabian Rios 06 00001105
171,2026-02-16,5000,Gastos operativos,83681.00,0.00,Registro factura INV-00217,INV-00217,CC-100 Operaciones,Bruno Garcia 08 00001105
172,2026-02-08,2100,Cuentas por pagar,57204.24,0.00,Pago factura INV-00318,INV-00318,CC-100 Operaciones,Bruno Garcia 02 00001105
173,2026-06-26,5000,Gastos operativos,45801.00,0.00,Registro factura INV-00178,INV-00178,CC-100 Operaciones,Bruno Garcia 08 00001105
174,2026-05-02,5000,Gastos operativos,64364.00,0.00,Registro factura INV-00095,INV-00095,CC-100 Operaciones,Carla Soto 03 00001105
175,2026-02-24,1180,IVA acreditable,4186.40,0.00,Registro factura INV-00143,INV-00143,CC-100 Operaciones,Diego Luna 10 00001105
176,2026-04-14,5000,Gastos operativos,53441.00,0.00,Registro factura INV-00128,INV-00128,CC-100 Operaciones,Elena Mora 05 00001105
177,2026-06-05,1180,IVA acreditable,3339.52,0.00,Registro factura INV-00071,INV-00071,CC-100 Operaciones,Carla Soto 09 00001105
178,2026-03-26,2100,Cuentas por pagar,47138.92,0.00,Pago factura INV-00053,INV-00053,CC-100 Operaciones,Bruno Garcia 02 00001105
179,2026-03-08,2100,Cuentas por pagar,0.00,37132.76,Registro factura INV-00251,INV-00251,CC-100 Operaciones,Fabian Rios 06 00001105
180,2026-05-08,2100,Cuentas por pagar,0.00,72701.84,Registro factura INV-00203,INV-00203,CC-100 Operaciones,Carla Soto 09 00001105
181,2026-02-20,2100,Cuentas por pagar,81244.08,0.00,Pago factura INV-00246,INV-00246,CC-100 Operaciones,Bruno Garcia 02 00001105
182,2026-05-31,5000,Gastos operativos,40490.00,0.00,Registro factura INV-00192,INV-00192,CC-100 Operaciones,Diego Luna 10 00001105
183,2026-06-04,2100,Cuentas por pagar,94459.96,0.00,Pago factura INV-00227,INV-00227,CC-100 Operaciones,Bruno Garcia 02 00001105
184,2026-06-04,1020,Bancos,0.00,19918.36,Pago factura INV-00299,INV-00299,CC-100 Operaciones,Bruno Garcia 02 00001105
185,2026-04-14,2100,Cuentas por pagar,0.00,61991.56,Registro factura INV-00128,INV-00128,CC-100 Operaciones,Elena Mora 05 00001105
186,2026-05-01,2100,Cuentas por pagar,0.00,107758.20,Registro factura INV-00294,INV-00294,CC-100 Operaciones,Fabian Rios 06 00001105
187,2026-04-04,1180,IVA acreditable,9504.32,0.00,Registro factura INV-00008,INV-00008,CC-100 Operaciones,Ana Ruiz 01 00001105
188,2026-04-27,2100,Cuentas por pagar,0.00,55727.56,Registro factura INV-00049,INV-00049,CC-100 Operaciones,Bruno Garcia 08 00001105
189,2026-06-06,2100,Cuentas por pagar,30980.12,0.00,Pago factura INV-00193,INV-00193,CC-100 Operaciones,Bruno Garcia 02 00001105
190,2026-06-02,2100,Cuentas por pagar,50174.64,0.00,Pago factura INV-00205,INV-00205,CC-100 Operaciones,Bruno Garcia 02 00001105
191,2026-05-10,2100,Cuentas por pagar,0.00,36292.92,Registro factura INV-00005,INV-00005,CC-100 Operaciones,Ana Ruiz 01 00001105
192,2026-04-17,2100,Cuentas por pagar,0.00,45701.68,Registro factura INV-00288,INV-00288,CC-100 Operaciones,Diego Luna 04 00001105
193,2026-06-15,1020,Bancos,0.00,84968.84,Pago factura INV-00047,INV-00047,CC-100 Operaciones,Bruno Garcia 02 00001105
194,2026-05-23,2100,Cuentas por pagar,9684.61,0.00,Pago factura INV-00343,INV-00343,CC-100 Operaciones,Bruno Garcia 02 00001105
195,2026-03-05,1020,Bancos,0.00,64711.76,Pago factura INV-00140,INV-00140,CC-100 Operaciones,Bruno Garcia 02 00001105
196,2026-06-29,1180,IVA acreditable,3765.44,0.00,Registro factura INV-00176,INV-00176,CC-100 Operaciones,Elena Mora 05 00001105
197,2026-01-17,5000,Gastos operativos,43183.00,0.00,Registro factura INV-00348,INV-00348,CC-100 Operaciones,Diego Luna 04 00001105
198,2026-04-06,5000,Gastos operativos,74532.00,0.00,Registro factura INV-00238,INV-00238,CC-100 Operaciones,Elena Mora 05 00001105
199,2026-03-29,1020,Bancos,0.00,16403.56,Pago factura INV-00325,INV-00325,CC-100 Operaciones,Bruno Garcia 02 00001105
200,2026-02-15,2100,Cuentas por pagar,0.00,62207.32,Registro factura INV-00262,INV-00262,CC-100 Operaciones,Ana Ruiz 01 00001105
201,2026-04-14,1020,Bancos,0.00,68906.32,Pago factura INV-00008,INV-00008,CC-100 Operaciones,Bruno Garcia 02 00001105
202,2026-02-18,2100,Cuentas por pagar,0.00,85533.76,Registro factura INV-00154,INV-00154,CC-100 Operaciones,Diego Luna 10 00001105
203,2026-06-26,1180,IVA acreditable,11819.52,0.00,Registro factura INV-00336,INV-00336,CC-100 Operaciones,Fabian Rios 06 00001105
204,2026-04-02,5000,Gastos operativos,74646.00,0.00,Registro factura INV-00338,INV-00338,CC-100 Operaciones,Ana Ruiz 07 00001105
205,2026-04-09,1180,IVA acreditable,14746.88,0.00,Registro factura INV-00019,INV-00019,CC-100 Operaciones,Diego Luna 04 00001105
206,2026-01-26,1020,Bancos,0.00,23965.60,Pago factura INV-00156,INV-00156,CC-100 Operaciones,Bruno Garcia 02 00001105
207,2026-03-04,1020,Bancos,0.00,89952.20,Pago factura INV-00170,INV-00170,CC-100 Operaciones,Bruno Garcia 02 00001105
208,2026-05-28,1180,IVA acreditable,9286.72,0.00,Registro factura INV-00352,INV-00352,CC-100 Operaciones,Carla Soto 09 00001105
209,2026-01-19,1180,IVA acreditable,8304.48,0.00,Registro factura INV-00108,INV-00108,CC-100 Operaciones,Fabian Rios 06 00001105
210,2026-01-09,5000,Gastos operativos,26444.00,0.00,Registro factura INV-00037,INV-00037,CC-100 Operaciones,Bruno Garcia 02 00001105
211,2026-06-29,5000,Gastos operativos,23534.00,0.00,Registro factura INV-00176,INV-00176,CC-100 Operaciones,Elena Mora 05 00001105
212,2026-06-15,1020,Bancos,0.00,24211.52,Pago factura INV-00071,INV-00071,CC-100 Operaciones,Bruno Garcia 02 00001105
213,2026-01-10,5000,Gastos operativos,53855.00,0.00,Registro factura INV-00098,INV-00098,CC-100 Operaciones,Carla Soto 09 00001105
214,2026-06-17,2100,Cuentas por pagar,0.00,49652.64,Registro factura INV-00103,INV-00103,CC-100 Operaciones,Ana Ruiz 07 00001105
215,2026-05-23,1020,Bancos,0.00,8686.08,Pago factura INV-00112,INV-00112,CC-100 Operaciones,Bruno Garcia 02 00001105
216,2026-02-07,1020,Bancos,0.00,85101.08,Pago factura INV-00234,INV-00234,CC-100 Operaciones,Bruno Garcia 02 00001105
217,2026-01-05,5000,Gastos operativos,43039.00,0.00,Registro factura INV-00297,INV-00297,CC-100 Operaciones,Bruno Garcia 02 00001105
218,2026-01-24,1020,Bancos,0.00,96373.96,Pago factura INV-00295,INV-00295,CC-100 Operaciones,Bruno Garcia 02 00001105
219,2026-05-30,1180,IVA acreditable,11893.44,0.00,Registro factura INV-00174,INV-00174,CC-100 Operaciones,Carla Soto 03 00001105
220,2026-04-11,2100,Cuentas por pagar,0.00,71438.60,Registro factura INV-00164,INV-00164,CC-100 Operaciones,Diego Luna 04 00001105
221,2026-03-28,1020,Bancos,0.00,66909.96,Pago factura INV-00146,INV-00146,CC-100 Operaciones,Bruno Garcia 02 00001105
222,2026-05-11,1180,IVA acreditable,10789.44,0.00,Registro factura INV-00009,INV-00009,CC-100 Operaciones,Bruno Garcia 08 00001105
223,2026-05-05,2100,Cuentas por pagar,0.00,47763.00,Registro factura INV-00243,INV-00243,CC-100 Operaciones,Bruno Garcia 02 00001105
224,2026-02-21,5000,Gastos operativos,63834.00,0.00,Registro factura INV-00080,INV-00080,CC-100 Operaciones,Carla Soto 09 00001105
225,2026-05-04,5000,Gastos operativos,34670.00,0.00,Registro factura INV-00224,INV-00224,CC-100 Operaciones,Elena Mora 05 00001105
226,2026-02-27,2100,Cuentas por pagar,0.00,40379.60,Registro factura INV-00052,INV-00052,CC-100 Operaciones,Ana Ruiz 07 00001105
227,2026-05-07,2100,Cuentas por pagar,55727.56,0.00,Pago factura INV-00049,INV-00049,CC-100 Operaciones,Bruno Garcia 02 00001105
228,2026-05-08,1180,IVA acreditable,10027.84,0.00,Registro factura INV-00203,INV-00203,CC-100 Operaciones,Carla Soto 09 00001105
229,2026-04-03,2100,Cuentas por pagar,0.00,34187.52,Registro factura INV-00303,INV-00303,CC-100 Operaciones,Fabian Rios 06 00001105
230,2026-02-04,5000,Gastos operativos,36095.00,0.00,Registro factura INV-00267,INV-00267,CC-100 Operaciones,Bruno Garcia 08 00001105
231,2026-01-24,2100,Cuentas por pagar,96373.96,0.00,Pago factura INV-00295,INV-00295,CC-100 Operaciones,Bruno Garcia 02 00001105
232,2026-02-20,1180,IVA acreditable,13665.60,0.00,Registro factura INV-00272,INV-00272,CC-100 Operaciones,Diego Luna 04 00001105
233,2026-01-15,5000,Gastos operativos,86720.00,0.00,Registro factura INV-00179,INV-00179,CC-100 Operaciones,Diego Luna 10 00001105
234,2026-05-10,1180,IVA acreditable,5733.44,0.00,Registro factura INV-00226,INV-00226,CC-100 Operaciones,Carla Soto 03 00001105
235,2026-02-27,1180,IVA acreditable,7274.08,0.00,Registro factura INV-00329,INV-00329,CC-100 Operaciones,Carla Soto 09 00001105
236,2026-06-30,2100,Cuentas por pagar,49066.84,0.00,Pago factura INV-00208,INV-00208,CC-100 Operaciones,Bruno Garcia 02 00001105
237,2026-06-07,2100,Cuentas por pagar,0.00,94179.24,Registro factura INV-00200,INV-00200,CC-100 Operaciones,Elena Mora 05 00001105
238,2026-05-12,1020,Bancos,0.00,74662.24,Pago factura INV-00095,INV-00095,CC-100 Operaciones,Bruno Garcia 02 00001105
239,2026-06-30,1020,Bancos,0.00,94573.64,Pago factura INV-00003,INV-00003,CC-100 Operaciones,Bruno Garcia 02 00001105
240,2026-06-12,1020,Bancos,0.00,84351.72,Pago factura INV-00337,INV-00337,CC-100 Operaciones,Bruno Garcia 02 00001105
241,2026-01-23,1020,Bancos,0.00,89383.80,Pago factura INV-00321,INV-00321,CC-100 Operaciones,Bruno Garcia 02 00001105
242,2026-03-10,1180,IVA acreditable,6037.60,0.00,Registro factura INV-00024,INV-00024,CC-100 Operaciones,Bruno Garcia 08 00001105
243,2026-06-30,2100,Cuentas por pagar,37781.20,0.00,Pago factura INV-00107,INV-00107,CC-100 Operaciones,Bruno Garcia 02 00001105
244,2026-05-03,1020,Bancos,0.00,68901.68,Pago factura INV-00060,INV-00060,CC-100 Operaciones,Bruno Garcia 02 00001105
245,2026-04-26,2100,Cuentas por pagar,31170.36,0.00,Pago factura INV-00172,INV-00172,CC-100 Operaciones,Bruno Garcia 02 00001105
246,2026-06-06,1180,IVA acreditable,3893.60,0.00,Registro factura INV-00326,INV-00326,CC-100 Operaciones,Fabian Rios 06 00001105
247,2026-04-03,1180,IVA acreditable,4715.52,0.00,Registro factura INV-00303,INV-00303,CC-100 Operaciones,Fabian Rios 06 00001105
248,2026-06-03,1020,Bancos,0.00,103860.60,Pago factura INV-00230,INV-00230,CC-100 Operaciones,Bruno Garcia 02 00001105
249,2026-01-22,1180,IVA acreditable,3911.68,0.00,Registro factura INV-00331,INV-00331,CC-100 Operaciones,Elena Mora 05 00001105
250,2026-04-09,2100,Cuentas por pagar,0.00,66329.96,Registro factura INV-00298,INV-00298,CC-100 Operaciones,Bruno Garcia 02 00001105
251,2026-04-02,2100,Cuentas por pagar,0.00,53919.12,Registro factura INV-00067,INV-00067,CC-100 Operaciones,Carla Soto 09 00001105
252,2026-01-15,1180,IVA acreditable,13875.20,0.00,Registro factura INV-00179,INV-00179,CC-100 Operaciones,Diego Luna 10 00001105
253,2026-02-17,2100,Cuentas por pagar,0.00,58653.08,Registro factura INV-00002,INV-00002,CC-100 Operaciones,Elena Mora 05 00001105
254,2026-06-26,1180,IVA acreditable,7328.16,0.00,Registro factura INV-00178,INV-00178,CC-100 Operaciones,Bruno Garcia 08 00001105
255,2026-05-12,2100,Cuentas por pagar,0.00,27855.08,Registro factura INV-00315,INV-00315,CC-100 Operaciones,Ana Ruiz 07 00001105
256,2026-05-05,2100,Cuentas por pagar,0.00,21715.20,Registro factura INV-00112,INV-00112,CC-100 Operaciones,Bruno Garcia 02 00001105
257,2026-05-03,1020,Bancos,0.00,82054.92,Pago factura INV-00269,INV-00269,CC-100 Operaciones,Bruno Garcia 02 00001105
258,2026-04-05,5000,Gastos operativos,44693.00,0.00,Registro factura INV-00361,INV-00361,CC-100 Operaciones,Fabian Rios 06 00001105
259,2026-03-22,2100,Cuentas por pagar,69803.00,0.00,Pago factura INV-00065,INV-00065,CC-100 Operaciones,Bruno Garcia 02 00001105
260,2026-02-12,2100,Cuentas por pagar,56057.00,0.00,Pago factura INV-00056,INV-00056,CC-100 Operaciones,Bruno Garcia 02 00001105
261,2026-03-14,2100,Cuentas por pagar,87953.52,0.00,Pago factura INV-00150,INV-00150,CC-100 Operaciones,Bruno Garcia 02 00001105
262,2026-04-18,2100,Cuentas por pagar,0.00,54717.20,Registro factura INV-00263,INV-00263,CC-100 Operaciones,Ana Ruiz 01 00001105
263,2026-06-15,1180,IVA acreditable,12416.00,0.00,Registro factura INV-00122,INV-00122,CC-100 Operaciones,Ana Ruiz 07 00001105
264,2026-04-03,1020,Bancos,0.00,22043.48,Pago factura INV-00360,INV-00360,CC-100 Operaciones,Bruno Garcia 02 00001105
265,2026-02-28,5000,Gastos operativos,85373.00,0.00,Registro factura INV-00158,INV-00158,CC-100 Operaciones,Fabian Rios 06 00001105
266,2026-01-21,5000,Gastos operativos,50055.00,0.00,Registro factura INV-00277,INV-00277,CC-100 Operaciones,Diego Luna 10 00001105
267,2026-03-25,2100,Cuentas por pagar,0.00,54057.16,Registro factura INV-00249,INV-00249,CC-100 Operaciones,Ana Ruiz 07 00001105
268,2026-05-08,1020,Bancos,0.00,68386.64,Pago factura INV-00314,INV-00314,CC-100 Operaciones,Bruno Garcia 02 00001105
269,2026-02-08,5000,Gastos operativos,92962.00,0.00,Registro factura INV-00229,INV-00229,CC-100 Operaciones,Diego Luna 04 00001105
270,2026-01-29,2100,Cuentas por pagar,60207.48,0.00,Pago factura INV-00108,INV-00108,CC-100 Operaciones,Bruno Garcia 02 00001105
271,2026-04-30,2100,Cuentas por pagar,0.00,16482.44,Registro factura INV-00010,INV-00010,CC-100 Operaciones,Ana Ruiz 07 00001105
272,2026-03-16,2100,Cuentas por pagar,95906.48,0.00,Pago factura INV-00059,INV-00059,CC-100 Operaciones,Bruno Garcia 02 00001105
273,2026-04-09,2100,Cuentas por pagar,37077.08,0.00,Pago factura INV-00097,INV-00097,CC-100 Operaciones,Bruno Garcia 02 00001105
274,2026-01-13,2100,Cuentas por pagar,0.00,89383.80,Registro factura INV-00321,INV-00321,CC-100 Operaciones,Bruno Garcia 08 00001105
275,2026-03-17,1180,IVA acreditable,2307.84,0.00,Registro factura INV-00211,INV-00211,CC-100 Operaciones,Carla Soto 03 00001105
276,2026-03-22,1180,IVA acreditable,12404.96,0.00,Registro factura INV-00362,INV-00362,CC-100 Operaciones,Bruno Garcia 08 00001105
277,2026-05-15,5000,Gastos operativos,27230.00,0.00,Registro factura INV-00347,INV-00347,CC-100 Operaciones,Diego Luna 04 00001105
278,2026-04-01,1020,Bancos,0.00,89935.96,Pago factura INV-00362,INV-00362,CC-100 Operaciones,Bruno Garcia 02 00001105
279,2026-02-10,2100,Cuentas por pagar,29787.64,0.00,Pago factura INV-00236,INV-00236,CC-100 Operaciones,Bruno Garcia 02 00001105
280,2026-05-16,1020,Bancos,0.00,15642.60,Pago factura INV-00082,INV-00082,CC-100 Operaciones,Bruno Garcia 02 00001105
281,2026-02-25,1020,Bancos,0.00,62207.32,Pago factura INV-00262,INV-00262,CC-100 Operaciones,Bruno Garcia 02 00001105
282,2026-01-21,2100,Cuentas por pagar,0.00,67965.56,Registro factura INV-00247,INV-00247,CC-100 Operaciones,Bruno Garcia 08 00001105
283,2026-05-09,2100,Cuentas por pagar,41312.24,0.00,Pago factura INV-00044,INV-00044,CC-100 Operaciones,Bruno Garcia 02 00001105
284,2026-06-22,1020,Bancos,0.00,94857.84,Pago factura INV-00033,INV-00033,CC-100 Operaciones,Bruno Garcia 02 00001105
285,2026-05-14,2100,Cuentas por pagar,57103.32,0.00,Pago factura INV-00151,INV-00151,CC-100 Operaciones,Bruno Garcia 02 00001105
286,2026-04-17,2100,Cuentas por pagar,90013.68,0.00,Pago factura INV-00136,INV-00136,CC-100 Operaciones,Bruno Garcia 02 00001105
287,2026-03-23,2100,Cuentas por pagar,9684.61,0.00,Pago factura INV-00223,INV-00223,CC-100 Operaciones,Bruno Garcia 02 00001105
288,2026-03-02,1020,Bancos,0.00,92079.64,Pago factura INV-00332,INV-00332,CC-100 Operaciones,Bruno Garcia 02 00001105
289,2026-05-05,5000,Gastos operativos,20872.00,0.00,Registro factura INV-00343,INV-00343,CC-100 Operaciones,Bruno Garcia 08 00001105
290,2026-03-11,1020,Bancos,0.00,47299.00,Pago factura INV-00173,INV-00173,CC-100 Operaciones,Bruno Garcia 02 00001105
291,2026-03-07,2100,Cuentas por pagar,0.00,104913.88,Registro factura INV-00284,INV-00284,CC-100 Operaciones,Carla Soto 09 00001105
292,2026-05-22,5000,Gastos operativos,15920.00,0.00,Registro factura INV-00296,INV-00296,CC-100 Operaciones,Ana Ruiz 01 00001105
293,2026-03-03,2100,Cuentas por pagar,0.00,70285.56,Registro factura INV-00196,INV-00196,CC-100 Operaciones,Elena Mora 05 00001105
294,2026-03-31,2100,Cuentas por pagar,0.00,60238.80,Registro factura INV-00308,INV-00308,CC-100 Operaciones,Carla Soto 03 00001105
295,2026-06-12,2100,Cuentas por pagar,0.00,15571.84,Registro factura INV-00069,INV-00069,CC-100 Operaciones,Diego Luna 04 00001105
296,2026-05-18,2100,Cuentas por pagar,0.00,59061.40,Registro factura INV-00101,INV-00101,CC-100 Operaciones,Elena Mora 05 00001105
297,2026-03-14,5000,Gastos operativos,66272.00,0.00,Registro factura INV-00133,INV-00133,CC-100 Operaciones,Fabian Rios 06 00001105
298,2026-06-10,1180,IVA acreditable,7092.80,0.00,Registro factura INV-00311,INV-00311,CC-100 Operaciones,Bruno Garcia 02 00001105
299,2026-05-23,1020,Bancos,0.00,36149.08,Pago factura INV-00123,INV-00123,CC-100 Operaciones,Bruno Garcia 02 00001105
300,2026-04-13,2100,Cuentas por pagar,0.00,50138.68,Registro factura INV-00031,INV-00031,CC-100 Operaciones,Bruno Garcia 08 00001105
301,2026-05-01,5000,Gastos operativos,40775.00,0.00,Registro factura INV-00322,INV-00322,CC-100 Operaciones,Diego Luna 04 00001105
302,2026-01-23,2100,Cuentas por pagar,89383.80,0.00,Pago factura INV-00321,INV-00321,CC-100 Operaciones,Bruno Garcia 02 00001105
303,2026-01-23,5000,Gastos operativos,72226.00,0.00,Registro factura INV-00085,INV-00085,CC-100 Operaciones,Bruno Garcia 02 00001105
304,2026-03-02,2100,Cuentas por pagar,92079.64,0.00,Pago factura INV-00332,INV-00332,CC-100 Operaciones,Bruno Garcia 02 00001105
305,2026-02-01,2100,Cuentas por pagar,28359.68,0.00,Pago factura INV-00331,INV-00331,CC-100 Operaciones,Bruno Garcia 02 00001105
306,2026-02-07,5000,Gastos operativos,22926.00,0.00,Registro factura INV-00042,INV-00042,CC-100 Operaciones,Carla Soto 09 00001105
307,2026-02-19,2100,Cuentas por pagar,96059.60,0.00,Pago factura INV-00110,INV-00110,CC-100 Operaciones,Bruno Garcia 02 00001105
308,2026-04-29,5000,Gastos operativos,17042.00,0.00,Registro factura INV-00119,INV-00119,CC-100 Operaciones,Bruno Garcia 02 00001105
309,2026-02-01,1020,Bancos,0.00,28359.68,Pago factura INV-00331,INV-00331,CC-100 Operaciones,Bruno Garcia 02 00001105
310,2026-05-19,1180,IVA acreditable,6947.36,0.00,Registro factura INV-00027,INV-00027,CC-100 Operaciones,Bruno Garcia 02 00001105
311,2026-02-05,2100,Cuentas por pagar,0.00,14522.04,Registro factura INV-00202,INV-00202,CC-100 Operaciones,Elena Mora 05 00001105
312,2026-05-30,2100,Cuentas por pagar,25633.68,0.00,Pago factura INV-00168,INV-00168,CC-100 Operaciones,Bruno Garcia 02 00001105
313,2026-01-30,2100,Cuentas por pagar,0.00,64485.56,Registro factura INV-00354,INV-00354,CC-100 Operaciones,Ana Ruiz 07 00001105
314,2026-06-18,1180,IVA acreditable,2467.36,0.00,Registro factura INV-00152,INV-00152,CC-100 Operaciones,Diego Luna 04 00001105
315,2026-02-26,2100,Cuentas por pagar,0.00,83286.84,Registro factura INV-00040,INV-00040,CC-100 Operaciones,Diego Luna 10 00001105
316,2026-05-22,2100,Cuentas por pagar,27855.08,0.00,Pago factura INV-00315,INV-00315,CC-100 Operaciones,Bruno Garcia 02 00001105
317,2026-05-03,2100,Cuentas por pagar,68901.68,0.00,Pago factura INV-00060,INV-00060,CC-100 Operaciones,Bruno Garcia 02 00001105
318,2026-06-20,5000,Gastos operativos,42299.00,0.00,Registro factura INV-00208,INV-00208,CC-100 Operaciones,Fabian Rios 06 00001105
319,2026-04-07,1180,IVA acreditable,12415.68,0.00,Registro factura INV-00136,INV-00136,CC-100 Operaciones,Diego Luna 10 00001105
320,2026-05-18,2100,Cuentas por pagar,72701.84,0.00,Pago factura INV-00203,INV-00203,CC-100 Operaciones,Bruno Garcia 02 00001105
321,2026-06-16,2100,Cuentas por pagar,15758.60,0.00,Pago factura INV-00145,INV-00145,CC-100 Operaciones,Bruno Garcia 02 00001105
322,2026-02-05,2100,Cuentas por pagar,0.00,33535.60,Registro factura INV-00175,INV-00175,CC-100 Operaciones,Ana Ruiz 07 00001105
323,2026-04-26,2100,Cuentas por pagar,0.00,100957.12,Registro factura INV-00194,INV-00194,CC-100 Operaciones,Carla Soto 03 00001105
324,2026-03-22,5000,Gastos operativos,77531.00,0.00,Registro factura INV-00362,INV-00362,CC-100 Operaciones,Bruno Garcia 08 00001105
325,2026-05-26,2100,Cuentas por pagar,83791.44,0.00,Pago factura INV-00058,INV-00058,CC-100 Operaciones,Bruno Garcia 02 00001105
326,2026-06-24,2100,Cuentas por pagar,72280.76,0.00,Pago factura INV-00313,INV-00313,CC-100 Operaciones,Bruno Garcia 02 00001105
327,2026-02-26,5000,Gastos operativos,71799.00,0.00,Registro factura INV-00040,INV-00040,CC-100 Operaciones,Diego Luna 10 00001105
328,2026-06-20,1180,IVA acreditable,6767.84,0.00,Registro factura INV-00208,INV-00208,CC-100 Operaciones,Fabian Rios 06 00001105
329,2026-03-11,1020,Bancos,0.00,14986.04,Pago factura INV-00216,INV-00216,CC-100 Operaciones,Bruno Garcia 02 00001105
330,2026-03-07,1020,Bancos,0.00,46397.68,Pago factura INV-00017,INV-00017,CC-100 Operaciones,Bruno Garcia 02 00001105
331,2026-01-29,5000,Gastos operativos,93468.00,0.00,Registro factura INV-00199,INV-00199,CC-100 Operaciones,Diego Luna 10 00001105
332,2026-06-25,2100,Cuentas por pagar,0.00,44926.80,Registro factura INV-00312,INV-00312,CC-100 Operaciones,Ana Ruiz 01 00001105
333,2026-02-18,1020,Bancos,0.00,105895.24,Pago factura INV-00273,INV-00273,CC-100 Operaciones,Bruno Garcia 02 00001105
334,2026-05-24,2100,Cuentas por pagar,27684.56,0.00,Pago factura INV-00356,INV-00356,CC-100 Operaciones,Bruno Garcia 02 00001105
335,2026-05-24,2100,Cuentas por pagar,0.00,57169.44,Registro factura INV-00106,INV-00106,CC-100 Operaciones,Carla Soto 03 00001105
336,2026-02-19,5000,Gastos operativos,60151.00,0.00,Registro factura INV-00359,INV-00359,CC-100 Operaciones,Ana Ruiz 07 00001105
337,2026-05-25,1180,IVA acreditable,2747.36,0.00,Registro factura INV-00299,INV-00299,CC-100 Operaciones,Bruno Garcia 08 00001105
338,2026-03-05,2100,Cuentas por pagar,0.00,24211.52,Registro factura INV-00223,INV-00223,CC-100 Operaciones,Fabian Rios 06 00001105
339,2026-04-04,1020,Bancos,0.00,82315.92,Pago factura INV-00100,INV-00100,CC-100 Operaciones,Bruno Garcia 02 00001105
340,2026-03-19,5000,Gastos operativos,56832.00,0.00,Registro factura INV-00290,INV-00290,CC-100 Operaciones,Ana Ruiz 07 00001105
341,2026-03-05,5000,Gastos operativos,40938.00,0.00,Registro factura INV-00025,INV-00025,CC-100 Operaciones,Elena Mora 05 00001105
342,2026-03-18,5000,Gastos operativos,50866.00,0.00,Registro factura INV-00041,INV-00041,CC-100 Operaciones,Diego Luna 10 00001105
343,2026-04-29,2100,Cuentas por pagar,0.00,41312.24,Registro factura INV-00044,INV-00044,CC-100 Operaciones,Diego Luna 10 00001105
344,2026-03-30,2100,Cuentas por pagar,0.00,37077.08,Registro factura INV-00097,INV-00097,CC-100 Operaciones,Diego Luna 10 00001105
345,2026-01-20,1020,Bancos,0.00,96420.36,Pago factura INV-00240,INV-00240,CC-100 Operaciones,Bruno Garcia 02 00001105
346,2026-04-30,2100,Cuentas por pagar,21447.24,0.00,Pago factura INV-00252,INV-00252,CC-100 Operaciones,Bruno Garcia 02 00001105
347,2026-02-10,1180,IVA acreditable,11206.08,0.00,Registro factura INV-00246,INV-00246,CC-100 Operaciones,Bruno Garcia 08 00001105
348,2026-05-12,1020,Bancos,0.00,55656.80,Pago factura INV-00184,INV-00184,CC-100 Operaciones,Bruno Garcia 02 00001105
349,2026-03-05,1180,IVA acreditable,3339.52,0.00,Registro factura INV-00223,INV-00223,CC-100 Operaciones,Fabian Rios 06 00001105
350,2026-05-31,1180,IVA acreditable,13055.52,0.00,Registro factura INV-00113,INV-00113,CC-100 Operaciones,Bruno Garcia 08 00001105
351,2026-03-12,1180,IVA acreditable,9628.00,0.00,Registro factura INV-00065,INV-00065,CC-100 Operaciones,Bruno Garcia 02 00001105
352,2026-03-01,1180,IVA acreditable,2067.04,0.00,Registro factura INV-00216,INV-00216,CC-100 Operaciones,Carla Soto 03 00001105
353,2026-02-12,2100,Cuentas por pagar,0.00,29980.20,Registro factura INV-00274,INV-00274,CC-100 Operaciones,Diego Luna 10 00001105
354,2026-04-01,5000,Gastos operativos,76443.00,0.00,Registro factura INV-00258,INV-00258,CC-100 Operaciones,Diego Luna 10 00001105
355,2026-05-21,2100,Cuentas por pagar,105235.20,0.00,Pago factura INV-00132,INV-00132,CC-100 Operaciones,Bruno Garcia 02 00001105
356,2026-06-06,5000,Gastos operativos,13585.00,0.00,Registro factura INV-00145,INV-00145,CC-100 Operaciones,Bruno Garcia 08 00001105
357,2026-03-22,5000,Gastos operativos,88511.00,0.00,Registro factura INV-00120,INV-00120,CC-100 Operaciones,Fabian Rios 06 00001105
358,2026-05-11,1020,Bancos,0.00,107758.20,Pago factura INV-00294,INV-00294,CC-100 Operaciones,Bruno Garcia 02 00001105
359,2026-01-11,1180,IVA acreditable,14983.20,0.00,Registro factura INV-00301,INV-00301,CC-100 Operaciones,Diego Luna 04 00001105
360,2026-03-23,1020,Bancos,0.00,19970.10,Pago factura INV-00268,INV-00268,CC-100 Operaciones,Bruno Garcia 02 00001105
361,2026-04-21,2100,Cuentas por pagar,108357.92,0.00,Pago factura INV-00333,INV-00333,CC-100 Operaciones,Bruno Garcia 02 00001105
362,2026-06-03,1020,Bancos,0.00,57169.44,Pago factura INV-00106,INV-00106,CC-100 Operaciones,Bruno Garcia 02 00001105
363,2026-06-23,2100,Cuentas por pagar,0.00,47193.44,Registro factura INV-00242,INV-00242,CC-100 Operaciones,Elena Mora 05 00001105
364,2026-04-02,2100,Cuentas por pagar,29578.84,0.00,Pago factura INV-00306,INV-00306,CC-100 Operaciones,Bruno Garcia 02 00001105
365,2026-02-17,1180,IVA acreditable,13789.28,0.00,Registro factura INV-00115,INV-00115,CC-100 Operaciones,Carla Soto 03 00001105
366,2026-01-22,5000,Gastos operativos,24448.00,0.00,Registro factura INV-00331,INV-00331,CC-100 Operaciones,Elena Mora 05 00001105
367,2026-06-30,1020,Bancos,0.00,49066.84,Pago factura INV-00208,INV-00208,CC-100 Operaciones,Bruno Garcia 02 00001105
368,2026-03-26,2100,Cuentas por pagar,0.00,21087.64,Registro factura INV-00051,INV-00051,CC-100 Operaciones,Bruno Garcia 02 00001105
369,2026-02-27,2100,Cuentas por pagar,58653.08,0.00,Pago factura INV-00002,INV-00002,CC-100 Operaciones,Bruno Garcia 02 00001105
370,2026-04-08,1020,Bancos,0.00,39009.64,Pago factura INV-00237,INV-00237,CC-100 Operaciones,Bruno Garcia 02 00001105
371,2026-01-27,1020,Bancos,0.00,50092.28,Pago factura INV-00348,INV-00348,CC-100 Operaciones,Bruno Garcia 02 00001105
372,2026-06-14,1020,Bancos,0.00,103287.56,Pago factura INV-00043,INV-00043,CC-100 Operaciones,Bruno Garcia 02 00001105
373,2026-06-08,1180,IVA acreditable,11757.76,0.00,Registro factura INV-00286,INV-00286,CC-100 Operaciones,Diego Luna 10 00001105
374,2026-03-14,1180,IVA acreditable,10603.52,0.00,Registro factura INV-00133,INV-00133,CC-100 Operaciones,Fabian Rios 06 00001105
375,2026-03-28,2100,Cuentas por pagar,0.00,75903.44,Registro factura INV-00239,INV-00239,CC-100 Operaciones,Diego Luna 04 00001105
376,2026-05-25,2100,Cuentas por pagar,31586.80,0.00,Pago factura INV-00347,INV-00347,CC-100 Operaciones,Bruno Garcia 02 00001105
377,2026-04-07,2100,Cuentas por pagar,16282.92,0.00,Pago factura INV-00215,INV-00215,CC-100 Operaciones,Bruno Garcia 02 00001105
378,2026-01-23,1020,Bancos,0.00,8686.08,Pago factura INV-00138,INV-00138,CC-100 Operaciones,Bruno Garcia 02 00001105
379,2026-01-14,5000,Gastos operativos,83081.00,0.00,Registro factura INV-00295,INV-00295,CC-100 Operaciones,Carla Soto 03 00001105
380,2026-06-22,1020,Bancos,0.00,15571.84,Pago factura INV-00069,INV-00069,CC-100 Operaciones,Bruno Garcia 02 00001105
381,2026-05-13,1020,Bancos,0.00,87738.92,Pago factura INV-00210,INV-00210,CC-100 Operaciones,Bruno Garcia 02 00001105
382,2026-05-19,2100,Cuentas por pagar,0.00,50368.36,Registro factura INV-00027,INV-00027,CC-100 Operaciones,Bruno Garcia 02 00001105
383,2026-05-13,5000,Gastos operativos,31163.00,0.00,Registro factura INV-00123,INV-00123,CC-100 Operaciones,Bruno Garcia 02 00001105
384,2026-01-16,5000,Gastos operativos,20660.00,0.00,Registro factura INV-00156,INV-00156,CC-100 Operaciones,Carla Soto 09 00001105
385,2026-06-03,2100,Cuentas por pagar,57169.44,0.00,Pago factura INV-00106,INV-00106,CC-100 Operaciones,Bruno Garcia 02 00001105
386,2026-04-04,2100,Cuentas por pagar,0.00,27693.84,Registro factura INV-00257,INV-00257,CC-100 Operaciones,Carla Soto 09 00001105
387,2026-04-30,1180,IVA acreditable,2273.44,0.00,Registro factura INV-00010,INV-00010,CC-100 Operaciones,Ana Ruiz 07 00001105
388,2026-06-21,2100,Cuentas por pagar,0.00,42472.24,Registro factura INV-00105,INV-00105,CC-100 Operaciones,Carla Soto 03 00001105
389,2026-02-20,2100,Cuentas por pagar,32018.32,0.00,Pago factura INV-00117,INV-00117,CC-100 Operaciones,Bruno Garcia 02 00001105
390,2026-01-22,1020,Bancos,0.00,51167.60,Pago factura INV-00255,INV-00255,CC-100 Operaciones,Bruno Garcia 02 00001105
391,2026-04-29,1180,IVA acreditable,2726.72,0.00,Registro factura INV-00119,INV-00119,CC-100 Operaciones,Bruno Garcia 02 00001105
392,2026-06-05,1020,Bancos,0.00,73735.40,Pago factura INV-00032,INV-00032,CC-100 Operaciones,Bruno Garcia 02 00001105
393,2026-05-06,1020,Bancos,0.00,100957.12,Pago factura INV-00194,INV-00194,CC-100 Operaciones,Bruno Garcia 02 00001105
394,2026-06-23,2100,Cuentas por pagar,0.00,63555.24,Registro factura INV-00186,INV-00186,CC-100 Operaciones,Ana Ruiz 07 00001105
395,2026-03-30,2100,Cuentas por pagar,0.00,71328.40,Registro factura INV-00187,INV-00187,CC-100 Operaciones,Bruno Garcia 08 00001105
396,2026-02-24,1020,Bancos,0.00,95842.68,Pago factura INV-00183,INV-00183,CC-100 Operaciones,Bruno Garcia 02 00001105
397,2026-04-16,1180,IVA acreditable,4299.36,0.00,Registro factura INV-00172,INV-00172,CC-100 Operaciones,Carla Soto 09 00001105
398,2026-03-13,2100,Cuentas por pagar,30137.96,0.00,Pago factura INV-00160,INV-00160,CC-100 Operaciones,Bruno Garcia 02 00001105
399,2026-06-11,5000,Gastos operativos,93073.00,0.00,Registro factura INV-00219,INV-00219,CC-100 Operaciones,Carla Soto 09 00001105
400,2026-04-18,1180,IVA acreditable,7547.20,0.00,Registro factura INV-00263,INV-00263,CC-100 Operaciones,Ana Ruiz 01 00001105
401,2026-04-05,2100,Cuentas por pagar,0.00,52321.80,Registro factura INV-00149,INV-00149,CC-100 Operaciones,Bruno Garcia 08 00001105
402,2026-06-18,2100,Cuentas por pagar,85243.76,0.00,Pago factura INV-00286,INV-00286,CC-100 Operaciones,Bruno Garcia 02 00001105
403,2026-03-18,1020,Bancos,0.00,106898.64,Pago factura INV-00013,INV-00013,CC-100 Operaciones,Bruno Garcia 02 00001105
404,2026-03-22,2100,Cuentas por pagar,0.00,89935.96,Registro factura INV-00362,INV-00362,CC-100 Operaciones,Bruno Garcia 08 00001105
405,2026-06-24,1020,Bancos,0.00,76474.16,Pago factura INV-00142,INV-00142,CC-100 Operaciones,Bruno Garcia 02 00001105
406,2026-02-24,2100,Cuentas por pagar,0.00,75841.96,Registro factura INV-00344,INV-00344,CC-100 Operaciones,Bruno Garcia 08 00001105
407,2026-04-25,2100,Cuentas por pagar,0.00,22440.20,Registro factura INV-00221,INV-00221,CC-100 Operaciones,Fabian Rios 06 00001105
408,2026-01-31,1180,IVA acreditable,4108.64,0.00,Registro factura INV-00236,INV-00236,CC-100 Operaciones,Diego Luna 04 00001105
409,2026-04-13,1020,Bancos,0.00,34187.52,Pago factura INV-00303,INV-00303,CC-100 Operaciones,Bruno Garcia 02 00001105
410,2026-03-30,1180,IVA acreditable,9838.40,0.00,Registro factura INV-00187,INV-00187,CC-100 Operaciones,Bruno Garcia 08 00001105
411,2026-05-05,2100,Cuentas por pagar,21261.64,0.00,Pago factura INV-00309,INV-00309,CC-100 Operaciones,Bruno Garcia 02 00001105
412,2026-01-12,2100,Cuentas por pagar,29955.14,0.00,Pago factura INV-00297,INV-00297,CC-100 Operaciones,Bruno Garcia 02 00001105
413,2026-02-26,2100,Cuentas por pagar,0.00,63304.68,Registro factura INV-00188,INV-00188,CC-100 Operaciones,Bruno Garcia 02 00001105
414,2026-06-01,1180,IVA acreditable,8436.64,0.00,Registro factura INV-00355,INV-00355,CC-100 Operaciones,Carla Soto 03 00001105
415,2026-05-23,2100,Cuentas por pagar,58537.08,0.00,Pago factura INV-00072,INV-00072,CC-100 Operaciones,Bruno Garcia 02 00001105
416,2026-01-10,1180,IVA acreditable,13299.36,0.00,Registro factura INV-00240,INV-00240,CC-100 Operaciones,Ana Ruiz 07 00001105
417,2026-06-09,5000,Gastos operativos,37720.00,0.00,Registro factura INV-00198,INV-00198,CC-100 Operaciones,Elena Mora 05 00001105
418,2026-05-16,2100,Cuentas por pagar,15642.60,0.00,Pago factura INV-00082,INV-00082,CC-100 Operaciones,Bruno Garcia 02 00001105
419,2026-04-06,1020,Bancos,0.00,35500.64,Pago factura INV-00181,INV-00181,CC-100 Operaciones,Bruno Garcia 02 00001105
420,2026-04-16,1020,Bancos,0.00,26334.32,Pago factura INV-00062,INV-00062,CC-100 Operaciones,Bruno Garcia 02 00001105
421,2026-02-25,1180,IVA acreditable,6253.60,0.00,Registro factura INV-00256,INV-00256,CC-100 Operaciones,Ana Ruiz 07 00001105
422,2026-03-27,1020,Bancos,0.00,78601.60,Pago factura INV-00241,INV-00241,CC-100 Operaciones,Bruno Garcia 02 00001105
423,2026-06-15,1020,Bancos,0.00,49925.24,Pago factura INV-00206,INV-00206,CC-100 Operaciones,Bruno Garcia 02 00001105
424,2026-02-05,5000,Gastos operativos,43039.00,0.00,Registro factura INV-00011,INV-00011,CC-100 Operaciones,Carla Soto 03 00001105
425,2026-01-31,5000,Gastos operativos,25679.00,0.00,Registro factura INV-00236,INV-00236,CC-100 Operaciones,Diego Luna 04 00001105
426,2026-03-13,1180,IVA acreditable,2175.68,0.00,Registro factura INV-00079,INV-00079,CC-100 Operaciones,Ana Ruiz 07 00001105
427,2026-06-26,2100,Cuentas por pagar,75821.08,0.00,Pago factura INV-00351,INV-00351,CC-100 Operaciones,Bruno Garcia 02 00001105
428,2026-04-20,1180,IVA acreditable,10774.88,0.00,Registro factura INV-00220,INV-00220,CC-100 Operaciones,Carla Soto 03 00001105
429,2026-03-31,2100,Cuentas por pagar,62757.16,0.00,Pago factura INV-00201,INV-00201,CC-100 Operaciones,Bruno Garcia 02 00001105
430,2026-02-02,5000,Gastos operativos,19766.00,0.00,Registro factura INV-00319,INV-00319,CC-100 Operaciones,Bruno Garcia 08 00001105
431,2026-04-08,2100,Cuentas por pagar,0.00,103904.68,Registro factura INV-00245,INV-00245,CC-100 Operaciones,Elena Mora 05 00001105
432,2026-03-24,5000,Gastos operativos,81496.00,0.00,Registro factura INV-00125,INV-00125,CC-100 Operaciones,Bruno Garcia 08 00001105
433,2026-05-13,2100,Cuentas por pagar,87738.92,0.00,Pago factura INV-00210,INV-00210,CC-100 Operaciones,Bruno Garcia 02 00001105
434,2026-05-22,5000,Gastos operativos,76368.00,0.00,Registro factura INV-00091,INV-00091,CC-100 Operaciones,Carla Soto 09 00001105
435,2026-02-27,2100,Cuentas por pagar,99972.28,0.00,Pago factura INV-00115,INV-00115,CC-100 Operaciones,Bruno Garcia 02 00001105
436,2026-06-10,1180,IVA acreditable,5908.80,0.00,Registro factura INV-00307,INV-00307,CC-100 Operaciones,Diego Luna 04 00001105
437,2026-03-07,5000,Gastos operativos,90443.00,0.00,Registro factura INV-00284,INV-00284,CC-100 Operaciones,Carla Soto 09 00001105
438,2026-05-04,2100,Cuentas por pagar,27620.76,0.00,Pago factura INV-00270,INV-00270,CC-100 Operaciones,Bruno Garcia 02 00001105
439,2026-05-02,2100,Cuentas por pagar,18865.08,0.00,Pago factura INV-00231,INV-00231,CC-100 Operaciones,Bruno Garcia 02 00001105
440,2026-04-15,2100,Cuentas por pagar,0.00,32635.44,Registro factura INV-00163,INV-00163,CC-100 Operaciones,Diego Luna 10 00001105
441,2026-06-21,2100,Cuentas por pagar,104626.20,0.00,Pago factura INV-00285,INV-00285,CC-100 Operaciones,Bruno Garcia 02 00001105
442,2026-03-19,2100,Cuentas por pagar,107878.84,0.00,Pago factura INV-00130,INV-00130,CC-100 Operaciones,Bruno Garcia 02 00001105
443,2026-03-10,2100,Cuentas por pagar,76005.52,0.00,Pago factura INV-00111,INV-00111,CC-100 Operaciones,Bruno Garcia 02 00001105
444,2026-06-27,2100,Cuentas por pagar,0.00,23384.44,Registro factura INV-00048,INV-00048,CC-100 Operaciones,Ana Ruiz 01 00001105
445,2026-01-05,1180,IVA acreditable,6886.24,0.00,Registro factura INV-00297,INV-00297,CC-100 Operaciones,Bruno Garcia 02 00001105
446,2026-03-15,5000,Gastos operativos,81895.00,0.00,Registro factura INV-00283,INV-00283,CC-100 Operaciones,Carla Soto 03 00001105
447,2026-02-23,1020,Bancos,0.00,108838.16,Pago factura INV-00222,INV-00222,CC-100 Operaciones,Bruno Garcia 02 00001105
448,2026-04-07,2100,Cuentas por pagar,0.00,90013.68,Registro factura INV-00136,INV-00136,CC-100 Operaciones,Diego Luna 10 00001105
449,2026-03-26,2100,Cuentas por pagar,0.00,19947.36,Registro factura INV-00096,INV-00096,CC-100 Operaciones,Diego Luna 04 00001105
450,2026-03-28,2100,Cuentas por pagar,66909.96,0.00,Pago factura INV-00146,INV-00146,CC-100 Operaciones,Bruno Garcia 02 00001105
451,2026-01-20,5000,Gastos operativos,81324.00,0.00,Registro factura INV-00137,INV-00137,CC-100 Operaciones,Ana Ruiz 01 00001105
452,2026-01-25,1020,Bancos,0.00,59748.12,Pago factura INV-00135,INV-00135,CC-100 Operaciones,Bruno Garcia 02 00001105
453,2026-04-15,2100,Cuentas por pagar,21715.20,0.00,Pago factura INV-00074,INV-00074,CC-100 Operaciones,Bruno Garcia 02 00001105
454,2026-04-06,5000,Gastos operativos,22702.00,0.00,Registro factura INV-00062,INV-00062,CC-100 Operaciones,Carla Soto 03 00001105
455,2026-05-11,2100,Cuentas por pagar,0.00,78223.44,Registro factura INV-00009,INV-00009,CC-100 Operaciones,Bruno Garcia 08 00001105
456,2026-05-15,1020,Bancos,0.00,45994.00,Pago factura INV-00126,INV-00126,CC-100 Operaciones,Bruno Garcia 02 00001105
457,2026-04-19,5000,Gastos operativos,76962.00,0.00,Registro factura INV-00320,INV-00320,CC-100 Operaciones,Fabian Rios 06 00001105
458,2026-03-13,1180,IVA acreditable,7730.40,0.00,Registro factura INV-00086,INV-00086,CC-100 Operaciones,Carla Soto 09 00001105
459,2026-01-23,5000,Gastos operativos,79188.00,0.00,Registro factura INV-00094,INV-00094,CC-100 Operaciones,Diego Luna 04 00001105
460,2026-06-16,2100,Cuentas por pagar,0.00,75821.08,Registro factura INV-00351,INV-00351,CC-100 Operaciones,Bruno Garcia 02 00001105
461,2026-02-21,1020,Bancos,0.00,81312.52,Pago factura INV-00310,INV-00310,CC-100 Operaciones,Bruno Garcia 02 00001105
462,2026-02-28,2100,Cuentas por pagar,0.00,99032.68,Registro factura INV-00158,INV-00158,CC-100 Operaciones,Fabian Rios 06 00001105
463,2026-05-10,5000,Gastos operativos,35834.00,0.00,Registro factura INV-00226,INV-00226,CC-100 Operaciones,Carla Soto 03 00001105
464,2026-01-27,2100,Cuentas por pagar,0.00,95037.64,Registro factura INV-00077,INV-00077,CC-100 Operaciones,Diego Luna 10 00001105
465,2026-02-08,2100,Cuentas por pagar,108422.88,0.00,Pago factura INV-00199,INV-00199,CC-100 Operaciones,Bruno Garcia 02 00001105
466,2026-02-14,5000,Gastos operativos,82623.00,0.00,Registro factura INV-00183,INV-00183,CC-100 Operaciones,Fabian Rios 06 00001105
467,2026-04-01,2100,Cuentas por pagar,0.00,88673.88,Registro factura INV-00258,INV-00258,CC-100 Operaciones,Diego Luna 10 00001105
468,2026-04-18,5000,Gastos operativos,47170.00,0.00,Registro factura INV-00263,INV-00263,CC-100 Operaciones,Ana Ruiz 01 00001105
469,2026-06-10,1020,Bancos,0.00,94652.52,Pago factura INV-00113,INV-00113,CC-100 Operaciones,Bruno Garcia 02 00001105
470,2026-05-09,5000,Gastos operativos,33655.00,0.00,Registro factura INV-00271,INV-00271,CC-100 Operaciones,Fabian Rios 06 00001105
471,2026-03-14,5000,Gastos operativos,69797.00,0.00,Registro factura INV-00155,INV-00155,CC-100 Operaciones,Diego Luna 04 00001105
472,2026-01-18,2100,Cuentas por pagar,0.00,14036.00,Registro factura INV-00212,INV-00212,CC-100 Operaciones,Carla Soto 09 00001105
473,2026-04-15,1020,Bancos,0.00,51843.88,Pago factura INV-00361,INV-00361,CC-100 Operaciones,Bruno Garcia 02 00001105
474,2026-02-08,1020,Bancos,0.00,57204.24,Pago factura INV-00318,INV-00318,CC-100 Operaciones,Bruno Garcia 02 00001105
475,2026-01-05,5000,Gastos operativos,20872.00,0.00,Registro factura INV-00275,INV-00275,CC-100 Operaciones,Diego Luna 04 00001105
476,2026-05-15,1180,IVA acreditable,4356.80,0.00,Registro factura INV-00347,INV-00347,CC-100 Operaciones,Diego Luna 04 00001105
477,2026-03-23,1180,IVA acreditable,4079.84,0.00,Registro factura INV-00306,INV-00306,CC-100 Operaciones,Carla Soto 03 00001105
478,2026-02-11,1180,IVA acreditable,11215.52,0.00,Registro factura INV-00310,INV-00310,CC-100 Operaciones,Elena Mora 05 00001105
479,2026-06-17,2100,Cuentas por pagar,94179.24,0.00,Pago factura INV-00200,INV-00200,CC-100 Operaciones,Bruno Garcia 02 00001105
480,2026-05-03,2100,Cuentas por pagar,0.00,87738.92,Registro factura INV-00210,INV-00210,CC-100 Operaciones,Fabian Rios 06 00001105
481,2026-03-25,5000,Gastos operativos,70962.00,0.00,Registro factura INV-00100,INV-00100,CC-100 Operaciones,Elena Mora 05 00001105
482,2026-05-20,1020,Bancos,0.00,41567.44,Pago factura INV-00226,INV-00226,CC-100 Operaciones,Bruno Garcia 02 00001105
483,2026-04-13,1020,Bancos,0.00,57314.44,Pago factura INV-00141,INV-00141,CC-100 Operaciones,Bruno Garcia 02 00001105
484,2026-06-24,1180,IVA acreditable,4374.56,0.00,Registro factura INV-00148,INV-00148,CC-100 Operaciones,Diego Luna 04 00001105
485,2026-06-15,2100,Cuentas por pagar,84968.84,0.00,Pago factura INV-00047,INV-00047,CC-100 Operaciones,Bruno Garcia 02 00001105
486,2026-01-18,5000,Gastos operativos,35235.00,0.00,Registro factura INV-00064,INV-00064,CC-100 Operaciones,Ana Ruiz 01 00001105
487,2026-06-30,2100,Cuentas por pagar,41065.16,0.00,Pago factura INV-00153,INV-00153,CC-100 Operaciones,Bruno Garcia 02 00001105
488,2026-06-27,2100,Cuentas por pagar,0.00,41065.16,Registro factura INV-00153,INV-00153,CC-100 Operaciones,Carla Soto 03 00001105
489,2026-06-01,2100,Cuentas por pagar,88586.88,0.00,Pago factura INV-00091,INV-00091,CC-100 Operaciones,Bruno Garcia 02 00001105
490,2026-03-12,2100,Cuentas por pagar,13029.12,0.00,Pago factura INV-00300,INV-00300,CC-100 Operaciones,Bruno Garcia 02 00001105
491,2026-01-24,1180,IVA acreditable,15083.68,0.00,Registro factura INV-00207,INV-00207,CC-100 Operaciones,Ana Ruiz 07 00001105
492,2026-02-15,1180,IVA acreditable,2823.20,0.00,Registro factura INV-00328,INV-00328,CC-100 Operaciones,Carla Soto 09 00001105
493,2026-03-07,1020,Bancos,0.00,45338.60,Pago factura INV-00256,INV-00256,CC-100 Operaciones,Bruno Garcia 02 00001105
494,2026-02-03,2100,Cuentas por pagar,109356.68,0.00,Pago factura INV-00207,INV-00207,CC-100 Operaciones,Bruno Garcia 02 00001105
495,2026-02-08,1020,Bancos,44080.00,0.00,Cobro factura INV-00225,INV-00225,CC-100 Operaciones,Bruno Garcia 02 00001105
496,2026-04-05,1180,IVA acreditable,6886.24,0.00,Registro factura INV-00233,INV-00233,CC-100 Operaciones,Elena Mora 05 00001105
497,2026-06-26,2100,Cuentas por pagar,24648.84,0.00,Pago factura INV-00020,INV-00020,CC-100 Operaciones,Bruno Garcia 02 00001105
498,2026-06-20,1020,Bancos,0.00,51422.80,Pago factura INV-00311,INV-00311,CC-100 Operaciones,Bruno Garcia 02 00001105
499,2026-03-01,2100,Cuentas por pagar,67658.16,0.00,Pago factura INV-00278,INV-00278,CC-100 Operaciones,Bruno Garcia 02 00001105
500,2026-06-25,1020,Bancos,0.00,25995.60,Pago factura INV-00282,INV-00282,CC-100 Operaciones,Bruno Garcia 02 00001105
501,2026-01-20,2100,Cuentas por pagar,0.00,83665.00,Registro factura INV-00078,INV-00078,CC-100 Operaciones,Carla Soto 03 00001105
502,2026-05-25,5000,Gastos operativos,17171.00,0.00,Registro factura INV-00299,INV-00299,CC-100 Operaciones,Bruno Garcia 08 00001105
503,2026-04-17,5000,Gastos operativos,58396.00,0.00,Registro factura INV-00035,INV-00035,CC-100 Operaciones,Fabian Rios 06 00001105
504,2026-06-30,1020,Bancos,0.00,23384.44,Pago factura INV-00048,INV-00048,CC-100 Operaciones,Bruno Garcia 02 00001105
505,2026-06-14,5000,Gastos operativos,65926.00,0.00,Registro factura INV-00142,INV-00142,CC-100 Operaciones,Diego Luna 10 00001105
506,2026-02-26,2100,Cuentas por pagar,97069.96,0.00,Pago factura INV-00217,INV-00217,CC-100 Operaciones,Bruno Garcia 02 00001105
507,2026-03-05,2100,Cuentas por pagar,0.00,82931.88,Registro factura INV-00029,INV-00029,CC-100 Operaciones,Ana Ruiz 07 00001105
508,2026-05-13,1020,Bancos,0.00,55424.80,Pago factura INV-00007,INV-00007,CC-100 Operaciones,Bruno Garcia 02 00001105
509,2026-05-01,1020,Bancos,0.00,110092.12,Pago factura INV-00104,INV-00104,CC-100 Operaciones,Bruno Garcia 02 00001105
510,2026-03-28,1180,IVA acreditable,10469.44,0.00,Registro factura INV-00239,INV-00239,CC-100 Operaciones,Diego Luna 04 00001105
511,2026-05-24,2100,Cuentas por pagar,0.00,103860.60,Registro factura INV-00230,INV-00230,CC-100 Operaciones,Elena Mora 05 00001105
512,2026-01-16,5000,Gastos operativos,85503.00,0.00,Registro factura INV-00213,INV-00213,CC-100 Operaciones,Ana Ruiz 07 00001105
513,2026-03-11,5000,Gastos operativos,52312.00,0.00,Registro factura INV-00169,INV-00169,CC-100 Operaciones,Ana Ruiz 07 00001105
514,2026-02-16,1020,Bancos,0.00,85082.52,Pago factura INV-00340,INV-00340,CC-100 Operaciones,Bruno Garcia 02 00001105
515,2026-06-03,5000,Gastos operativos,61687.00,0.00,Registro factura INV-00073,INV-00073,CC-100 Operaciones,Carla Soto 09 00001105
516,2026-04-26,1180,IVA acreditable,2782.88,0.00,Registro factura INV-00185,INV-00185,CC-100 Operaciones,Ana Ruiz 01 00001105
517,2026-05-04,1180,IVA acreditable,5547.20,0.00,Registro factura INV-00224,INV-00224,CC-100 Operaciones,Elena Mora 05 00001105
518,2026-03-16,2100,Cuentas por pagar,86317.92,0.00,Pago factura INV-00004,INV-00004,CC-100 Operaciones,Bruno Garcia 02 00001105
519,2026-01-27,1180,IVA acreditable,13108.64,0.00,Registro factura INV-00077,INV-00077,CC-100 Operaciones,Diego Luna 10 00001105
520,2026-06-01,1020,Bancos,0.00,18467.20,Pago factura INV-00296,INV-00296,CC-100 Operaciones,Bruno Garcia 02 00001105
521,2026-05-15,2100,Cuentas por pagar,47763.00,0.00,Pago factura INV-00243,INV-00243,CC-100 Operaciones,Bruno Garcia 02 00001105
522,2026-04-22,1180,IVA acreditable,2602.08,0.00,Registro factura INV-00231,INV-00231,CC-100 Operaciones,Ana Ruiz 07 00001105
523,2026-01-13,1180,IVA acreditable,10228.80,0.00,Registro factura INV-00012,INV-00012,CC-100 Operaciones,Fabian Rios 06 00001105
524,2026-04-04,2100,Cuentas por pagar,82315.92,0.00,Pago factura INV-00100,INV-00100,CC-100 Operaciones,Bruno Garcia 02 00001105
525,2026-02-13,2100,Cuentas por pagar,0.00,53612.88,Registro factura INV-00070,INV-00070,CC-100 Operaciones,Ana Ruiz 07 00001105
526,2026-02-02,2100,Cuentas por pagar,83782.16,0.00,Pago factura INV-00085,INV-00085,CC-100 Operaciones,Bruno Garcia 02 00001105
527,2026-04-11,2100,Cuentas por pagar,88673.88,0.00,Pago factura INV-00258,INV-00258,CC-100 Operaciones,Bruno Garcia 02 00001105
528,2026-04-09,1020,Bancos,0.00,71328.40,Pago factura INV-00187,INV-00187,CC-100 Operaciones,Bruno Garcia 02 00001105
529,2026-05-17,5000,Gastos operativos,60297.00,0.00,Registro factura INV-00124,INV-00124,CC-100 Operaciones,Bruno Garcia 08 00001105
530,2026-05-14,2100,Cuentas por pagar,0.00,56676.44,Registro factura INV-00323,INV-00323,CC-100 Operaciones,Carla Soto 09 00001105
531,2026-03-17,2100,Cuentas por pagar,0.00,78601.60,Registro factura INV-00241,INV-00241,CC-100 Operaciones,Elena Mora 05 00001105
532,2026-01-17,2100,Cuentas por pagar,0.00,50092.28,Registro factura INV-00348,INV-00348,CC-100 Operaciones,Diego Luna 04 00001105
533,2026-02-18,2100,Cuentas por pagar,105895.24,0.00,Pago factura INV-00273,INV-00273,CC-100 Operaciones,Bruno Garcia 02 00001105
534,2026-01-24,2100,Cuentas por pagar,82880.84,0.00,Pago factura INV-00292,INV-00292,CC-100 Operaciones,Bruno Garcia 02 00001105
535,2026-05-29,5000,Gastos operativos,51290.00,0.00,Registro factura INV-00131,INV-00131,CC-100 Operaciones,Fabian Rios 06 00001105
536,2026-06-23,5000,Gastos operativos,54789.00,0.00,Registro factura INV-00186,INV-00186,CC-100 Operaciones,Ana Ruiz 07 00001105
537,2026-03-21,1020,Bancos,0.00,60681.92,Pago factura INV-00169,INV-00169,CC-100 Operaciones,Bruno Garcia 02 00001105
538,2026-02-04,2100,Cuentas por pagar,0.00,38447.04,Registro factura INV-00253,INV-00253,CC-100 Operaciones,Diego Luna 10 00001105
539,2026-06-30,1020,Bancos,0.00,31715.56,Pago factura INV-00148,INV-00148,CC-100 Operaciones,Bruno Garcia 02 00001105
540,2026-05-15,2100,Cuentas por pagar,0.00,90596.00,Registro factura INV-00279,INV-00279,CC-100 Operaciones,Fabian Rios 06 00001105
541,2026-05-26,1180,IVA acreditable,11328.00,0.00,Registro factura INV-00327,INV-00327,CC-100 Operaciones,Elena Mora 05 00001105
542,2026-01-15,1180,IVA acreditable,8241.12,0.00,Registro factura INV-00135,INV-00135,CC-100 Operaciones,Bruno Garcia 02 00001105
543,2026-03-09,2100,Cuentas por pagar,0.00,107878.84,Registro factura INV-00130,INV-00130,CC-100 Operaciones,Carla Soto 03 00001105
544,2026-03-05,1180,IVA acreditable,2995.20,0.00,Registro factura INV-00300,INV-00300,CC-100 Operaciones,Diego Luna 10 00001105
545,2026-02-17,1180,IVA acreditable,8090.08,0.00,Registro factura INV-00002,INV-00002,CC-100 Operaciones,Elena Mora 05 00001105
546,2026-02-15,1020,Bancos,0.00,33535.60,Pago factura INV-00175,INV-00175,CC-100 Operaciones,Bruno Garcia 02 00001105
547,2026-05-29,1020,Bancos,0.00,85892.20,Pago factura INV-00116,INV-00116,CC-100 Operaciones,Bruno Garcia 02 00001105
548,2026-06-03,2100,Cuentas por pagar,0.00,71556.92,Registro factura INV-00073,INV-00073,CC-100 Operaciones,Carla Soto 09 00001105
549,2026-05-09,1020,Bancos,0.00,19768.72,Pago factura INV-00119,INV-00119,CC-100 Operaciones,Bruno Garcia 02 00001105
550,2026-02-11,4000,Ingresos por servicios,0.00,52436.00,Registro venta INV-00121,INV-00121,CC-100 Operaciones,Bruno Garcia 02 00001105
551,2026-01-15,5000,Gastos operativos,51507.00,0.00,Registro factura INV-00135,INV-00135,CC-100 Operaciones,Bruno Garcia 02 00001105
552,2026-05-10,2100,Cuentas por pagar,51513.28,0.00,Pago factura INV-00026,INV-00026,CC-100 Operaciones,Bruno Garcia 02 00001105
553,2026-05-21,2100,Cuentas por pagar,0.00,26831.96,Registro factura INV-00287,INV-00287,CC-100 Operaciones,Bruno Garcia 02 00001105
554,2026-04-10,1180,IVA acreditable,9047.68,0.00,Registro factura INV-00127,INV-00127,CC-100 Operaciones,Carla Soto 09 00001105
555,2026-06-05,2100,Cuentas por pagar,0.00,21715.20,Registro factura INV-00259,INV-00259,CC-100 Operaciones,Carla Soto 03 00001105
556,2026-05-07,5000,Gastos operativos,21605.00,0.00,Registro factura INV-00302,INV-00302,CC-100 Operaciones,Diego Luna 04 00001105
557,2026-06-01,2100,Cuentas por pagar,0.00,83935.28,Registro factura INV-00157,INV-00157,CC-100 Operaciones,Elena Mora 05 00001105
558,2026-03-26,1020,Bancos,0.00,90586.72,Pago factura INV-00006,INV-00006,CC-100 Operaciones,Bruno Garcia 02 00001105
559,2026-06-24,5000,Gastos operativos,27341.00,0.00,Registro factura INV-00148,INV-00148,CC-100 Operaciones,Diego Luna 04 00001105
560,2026-06-20,1180,IVA acreditable,14432.96,0.00,Registro factura INV-00057,INV-00057,CC-100 Operaciones,Bruno Garcia 08 00001105
561,2026-06-19,5000,Gastos operativos,49585.00,0.00,Registro factura INV-00171,INV-00171,CC-100 Operaciones,Ana Ruiz 01 00001105
562,2026-04-19,1180,IVA acreditable,12313.92,0.00,Registro factura INV-00320,INV-00320,CC-100 Operaciones,Fabian Rios 06 00001105
563,2026-01-10,2100,Cuentas por pagar,0.00,62471.80,Registro factura INV-00098,INV-00098,CC-100 Operaciones,Carla Soto 09 00001105
564,2026-01-10,5000,Gastos operativos,83121.00,0.00,Registro factura INV-00240,INV-00240,CC-100 Operaciones,Ana Ruiz 07 00001105
565,2026-04-30,5000,Gastos operativos,14209.00,0.00,Registro factura INV-00010,INV-00010,CC-100 Operaciones,Ana Ruiz 07 00001105
566,2026-06-30,2100,Cuentas por pagar,105692.24,0.00,Pago factura INV-00081,INV-00081,CC-100 Operaciones,Bruno Garcia 02 00001105
567,2026-03-01,1020,Bancos,0.00,67658.16,Pago factura INV-00278,INV-00278,CC-100 Operaciones,Bruno Garcia 02 00001105
568,2026-06-08,1020,Bancos,0.00,15707.56,Pago factura INV-00291,INV-00291,CC-100 Operaciones,Bruno Garcia 02 00001105
569,2026-06-14,1020,Bancos,0.00,26946.80,Pago factura INV-00281,INV-00281,CC-100 Operaciones,Bruno Garcia 02 00001105
570,2026-04-03,1020,Bancos,0.00,94535.36,Pago factura INV-00125,INV-00125,CC-100 Operaciones,Bruno Garcia 02 00001105
571,2026-02-11,1180,IVA acreditable,2024.48,0.00,Registro factura INV-00001,INV-00001,CC-100 Operaciones,Carla Soto 03 00001105
572,2026-05-09,2100,Cuentas por pagar,19768.72,0.00,Pago factura INV-00119,INV-00119,CC-100 Operaciones,Bruno Garcia 02 00001105
573,2026-05-01,1020,Bancos,0.00,25891.20,Pago factura INV-00030,INV-00030,CC-100 Operaciones,Bruno Garcia 02 00001105
574,2026-06-09,1020,Bancos,0.00,86227.44,Pago factura INV-00174,INV-00174,CC-100 Operaciones,Bruno Garcia 02 00001105
575,2026-06-21,1020,Bancos,0.00,107964.68,Pago factura INV-00219,INV-00219,CC-100 Operaciones,Bruno Garcia 02 00001105
576,2026-06-25,5000,Gastos operativos,38730.00,0.00,Registro factura INV-00312,INV-00312,CC-100 Operaciones,Ana Ruiz 01 00001105
577,2026-04-12,2100,Cuentas por pagar,0.00,96087.44,Registro factura INV-00182,INV-00182,CC-100 Operaciones,Ana Ruiz 01 00001105
578,2026-05-07,2100,Cuentas por pagar,27598.72,0.00,Pago factura INV-00055,INV-00055,CC-100 Operaciones,Bruno Garcia 02 00001105
579,2026-01-25,1180,IVA acreditable,12428.32,0.00,Registro factura INV-00345,INV-00345,CC-100 Operaciones,Fabian Rios 06 00001105
580,2026-03-27,2100,Cuentas por pagar,0.00,35500.64,Registro factura INV-00181,INV-00181,CC-100 Operaciones,Carla Soto 09 00001105
581,2026-04-08,2100,Cuentas por pagar,0.00,58349.16,Registro factura INV-00195,INV-00195,CC-100 Operaciones,Ana Ruiz 07 00001105
582,2026-03-09,1180,IVA acreditable,12218.24,0.00,Registro factura INV-00218,INV-00218,CC-100 Operaciones,Ana Ruiz 01 00001105
583,2026-01-28,2100,Cuentas por pagar,0.00,85101.08,Registro factura INV-00234,INV-00234,CC-100 Operaciones,Carla Soto 03 00001105
584,2026-03-02,5000,Gastos operativos,91850.00,0.00,Registro factura INV-00090,INV-00090,CC-100 Operaciones,Bruno Garcia 08 00001105
585,2026-05-29,2100,Cuentas por pagar,0.00,59496.40,Registro factura INV-00131,INV-00131,CC-100 Operaciones,Fabian Rios 06 00001105
586,2026-04-27,1020,Bancos,0.00,45701.68,Pago factura INV-00288,INV-00288,CC-100 Operaciones,Bruno Garcia 02 00001105
587,2026-03-18,2100,Cuentas por pagar,0.00,66909.96,Registro factura INV-00146,INV-00146,CC-100 Operaciones,Bruno Garcia 02 00001105
588,2026-02-07,2100,Cuentas por pagar,0.00,37507.44,Registro factura INV-00167,INV-00167,CC-100 Operaciones,Ana Ruiz 01 00001105
589,2026-03-01,5000,Gastos operativos,40775.00,0.00,Registro factura INV-00173,INV-00173,CC-100 Operaciones,Ana Ruiz 01 00001105
590,2026-02-22,1180,IVA acreditable,12407.20,0.00,Registro factura INV-00170,INV-00170,CC-100 Operaciones,Fabian Rios 06 00001105
591,2026-06-21,2100,Cuentas por pagar,0.00,91868.52,Registro factura INV-00093,INV-00093,CC-100 Operaciones,Elena Mora 05 00001105
592,2026-02-19,5000,Gastos operativos,58326.00,0.00,Registro factura INV-00278,INV-00278,CC-100 Operaciones,Elena Mora 05 00001105
593,2026-05-04,2100,Cuentas por pagar,0.00,40217.20,Registro factura INV-00224,INV-00224,CC-100 Operaciones,Elena Mora 05 00001105
594,2026-04-04,5000,Gastos operativos,59402.00,0.00,Registro factura INV-00008,INV-00008,CC-100 Operaciones,Ana Ruiz 01 00001105
595,2026-03-23,1180,IVA acreditable,10596.32,0.00,Registro factura INV-00180,INV-00180,CC-100 Operaciones,Elena Mora 05 00001105
596,2026-01-16,1180,IVA acreditable,13680.48,0.00,Registro factura INV-00213,INV-00213,CC-100 Operaciones,Ana Ruiz 07 00001105
597,2026-03-20,2100,Cuentas por pagar,0.00,43430.40,Registro factura INV-00021,INV-00021,CC-100 Operaciones,Diego Luna 04 00001105
598,2026-05-24,2100,Cuentas por pagar,56676.44,0.00,Pago factura INV-00323,INV-00323,CC-100 Operaciones,Bruno Garcia 02 00001105
599,2026-05-22,1180,IVA acreditable,2547.20,0.00,Registro factura INV-00296,INV-00296,CC-100 Operaciones,Ana Ruiz 01 00001105
600,2026-03-25,5000,Gastos operativos,46601.00,0.00,Registro factura INV-00249,INV-00249,CC-100 Operaciones,Ana Ruiz 07 00001105
601,2026-06-28,1020,Bancos,0.00,17888.36,Pago factura INV-00152,INV-00152,CC-100 Operaciones,Bruno Garcia 02 00001105
602,2026-05-04,1020,Bancos,0.00,47018.28,Pago factura INV-00014,INV-00014,CC-100 Operaciones,Bruno Garcia 02 00001105
603,2026-04-07,1020,Bancos,0.00,16282.92,Pago factura INV-00215,INV-00215,CC-100 Operaciones,Bruno Garcia 02 00001105
604,2026-02-28,1020,Bancos,0.00,85533.76,Pago factura INV-00154,INV-00154,CC-100 Operaciones,Bruno Garcia 02 00001105
605,2026-06-09,1020,Bancos,0.00,79324.28,Pago factura INV-00232,INV-00232,CC-100 Operaciones,Bruno Garcia 02 00001105
606,2026-02-20,5000,Gastos operativos,79379.00,0.00,Registro factura INV-00332,INV-00332,CC-100 Operaciones,Bruno Garcia 02 00001105
607,2026-04-13,5000,Gastos operativos,43223.00,0.00,Registro factura INV-00031,INV-00031,CC-100 Operaciones,Bruno Garcia 08 00001105
608,2026-05-04,1180,IVA acreditable,7876.32,0.00,Registro factura INV-00151,INV-00151,CC-100 Operaciones,Carla Soto 03 00001105
609,2026-06-04,1020,Bancos,0.00,94459.96,Pago factura INV-00227,INV-00227,CC-100 Operaciones,Bruno Garcia 02 00001105
610,2026-03-13,5000,Gastos operativos,48315.00,0.00,Registro factura INV-00086,INV-00086,CC-100 Operaciones,Carla Soto 09 00001105
611,2026-03-16,5000,Gastos operativos,78092.00,0.00,Registro factura INV-00006,INV-00006,CC-100 Operaciones,Fabian Rios 06 00001105
612,2026-03-19,2100,Cuentas por pagar,0.00,16403.56,Registro factura INV-00325,INV-00325,CC-100 Operaciones,Carla Soto 09 00001105
613,2026-04-17,1180,IVA acreditable,9343.36,0.00,Registro factura INV-00035,INV-00035,CC-100 Operaciones,Fabian Rios 06 00001105
614,2026-04-18,2100,Cuentas por pagar,0.00,74169.24,Registro factura INV-00248,INV-00248,CC-100 Operaciones,Carla Soto 09 00001105
615,2026-04-26,1020,Bancos,0.00,31170.36,Pago factura INV-00172,INV-00172,CC-100 Operaciones,Bruno Garcia 02 00001105
616,2026-06-30,2100,Cuentas por pagar,37937.80,0.00,Pago factura INV-00346,INV-00346,CC-100 Operaciones,Bruno Garcia 02 00001105
617,2026-05-09,2100,Cuentas por pagar,0.00,39039.80,Registro factura INV-00271,INV-00271,CC-100 Operaciones,Fabian Rios 06 00001105
618,2026-03-27,5000,Gastos operativos,62773.00,0.00,Registro factura INV-00324,INV-00324,CC-100 Operaciones,Ana Ruiz 07 00001105
619,2026-01-16,2100,Cuentas por pagar,0.00,99183.48,Registro factura INV-00213,INV-00213,CC-100 Operaciones,Ana Ruiz 07 00001105
620,2026-06-28,1020,Bancos,0.00,84207.88,Pago factura INV-00028,INV-00028,CC-100 Operaciones,Bruno Garcia 02 00001105
621,2026-05-16,5000,Gastos operativos,72234.00,0.00,Registro factura INV-00058,INV-00058,CC-100 Operaciones,Carla Soto 03 00001105
622,2026-05-19,2100,Cuentas por pagar,0.00,85892.20,Registro factura INV-00116,INV-00116,CC-100 Operaciones,Diego Luna 10 00001105
623,2026-04-21,1180,IVA acreditable,3571.20,0.00,Registro factura INV-00030,INV-00030,CC-100 Operaciones,Diego Luna 10 00001105
624,2026-06-13,5000,Gastos operativos,47402.00,0.00,Registro factura INV-00341,INV-00341,CC-100 Operaciones,Carla Soto 03 00001105
625,2026-02-02,2100,Cuentas por pagar,0.00,56057.00,Registro factura INV-00056,INV-00056,CC-100 Operaciones,Fabian Rios 06 00001105
626,2026-02-17,2100,Cuentas por pagar,37507.44,0.00,Pago factura INV-00167,INV-00167,CC-100 Operaciones,Bruno Garcia 02 00001105
627,2026-01-10,1180,IVA acreditable,8616.80,0.00,Registro factura INV-00098,INV-00098,CC-100 Operaciones,Carla Soto 09 00001105
628,2026-04-09,5000,Gastos operativos,92168.00,0.00,Registro factura INV-00019,INV-00019,CC-100 Operaciones,Diego Luna 04 00001105
629,2026-05-05,1180,IVA acreditable,6886.24,0.00,Registro factura INV-00161,INV-00161,CC-100 Operaciones,Fabian Rios 06 00001105
630,2026-02-04,1020,Bancos,0.00,38498.08,Pago factura INV-00265,INV-00265,CC-100 Operaciones,Bruno Garcia 02 00001105
631,2026-03-08,1020,Bancos,0.00,83286.84,Pago factura INV-00040,INV-00040,CC-100 Operaciones,Bruno Garcia 02 00001105
632,2026-05-14,1180,IVA acreditable,7817.44,0.00,Registro factura INV-00323,INV-00323,CC-100 Operaciones,Carla Soto 09 00001105
633,2026-02-28,1180,IVA acreditable,13659.68,0.00,Registro factura INV-00158,INV-00158,CC-100 Operaciones,Fabian Rios 06 00001105
634,2026-01-15,2100,Cuentas por pagar,0.00,59748.12,Registro factura INV-00135,INV-00135,CC-100 Operaciones,Bruno Garcia 02 00001105
635,2026-03-06,2100,Cuentas por pagar,0.00,86317.92,Registro factura INV-00004,INV-00004,CC-100 Operaciones,Diego Luna 04 00001105
636,2026-06-16,1020,Bancos,0.00,28228.60,Pago factura INV-00326,INV-00326,CC-100 Operaciones,Bruno Garcia 02 00001105
637,2026-01-28,2100,Cuentas por pagar,40872.60,0.00,Pago factura INV-00064,INV-00064,CC-100 Operaciones,Bruno Garcia 02 00001105
638,2026-01-23,1180,IVA acreditable,12670.08,0.00,Registro factura INV-00094,INV-00094,CC-100 Operaciones,Diego Luna 04 00001105
639,2026-04-24,2100,Cuentas por pagar,53195.28,0.00,Pago factura INV-00244,INV-00244,CC-100 Operaciones,Bruno Garcia 02 00001105
640,2026-06-15,2100,Cuentas por pagar,24211.52,0.00,Pago factura INV-00071,INV-00071,CC-100 Operaciones,Bruno Garcia 02 00001105
641,2026-02-24,5000,Gastos operativos,65381.00,0.00,Registro factura INV-00344,INV-00344,CC-100 Operaciones,Bruno Garcia 08 00001105
642,2026-03-05,2100,Cuentas por pagar,90325.72,0.00,Pago factura INV-00159,INV-00159,CC-100 Operaciones,Bruno Garcia 02 00001105
643,2026-04-26,5000,Gastos operativos,87032.00,0.00,Registro factura INV-00194,INV-00194,CC-100 Operaciones,Carla Soto 03 00001105
644,2026-05-21,5000,Gastos operativos,23131.00,0.00,Registro factura INV-00287,INV-00287,CC-100 Operaciones,Bruno Garcia 02 00001105
645,2026-05-02,1020,Bancos,0.00,58548.68,Pago factura INV-00214,INV-00214,CC-100 Operaciones,Bruno Garcia 02 00001105
646,2026-02-08,1020,Bancos,0.00,108422.88,Pago factura INV-00199,INV-00199,CC-100 Operaciones,Bruno Garcia 02 00001105
647,2026-06-27,5000,Gastos operativos,35401.00,0.00,Registro factura INV-00153,INV-00153,CC-100 Operaciones,Carla Soto 03 00001105
648,2026-04-02,2100,Cuentas por pagar,0.00,86589.36,Registro factura INV-00338,INV-00338,CC-100 Operaciones,Ana Ruiz 07 00001105
649,2026-06-29,2100,Cuentas por pagar,57518.60,0.00,Pago factura INV-00171,INV-00171,CC-100 Operaciones,Bruno Garcia 02 00001105
650,2026-03-09,5000,Gastos operativos,92999.00,0.00,Registro factura INV-00130,INV-00130,CC-100 Operaciones,Carla Soto 03 00001105
651,2026-06-19,2100,Cuentas por pagar,65156.04,0.00,Pago factura INV-00190,INV-00190,CC-100 Operaciones,Bruno Garcia 02 00001105
652,2026-04-10,2100,Cuentas por pagar,0.00,22104.96,Registro factura INV-00276,INV-00276,CC-100 Operaciones,Ana Ruiz 01 00001105
653,2026-03-31,5000,Gastos operativos,58096.00,0.00,Registro factura INV-00305,INV-00305,CC-100 Operaciones,Elena Mora 05 00001105
654,2026-02-19,2100,Cuentas por pagar,0.00,69775.16,Registro factura INV-00359,INV-00359,CC-100 Operaciones,Ana Ruiz 07 00001105
655,2026-02-22,2100,Cuentas por pagar,29980.20,0.00,Pago factura INV-00274,INV-00274,CC-100 Operaciones,Bruno Garcia 02 00001105
656,2026-06-27,1180,IVA acreditable,3225.44,0.00,Registro factura INV-00048,INV-00048,CC-100 Operaciones,Ana Ruiz 01 00001105
657,2026-04-01,5000,Gastos operativos,91452.00,0.00,Registro factura INV-00266,INV-00266,CC-100 Operaciones,Bruno Garcia 02 00001105
658,2026-02-27,1180,IVA acreditable,5569.60,0.00,Registro factura INV-00052,INV-00052,CC-100 Operaciones,Ana Ruiz 07 00001105
659,2026-02-10,1050,Cuentas por cobrar,60419.76,0.00,Registro venta INV-00034,INV-00034,CC-100 Operaciones,Bruno Garcia 02 00001105
660,2026-05-31,2100,Cuentas por pagar,56181.12,0.00,Pago factura INV-00293,INV-00293,CC-100 Operaciones,Bruno Garcia 02 00001105
661,2026-01-21,1020,Bancos,0.00,98893.48,Pago factura INV-00129,INV-00129,CC-100 Operaciones,Bruno Garcia 02 00001105
662,2026-05-02,5000,Gastos operativos,47980.00,0.00,Registro factura INV-00184,INV-00184,CC-100 Operaciones,Ana Ruiz 01 00001105
663,2026-05-27,5000,Gastos operativos,26707.00,0.00,Registro factura INV-00193,INV-00193,CC-100 Operaciones,Bruno Garcia 02 00001105
664,2026-03-13,1020,Bancos,0.00,70285.56,Pago factura INV-00196,INV-00196,CC-100 Operaciones,Bruno Garcia 02 00001105
665,2026-04-22,1180,IVA acreditable,8075.68,0.00,Registro factura INV-00214,INV-00214,CC-100 Operaciones,Elena Mora 05 00001105
666,2026-01-11,2100,Cuentas por pagar,0.00,108628.20,Registro factura INV-00301,INV-00301,CC-100 Operaciones,Diego Luna 04 00001105
667,2026-03-12,2100,Cuentas por pagar,106546.00,0.00,Pago factura INV-00090,INV-00090,CC-100 Operaciones,Bruno Garcia 02 00001105
668,2026-03-31,1020,Bancos,0.00,71853.88,Pago factura INV-00038,INV-00038,CC-100 Operaciones,Bruno Garcia 02 00001105
669,2026-01-26,2100,Cuentas por pagar,99183.48,0.00,Pago factura INV-00213,INV-00213,CC-100 Operaciones,Bruno Garcia 02 00001105
670,2026-06-28,1180,IVA acreditable,11625.44,0.00,Registro factura INV-00316,INV-00316,CC-100 Operaciones,Diego Luna 10 00001105
671,2026-05-30,1180,IVA acreditable,10941.28,0.00,Registro factura INV-00232,INV-00232,CC-100 Operaciones,Ana Ruiz 01 00001105
672,2026-04-13,5000,Gastos operativos,71956.00,0.00,Registro factura INV-00235,INV-00235,CC-100 Operaciones,Diego Luna 10 00001105
673,2026-06-22,5000,Gastos operativos,61180.00,0.00,Registro factura INV-00018,INV-00018,CC-100 Operaciones,Diego Luna 10 00001105
674,2026-05-28,5000,Gastos operativos,58042.00,0.00,Registro factura INV-00352,INV-00352,CC-100 Operaciones,Carla Soto 09 00001105
675,2026-04-15,1020,Bancos,0.00,52321.80,Pago factura INV-00149,INV-00149,CC-100 Operaciones,Bruno Garcia 02 00001105
676,2026-05-11,2100,Cuentas por pagar,47299.00,0.00,Pago factura INV-00322,INV-00322,CC-100 Operaciones,Bruno Garcia 02 00001105
677,2026-06-02,1020,Bancos,0.00,72676.32,Pago factura INV-00076,INV-00076,CC-100 Operaciones,Bruno Garcia 02 00001105
678,2026-01-25,2100,Cuentas por pagar,0.00,90105.32,Registro factura INV-00345,INV-00345,CC-100 Operaciones,Fabian Rios 06 00001105
679,2026-05-14,2100,Cuentas por pagar,0.00,27684.56,Registro factura INV-00356,INV-00356,CC-100 Operaciones,Ana Ruiz 07 00001105
680,2026-06-23,2100,Cuentas por pagar,54986.32,0.00,Pago factura INV-00341,INV-00341,CC-100 Operaciones,Bruno Garcia 02 00001105
681,2026-04-09,1020,Bancos,0.00,37077.08,Pago factura INV-00097,INV-00097,CC-100 Operaciones,Bruno Garcia 02 00001105
682,2026-02-18,2100,Cuentas por pagar,107835.92,0.00,Pago factura INV-00229,INV-00229,CC-100 Operaciones,Bruno Garcia 02 00001105
683,2026-06-12,2100,Cuentas por pagar,0.00,94857.84,Registro factura INV-00033,INV-00033,CC-100 Operaciones,Fabian Rios 06 00001105
684,2026-06-29,2100,Cuentas por pagar,0.00,27299.44,Registro factura INV-00176,INV-00176,CC-100 Operaciones,Elena Mora 05 00001105
685,2026-03-05,2100,Cuentas por pagar,0.00,49925.24,Registro factura INV-00268,INV-00268,CC-100 Operaciones,Diego Luna 04 00001105
686,2026-01-25,2100,Cuentas por pagar,0.00,38498.08,Registro factura INV-00265,INV-00265,CC-100 Operaciones,Diego Luna 04 00001105
687,2026-03-17,2100,Cuentas por pagar,0.00,16731.84,Registro factura INV-00211,INV-00211,CC-100 Operaciones,Carla Soto 03 00001105
688,2026-03-07,2100,Cuentas por pagar,0.00,49875.36,Registro factura INV-00342,INV-00342,CC-100 Operaciones,Ana Ruiz 01 00001105
689,2026-06-06,2100,Cuentas por pagar,53083.92,0.00,Pago factura INV-00134,INV-00134,CC-100 Operaciones,Bruno Garcia 02 00001105
690,2026-06-13,5000,Gastos operativos,48028.00,0.00,Registro factura INV-00358,INV-00358,CC-100 Operaciones,Ana Ruiz 01 00001105
691,2026-06-26,1020,Bancos,0.00,24648.84,Pago factura INV-00020,INV-00020,CC-100 Operaciones,Bruno Garcia 02 00001105
692,2026-05-23,5000,Gastos operativos,43254.00,0.00,Registro factura INV-00205,INV-00205,CC-100 Operaciones,Fabian Rios 06 00001105
693,2026-02-19,1020,Bancos,0.00,25782.16,Pago factura INV-00363,INV-00363,CC-100 Operaciones,Bruno Garcia 02 00001105
694,2026-06-07,5000,Gastos operativos,81189.00,0.00,Registro factura INV-00200,INV-00200,CC-100 Operaciones,Elena Mora 05 00001105
695,2026-02-05,1020,Bancos,0.00,81930.80,Pago factura INV-00339,INV-00339,CC-100 Operaciones,Bruno Garcia 02 00001105
696,2026-03-05,1020,Bancos,0.00,90325.72,Pago factura INV-00159,INV-00159,CC-100 Operaciones,Bruno Garcia 02 00001105
697,2026-02-10,4000,Ingresos por servicios,0.00,52086.00,Registro venta INV-00034,INV-00034,CC-100 Operaciones,Bruno Garcia 02 00001105
698,2026-05-04,1020,Bancos,0.00,27620.76,Pago factura INV-00270,INV-00270,CC-100 Operaciones,Bruno Garcia 02 00001105
699,2026-02-25,2100,Cuentas por pagar,62207.32,0.00,Pago factura INV-00262,INV-00262,CC-100 Operaciones,Bruno Garcia 02 00001105
700,2026-03-18,2100,Cuentas por pagar,37132.76,0.00,Pago factura INV-00251,INV-00251,CC-100 Operaciones,Bruno Garcia 02 00001105
701,2026-04-21,2100,Cuentas por pagar,71438.60,0.00,Pago factura INV-00164,INV-00164,CC-100 Operaciones,Bruno Garcia 02 00001105
702,2026-06-23,1180,IVA acreditable,8766.24,0.00,Registro factura INV-00186,INV-00186,CC-100 Operaciones,Ana Ruiz 07 00001105
703,2026-05-09,1180,IVA acreditable,3869.44,0.00,Registro factura INV-00102,INV-00102,CC-100 Operaciones,Bruno Garcia 08 00001105
704,2026-02-06,1020,Bancos,0.00,102317.80,Pago factura INV-00147,INV-00147,CC-100 Operaciones,Bruno Garcia 02 00001105
705,2026-05-05,2100,Cuentas por pagar,22440.20,0.00,Pago factura INV-00221,INV-00221,CC-100 Operaciones,Bruno Garcia 02 00001105
706,2026-05-15,1180,IVA acreditable,12496.00,0.00,Registro factura INV-00279,INV-00279,CC-100 Operaciones,Fabian Rios 06 00001105
707,2026-04-29,2100,Cuentas por pagar,0.00,19768.72,Registro factura INV-00119,INV-00119,CC-100 Operaciones,Bruno Garcia 02 00001105
708,2026-02-07,1180,IVA acreditable,5173.44,0.00,Registro factura INV-00167,INV-00167,CC-100 Operaciones,Ana Ruiz 01 00001105
709,2026-06-19,2100,Cuentas por pagar,0.00,57518.60,Registro factura INV-00171,INV-00171,CC-100 Operaciones,Ana Ruiz 01 00001105
710,2026-02-03,1020,Bancos,0.00,109356.68,Pago factura INV-00207,INV-00207,CC-100 Operaciones,Bruno Garcia 02 00001105
711,2026-05-26,2100,Cuentas por pagar,42170.64,0.00,Pago factura INV-00191,INV-00191,CC-100 Operaciones,Bruno Garcia 02 00001105
712,2026-03-30,5000,Gastos operativos,61490.00,0.00,Registro factura INV-00187,INV-00187,CC-100 Operaciones,Bruno Garcia 08 00001105
713,2026-05-10,2100,Cuentas por pagar,0.00,41567.44,Registro factura INV-00226,INV-00226,CC-100 Operaciones,Carla Soto 03 00001105
714,2026-05-20,1180,IVA acreditable,2705.76,0.00,Registro factura INV-00088,INV-00088,CC-100 Operaciones,Carla Soto 09 00001105
715,2026-04-25,1020,Bancos,0.00,32635.44,Pago factura INV-00163,INV-00163,CC-100 Operaciones,Bruno Garcia 02 00001105
716,2026-02-26,5000,Gastos operativos,54573.00,0.00,Registro factura INV-00188,INV-00188,CC-100 Operaciones,Bruno Garcia 02 00001105
717,2026-04-18,2100,Cuentas por pagar,58349.16,0.00,Pago factura INV-00195,INV-00195,CC-100 Operaciones,Bruno Garcia 02 00001105
718,2026-02-15,1180,IVA acreditable,8580.32,0.00,Registro factura INV-00262,INV-00262,CC-100 Operaciones,Ana Ruiz 01 00001105
719,2026-01-14,2100,Cuentas por pagar,0.00,96373.96,Registro factura INV-00295,INV-00295,CC-100 Operaciones,Carla Soto 03 00001105
720,2026-02-18,5000,Gastos operativos,92071.00,0.00,Registro factura INV-00177,INV-00177,CC-100 Operaciones,Bruno Garcia 02 00001105
721,2026-02-11,5000,Gastos operativos,12653.00,0.00,Registro factura INV-00001,INV-00001,CC-100 Operaciones,Carla Soto 03 00001105
722,2026-04-18,1020,Bancos,0.00,103904.68,Pago factura INV-00245,INV-00245,CC-100 Operaciones,Bruno Garcia 02 00001105
723,2026-02-13,5000,Gastos operativos,46218.00,0.00,Registro factura INV-00070,INV-00070,CC-100 Operaciones,Ana Ruiz 07 00001105
724,2026-02-06,1020,Bancos,0.00,95037.64,Pago factura INV-00077,INV-00077,CC-100 Operaciones,Bruno Garcia 02 00001105
725,2026-04-05,5000,Gastos operativos,18720.00,0.00,Registro factura INV-00074,INV-00074,CC-100 Operaciones,Ana Ruiz 01 00001105
726,2026-06-28,5000,Gastos operativos,72659.00,0.00,Registro factura INV-00316,INV-00316,CC-100 Operaciones,Diego Luna 10 00001105
727,2026-05-16,1180,IVA acreditable,11557.44,0.00,Registro factura INV-00058,INV-00058,CC-100 Operaciones,Carla Soto 03 00001105
728,2026-02-12,1180,IVA acreditable,2331.20,0.00,Registro factura INV-00350,INV-00350,CC-100 Operaciones,Bruno Garcia 02 00001105
729,2026-02-02,2100,Cuentas por pagar,91858.08,0.00,Pago factura INV-00094,INV-00094,CC-100 Operaciones,Bruno Garcia 02 00001105
730,2026-04-09,2100,Cuentas por pagar,0.00,106914.88,Registro factura INV-00019,INV-00019,CC-100 Operaciones,Diego Luna 04 00001105
731,2026-04-05,5000,Gastos operativos,20872.00,0.00,Registro factura INV-00087,INV-00087,CC-100 Operaciones,Ana Ruiz 07 00001105
732,2026-03-29,5000,Gastos operativos,33629.00,0.00,Registro factura INV-00237,INV-00237,CC-100 Operaciones,Carla Soto 03 00001105
733,2026-02-13,1020,Bancos,0.00,53538.64,Pago factura INV-00023,INV-00023,CC-100 Operaciones,Bruno Garcia 02 00001105
734,2026-04-21,2100,Cuentas por pagar,0.00,110092.12,Registro factura INV-00104,INV-00104,CC-100 Operaciones,Bruno Garcia 02 00001105
735,2026-03-09,2100,Cuentas por pagar,0.00,88582.24,Registro factura INV-00218,INV-00218,CC-100 Operaciones,Ana Ruiz 01 00001105
736,2026-05-03,1180,IVA acreditable,7644.80,0.00,Registro factura INV-00007,INV-00007,CC-100 Operaciones,Bruno Garcia 08 00001105
737,2026-03-03,5000,Gastos operativos,60591.00,0.00,Registro factura INV-00196,INV-00196,CC-100 Operaciones,Elena Mora 05 00001105
738,2026-02-12,1180,IVA acreditable,4135.20,0.00,Registro factura INV-00274,INV-00274,CC-100 Operaciones,Diego Luna 10 00001105
739,2026-03-08,2100,Cuentas por pagar,0.00,106898.64,Registro factura INV-00013,INV-00013,CC-100 Operaciones,Bruno Garcia 08 00001105
740,2026-06-09,2100,Cuentas por pagar,0.00,65156.04,Registro factura INV-00190,INV-00190,CC-100 Operaciones,Ana Ruiz 07 00001105
741,2026-05-14,1020,Bancos,0.00,40217.20,Pago factura INV-00224,INV-00224,CC-100 Operaciones,Bruno Garcia 02 00001105
742,2026-02-25,1020,Bancos,0.00,20468.20,Pago factura INV-00328,INV-00328,CC-100 Operaciones,Bruno Garcia 02 00001105
743,2026-05-20,2100,Cuentas por pagar,41567.44,0.00,Pago factura INV-00226,INV-00226,CC-100 Operaciones,Bruno Garcia 02 00001105
744,2026-04-04,5000,Gastos operativos,23874.00,0.00,Registro factura INV-00257,INV-00257,CC-100 Operaciones,Carla Soto 09 00001105
745,2026-04-15,1180,IVA acreditable,4501.44,0.00,Registro factura INV-00163,INV-00163,CC-100 Operaciones,Diego Luna 10 00001105
746,2026-04-28,5000,Gastos operativos,57313.00,0.00,Registro factura INV-00016,INV-00016,CC-100 Operaciones,Elena Mora 05 00001105
747,2026-05-06,1180,IVA acreditable,2157.60,0.00,Registro factura INV-00082,INV-00082,CC-100 Operaciones,Ana Ruiz 07 00001105
748,2026-03-13,2100,Cuentas por pagar,0.00,15773.68,Registro factura INV-00079,INV-00079,CC-100 Operaciones,Ana Ruiz 07 00001105
749,2026-06-05,1180,IVA acreditable,2995.20,0.00,Registro factura INV-00259,INV-00259,CC-100 Operaciones,Carla Soto 03 00001105
750,2026-01-13,5000,Gastos operativos,77055.00,0.00,Registro factura INV-00321,INV-00321,CC-100 Operaciones,Bruno Garcia 08 00001105
751,2026-02-14,1180,IVA acreditable,3276.64,0.00,Registro factura INV-00357,INV-00357,CC-100 Operaciones,Diego Luna 04 00001105
752,2026-03-05,5000,Gastos operativos,20872.00,0.00,Registro factura INV-00223,INV-00223,CC-100 Operaciones,Fabian Rios 06 00001105
753,2026-02-16,4000,Ingresos por servicios,0.00,61500.00,Registro venta INV-00330,INV-00330,CC-100 Operaciones,Bruno Garcia 02 00001105
754,2026-04-25,5000,Gastos operativos,19345.00,0.00,Registro factura INV-00221,INV-00221,CC-100 Operaciones,Fabian Rios 06 00001105
755,2026-01-16,1180,IVA acreditable,3305.60,0.00,Registro factura INV-00156,INV-00156,CC-100 Operaciones,Carla Soto 09 00001105
756,2026-02-23,2100,Cuentas por pagar,108838.16,0.00,Pago factura INV-00222,INV-00222,CC-100 Operaciones,Bruno Garcia 02 00001105
757,2026-02-11,1020,Bancos,0.00,23923.84,Pago factura INV-00139,INV-00139,CC-100 Operaciones,Bruno Garcia 02 00001105
758,2026-02-06,1180,IVA acreditable,13378.72,0.00,Registro factura INV-00099,INV-00099,CC-100 Operaciones,Bruno Garcia 02 00001105
759,2026-03-26,5000,Gastos operativos,17196.00,0.00,Registro factura INV-00096,INV-00096,CC-100 Operaciones,Diego Luna 04 00001105
760,2026-02-15,2100,Cuentas por pagar,49925.24,0.00,Pago factura INV-00011,INV-00011,CC-100 Operaciones,Bruno Garcia 02 00001105
761,2026-02-05,5000,Gastos operativos,12519.00,0.00,Registro factura INV-00202,INV-00202,CC-100 Operaciones,Elena Mora 05 00001105
762,2026-02-26,1180,IVA acreditable,8731.68,0.00,Registro factura INV-00188,INV-00188,CC-100 Operaciones,Bruno Garcia 02 00001105
763,2026-04-10,1180,IVA acreditable,3048.96,0.00,Registro factura INV-00276,INV-00276,CC-100 Operaciones,Ana Ruiz 01 00001105
764,2026-04-12,1180,IVA acreditable,10071.20,0.00,Registro factura INV-00144,INV-00144,CC-100 Operaciones,Carla Soto 03 00001105
765,2026-03-26,1180,IVA acreditable,2908.64,0.00,Registro factura INV-00051,INV-00051,CC-100 Operaciones,Bruno Garcia 02 00001105
766,2026-06-04,2100,Cuentas por pagar,0.00,103287.56,Registro factura INV-00043,INV-00043,CC-100 Operaciones,Diego Luna 04 00001105
767,2026-01-24,2100,Cuentas por pagar,0.00,109356.68,Registro factura INV-00207,INV-00207,CC-100 Operaciones,Ana Ruiz 07 00001105
768,2026-03-18,1180,IVA acreditable,9228.96,0.00,Registro factura INV-00146,INV-00146,CC-100 Operaciones,Bruno Garcia 02 00001105
769,2026-04-22,1020,Bancos,0.00,96087.44,Pago factura INV-00182,INV-00182,CC-100 Operaciones,Bruno Garcia 02 00001105
770,2026-05-27,5000,Gastos operativos,45762.00,0.00,Registro factura INV-00134,INV-00134,CC-100 Operaciones,Diego Luna 04 00001105
771,2026-01-12,1020,Bancos,0.00,13029.12,Pago factura INV-00138,INV-00138,CC-100 Operaciones,Bruno Garcia 02 00001105
772,2026-02-13,1020,Bancos,0.00,34783.76,Pago factura INV-00260,INV-00260,CC-100 Operaciones,Bruno Garcia 02 00001105
773,2026-06-28,2100,Cuentas por pagar,0.00,84284.44,Registro factura INV-00316,INV-00316,CC-100 Operaciones,Diego Luna 10 00001105
774,2026-05-03,2100,Cuentas por pagar,0.00,55424.80,Registro factura INV-00007,INV-00007,CC-100 Operaciones,Bruno Garcia 08 00001105
775,2026-06-20,2100,Cuentas por pagar,51422.80,0.00,Pago factura INV-00311,INV-00311,CC-100 Operaciones,Bruno Garcia 02 00001105
776,2026-05-05,2100,Cuentas por pagar,0.00,45994.00,Registro factura INV-00126,INV-00126,CC-100 Operaciones,Diego Luna 10 00001105
777,2026-05-11,5000,Gastos operativos,90720.00,0.00,Registro factura INV-00132,INV-00132,CC-100 Operaciones,Diego Luna 10 00001105
778,2026-06-15,5000,Gastos operativos,77600.00,0.00,Registro factura INV-00122,INV-00122,CC-100 Operaciones,Ana Ruiz 07 00001105
779,2026-04-25,1020,Bancos,0.00,86723.92,Pago factura INV-00050,INV-00050,CC-100 Operaciones,Bruno Garcia 02 00001105
780,2026-05-12,2100,Cuentas por pagar,29955.14,0.00,Pago factura INV-00161,INV-00161,CC-100 Operaciones,Bruno Garcia 02 00001105
781,2026-02-05,2100,Cuentas por pagar,0.00,49925.24,Registro factura INV-00011,INV-00011,CC-100 Operaciones,Carla Soto 03 00001105
782,2026-02-05,2100,Cuentas por pagar,30901.24,0.00,Pago factura INV-00349,INV-00349,CC-100 Operaciones,Bruno Garcia 02 00001105
783,2026-04-05,2100,Cuentas por pagar,0.00,51843.88,Registro factura INV-00361,INV-00361,CC-100 Operaciones,Fabian Rios 06 00001105
784,2026-06-05,2100,Cuentas por pagar,0.00,84968.84,Registro factura INV-00047,INV-00047,CC-100 Operaciones,Ana Ruiz 01 00001105
785,2026-05-22,1020,Bancos,0.00,27855.08,Pago factura INV-00315,INV-00315,CC-100 Operaciones,Bruno Garcia 02 00001105
786,2026-05-29,2100,Cuentas por pagar,50368.36,0.00,Pago factura INV-00027,INV-00027,CC-100 Operaciones,Bruno Garcia 02 00001105
787,2026-06-07,2100,Cuentas por pagar,67328.72,0.00,Pago factura INV-00352,INV-00352,CC-100 Operaciones,Bruno Garcia 02 00001105
788,2026-05-20,2100,Cuentas por pagar,36292.92,0.00,Pago factura INV-00005,INV-00005,CC-100 Operaciones,Bruno Garcia 02 00001105
789,2026-03-04,2100,Cuentas por pagar,0.00,56053.52,Registro factura INV-00165,INV-00165,CC-100 Operaciones,Bruno Garcia 02 00001105
790,2026-05-13,5000,Gastos operativos,50463.00,0.00,Registro factura INV-00072,INV-00072,CC-100 Operaciones,Diego Luna 04 00001105
791,2026-03-25,1180,IVA acreditable,7456.16,0.00,Registro factura INV-00249,INV-00249,CC-100 Operaciones,Ana Ruiz 07 00001105
792,2026-02-08,1180,IVA acreditable,14606.24,0.00,Registro factura INV-00273,INV-00273,CC-100 Operaciones,Fabian Rios 06 00001105
793,2026-05-11,5000,Gastos operativos,67434.00,0.00,Registro factura INV-00009,INV-00009,CC-100 Operaciones,Bruno Garcia 08 00001105
794,2026-04-16,1180,IVA acreditable,4238.72,0.00,Registro factura INV-00063,INV-00063,CC-100 Operaciones,Ana Ruiz 07 00001105
795,2026-05-09,5000,Gastos operativos,24184.00,0.00,Registro factura INV-00102,INV-00102,CC-100 Operaciones,Bruno Garcia 08 00001105
796,2026-04-30,2100,Cuentas por pagar,0.00,51513.28,Registro factura INV-00026,INV-00026,CC-100 Operaciones,Carla Soto 09 00001105
797,2026-03-04,2100,Cuentas por pagar,89952.20,0.00,Pago factura INV-00170,INV-00170,CC-100 Operaciones,Bruno Garcia 02 00001105
798,2026-05-05,1020,Bancos,0.00,21261.64,Pago factura INV-00309,INV-00309,CC-100 Operaciones,Bruno Garcia 02 00001105
799,2026-04-20,1180,IVA acreditable,2958.24,0.00,Registro factura INV-00252,INV-00252,CC-100 Operaciones,Elena Mora 05 00001105
800,2026-06-30,2100,Cuentas por pagar,63555.24,0.00,Pago factura INV-00186,INV-00186,CC-100 Operaciones,Bruno Garcia 02 00001105
801,2026-04-29,1020,Bancos,0.00,27294.80,Pago factura INV-00254,INV-00254,CC-100 Operaciones,Bruno Garcia 02 00001105
802,2026-01-22,1020,Bancos,0.00,96506.20,Pago factura INV-00197,INV-00197,CC-100 Operaciones,Bruno Garcia 02 00001105
803,2026-01-26,1020,Bancos,0.00,99183.48,Pago factura INV-00213,INV-00213,CC-100 Operaciones,Bruno Garcia 02 00001105
804,2026-01-26,5000,Gastos operativos,26639.00,0.00,Registro factura INV-00349,INV-00349,CC-100 Operaciones,Ana Ruiz 01 00001105
805,2026-03-19,1020,Bancos,0.00,88582.24,Pago factura INV-00218,INV-00218,CC-100 Operaciones,Bruno Garcia 02 00001105
806,2026-05-17,1180,IVA acreditable,9647.52,0.00,Registro factura INV-00124,INV-00124,CC-100 Operaciones,Bruno Garcia 08 00001105
807,2026-06-12,2100,Cuentas por pagar,83974.72,0.00,Pago factura INV-00046,INV-00046,CC-100 Operaciones,Bruno Garcia 02 00001105
808,2026-06-23,2100,Cuentas por pagar,55712.48,0.00,Pago factura INV-00358,INV-00358,CC-100 Operaciones,Bruno Garcia 02 00001105
809,2026-04-22,5000,Gastos operativos,50473.00,0.00,Registro factura INV-00214,INV-00214,CC-100 Operaciones,Elena Mora 05 00001105
810,2026-03-25,2100,Cuentas por pagar,94998.20,0.00,Pago factura INV-00283,INV-00283,CC-100 Operaciones,Bruno Garcia 02 00001105
811,2026-04-17,1020,Bancos,0.00,90013.68,Pago factura INV-00136,INV-00136,CC-100 Operaciones,Bruno Garcia 02 00001105
812,2026-05-06,2100,Cuentas por pagar,0.00,15642.60,Registro factura INV-00082,INV-00082,CC-100 Operaciones,Ana Ruiz 07 00001105
813,2026-01-05,5000,Gastos operativos,18720.00,0.00,Registro factura INV-00138,INV-00138,CC-100 Operaciones,Bruno Garcia 08 00001105
814,2026-02-06,5000,Gastos operativos,73347.00,0.00,Registro factura INV-00340,INV-00340,CC-100 Operaciones,Diego Luna 04 00001105
815,2026-02-11,2080,IVA trasladado,0.00,8389.76,Registro venta INV-00121,INV-00121,CC-100 Operaciones,Bruno Garcia 02 00001105
816,2026-03-08,1020,Bancos,0.00,63304.68,Pago factura INV-00188,INV-00188,CC-100 Operaciones,Bruno Garcia 02 00001105
817,2026-05-06,2100,Cuentas por pagar,20175.88,0.00,Pago factura INV-00185,INV-00185,CC-100 Operaciones,Bruno Garcia 02 00001105
818,2026-03-23,5000,Gastos operativos,25499.00,0.00,Registro factura INV-00306,INV-00306,CC-100 Operaciones,Carla Soto 03 00001105
819,2026-06-30,1020,Bancos,0.00,85808.68,Pago factura INV-00114,INV-00114,CC-100 Operaciones,Bruno Garcia 02 00001105
820,2026-06-08,2100,Cuentas por pagar,15707.56,0.00,Pago factura INV-00291,INV-00291,CC-100 Operaciones,Bruno Garcia 02 00001105
821,2026-04-07,2100,Cuentas por pagar,0.00,79707.08,Registro factura INV-00189,INV-00189,CC-100 Operaciones,Bruno Garcia 08 00001105
822,2026-05-06,2100,Cuentas por pagar,100957.12,0.00,Pago factura INV-00194,INV-00194,CC-100 Operaciones,Bruno Garcia 02 00001105
823,2026-05-26,5000,Gastos operativos,70800.00,0.00,Registro factura INV-00327,INV-00327,CC-100 Operaciones,Elena Mora 05 00001105
824,2026-03-06,1020,Bancos,0.00,75841.96,Pago factura INV-00344,INV-00344,CC-100 Operaciones,Bruno Garcia 02 00001105
825,2026-05-16,5000,Gastos operativos,36354.00,0.00,Registro factura INV-00191,INV-00191,CC-100 Operaciones,Ana Ruiz 01 00001105
826,2026-01-05,1180,IVA acreditable,3339.52,0.00,Registro factura INV-00275,INV-00275,CC-100 Operaciones,Diego Luna 04 00001105
827,2026-06-01,1020,Bancos,0.00,88586.88,Pago factura INV-00091,INV-00091,CC-100 Operaciones,Bruno Garcia 02 00001105
828,2026-05-23,2100,Cuentas por pagar,19970.10,0.00,Pago factura INV-00161,INV-00161,CC-100 Operaciones,Bruno Garcia 02 00001105
829,2026-03-06,1180,IVA acreditable,11905.92,0.00,Registro factura INV-00004,INV-00004,CC-100 Operaciones,Diego Luna 04 00001105
830,2026-04-11,2100,Cuentas por pagar,106084.32,0.00,Pago factura INV-00266,INV-00266,CC-100 Operaciones,Bruno Garcia 02 00001105
831,2026-01-20,2100,Cuentas por pagar,0.00,94335.84,Registro factura INV-00137,INV-00137,CC-100 Operaciones,Ana Ruiz 01 00001105
832,2026-05-21,1180,IVA acreditable,7749.12,0.00,Registro factura INV-00293,INV-00293,CC-100 Operaciones,Diego Luna 04 00001105
833,2026-02-15,2100,Cuentas por pagar,14522.04,0.00,Pago factura INV-00202,INV-00202,CC-100 Operaciones,Bruno Garcia 02 00001105
834,2026-01-22,5000,Gastos operativos,26799.00,0.00,Registro factura INV-00261,INV-00261,CC-100 Operaciones,Ana Ruiz 07 00001105
835,2026-06-28,2100,Cuentas por pagar,17888.36,0.00,Pago factura INV-00152,INV-00152,CC-100 Operaciones,Bruno Garcia 02 00001105
836,2026-02-20,1020,Bancos,0.00,81244.08,Pago factura INV-00246,INV-00246,CC-100 Operaciones,Bruno Garcia 02 00001105
837,2026-03-03,2100,Cuentas por pagar,52718.52,0.00,Pago factura INV-00334,INV-00334,CC-100 Operaciones,Bruno Garcia 02 00001105
838,2026-05-29,1180,IVA acreditable,8206.40,0.00,Registro factura INV-00131,INV-00131,CC-100 Operaciones,Fabian Rios 06 00001105
839,2026-06-30,1020,Bancos,0.00,84284.44,Pago factura INV-00316,INV-00316,CC-100 Operaciones,Bruno Garcia 02 00001105
840,2026-05-01,2100,Cuentas por pagar,110092.12,0.00,Pago factura INV-00104,INV-00104,CC-100 Operaciones,Bruno Garcia 02 00001105
841,2026-03-20,5000,Gastos operativos,37440.00,0.00,Registro factura INV-00021,INV-00021,CC-100 Operaciones,Diego Luna 04 00001105
842,2026-04-07,5000,Gastos operativos,77598.00,0.00,Registro factura INV-00136,INV-00136,CC-100 Operaciones,Diego Luna 10 00001105
843,2026-03-23,2100,Cuentas por pagar,15773.68,0.00,Pago factura INV-00079,INV-00079,CC-100 Operaciones,Bruno Garcia 02 00001105
844,2026-04-15,2100,Cuentas por pagar,49925.24,0.00,Pago factura INV-00233,INV-00233,CC-100 Operaciones,Bruno Garcia 02 00001105
845,2026-05-21,1180,IVA acreditable,3700.96,0.00,Registro factura INV-00287,INV-00287,CC-100 Operaciones,Bruno Garcia 02 00001105
846,2026-02-13,2100,Cuentas por pagar,0.00,108838.16,Registro factura INV-00222,INV-00222,CC-100 Operaciones,Carla Soto 09 00001105
847,2026-01-20,2100,Cuentas por pagar,62471.80,0.00,Pago factura INV-00098,INV-00098,CC-100 Operaciones,Bruno Garcia 02 00001105
848,2026-03-14,2100,Cuentas por pagar,0.00,76875.52,Registro factura INV-00133,INV-00133,CC-100 Operaciones,Fabian Rios 06 00001105
849,2026-03-06,1020,Bancos,0.00,30351.40,Pago factura INV-00143,INV-00143,CC-100 Operaciones,Bruno Garcia 02 00001105
850,2026-06-20,1020,Bancos,0.00,42838.80,Pago factura INV-00307,INV-00307,CC-100 Operaciones,Bruno Garcia 02 00001105
851,2026-05-23,1180,IVA acreditable,10024.32,0.00,Registro factura INV-00076,INV-00076,CC-100 Operaciones,Bruno Garcia 08 00001105
852,2026-06-26,5000,Gastos operativos,73872.00,0.00,Registro factura INV-00336,INV-00336,CC-100 Operaciones,Fabian Rios 06 00001105
853,2026-04-16,1020,Bancos,0.00,86457.12,Pago factura INV-00238,INV-00238,CC-100 Operaciones,Bruno Garcia 02 00001105
854,2026-06-02,5000,Gastos operativos,72717.00,0.00,Registro factura INV-00337,INV-00337,CC-100 Operaciones,Bruno Garcia 02 00001105
855,2026-05-17,2100,Cuentas por pagar,0.00,69944.52,Registro factura INV-00124,INV-00124,CC-100 Operaciones,Bruno Garcia 08 00001105
856,2026-03-15,1020,Bancos,0.00,47488.08,Pago factura INV-00025,INV-00025,CC-100 Operaciones,Bruno Garcia 02 00001105
857,2026-05-02,1020,Bancos,0.00,18865.08,Pago factura INV-00231,INV-00231,CC-100 Operaciones,Bruno Garcia 02 00001105
858,2026-05-25,1020,Bancos,0.00,31586.80,Pago factura INV-00347,INV-00347,CC-100 Operaciones,Bruno Garcia 02 00001105
859,2026-04-17,1180,IVA acreditable,6303.68,0.00,Registro factura INV-00288,INV-00288,CC-100 Operaciones,Diego Luna 04 00001105
860,2026-03-12,2100,Cuentas por pagar,14526.91,0.00,Pago factura INV-00223,INV-00223,CC-100 Operaciones,Bruno Garcia 02 00001105
861,2026-05-29,2100,Cuentas por pagar,0.00,15707.56,Registro factura INV-00291,INV-00291,CC-100 Operaciones,Diego Luna 04 00001105
862,2026-03-11,2100,Cuentas por pagar,47299.00,0.00,Pago factura INV-00173,INV-00173,CC-100 Operaciones,Bruno Garcia 02 00001105
863,2026-01-12,2100,Cuentas por pagar,13029.12,0.00,Pago factura INV-00138,INV-00138,CC-100 Operaciones,Bruno Garcia 02 00001105
864,2026-05-14,1020,Bancos,0.00,57103.32,Pago factura INV-00151,INV-00151,CC-100 Operaciones,Bruno Garcia 02 00001105
865,2026-02-04,2100,Cuentas por pagar,38498.08,0.00,Pago factura INV-00265,INV-00265,CC-100 Operaciones,Bruno Garcia 02 00001105
866,2026-06-30,1020,Bancos,0.00,105692.24,Pago factura INV-00081,INV-00081,CC-100 Operaciones,Bruno Garcia 02 00001105
867,2026-01-31,1180,IVA acreditable,4440.96,0.00,Registro factura INV-00335,INV-00335,CC-100 Operaciones,Bruno Garcia 02 00001105
868,2026-05-26,2100,Cuentas por pagar,0.00,73735.40,Registro factura INV-00032,INV-00032,CC-100 Operaciones,Ana Ruiz 07 00001105
869,2026-01-16,2100,Cuentas por pagar,0.00,23965.60,Registro factura INV-00156,INV-00156,CC-100 Operaciones,Carla Soto 09 00001105
870,2026-06-14,2100,Cuentas por pagar,103287.56,0.00,Pago factura INV-00043,INV-00043,CC-100 Operaciones,Bruno Garcia 02 00001105
871,2026-02-02,1020,Bancos,0.00,91858.08,Pago factura INV-00094,INV-00094,CC-100 Operaciones,Bruno Garcia 02 00001105
872,2026-03-10,1020,Bancos,0.00,99032.68,Pago factura INV-00158,INV-00158,CC-100 Operaciones,Bruno Garcia 02 00001105
873,2026-02-05,5000,Gastos operativos,20872.00,0.00,Registro factura INV-00036,INV-00036,CC-100 Operaciones,Elena Mora 05 00001105
874,2026-03-12,1020,Bancos,0.00,63102.84,Pago factura INV-00304,INV-00304,CC-100 Operaciones,Bruno Garcia 02 00001105
875,2026-05-27,2100,Cuentas por pagar,0.00,30980.12,Registro factura INV-00193,INV-00193,CC-100 Operaciones,Bruno Garcia 02 00001105
876,2026-03-11,1180,IVA acreditable,13643.52,0.00,Registro factura INV-00204,INV-00204,CC-100 Operaciones,Elena Mora 05 00001105
877,2026-05-19,2100,Cuentas por pagar,28053.44,0.00,Pago factura INV-00102,INV-00102,CC-100 Operaciones,Bruno Garcia 02 00001105
878,2026-06-15,1020,Bancos,0.00,47887.12,Pago factura INV-00228,INV-00228,CC-100 Operaciones,Bruno Garcia 02 00001105
879,2026-04-24,2100,Cuentas por pagar,0.00,27620.76,Registro factura INV-00270,INV-00270,CC-100 Operaciones,Carla Soto 09 00001105
880,2026-06-25,5000,Gastos operativos,32705.00,0.00,Registro factura INV-00346,INV-00346,CC-100 Operaciones,Carla Soto 09 00001105
881,2026-05-01,1180,IVA acreditable,6524.00,0.00,Registro factura INV-00322,INV-00322,CC-100 Operaciones,Diego Luna 04 00001105
882,2026-02-11,5000,Gastos operativos,70097.00,0.00,Registro factura INV-00310,INV-00310,CC-100 Operaciones,Elena Mora 05 00001105
883,2026-06-21,1180,IVA acreditable,5858.24,0.00,Registro factura INV-00105,INV-00105,CC-100 Operaciones,Carla Soto 03 00001105
884,2026-03-04,5000,Gastos operativos,75822.00,0.00,Registro factura INV-00150,INV-00150,CC-100 Operaciones,Diego Luna 10 00001105
885,2026-03-01,2100,Cuentas por pagar,69775.16,0.00,Pago factura INV-00359,INV-00359,CC-100 Operaciones,Bruno Garcia 02 00001105
886,2026-03-05,5000,Gastos operativos,18720.00,0.00,Registro factura INV-00300,INV-00300,CC-100 Operaciones,Diego Luna 10 00001105
887,2026-02-16,2080,IVA trasladado,0.00,9840.00,Registro venta INV-00330,INV-00330,CC-100 Operaciones,Bruno Garcia 02 00001105
888,2026-05-28,1020,Bancos,0.00,104432.48,Pago factura INV-00118,INV-00118,CC-100 Operaciones,Bruno Garcia 02 00001105
889,2026-04-03,2100,Cuentas por pagar,94535.36,0.00,Pago factura INV-00125,INV-00125,CC-100 Operaciones,Bruno Garcia 02 00001105
890,2026-06-11,2100,Cuentas por pagar,61165.64,0.00,Pago factura INV-00355,INV-00355,CC-100 Operaciones,Bruno Garcia 02 00001105
891,2026-02-15,1020,Bancos,0.00,21715.20,Pago factura INV-00092,INV-00092,CC-100 Operaciones,Bruno Garcia 02 00001105
892,2026-03-24,1180,IVA acreditable,3040.48,0.00,Registro factura INV-00360,INV-00360,CC-100 Operaciones,Diego Luna 10 00001105
893,2026-03-21,1020,Bancos,0.00,98915.52,Pago factura INV-00204,INV-00204,CC-100 Operaciones,Bruno Garcia 02 00001105
894,2026-04-23,5000,Gastos operativos,70737.00,0.00,Registro factura INV-00269,INV-00269,CC-100 Operaciones,Diego Luna 04 00001105
895,2026-03-29,1020,Bancos,0.00,65925.12,Pago factura INV-00290,INV-00290,CC-100 Operaciones,Bruno Garcia 02 00001105
896,2026-01-30,5000,Gastos operativos,16032.00,0.00,Registro factura INV-00264,INV-00264,CC-100 Operaciones,Carla Soto 09 00001105
897,2026-03-31,1180,IVA acreditable,8308.80,0.00,Registro factura INV-00308,INV-00308,CC-100 Operaciones,Carla Soto 03 00001105
898,2026-05-19,5000,Gastos operativos,74045.00,0.00,Registro factura INV-00116,INV-00116,CC-100 Operaciones,Diego Luna 10 00001105
899,2026-05-22,2100,Cuentas por pagar,0.00,18467.20,Registro factura INV-00296,INV-00296,CC-100 Operaciones,Ana Ruiz 01 00001105
900,2026-06-09,2100,Cuentas por pagar,86227.44,0.00,Pago factura INV-00174,INV-00174,CC-100 Operaciones,Bruno Garcia 02 00001105
901,2026-01-27,2100,Cuentas por pagar,50092.28,0.00,Pago factura INV-00348,INV-00348,CC-100 Operaciones,Bruno Garcia 02 00001105
902,2026-01-29,1180,IVA acreditable,14954.88,0.00,Registro factura INV-00199,INV-00199,CC-100 Operaciones,Diego Luna 10 00001105
903,2026-06-08,5000,Gastos operativos,73486.00,0.00,Registro factura INV-00286,INV-00286,CC-100 Operaciones,Diego Luna 10 00001105
904,2026-02-17,2100,Cuentas por pagar,0.00,99972.28,Registro factura INV-00115,INV-00115,CC-100 Operaciones,Carla Soto 03 00001105
905,2026-06-12,1180,IVA acreditable,2147.84,0.00,Registro factura INV-00069,INV-00069,CC-100 Operaciones,Diego Luna 04 00001105
906,2026-04-14,1180,IVA acreditable,7337.28,0.00,Registro factura INV-00244,INV-00244,CC-100 Operaciones,Ana Ruiz 07 00001105
907,2026-04-05,1180,IVA acreditable,7216.80,0.00,Registro factura INV-00149,INV-00149,CC-100 Operaciones,Bruno Garcia 08 00001105
908,2026-01-19,2100,Cuentas por pagar,0.00,23577.00,Registro factura INV-00084,INV-00084,CC-100 Operaciones,Bruno Garcia 08 00001105
909,2026-05-21,5000,Gastos operativos,48432.00,0.00,Registro factura INV-00293,INV-00293,CC-100 Operaciones,Diego Luna 04 00001105
910,2026-02-15,5000,Gastos operativos,17645.00,0.00,Registro factura INV-00328,INV-00328,CC-100 Operaciones,Carla Soto 09 00001105
911,2026-02-21,5000,Gastos operativos,45447.00,0.00,Registro factura INV-00334,INV-00334,CC-100 Operaciones,Ana Ruiz 01 00001105
912,2026-03-12,5000,Gastos operativos,46724.00,0.00,Registro factura INV-00061,INV-00061,CC-100 Operaciones,Diego Luna 04 00001105
913,2026-06-03,1180,IVA acreditable,10364.64,0.00,Registro factura INV-00162,INV-00162,CC-100 Operaciones,Ana Ruiz 07 00001105
914,2026-01-19,1180,IVA acreditable,3600.00,0.00,Registro factura INV-00083,INV-00083,CC-100 Operaciones,Carla Soto 09 00001105
915,2026-05-31,5000,Gastos operativos,81597.00,0.00,Registro factura INV-00113,INV-00113,CC-100 Operaciones,Bruno Garcia 08 00001105
916,2026-01-17,1180,IVA acreditable,6909.28,0.00,Registro factura INV-00348,INV-00348,CC-100 Operaciones,Diego Luna 04 00001105
917,2026-04-10,2100,Cuentas por pagar,0.00,65595.68,Registro factura INV-00127,INV-00127,CC-100 Operaciones,Carla Soto 09 00001105
918,2026-05-17,1020,Bancos,0.00,25061.80,Pago factura INV-00302,INV-00302,CC-100 Operaciones,Bruno Garcia 02 00001105
919,2026-06-06,1020,Bancos,0.00,53083.92,Pago factura INV-00134,INV-00134,CC-100 Operaciones,Bruno Garcia 02 00001105
920,2026-06-30,2100,Cuentas por pagar,53129.16,0.00,Pago factura INV-00178,INV-00178,CC-100 Operaciones,Bruno Garcia 02 00001105
921,2026-04-14,1180,IVA acreditable,8550.56,0.00,Registro factura INV-00128,INV-00128,CC-100 Operaciones,Elena Mora 05 00001105
922,2026-04-23,2100,Cuentas por pagar,0.00,82054.92,Registro factura INV-00269,INV-00269,CC-100 Operaciones,Diego Luna 04 00001105
923,2026-05-16,2100,Cuentas por pagar,0.00,42170.64,Registro factura INV-00191,INV-00191,CC-100 Operaciones,Ana Ruiz 01 00001105
924,2026-02-07,2100,Cuentas por pagar,0.00,26594.16,Registro factura INV-00042,INV-00042,CC-100 Operaciones,Carla Soto 09 00001105
925,2026-02-13,5000,Gastos operativos,93826.00,0.00,Registro factura INV-00222,INV-00222,CC-100 Operaciones,Carla Soto 09 00001105
926,2026-02-27,1020,Bancos,0.00,99972.28,Pago factura INV-00115,INV-00115,CC-100 Operaciones,Bruno Garcia 02 00001105
927,2026-02-05,1180,IVA acreditable,2995.20,0.00,Registro factura INV-00092,INV-00092,CC-100 Operaciones,Carla Soto 09 00001105
928,2026-01-26,2100,Cuentas por pagar,23965.60,0.00,Pago factura INV-00156,INV-00156,CC-100 Operaciones,Bruno Garcia 02 00001105
929,2026-05-05,5000,Gastos operativos,18720.00,0.00,Registro factura INV-00112,INV-00112,CC-100 Operaciones,Bruno Garcia 02 00001105
930,2026-02-09,2100,Cuentas por pagar,0.00,96059.60,Registro factura INV-00110,INV-00110,CC-100 Operaciones,Carla Soto 03 00001105
931,2026-05-21,2100,Cuentas por pagar,0.00,56181.12,Registro factura INV-00293,INV-00293,CC-100 Operaciones,Diego Luna 04 00001105
932,2026-06-30,1020,Bancos,0.00,47193.44,Pago factura INV-00242,INV-00242,CC-100 Operaciones,Bruno Garcia 02 00001105
933,2026-02-23,2100,Cuentas por pagar,0.00,64711.76,Registro factura INV-00140,INV-00140,CC-100 Operaciones,Carla Soto 03 00001105
934,2026-04-15,2100,Cuentas por pagar,0.00,86723.92,Registro factura INV-00050,INV-00050,CC-100 Operaciones,Bruno Garcia 02 00001105
935,2026-06-18,2100,Cuentas por pagar,0.00,84207.88,Registro factura INV-00028,INV-00028,CC-100 Operaciones,Fabian Rios 06 00001105
936,2026-06-05,1180,IVA acreditable,11719.84,0.00,Registro factura INV-00047,INV-00047,CC-100 Operaciones,Ana Ruiz 01 00001105
937,2026-06-13,2100,Cuentas por pagar,75143.64,0.00,Pago factura INV-00162,INV-00162,CC-100 Operaciones,Bruno Garcia 02 00001105
938,2026-05-15,1020,Bancos,0.00,47763.00,Pago factura INV-00243,INV-00243,CC-100 Operaciones,Bruno Garcia 02 00001105
939,2026-03-31,1180,IVA acreditable,9295.36,0.00,Registro factura INV-00305,INV-00305,CC-100 Operaciones,Elena Mora 05 00001105
940,2026-05-12,1180,IVA acreditable,3842.08,0.00,Registro factura INV-00315,INV-00315,CC-100 Operaciones,Ana Ruiz 07 00001105
941,2026-03-19,1180,IVA acreditable,2262.56,0.00,Registro factura INV-00325,INV-00325,CC-100 Operaciones,Carla Soto 09 00001105
942,2026-06-15,2100,Cuentas por pagar,21715.20,0.00,Pago factura INV-00259,INV-00259,CC-100 Operaciones,Bruno Garcia 02 00001105
943,2026-03-13,2100,Cuentas por pagar,70285.56,0.00,Pago factura INV-00196,INV-00196,CC-100 Operaciones,Bruno Garcia 02 00001105
944,2026-03-10,2100,Cuentas por pagar,0.00,43772.60,Registro factura INV-00024,INV-00024,CC-100 Operaciones,Bruno Garcia 08 00001105
945,2026-06-29,5000,Gastos operativos,32570.00,0.00,Registro factura INV-00107,INV-00107,CC-100 Operaciones,Ana Ruiz 07 00001105
946,2026-02-22,1020,Bancos,0.00,29980.20,Pago factura INV-00274,INV-00274,CC-100 Operaciones,Bruno Garcia 02 00001105
947,2026-05-05,2100,Cuentas por pagar,0.00,24211.52,Registro factura INV-00343,INV-00343,CC-100 Operaciones,Bruno Garcia 08 00001105
948,2026-04-05,5000,Gastos operativos,43039.00,0.00,Registro factura INV-00233,INV-00233,CC-100 Operaciones,Elena Mora 05 00001105
949,2026-06-16,5000,Gastos operativos,21249.00,0.00,Registro factura INV-00020,INV-00020,CC-100 Operaciones,Diego Luna 10 00001105
950,2026-04-16,5000,Gastos operativos,26871.00,0.00,Registro factura INV-00172,INV-00172,CC-100 Operaciones,Carla Soto 09 00001105
951,2026-02-21,2100,Cuentas por pagar,81312.52,0.00,Pago factura INV-00310,INV-00310,CC-100 Operaciones,Bruno Garcia 02 00001105
952,2026-03-16,2100,Cuentas por pagar,0.00,90586.72,Registro factura INV-00006,INV-00006,CC-100 Operaciones,Fabian Rios 06 00001105
953,2026-04-06,2100,Cuentas por pagar,35500.64,0.00,Pago factura INV-00181,INV-00181,CC-100 Operaciones,Bruno Garcia 02 00001105
954,2026-01-19,5000,Gastos operativos,20325.00,0.00,Registro factura INV-00084,INV-00084,CC-100 Operaciones,Bruno Garcia 08 00001105
955,2026-06-24,2100,Cuentas por pagar,76474.16,0.00,Pago factura INV-00142,INV-00142,CC-100 Operaciones,Bruno Garcia 02 00001105
956,2026-03-02,1180,IVA acreditable,14696.00,0.00,Registro factura INV-00090,INV-00090,CC-100 Operaciones,Bruno Garcia 08 00001105
957,2026-03-10,5000,Gastos operativos,37735.00,0.00,Registro factura INV-00024,INV-00024,CC-100 Operaciones,Bruno Garcia 08 00001105
958,2026-06-30,2100,Cuentas por pagar,85808.68,0.00,Pago factura INV-00114,INV-00114,CC-100 Operaciones,Bruno Garcia 02 00001105
959,2026-03-12,1020,Bancos,0.00,106546.00,Pago factura INV-00090,INV-00090,CC-100 Operaciones,Bruno Garcia 02 00001105
960,2026-06-30,1020,Bancos,0.00,37937.80,Pago factura INV-00346,INV-00346,CC-100 Operaciones,Bruno Garcia 02 00001105
961,2026-05-06,1020,Bancos,0.00,20175.88,Pago factura INV-00185,INV-00185,CC-100 Operaciones,Bruno Garcia 02 00001105
962,2026-04-16,2100,Cuentas por pagar,0.00,31170.36,Registro factura INV-00172,INV-00172,CC-100 Operaciones,Carla Soto 09 00001105
963,2026-04-03,2100,Cuentas por pagar,0.00,57314.44,Registro factura INV-00141,INV-00141,CC-100 Operaciones,Diego Luna 04 00001105
964,2026-02-09,4000,Ingresos por servicios,0.00,51736.00,Registro venta INV-00045,INV-00045,CC-100 Operaciones,Bruno Garcia 02 00001105
965,2026-03-21,5000,Gastos operativos,54101.00,0.00,Registro factura INV-00201,INV-00201,CC-100 Operaciones,Carla Soto 09 00001105
966,2026-03-30,1020,Bancos,0.00,51295.20,Pago factura INV-00039,INV-00039,CC-100 Operaciones,Bruno Garcia 02 00001105
967,2026-04-07,2100,Cuentas por pagar,75903.44,0.00,Pago factura INV-00239,INV-00239,CC-100 Operaciones,Bruno Garcia 02 00001105
968,2026-05-18,2100,Cuentas por pagar,54572.20,0.00,Pago factura INV-00289,INV-00289,CC-100 Operaciones,Bruno Garcia 02 00001105
969,2026-01-31,1020,Bancos,0.00,67965.56,Pago factura INV-00247,INV-00247,CC-100 Operaciones,Bruno Garcia 02 00001105
970,2026-03-26,1180,IVA acreditable,2751.36,0.00,Registro factura INV-00096,INV-00096,CC-100 Operaciones,Diego Luna 04 00001105
971,2026-02-24,2100,Cuentas por pagar,0.00,30351.40,Registro factura INV-00143,INV-00143,CC-100 Operaciones,Diego Luna 10 00001105
972,2026-03-24,2100,Cuentas por pagar,76875.52,0.00,Pago factura INV-00133,INV-00133,CC-100 Operaciones,Bruno Garcia 02 00001105
973,2026-03-20,2100,Cuentas por pagar,0.00,51295.20,Registro factura INV-00039,INV-00039,CC-100 Operaciones,Bruno Garcia 02 00001105
974,2026-04-19,1020,Bancos,0.00,106914.88,Pago factura INV-00019,INV-00019,CC-100 Operaciones,Bruno Garcia 02 00001105
975,2026-04-26,5000,Gastos operativos,17393.00,0.00,Registro factura INV-00185,INV-00185,CC-100 Operaciones,Ana Ruiz 01 00001105
976,2026-05-05,2100,Cuentas por pagar,0.00,49925.24,Registro factura INV-00161,INV-00161,CC-100 Operaciones,Fabian Rios 06 00001105
977,2026-02-17,2100,Cuentas por pagar,26594.16,0.00,Pago factura INV-00042,INV-00042,CC-100 Operaciones,Bruno Garcia 02 00001105
978,2026-01-24,1020,Bancos,0.00,82880.84,Pago factura INV-00292,INV-00292,CC-100 Operaciones,Bruno Garcia 02 00001105
979,2026-03-02,5000,Gastos operativos,54399.00,0.00,Registro factura INV-00304,INV-00304,CC-100 Operaciones,Fabian Rios 06 00001105
980,2026-04-28,2100,Cuentas por pagar,0.00,66483.08,Registro factura INV-00016,INV-00016,CC-100 Operaciones,Elena Mora 05 00001105
981,2026-02-01,1180,IVA acreditable,7809.60,0.00,Registro factura INV-00353,INV-00353,CC-100 Operaciones,Carla Soto 09 00001105
982,2026-05-21,2100,Cuentas por pagar,78223.44,0.00,Pago factura INV-00009,INV-00009,CC-100 Operaciones,Bruno Garcia 02 00001105
983,2026-02-20,1180,IVA acreditable,12700.64,0.00,Registro factura INV-00332,INV-00332,CC-100 Operaciones,Bruno Garcia 02 00001105
984,2026-03-16,2100,Cuentas por pagar,0.00,47138.92,Registro factura INV-00053,INV-00053,CC-100 Operaciones,Bruno Garcia 08 00001105
985,2026-03-05,2100,Cuentas por pagar,0.00,47488.08,Registro factura INV-00025,INV-00025,CC-100 Operaciones,Elena Mora 05 00001105
986,2026-06-08,1020,Bancos,0.00,59496.40,Pago factura INV-00131,INV-00131,CC-100 Operaciones,Bruno Garcia 02 00001105
987,2026-03-21,1180,IVA acreditable,9910.88,0.00,Registro factura INV-00038,INV-00038,CC-100 Operaciones,Ana Ruiz 01 00001105
988,2026-05-22,1180,IVA acreditable,12218.88,0.00,Registro factura INV-00091,INV-00091,CC-100 Operaciones,Carla Soto 09 00001105
989,2026-04-01,1020,Bancos,0.00,102672.76,Pago factura INV-00120,INV-00120,CC-100 Operaciones,Bruno Garcia 02 00001105
990,2026-04-08,2100,Cuentas por pagar,56790.12,0.00,Pago factura INV-00022,INV-00022,CC-100 Operaciones,Bruno Garcia 02 00001105
991,2026-06-02,2100,Cuentas por pagar,0.00,83974.72,Registro factura INV-00046,INV-00046,CC-100 Operaciones,Diego Luna 10 00001105
992,2026-01-28,1180,IVA acreditable,8134.40,0.00,Registro factura INV-00066,INV-00066,CC-100 Operaciones,Elena Mora 05 00001105
993,2026-06-21,2100,Cuentas por pagar,107964.68,0.00,Pago factura INV-00219,INV-00219,CC-100 Operaciones,Bruno Garcia 02 00001105
994,2026-04-21,2100,Cuentas por pagar,0.00,25891.20,Registro factura INV-00030,INV-00030,CC-100 Operaciones,Diego Luna 10 00001105
995,2026-01-30,2080,IVA trasladado,0.00,6080.00,Registro venta INV-00225,INV-00225,CC-100 Operaciones,Bruno Garcia 02 00001105
996,2026-04-29,1020,Bancos,0.00,89275.92,Pago factura INV-00320,INV-00320,CC-100 Operaciones,Bruno Garcia 02 00001105
997,2026-01-19,5000,Gastos operativos,22500.00,0.00,Registro factura INV-00083,INV-00083,CC-100 Operaciones,Carla Soto 09 00001105
998,2026-01-20,1180,IVA acreditable,13011.84,0.00,Registro factura INV-00137,INV-00137,CC-100 Operaciones,Ana Ruiz 01 00001105
999,2026-04-28,2100,Cuentas por pagar,54717.20,0.00,Pago factura INV-00263,INV-00263,CC-100 Operaciones,Bruno Garcia 02 00001105
1000,2026-04-08,1020,Bancos,0.00,56790.12,Pago factura INV-00022,INV-00022,CC-100 Operaciones,Bruno Garcia 02 00001105
1001,2026-04-28,1180,IVA acreditable,9432.64,0.00,Registro factura INV-00314,INV-00314,CC-100 Operaciones,Ana Ruiz 07 00001105
1002,2026-06-12,2100,Cuentas por pagar,84351.72,0.00,Pago factura INV-00337,INV-00337,CC-100 Operaciones,Bruno Garcia 02 00001105
1003,2026-04-10,2100,Cuentas por pagar,67391.36,0.00,Pago factura INV-00305,INV-00305,CC-100 Operaciones,Bruno Garcia 02 00001105
1004,2026-06-01,2100,Cuentas por pagar,18467.20,0.00,Pago factura INV-00296,INV-00296,CC-100 Operaciones,Bruno Garcia 02 00001105
1005,2026-02-27,5000,Gastos operativos,34810.00,0.00,Registro factura INV-00052,INV-00052,CC-100 Operaciones,Ana Ruiz 07 00001105
1006,2026-03-01,2100,Cuentas por pagar,0.00,47299.00,Registro factura INV-00173,INV-00173,CC-100 Operaciones,Ana Ruiz 01 00001105
1007,2026-05-12,2100,Cuentas por pagar,55656.80,0.00,Pago factura INV-00184,INV-00184,CC-100 Operaciones,Bruno Garcia 02 00001105
1008,2026-06-28,2100,Cuentas por pagar,0.00,105692.24,Registro factura INV-00081,INV-00081,CC-100 Operaciones,Bruno Garcia 08 00001105
1009,2026-05-20,1020,Bancos,0.00,36292.92,Pago factura INV-00005,INV-00005,CC-100 Operaciones,Bruno Garcia 02 00001105
1010,2026-05-12,1180,IVA acreditable,9999.68,0.00,Registro factura INV-00209,INV-00209,CC-100 Operaciones,Elena Mora 05 00001105
1011,2026-02-15,5000,Gastos operativos,53627.00,0.00,Registro factura INV-00262,INV-00262,CC-100 Operaciones,Ana Ruiz 01 00001105
1012,2026-01-17,1180,IVA acreditable,8090.88,0.00,Registro factura INV-00054,INV-00054,CC-100 Operaciones,Bruno Garcia 02 00001105
1013,2026-04-29,1180,IVA acreditable,5698.24,0.00,Registro factura INV-00044,INV-00044,CC-100 Operaciones,Diego Luna 10 00001105
1014,2026-05-07,1020,Bancos,0.00,27598.72,Pago factura INV-00055,INV-00055,CC-100 Operaciones,Bruno Garcia 02 00001105
1015,2026-06-22,2100,Cuentas por pagar,0.00,94573.64,Registro factura INV-00003,INV-00003,CC-100 Operaciones,Bruno Garcia 02 00001105
1016,2026-03-20,1020,Bancos,0.00,58984.84,Pago factura INV-00075,INV-00075,CC-100 Operaciones,Bruno Garcia 02 00001105
1017,2026-04-24,1180,IVA acreditable,6485.28,0.00,Registro factura INV-00014,INV-00014,CC-100 Operaciones,Ana Ruiz 01 00001105
1018,2026-03-14,1020,Bancos,0.00,87953.52,Pago factura INV-00150,INV-00150,CC-100 Operaciones,Bruno Garcia 02 00001105
1019,2026-04-24,1020,Bancos,0.00,53195.28,Pago factura INV-00244,INV-00244,CC-100 Operaciones,Bruno Garcia 02 00001105
1020,2026-02-08,1050,Cuentas por cobrar,0.00,44080.00,Cobro factura INV-00225,INV-00225,CC-100 Operaciones,Bruno Garcia 02 00001105
1021,2026-06-02,5000,Gastos operativos,72392.00,0.00,Registro factura INV-00046,INV-00046,CC-100 Operaciones,Diego Luna 10 00001105
1022,2026-04-20,1020,Bancos,0.00,65595.68,Pago factura INV-00127,INV-00127,CC-100 Operaciones,Bruno Garcia 02 00001105
1023,2026-06-13,1180,IVA acreditable,7684.48,0.00,Registro factura INV-00358,INV-00358,CC-100 Operaciones,Ana Ruiz 01 00001105
1024,2026-06-20,5000,Gastos operativos,90206.00,0.00,Registro factura INV-00057,INV-00057,CC-100 Operaciones,Bruno Garcia 08 00001105
1025,2026-03-11,2100,Cuentas por pagar,14986.04,0.00,Pago factura INV-00216,INV-00216,CC-100 Operaciones,Bruno Garcia 02 00001105
1026,2026-04-25,1180,IVA acreditable,3095.20,0.00,Registro factura INV-00221,INV-00221,CC-100 Operaciones,Fabian Rios 06 00001105
1027,2026-05-08,2100,Cuentas por pagar,0.00,54572.20,Registro factura INV-00289,INV-00289,CC-100 Operaciones,Ana Ruiz 01 00001105
1028,2026-06-15,2100,Cuentas por pagar,0.00,25995.60,Registro factura INV-00282,INV-00282,CC-100 Operaciones,Elena Mora 05 00001105
1029,2026-06-12,5000,Gastos operativos,81774.00,0.00,Registro factura INV-00033,INV-00033,CC-100 Operaciones,Fabian Rios 06 00001105
1030,2026-05-07,5000,Gastos operativos,21449.00,0.00,Registro factura INV-00250,INV-00250,CC-100 Operaciones,Bruno Garcia 02 00001105
1031,2026-03-05,5000,Gastos operativos,43039.00,0.00,Registro factura INV-00268,INV-00268,CC-100 Operaciones,Diego Luna 04 00001105
1032,2026-06-28,2100,Cuentas por pagar,84207.88,0.00,Pago factura INV-00028,INV-00028,CC-100 Operaciones,Bruno Garcia 02 00001105
1033,2026-01-25,2100,Cuentas por pagar,100595.20,0.00,Pago factura INV-00179,INV-00179,CC-100 Operaciones,Bruno Garcia 02 00001105
1034,2026-01-18,1180,IVA acreditable,1936.00,0.00,Registro factura INV-00212,INV-00212,CC-100 Operaciones,Carla Soto 09 00001105
1035,2026-03-15,2100,Cuentas por pagar,47488.08,0.00,Pago factura INV-00025,INV-00025,CC-100 Operaciones,Bruno Garcia 02 00001105
1036,2026-02-26,1020,Bancos,0.00,97069.96,Pago factura INV-00217,INV-00217,CC-100 Operaciones,Bruno Garcia 02 00001105
1037,2026-06-30,2100,Cuentas por pagar,85691.52,0.00,Pago factura INV-00336,INV-00336,CC-100 Operaciones,Bruno Garcia 02 00001105
1038,2026-01-20,5000,Gastos operativos,72125.00,0.00,Registro factura INV-00078,INV-00078,CC-100 Operaciones,Carla Soto 03 00001105
1039,2026-04-03,5000,Gastos operativos,49409.00,0.00,Registro factura INV-00141,INV-00141,CC-100 Operaciones,Diego Luna 04 00001105
1040,2026-02-11,2100,Cuentas por pagar,23923.84,0.00,Pago factura INV-00139,INV-00139,CC-100 Operaciones,Bruno Garcia 02 00001105
1041,2026-01-28,5000,Gastos operativos,50840.00,0.00,Registro factura INV-00066,INV-00066,CC-100 Operaciones,Elena Mora 05 00001105
1042,2026-05-16,2100,Cuentas por pagar,0.00,83791.44,Registro factura INV-00058,INV-00058,CC-100 Operaciones,Carla Soto 03 00001105
1043,2026-05-07,2100,Cuentas por pagar,0.00,24880.84,Registro factura INV-00250,INV-00250,CC-100 Operaciones,Bruno Garcia 02 00001105
1044,2026-06-25,2100,Cuentas por pagar,25995.60,0.00,Pago factura INV-00282,INV-00282,CC-100 Operaciones,Bruno Garcia 02 00001105
1045,2026-04-26,1180,IVA acreditable,13925.12,0.00,Registro factura INV-00194,INV-00194,CC-100 Operaciones,Carla Soto 03 00001105
1046,2026-02-02,5000,Gastos operativos,48325.00,0.00,Registro factura INV-00056,INV-00056,CC-100 Operaciones,Fabian Rios 06 00001105
1047,2026-03-20,2100,Cuentas por pagar,58984.84,0.00,Pago factura INV-00075,INV-00075,CC-100 Operaciones,Bruno Garcia 02 00001105
1048,2026-06-23,1180,IVA acreditable,6509.44,0.00,Registro factura INV-00242,INV-00242,CC-100 Operaciones,Elena Mora 05 00001105
1049,2026-06-30,2100,Cuentas por pagar,94573.64,0.00,Pago factura INV-00003,INV-00003,CC-100 Operaciones,Bruno Garcia 02 00001105
1050,2026-06-27,5000,Gastos operativos,20159.00,0.00,Registro factura INV-00048,INV-00048,CC-100 Operaciones,Ana Ruiz 01 00001105
1051,2026-05-12,2100,Cuentas por pagar,0.00,72497.68,Registro factura INV-00209,INV-00209,CC-100 Operaciones,Elena Mora 05 00001105
1052,2026-04-24,2100,Cuentas por pagar,61991.56,0.00,Pago factura INV-00128,INV-00128,CC-100 Operaciones,Bruno Garcia 02 00001105
1053,2026-04-20,2100,Cuentas por pagar,0.00,21447.24,Registro factura INV-00252,INV-00252,CC-100 Operaciones,Elena Mora 05 00001105
1054,2026-03-05,5000,Gastos operativos,71493.00,0.00,Registro factura INV-00029,INV-00029,CC-100 Operaciones,Ana Ruiz 07 00001105
1055,2026-03-30,5000,Gastos operativos,31963.00,0.00,Registro factura INV-00097,INV-00097,CC-100 Operaciones,Diego Luna 10 00001105
1056,2026-03-28,2100,Cuentas por pagar,0.00,16282.92,Registro factura INV-00215,INV-00215,CC-100 Operaciones,Fabian Rios 06 00001105
1057,2026-05-10,1020,Bancos,0.00,51513.28,Pago factura INV-00026,INV-00026,CC-100 Operaciones,Bruno Garcia 02 00001105
1058,2026-04-02,2100,Cuentas por pagar,76823.32,0.00,Pago factura INV-00180,INV-00180,CC-100 Operaciones,Bruno Garcia 02 00001105
1059,2026-06-14,1180,IVA acreditable,10548.16,0.00,Registro factura INV-00142,INV-00142,CC-100 Operaciones,Diego Luna 10 00001105
1060,2026-06-23,5000,Gastos operativos,40684.00,0.00,Registro factura INV-00242,INV-00242,CC-100 Operaciones,Elena Mora 05 00001105
1061,2026-04-14,2100,Cuentas por pagar,0.00,53195.28,Registro factura INV-00244,INV-00244,CC-100 Operaciones,Ana Ruiz 07 00001105
1062,2026-01-12,1180,IVA acreditable,13311.20,0.00,Registro factura INV-00197,INV-00197,CC-100 Operaciones,Ana Ruiz 01 00001105
1063,2026-06-21,5000,Gastos operativos,79197.00,0.00,Registro factura INV-00093,INV-00093,CC-100 Operaciones,Elena Mora 05 00001105
1064,2026-01-21,2100,Cuentas por pagar,98893.48,0.00,Pago factura INV-00129,INV-00129,CC-100 Operaciones,Bruno Garcia 02 00001105
1065,2026-05-19,5000,Gastos operativos,43421.00,0.00,Registro factura INV-00027,INV-00027,CC-100 Operaciones,Bruno Garcia 02 00001105
1066,2026-02-12,2100,Cuentas por pagar,0.00,16901.20,Registro factura INV-00350,INV-00350,CC-100 Operaciones,Bruno Garcia 02 00001105
1067,2026-04-27,1020,Bancos,0.00,67739.36,Pago factura INV-00035,INV-00035,CC-100 Operaciones,Bruno Garcia 02 00001105
1068,2026-06-11,2100,Cuentas por pagar,0.00,107964.68,Registro factura INV-00219,INV-00219,CC-100 Operaciones,Carla Soto 09 00001105
1069,2026-02-25,5000,Gastos operativos,39998.00,0.00,Registro factura INV-00017,INV-00017,CC-100 Operaciones,Elena Mora 05 00001105
1070,2026-03-03,2100,Cuentas por pagar,74047.44,0.00,Pago factura INV-00080,INV-00080,CC-100 Operaciones,Bruno Garcia 02 00001105
1071,2026-03-09,1180,IVA acreditable,14879.84,0.00,Registro factura INV-00130,INV-00130,CC-100 Operaciones,Carla Soto 03 00001105
1072,2026-04-01,1180,IVA acreditable,12230.88,0.00,Registro factura INV-00258,INV-00258,CC-100 Operaciones,Diego Luna 10 00001105
1073,2026-06-30,1020,Bancos,0.00,104638.96,Pago factura INV-00057,INV-00057,CC-100 Operaciones,Bruno Garcia 02 00001105
1074,2026-05-26,2100,Cuentas por pagar,0.00,82128.00,Registro factura INV-00327,INV-00327,CC-100 Operaciones,Elena Mora 05 00001105
1075,2026-01-09,2100,Cuentas por pagar,0.00,55833.12,Registro factura INV-00280,INV-00280,CC-100 Operaciones,Diego Luna 10 00001105
1076,2026-05-12,2100,Cuentas por pagar,74662.24,0.00,Pago factura INV-00095,INV-00095,CC-100 Operaciones,Bruno Garcia 02 00001105
1077,2026-06-04,2100,Cuentas por pagar,19918.36,0.00,Pago factura INV-00299,INV-00299,CC-100 Operaciones,Bruno Garcia 02 00001105
1078,2026-03-18,1180,IVA acreditable,8138.56,0.00,Registro factura INV-00041,INV-00041,CC-100 Operaciones,Diego Luna 10 00001105
1079,2026-06-22,5000,Gastos operativos,81529.00,0.00,Registro factura INV-00003,INV-00003,CC-100 Operaciones,Bruno Garcia 02 00001105
1080,2026-05-09,1020,Bancos,0.00,41312.24,Pago factura INV-00044,INV-00044,CC-100 Operaciones,Bruno Garcia 02 00001105
1081,2026-03-31,5000,Gastos operativos,51930.00,0.00,Registro factura INV-00308,INV-00308,CC-100 Operaciones,Carla Soto 03 00001105
1082,2026-02-04,5000,Gastos operativos,33144.00,0.00,Registro factura INV-00253,INV-00253,CC-100 Operaciones,Diego Luna 10 00001105
1083,2026-06-27,2100,Cuentas por pagar,49652.64,0.00,Pago factura INV-00103,INV-00103,CC-100 Operaciones,Bruno Garcia 02 00001105
1084,2026-01-17,5000,Gastos operativos,50568.00,0.00,Registro factura INV-00054,INV-00054,CC-100 Operaciones,Bruno Garcia 02 00001105
1085,2026-05-24,5000,Gastos operativos,89535.00,0.00,Registro factura INV-00230,INV-00230,CC-100 Operaciones,Elena Mora 05 00001105
1086,2026-05-04,2100,Cuentas por pagar,47018.28,0.00,Pago factura INV-00014,INV-00014,CC-100 Operaciones,Bruno Garcia 02 00001105
1087,2026-01-12,1020,Bancos,0.00,14526.91,Pago factura INV-00275,INV-00275,CC-100 Operaciones,Bruno Garcia 02 00001105
1088,2026-02-19,1180,IVA acreditable,9624.16,0.00,Registro factura INV-00359,INV-00359,CC-100 Operaciones,Ana Ruiz 07 00001105
1089,2026-05-17,1020,Bancos,0.00,24880.84,Pago factura INV-00250,INV-00250,CC-100 Operaciones,Bruno Garcia 02 00001105
1090,2026-03-30,1180,IVA acreditable,5114.08,0.00,Registro factura INV-00097,INV-00097,CC-100 Operaciones,Diego Luna 10 00001105
1091,2026-03-05,1180,IVA acreditable,6550.08,0.00,Registro factura INV-00025,INV-00025,CC-100 Operaciones,Elena Mora 05 00001105
1092,2026-02-07,1180,IVA acreditable,3668.16,0.00,Registro factura INV-00042,INV-00042,CC-100 Operaciones,Carla Soto 09 00001105
1093,2026-01-23,2100,Cuentas por pagar,8686.08,0.00,Pago factura INV-00138,INV-00138,CC-100 Operaciones,Bruno Garcia 02 00001105
1094,2026-04-07,1180,IVA acreditable,10994.08,0.00,Registro factura INV-00189,INV-00189,CC-100 Operaciones,Bruno Garcia 08 00001105
1095,2026-05-19,1180,IVA acreditable,11847.20,0.00,Registro factura INV-00116,INV-00116,CC-100 Operaciones,Diego Luna 10 00001105
1096,2026-06-17,1180,IVA acreditable,13973.60,0.00,Registro factura INV-00109,INV-00109,CC-100 Operaciones,Carla Soto 09 00001105
1097,2026-05-11,2100,Cuentas por pagar,0.00,105235.20,Registro factura INV-00132,INV-00132,CC-100 Operaciones,Diego Luna 10 00001105
1098,2026-05-24,1020,Bancos,0.00,27684.56,Pago factura INV-00356,INV-00356,CC-100 Operaciones,Bruno Garcia 02 00001105
1099,2026-02-03,1020,Bancos,0.00,63632.96,Pago factura INV-00068,INV-00068,CC-100 Operaciones,Bruno Garcia 02 00001105
1100,2026-04-06,2100,Cuentas por pagar,72816.68,0.00,Pago factura INV-00324,INV-00324,CC-100 Operaciones,Bruno Garcia 02 00001105
1101,2026-03-15,1020,Bancos,0.00,82931.88,Pago factura INV-00029,INV-00029,CC-100 Operaciones,Bruno Garcia 02 00001105
1102,2026-05-12,1020,Bancos,0.00,13029.12,Pago factura INV-00112,INV-00112,CC-100 Operaciones,Bruno Garcia 02 00001105
1103,2026-02-09,2080,IVA trasladado,0.00,8277.76,Registro venta INV-00045,INV-00045,CC-100 Operaciones,Bruno Garcia 02 00001105
1104,2026-02-27,5000,Gastos operativos,45463.00,0.00,Registro factura INV-00329,INV-00329,CC-100 Operaciones,Carla Soto 09 00001105
1105,2026-04-22,2100,Cuentas por pagar,96087.44,0.00,Pago factura INV-00182,INV-00182,CC-100 Operaciones,Bruno Garcia 02 00001105
1106,2026-01-28,2100,Cuentas por pagar,0.00,58974.40,Registro factura INV-00066,INV-00066,CC-100 Operaciones,Elena Mora 05 00001105
1107,2026-03-14,1180,IVA acreditable,11167.52,0.00,Registro factura INV-00155,INV-00155,CC-100 Operaciones,Diego Luna 04 00001105
1108,2026-02-20,2100,Cuentas por pagar,0.00,92079.64,Registro factura INV-00332,INV-00332,CC-100 Operaciones,Bruno Garcia 02 00001105
1109,2026-01-27,2100,Cuentas por pagar,0.00,102317.80,Registro factura INV-00147,INV-00147,CC-100 Operaciones,Bruno Garcia 08 00001105
1110,2026-02-24,2100,Cuentas por pagar,95842.68,0.00,Pago factura INV-00183,INV-00183,CC-100 Operaciones,Bruno Garcia 02 00001105
1111,2026-02-18,2100,Cuentas por pagar,0.00,106802.36,Registro factura INV-00177,INV-00177,CC-100 Operaciones,Bruno Garcia 02 00001105
1112,2026-06-05,5000,Gastos operativos,73249.00,0.00,Registro factura INV-00047,INV-00047,CC-100 Operaciones,Ana Ruiz 01 00001105
1113,2026-01-23,1180,IVA acreditable,11556.16,0.00,Registro factura INV-00085,INV-00085,CC-100 Operaciones,Bruno Garcia 02 00001105
1114,2026-01-19,2100,Cuentas por pagar,0.00,60207.48,Registro factura INV-00108,INV-00108,CC-100 Operaciones,Fabian Rios 06 00001105
1115,2026-02-22,2100,Cuentas por pagar,0.00,89952.20,Registro factura INV-00170,INV-00170,CC-100 Operaciones,Fabian Rios 06 00001105
1116,2026-04-18,1180,IVA acreditable,10230.24,0.00,Registro factura INV-00248,INV-00248,CC-100 Operaciones,Carla Soto 09 00001105
1117,2026-06-09,1180,IVA acreditable,8987.04,0.00,Registro factura INV-00190,INV-00190,CC-100 Operaciones,Ana Ruiz 07 00001105
1118,2026-05-25,2100,Cuentas por pagar,0.00,19918.36,Registro factura INV-00299,INV-00299,CC-100 Operaciones,Bruno Garcia 08 00001105
1119,2026-04-15,2100,Cuentas por pagar,52321.80,0.00,Pago factura INV-00149,INV-00149,CC-100 Operaciones,Bruno Garcia 02 00001105
1120,2026-02-01,5000,Gastos operativos,48810.00,0.00,Registro factura INV-00353,INV-00353,CC-100 Operaciones,Carla Soto 09 00001105
1121,2026-06-24,5000,Gastos operativos,73973.00,0.00,Registro factura INV-00114,INV-00114,CC-100 Operaciones,Bruno Garcia 02 00001105
1122,2026-03-22,1020,Bancos,0.00,54199.84,Pago factura INV-00061,INV-00061,CC-100 Operaciones,Bruno Garcia 02 00001105
1123,2026-01-23,1020,Bancos,0.00,74158.80,Pago factura INV-00012,INV-00012,CC-100 Operaciones,Bruno Garcia 02 00001105
1124,2026-05-08,2100,Cuentas por pagar,68386.64,0.00,Pago factura INV-00314,INV-00314,CC-100 Operaciones,Bruno Garcia 02 00001105
1125,2026-01-14,2100,Cuentas por pagar,0.00,82880.84,Registro factura INV-00292,INV-00292,CC-100 Operaciones,Elena Mora 05 00001105
1126,2026-02-06,2100,Cuentas por pagar,95037.64,0.00,Pago factura INV-00077,INV-00077,CC-100 Operaciones,Bruno Garcia 02 00001105
1127,2026-01-20,1180,IVA acreditable,11540.00,0.00,Registro factura INV-00078,INV-00078,CC-100 Operaciones,Carla Soto 03 00001105
1128,2026-02-13,2100,Cuentas por pagar,53538.64,0.00,Pago factura INV-00023,INV-00023,CC-100 Operaciones,Bruno Garcia 02 00001105
1129,2026-02-25,2100,Cuentas por pagar,0.00,46397.68,Registro factura INV-00017,INV-00017,CC-100 Operaciones,Elena Mora 05 00001105
1130,2026-01-30,1020,Bancos,0.00,83665.00,Pago factura INV-00078,INV-00078,CC-100 Operaciones,Bruno Garcia 02 00001105
1131,2026-06-10,2100,Cuentas por pagar,0.00,42838.80,Registro factura INV-00307,INV-00307,CC-100 Operaciones,Diego Luna 04 00001105
1132,2026-03-23,5000,Gastos operativos,66227.00,0.00,Registro factura INV-00180,INV-00180,CC-100 Operaciones,Elena Mora 05 00001105
1133,2026-03-25,1020,Bancos,0.00,94998.20,Pago factura INV-00283,INV-00283,CC-100 Operaciones,Bruno Garcia 02 00001105
1134,2026-03-09,5000,Gastos operativos,76364.00,0.00,Registro factura INV-00218,INV-00218,CC-100 Operaciones,Ana Ruiz 01 00001105
1135,2026-03-27,1180,IVA acreditable,4896.64,0.00,Registro factura INV-00181,INV-00181,CC-100 Operaciones,Carla Soto 09 00001105
1136,2026-06-27,1180,IVA acreditable,5664.16,0.00,Registro factura INV-00153,INV-00153,CC-100 Operaciones,Carla Soto 03 00001105
1137,2026-04-06,2100,Cuentas por pagar,0.00,26334.32,Registro factura INV-00062,INV-00062,CC-100 Operaciones,Carla Soto 03 00001105
1138,2026-03-31,2100,Cuentas por pagar,0.00,67391.36,Registro factura INV-00305,INV-00305,CC-100 Operaciones,Elena Mora 05 00001105
1139,2026-02-12,5000,Gastos operativos,25845.00,0.00,Registro factura INV-00274,INV-00274,CC-100 Operaciones,Diego Luna 10 00001105
1140,2026-04-25,1180,IVA acreditable,2932.64,0.00,Registro factura INV-00309,INV-00309,CC-100 Operaciones,Bruno Garcia 08 00001105
1141,2026-01-31,2100,Cuentas por pagar,0.00,32196.96,Registro factura INV-00335,INV-00335,CC-100 Operaciones,Bruno Garcia 02 00001105
1142,2026-05-02,2100,Cuentas por pagar,58548.68,0.00,Pago factura INV-00214,INV-00214,CC-100 Operaciones,Bruno Garcia 02 00001105
1143,2026-05-12,2100,Cuentas por pagar,13029.12,0.00,Pago factura INV-00112,INV-00112,CC-100 Operaciones,Bruno Garcia 02 00001105
1144,2026-05-07,1180,IVA acreditable,3456.80,0.00,Registro factura INV-00302,INV-00302,CC-100 Operaciones,Diego Luna 04 00001105
1145,2026-04-15,2100,Cuentas por pagar,24211.52,0.00,Pago factura INV-00087,INV-00087,CC-100 Operaciones,Bruno Garcia 02 00001105
1146,2026-02-03,1180,IVA acreditable,7384.64,0.00,Registro factura INV-00023,INV-00023,CC-100 Operaciones,Carla Soto 03 00001105
1147,2026-06-07,2100,Cuentas por pagar,0.00,100737.88,Registro factura INV-00317,INV-00317,CC-100 Operaciones,Carla Soto 03 00001105
1148,2026-03-04,1180,IVA acreditable,12131.52,0.00,Registro factura INV-00150,INV-00150,CC-100 Operaciones,Diego Luna 10 00001105
1149,2026-05-19,1020,Bancos,0.00,28053.44,Pago factura INV-00102,INV-00102,CC-100 Operaciones,Bruno Garcia 02 00001105
1150,2026-01-14,1180,IVA acreditable,13292.96,0.00,Registro factura INV-00295,INV-00295,CC-100 Operaciones,Carla Soto 03 00001105
1151,2026-04-03,2100,Cuentas por pagar,22043.48,0.00,Pago factura INV-00360,INV-00360,CC-100 Operaciones,Bruno Garcia 02 00001105
1152,2026-05-26,1180,IVA acreditable,10170.40,0.00,Registro factura INV-00032,INV-00032,CC-100 Operaciones,Ana Ruiz 07 00001105
1153,2026-02-01,5000,Gastos operativos,20624.00,0.00,Registro factura INV-00139,INV-00139,CC-100 Operaciones,Ana Ruiz 01 00001105
1154,2026-04-25,2100,Cuentas por pagar,32635.44,0.00,Pago factura INV-00163,INV-00163,CC-100 Operaciones,Bruno Garcia 02 00001105
1155,2026-02-16,1180,IVA acreditable,4951.20,0.00,Registro factura INV-00015,INV-00015,CC-100 Operaciones,Fabian Rios 06 00001105
1156,2026-03-12,1020,Bancos,0.00,29955.14,Pago factura INV-00268,INV-00268,CC-100 Operaciones,Bruno Garcia 02 00001105
1157,2026-02-10,2100,Cuentas por pagar,0.00,81244.08,Registro factura INV-00246,INV-00246,CC-100 Operaciones,Bruno Garcia 08 00001105
1158,2026-03-18,2100,Cuentas por pagar,106898.64,0.00,Pago factura INV-00013,INV-00013,CC-100 Operaciones,Bruno Garcia 02 00001105
1159,2026-06-27,1020,Bancos,0.00,49652.64,Pago factura INV-00103,INV-00103,CC-100 Operaciones,Bruno Garcia 02 00001105
1160,2026-06-30,2100,Cuentas por pagar,27299.44,0.00,Pago factura INV-00176,INV-00176,CC-100 Operaciones,Bruno Garcia 02 00001105
1161,2026-03-04,1020,Bancos,0.00,37241.80,Pago factura INV-00089,INV-00089,CC-100 Operaciones,Bruno Garcia 02 00001105
1162,2026-03-25,2100,Cuentas por pagar,0.00,82315.92,Registro factura INV-00100,INV-00100,CC-100 Operaciones,Elena Mora 05 00001105
1163,2026-03-15,5000,Gastos operativos,79882.00,0.00,Registro factura INV-00166,INV-00166,CC-100 Operaciones,Ana Ruiz 01 00001105
1164,2026-04-22,2100,Cuentas por pagar,0.00,58548.68,Registro factura INV-00214,INV-00214,CC-100 Operaciones,Elena Mora 05 00001105
1165,2026-04-08,2100,Cuentas por pagar,39009.64,0.00,Pago factura INV-00237,INV-00237,CC-100 Operaciones,Bruno Garcia 02 00001105
1166,2026-02-20,1020,Bancos,0.00,32018.32,Pago factura INV-00117,INV-00117,CC-100 Operaciones,Bruno Garcia 02 00001105
1167,2026-06-24,2100,Cuentas por pagar,0.00,31715.56,Registro factura INV-00148,INV-00148,CC-100 Operaciones,Diego Luna 04 00001105
1168,2026-05-30,5000,Gastos operativos,68383.00,0.00,Registro factura INV-00232,INV-00232,CC-100 Operaciones,Ana Ruiz 01 00001105
1169,2026-04-23,1020,Bancos,0.00,83468.96,Pago factura INV-00235,INV-00235,CC-100 Operaciones,Bruno Garcia 02 00001105
1170,2026-03-20,1020,Bancos,0.00,43772.60,Pago factura INV-00024,INV-00024,CC-100 Operaciones,Bruno Garcia 02 00001105
1171,2026-04-12,1020,Bancos,0.00,86589.36,Pago factura INV-00338,INV-00338,CC-100 Operaciones,Bruno Garcia 02 00001105
1172,2026-05-03,1180,IVA acreditable,12101.92,0.00,Registro factura INV-00210,INV-00210,CC-100 Operaciones,Fabian Rios 06 00001105
1173,2026-03-18,1020,Bancos,0.00,37132.76,Pago factura INV-00251,INV-00251,CC-100 Operaciones,Bruno Garcia 02 00001105
1174,2026-04-12,5000,Gastos operativos,82834.00,0.00,Registro factura INV-00182,INV-00182,CC-100 Operaciones,Ana Ruiz 01 00001105
1175,2026-03-13,5000,Gastos operativos,13598.00,0.00,Registro factura INV-00079,INV-00079,CC-100 Operaciones,Ana Ruiz 07 00001105
1176,2026-06-30,2100,Cuentas por pagar,104638.96,0.00,Pago factura INV-00057,INV-00057,CC-100 Operaciones,Bruno Garcia 02 00001105
1177,2026-06-09,2100,Cuentas por pagar,79324.28,0.00,Pago factura INV-00232,INV-00232,CC-100 Operaciones,Bruno Garcia 02 00001105
1178,2026-05-20,2100,Cuentas por pagar,0.00,19616.76,Registro factura INV-00088,INV-00088,CC-100 Operaciones,Carla Soto 09 00001105
1179,2026-06-05,5000,Gastos operativos,18720.00,0.00,Registro factura INV-00259,INV-00259,CC-100 Operaciones,Carla Soto 03 00001105
1180,2026-01-29,1180,IVA acreditable,7890.24,0.00,Registro factura INV-00318,INV-00318,CC-100 Operaciones,Bruno Garcia 02 00001105
1181,2026-06-07,1020,Bancos,0.00,67328.72,Pago factura INV-00352,INV-00352,CC-100 Operaciones,Bruno Garcia 02 00001105
1182,2026-03-15,1180,IVA acreditable,12781.12,0.00,Registro factura INV-00166,INV-00166,CC-100 Operaciones,Ana Ruiz 01 00001105
1183,2026-01-05,2100,Cuentas por pagar,0.00,21715.20,Registro factura INV-00138,INV-00138,CC-100 Operaciones,Bruno Garcia 08 00001105
1184,2026-06-03,5000,Gastos operativos,64779.00,0.00,Registro factura INV-00162,INV-00162,CC-100 Operaciones,Ana Ruiz 07 00001105
1185,2026-05-05,1180,IVA acreditable,6344.00,0.00,Registro factura INV-00126,INV-00126,CC-100 Operaciones,Diego Luna 10 00001105
1186,2026-05-27,2100,Cuentas por pagar,69944.52,0.00,Pago factura INV-00124,INV-00124,CC-100 Operaciones,Bruno Garcia 02 00001105
1187,2026-04-08,5000,Gastos operativos,89573.00,0.00,Registro factura INV-00245,INV-00245,CC-100 Operaciones,Elena Mora 05 00001105
1188,2026-03-23,2100,Cuentas por pagar,0.00,29578.84,Registro factura INV-00306,INV-00306,CC-100 Operaciones,Carla Soto 03 00001105
1189,2026-02-16,1050,Cuentas por cobrar,71340.00,0.00,Registro venta INV-00330,INV-00330,CC-100 Operaciones,Bruno Garcia 02 00001105
1190,2026-06-28,1180,IVA acreditable,14578.24,0.00,Registro factura INV-00081,INV-00081,CC-100 Operaciones,Bruno Garcia 08 00001105
1191,2026-06-10,2100,Cuentas por pagar,0.00,51422.80,Registro factura INV-00311,INV-00311,CC-100 Operaciones,Bruno Garcia 02 00001105
1192,2026-02-06,1180,IVA acreditable,11735.52,0.00,Registro factura INV-00340,INV-00340,CC-100 Operaciones,Diego Luna 04 00001105
1193,2026-04-30,1180,IVA acreditable,7105.28,0.00,Registro factura INV-00026,INV-00026,CC-100 Operaciones,Carla Soto 09 00001105
1194,2026-04-23,1180,IVA acreditable,11317.92,0.00,Registro factura INV-00269,INV-00269,CC-100 Operaciones,Diego Luna 04 00001105
1195,2026-04-19,2100,Cuentas por pagar,66329.96,0.00,Pago factura INV-00298,INV-00298,CC-100 Operaciones,Bruno Garcia 02 00001105
1196,2026-06-05,2100,Cuentas por pagar,73735.40,0.00,Pago factura INV-00032,INV-00032,CC-100 Operaciones,Bruno Garcia 02 00001105
1197,2026-04-05,2100,Cuentas por pagar,19947.36,0.00,Pago factura INV-00096,INV-00096,CC-100 Operaciones,Bruno Garcia 02 00001105
1198,2026-06-30,1020,Bancos,0.00,42472.24,Pago factura INV-00105,INV-00105,CC-100 Operaciones,Bruno Garcia 02 00001105
1199,2026-06-12,1180,IVA acreditable,13083.84,0.00,Registro factura INV-00033,INV-00033,CC-100 Operaciones,Fabian Rios 06 00001105
1200,2026-03-31,2100,Cuentas por pagar,71853.88,0.00,Pago factura INV-00038,INV-00038,CC-100 Operaciones,Bruno Garcia 02 00001105
1201,2026-04-19,1180,IVA acreditable,3764.80,0.00,Registro factura INV-00254,INV-00254,CC-100 Operaciones,Bruno Garcia 08 00001105
1202,2026-03-06,5000,Gastos operativos,74412.00,0.00,Registro factura INV-00004,INV-00004,CC-100 Operaciones,Diego Luna 04 00001105
1203,2026-05-20,2100,Cuentas por pagar,0.00,25633.68,Registro factura INV-00168,INV-00168,CC-100 Operaciones,Ana Ruiz 07 00001105
1204,2026-06-30,2100,Cuentas por pagar,31715.56,0.00,Pago factura INV-00148,INV-00148,CC-100 Operaciones,Bruno Garcia 02 00001105
1205,2026-04-05,2100,Cuentas por pagar,21087.64,0.00,Pago factura INV-00051,INV-00051,CC-100 Operaciones,Bruno Garcia 02 00001105
1206,2026-03-07,1180,IVA acreditable,6879.36,0.00,Registro factura INV-00342,INV-00342,CC-100 Operaciones,Ana Ruiz 01 00001105
1207,2026-05-17,2100,Cuentas por pagar,24880.84,0.00,Pago factura INV-00250,INV-00250,CC-100 Operaciones,Bruno Garcia 02 00001105
1208,2026-06-05,5000,Gastos operativos,20872.00,0.00,Registro factura INV-00071,INV-00071,CC-100 Operaciones,Carla Soto 09 00001105
1209,2026-06-13,2100,Cuentas por pagar,71556.92,0.00,Pago factura INV-00073,INV-00073,CC-100 Operaciones,Bruno Garcia 02 00001105
1210,2026-06-09,5000,Gastos operativos,56169.00,0.00,Registro factura INV-00190,INV-00190,CC-100 Operaciones,Ana Ruiz 07 00001105
1211,2026-06-20,2100,Cuentas por pagar,0.00,104638.96,Registro factura INV-00057,INV-00057,CC-100 Operaciones,Bruno Garcia 08 00001105
1212,2026-05-23,1020,Bancos,0.00,9684.61,Pago factura INV-00343,INV-00343,CC-100 Operaciones,Bruno Garcia 02 00001105
1213,2026-05-02,1180,IVA acreditable,10298.24,0.00,Registro factura INV-00095,INV-00095,CC-100 Operaciones,Carla Soto 03 00001105
1214,2026-06-11,2100,Cuentas por pagar,0.00,104626.20,Registro factura INV-00285,INV-00285,CC-100 Operaciones,Ana Ruiz 01 00001105
1215,2026-05-15,2100,Cuentas por pagar,45994.00,0.00,Pago factura INV-00126,INV-00126,CC-100 Operaciones,Bruno Garcia 02 00001105
1216,2026-02-07,1020,Bancos,0.00,58974.40,Pago factura INV-00066,INV-00066,CC-100 Operaciones,Bruno Garcia 02 00001105
1217,2026-03-19,2100,Cuentas por pagar,88582.24,0.00,Pago factura INV-00218,INV-00218,CC-100 Operaciones,Bruno Garcia 02 00001105
1218,2026-04-29,5000,Gastos operativos,35614.00,0.00,Registro factura INV-00044,INV-00044,CC-100 Operaciones,Diego Luna 10 00001105
1219,2026-02-17,5000,Gastos operativos,50563.00,0.00,Registro factura INV-00002,INV-00002,CC-100 Operaciones,Elena Mora 05 00001105
1220,2026-06-20,2100,Cuentas por pagar,0.00,49066.84,Registro factura INV-00208,INV-00208,CC-100 Operaciones,Fabian Rios 06 00001105
1221,2026-03-03,2100,Cuentas por pagar,0.00,30137.96,Registro factura INV-00160,INV-00160,CC-100 Operaciones,Carla Soto 03 00001105
1222,2026-02-01,1020,Bancos,0.00,31086.84,Pago factura INV-00261,INV-00261,CC-100 Operaciones,Bruno Garcia 02 00001105
1223,2026-02-24,1180,IVA acreditable,10460.96,0.00,Registro factura INV-00344,INV-00344,CC-100 Operaciones,Bruno Garcia 08 00001105
1224,2026-02-28,1020,Bancos,0.00,106802.36,Pago factura INV-00177,INV-00177,CC-100 Operaciones,Bruno Garcia 02 00001105
1225,2026-06-14,2100,Cuentas por pagar,26946.80,0.00,Pago factura INV-00281,INV-00281,CC-100 Operaciones,Bruno Garcia 02 00001105
1226,2026-04-11,1180,IVA acreditable,9853.60,0.00,Registro factura INV-00164,INV-00164,CC-100 Operaciones,Diego Luna 04 00001105
1227,2026-04-30,1020,Bancos,0.00,21447.24,Pago factura INV-00252,INV-00252,CC-100 Operaciones,Bruno Garcia 02 00001105
1228,2026-06-24,1180,IVA acreditable,11835.68,0.00,Registro factura INV-00114,INV-00114,CC-100 Operaciones,Bruno Garcia 02 00001105
1229,2026-03-02,2100,Cuentas por pagar,99075.60,0.00,Pago factura INV-00272,INV-00272,CC-100 Operaciones,Bruno Garcia 02 00001105
1230,2026-03-30,2100,Cuentas por pagar,43430.40,0.00,Pago factura INV-00021,INV-00021,CC-100 Operaciones,Bruno Garcia 02 00001105
1231,2026-05-28,2100,Cuentas por pagar,0.00,67328.72,Registro factura INV-00352,INV-00352,CC-100 Operaciones,Carla Soto 09 00001105
1232,2026-01-19,2100,Cuentas por pagar,55833.12,0.00,Pago factura INV-00280,INV-00280,CC-100 Operaciones,Bruno Garcia 02 00001105
1233,2026-04-23,1180,IVA acreditable,9503.68,0.00,Registro factura INV-00060,INV-00060,CC-100 Operaciones,Bruno Garcia 02 00001105
1234,2026-03-21,2100,Cuentas por pagar,98915.52,0.00,Pago factura INV-00204,INV-00204,CC-100 Operaciones,Bruno Garcia 02 00001105
1235,2026-06-01,1180,IVA acreditable,11577.28,0.00,Registro factura INV-00157,INV-00157,CC-100 Operaciones,Elena Mora 05 00001105
1236,2026-03-24,2100,Cuentas por pagar,80964.52,0.00,Pago factura INV-00155,INV-00155,CC-100 Operaciones,Bruno Garcia 02 00001105
1237,2026-05-23,1020,Bancos,0.00,19970.10,Pago factura INV-00161,INV-00161,CC-100 Operaciones,Bruno Garcia 02 00001105
1238,2026-01-25,5000,Gastos operativos,77677.00,0.00,Registro factura INV-00345,INV-00345,CC-100 Operaciones,Fabian Rios 06 00001105
1239,2026-06-19,1020,Bancos,0.00,65156.04,Pago factura INV-00190,INV-00190,CC-100 Operaciones,Bruno Garcia 02 00001105
1240,2026-06-10,1020,Bancos,0.00,46968.40,Pago factura INV-00192,INV-00192,CC-100 Operaciones,Bruno Garcia 02 00001105
1241,2026-05-30,2100,Cuentas por pagar,0.00,79324.28,Registro factura INV-00232,INV-00232,CC-100 Operaciones,Ana Ruiz 01 00001105
1242,2026-03-06,1180,IVA acreditable,13228.48,0.00,Registro factura INV-00059,INV-00059,CC-100 Operaciones,Bruno Garcia 02 00001105
1243,2026-06-13,2100,Cuentas por pagar,0.00,54986.32,Registro factura INV-00341,INV-00341,CC-100 Operaciones,Carla Soto 03 00001105
1244,2026-06-22,1180,IVA acreditable,13044.64,0.00,Registro factura INV-00003,INV-00003,CC-100 Operaciones,Bruno Garcia 02 00001105
1245,2026-04-03,5000,Gastos operativos,29472.00,0.00,Registro factura INV-00303,INV-00303,CC-100 Operaciones,Fabian Rios 06 00001105
1246,2026-06-30,2100,Cuentas por pagar,42472.24,0.00,Pago factura INV-00105,INV-00105,CC-100 Operaciones,Bruno Garcia 02 00001105
1247,2026-04-23,5000,Gastos operativos,59398.00,0.00,Registro factura INV-00060,INV-00060,CC-100 Operaciones,Bruno Garcia 02 00001105
1248,2026-01-09,1180,IVA acreditable,7701.12,0.00,Registro factura INV-00280,INV-00280,CC-100 Operaciones,Diego Luna 10 00001105
1249,2026-02-10,2100,Cuentas por pagar,0.00,32018.32,Registro factura INV-00117,INV-00117,CC-100 Operaciones,Diego Luna 10 00001105
1250,2026-06-17,1020,Bancos,0.00,100737.88,Pago factura INV-00317,INV-00317,CC-100 Operaciones,Bruno Garcia 02 00001105
1251,2026-02-16,2100,Cuentas por pagar,85082.52,0.00,Pago factura INV-00340,INV-00340,CC-100 Operaciones,Bruno Garcia 02 00001105
1252,2026-05-07,1020,Bancos,0.00,55727.56,Pago factura INV-00049,INV-00049,CC-100 Operaciones,Bruno Garcia 02 00001105
1253,2026-04-06,2100,Cuentas por pagar,0.00,86457.12,Registro factura INV-00238,INV-00238,CC-100 Operaciones,Elena Mora 05 00001105
1254,2026-03-05,2100,Cuentas por pagar,64711.76,0.00,Pago factura INV-00140,INV-00140,CC-100 Operaciones,Bruno Garcia 02 00001105
1255,2026-01-23,2100,Cuentas por pagar,0.00,83782.16,Registro factura INV-00085,INV-00085,CC-100 Operaciones,Bruno Garcia 02 00001105
1256,2026-04-14,5000,Gastos operativos,45858.00,0.00,Registro factura INV-00244,INV-00244,CC-100 Operaciones,Ana Ruiz 07 00001105
1257,2026-03-28,5000,Gastos operativos,65434.00,0.00,Registro factura INV-00239,INV-00239,CC-100 Operaciones,Diego Luna 04 00001105
1258,2026-03-11,2100,Cuentas por pagar,0.00,98915.52,Registro factura INV-00204,INV-00204,CC-100 Operaciones,Elena Mora 05 00001105
1259,2026-02-18,5000,Gastos operativos,73736.00,0.00,Registro factura INV-00154,INV-00154,CC-100 Operaciones,Diego Luna 10 00001105
1260,2026-03-21,2100,Cuentas por pagar,0.00,71853.88,Registro factura INV-00038,INV-00038,CC-100 Operaciones,Ana Ruiz 01 00001105
1261,2026-01-30,4000,Ingresos por servicios,0.00,38000.00,Registro venta INV-00225,INV-00225,CC-100 Operaciones,Bruno Garcia 02 00001105
1262,2026-04-05,2100,Cuentas por pagar,0.00,21715.20,Registro factura INV-00074,INV-00074,CC-100 Operaciones,Ana Ruiz 01 00001105
1263,2026-04-15,5000,Gastos operativos,74762.00,0.00,Registro factura INV-00050,INV-00050,CC-100 Operaciones,Bruno Garcia 02 00001105
1264,2026-06-13,1020,Bancos,0.00,75143.64,Pago factura INV-00162,INV-00162,CC-100 Operaciones,Bruno Garcia 02 00001105
1265,2026-03-17,1020,Bancos,0.00,104913.88,Pago factura INV-00284,INV-00284,CC-100 Operaciones,Bruno Garcia 02 00001105
1266,2026-06-16,2100,Cuentas por pagar,28228.60,0.00,Pago factura INV-00326,INV-00326,CC-100 Operaciones,Bruno Garcia 02 00001105
1267,2026-02-28,1180,IVA acreditable,10483.52,0.00,Registro factura INV-00111,INV-00111,CC-100 Operaciones,Diego Luna 04 00001105
1268,2026-06-12,5000,Gastos operativos,13424.00,0.00,Registro factura INV-00069,INV-00069,CC-100 Operaciones,Diego Luna 04 00001105
1269,2026-04-18,5000,Gastos operativos,63939.00,0.00,Registro factura INV-00248,INV-00248,CC-100 Operaciones,Carla Soto 09 00001105
1270,2026-05-10,1020,Bancos,0.00,16482.44,Pago factura INV-00010,INV-00010,CC-100 Operaciones,Bruno Garcia 02 00001105
1271,2026-02-24,2100,Cuentas por pagar,23755.64,0.00,Pago factura INV-00357,INV-00357,CC-100 Operaciones,Bruno Garcia 02 00001105
1272,2026-06-22,2100,Cuentas por pagar,15571.84,0.00,Pago factura INV-00069,INV-00069,CC-100 Operaciones,Bruno Garcia 02 00001105
1273,2026-06-18,2100,Cuentas por pagar,0.00,17888.36,Registro factura INV-00152,INV-00152,CC-100 Operaciones,Diego Luna 04 00001105
1274,2026-01-09,5000,Gastos operativos,48132.00,0.00,Registro factura INV-00280,INV-00280,CC-100 Operaciones,Diego Luna 10 00001105
1275,2026-03-30,1020,Bancos,0.00,43430.40,Pago factura INV-00021,INV-00021,CC-100 Operaciones,Bruno Garcia 02 00001105
1276,2026-01-19,1180,IVA acreditable,3252.00,0.00,Registro factura INV-00084,INV-00084,CC-100 Operaciones,Bruno Garcia 08 00001105
1277,2026-05-29,5000,Gastos operativos,13541.00,0.00,Registro factura INV-00291,INV-00291,CC-100 Operaciones,Diego Luna 04 00001105
1278,2026-02-18,1020,Bancos,0.00,107835.92,Pago factura INV-00229,INV-00229,CC-100 Operaciones,Bruno Garcia 02 00001105
1279,2026-03-09,2100,Cuentas por pagar,52737.08,0.00,Pago factura INV-00329,INV-00329,CC-100 Operaciones,Bruno Garcia 02 00001105
1280,2026-02-11,1020,Bancos,0.00,56619.60,Pago factura INV-00353,INV-00353,CC-100 Operaciones,Bruno Garcia 02 00001105
1281,2026-04-20,2100,Cuentas por pagar,65595.68,0.00,Pago factura INV-00127,INV-00127,CC-100 Operaciones,Bruno Garcia 02 00001105
1282,2026-02-23,2100,Cuentas por pagar,53612.88,0.00,Pago factura INV-00070,INV-00070,CC-100 Operaciones,Bruno Garcia 02 00001105
1283,2026-01-11,5000,Gastos operativos,85253.00,0.00,Registro factura INV-00129,INV-00129,CC-100 Operaciones,Fabian Rios 06 00001105
1284,2026-04-21,1180,IVA acreditable,15185.12,0.00,Registro factura INV-00104,INV-00104,CC-100 Operaciones,Bruno Garcia 02 00001105
1285,2026-03-10,2100,Cuentas por pagar,0.00,58984.84,Registro factura INV-00075,INV-00075,CC-100 Operaciones,Diego Luna 10 00001105
1286,2026-06-18,1020,Bancos,0.00,85243.76,Pago factura INV-00286,INV-00286,CC-100 Operaciones,Bruno Garcia 02 00001105
1287,2026-05-28,1020,Bancos,0.00,59061.40,Pago factura INV-00101,INV-00101,CC-100 Operaciones,Bruno Garcia 02 00001105
1288,2026-03-12,2100,Cuentas por pagar,29955.14,0.00,Pago factura INV-00268,INV-00268,CC-100 Operaciones,Bruno Garcia 02 00001105
1289,2026-03-09,1020,Bancos,0.00,40379.60,Pago factura INV-00052,INV-00052,CC-100 Operaciones,Bruno Garcia 02 00001105
1290,2026-03-27,1020,Bancos,0.00,16731.84,Pago factura INV-00211,INV-00211,CC-100 Operaciones,Bruno Garcia 02 00001105
1291,2026-05-06,5000,Gastos operativos,13485.00,0.00,Registro factura INV-00082,INV-00082,CC-100 Operaciones,Ana Ruiz 07 00001105
1292,2026-01-28,1020,Bancos,0.00,14036.00,Pago factura INV-00212,INV-00212,CC-100 Operaciones,Bruno Garcia 02 00001105
1293,2026-02-12,2100,Cuentas por pagar,22928.56,0.00,Pago factura INV-00319,INV-00319,CC-100 Operaciones,Bruno Garcia 02 00001105
1294,2026-02-04,2100,Cuentas por pagar,90105.32,0.00,Pago factura INV-00345,INV-00345,CC-100 Operaciones,Bruno Garcia 02 00001105
1295,2026-06-13,2100,Cuentas por pagar,0.00,55712.48,Registro factura INV-00358,INV-00358,CC-100 Operaciones,Ana Ruiz 01 00001105
1296,2026-01-23,1020,Bancos,0.00,19970.10,Pago factura INV-00297,INV-00297,CC-100 Operaciones,Bruno Garcia 02 00001105
1297,2026-03-19,1020,Bancos,0.00,107878.84,Pago factura INV-00130,INV-00130,CC-100 Operaciones,Bruno Garcia 02 00001105
1298,2026-02-09,1050,Cuentas por cobrar,60013.76,0.00,Registro venta INV-00045,INV-00045,CC-100 Operaciones,Bruno Garcia 02 00001105
1299,2026-04-27,1180,IVA acreditable,3806.72,0.00,Registro factura INV-00055,INV-00055,CC-100 Operaciones,Diego Luna 10 00001105
1300,2026-03-02,1020,Bancos,0.00,99075.60,Pago factura INV-00272,INV-00272,CC-100 Operaciones,Bruno Garcia 02 00001105
1301,2026-06-02,2100,Cuentas por pagar,0.00,84351.72,Registro factura INV-00337,INV-00337,CC-100 Operaciones,Bruno Garcia 02 00001105
1302,2026-04-15,1020,Bancos,0.00,24211.52,Pago factura INV-00087,INV-00087,CC-100 Operaciones,Bruno Garcia 02 00001105
1303,2026-04-23,2100,Cuentas por pagar,83468.96,0.00,Pago factura INV-00235,INV-00235,CC-100 Operaciones,Bruno Garcia 02 00001105
1304,2026-03-17,1180,IVA acreditable,10841.60,0.00,Registro factura INV-00241,INV-00241,CC-100 Operaciones,Elena Mora 05 00001105
1305,2026-04-07,5000,Gastos operativos,68713.00,0.00,Registro factura INV-00189,INV-00189,CC-100 Operaciones,Bruno Garcia 08 00001105
1306,2026-02-06,2100,Cuentas por pagar,0.00,96995.72,Registro factura INV-00099,INV-00099,CC-100 Operaciones,Bruno Garcia 02 00001105
1307,2026-02-11,1050,Cuentas por cobrar,60825.76,0.00,Registro venta INV-00121,INV-00121,CC-100 Operaciones,Bruno Garcia 02 00001105
1308,2026-05-12,1020,Bancos,0.00,14526.91,Pago factura INV-00343,INV-00343,CC-100 Operaciones,Bruno Garcia 02 00001105
1309,2026-06-10,2100,Cuentas por pagar,94652.52,0.00,Pago factura INV-00113,INV-00113,CC-100 Operaciones,Bruno Garcia 02 00001105
1310,2026-02-15,1020,Bancos,0.00,49925.24,Pago factura INV-00011,INV-00011,CC-100 Operaciones,Bruno Garcia 02 00001105
1311,2026-02-08,1180,IVA acreditable,14873.92,0.00,Registro factura INV-00229,INV-00229,CC-100 Operaciones,Diego Luna 04 00001105
1312,2026-04-11,5000,Gastos operativos,93412.00,0.00,Registro factura INV-00333,INV-00333,CC-100 Operaciones,Fabian Rios 06 00001105
1313,2026-02-25,1050,Cuentas por cobrar,0.00,71340.00,Cobro factura INV-00330,INV-00330,CC-100 Operaciones,Bruno Garcia 02 00001105
1314,2026-04-05,1180,IVA acreditable,3339.52,0.00,Registro factura INV-00087,INV-00087,CC-100 Operaciones,Ana Ruiz 07 00001105
1315,2026-04-26,2100,Cuentas por pagar,30730.72,0.00,Pago factura INV-00063,INV-00063,CC-100 Operaciones,Bruno Garcia 02 00001105
1316,2026-02-21,2100,Cuentas por pagar,0.00,52718.52,Registro factura INV-00334,INV-00334,CC-100 Operaciones,Ana Ruiz 01 00001105
1317,2026-04-14,2100,Cuentas por pagar,68906.32,0.00,Pago factura INV-00008,INV-00008,CC-100 Operaciones,Bruno Garcia 02 00001105
1318,2026-04-05,1020,Bancos,0.00,19947.36,Pago factura INV-00096,INV-00096,CC-100 Operaciones,Bruno Garcia 02 00001105
1319,2026-05-20,5000,Gastos operativos,16911.00,0.00,Registro factura INV-00088,INV-00088,CC-100 Operaciones,Carla Soto 09 00001105
1320,2026-05-08,5000,Gastos operativos,47045.00,0.00,Registro factura INV-00289,INV-00289,CC-100 Operaciones,Ana Ruiz 01 00001105
1321,2026-02-19,2100,Cuentas por pagar,25782.16,0.00,Pago factura INV-00363,INV-00363,CC-100 Operaciones,Bruno Garcia 02 00001105
1322,2026-03-17,1020,Bancos,0.00,49875.36,Pago factura INV-00342,INV-00342,CC-100 Operaciones,Bruno Garcia 02 00001105
1323,2026-01-19,2100,Cuentas por pagar,0.00,26100.00,Registro factura INV-00083,INV-00083,CC-100 Operaciones,Carla Soto 09 00001105
1324,2026-04-12,2100,Cuentas por pagar,0.00,73016.20,Registro factura INV-00144,INV-00144,CC-100 Operaciones,Carla Soto 03 00001105
1325,2026-05-13,2100,Cuentas por pagar,55424.80,0.00,Pago factura INV-00007,INV-00007,CC-100 Operaciones,Bruno Garcia 02 00001105
1326,2026-04-10,1020,Bancos,0.00,67391.36,Pago factura INV-00305,INV-00305,CC-100 Operaciones,Bruno Garcia 02 00001105
1327,2026-03-29,1180,IVA acreditable,5380.64,0.00,Registro factura INV-00237,INV-00237,CC-100 Operaciones,Carla Soto 03 00001105
1328,2026-01-19,5000,Gastos operativos,51903.00,0.00,Registro factura INV-00108,INV-00108,CC-100 Operaciones,Fabian Rios 06 00001105
1329,2026-05-27,2100,Cuentas por pagar,0.00,53083.92,Registro factura INV-00134,INV-00134,CC-100 Operaciones,Diego Luna 04 00001105
1330,2026-01-30,2100,Cuentas por pagar,94335.84,0.00,Pago factura INV-00137,INV-00137,CC-100 Operaciones,Bruno Garcia 02 00001105
1331,2026-02-24,1020,Bancos,0.00,23755.64,Pago factura INV-00357,INV-00357,CC-100 Operaciones,Bruno Garcia 02 00001105
1332,2026-01-12,5000,Gastos operativos,83195.00,0.00,Registro factura INV-00197,INV-00197,CC-100 Operaciones,Ana Ruiz 01 00001105
1333,2026-02-02,1180,IVA acreditable,3162.56,0.00,Registro factura INV-00319,INV-00319,CC-100 Operaciones,Bruno Garcia 08 00001105
1334,2026-06-06,5000,Gastos operativos,24335.00,0.00,Registro factura INV-00326,INV-00326,CC-100 Operaciones,Fabian Rios 06 00001105
1335,2026-02-14,1180,IVA acreditable,13219.68,0.00,Registro factura INV-00183,INV-00183,CC-100 Operaciones,Fabian Rios 06 00001105
1336,2026-01-18,1180,IVA acreditable,5637.60,0.00,Registro factura INV-00064,INV-00064,CC-100 Operaciones,Ana Ruiz 01 00001105
1337,2026-01-19,1020,Bancos,0.00,55833.12,Pago factura INV-00280,INV-00280,CC-100 Operaciones,Bruno Garcia 02 00001105
1338,2026-05-15,5000,Gastos operativos,78100.00,0.00,Registro factura INV-00279,INV-00279,CC-100 Operaciones,Fabian Rios 06 00001105
1339,2026-05-25,2100,Cuentas por pagar,90596.00,0.00,Pago factura INV-00279,INV-00279,CC-100 Operaciones,Bruno Garcia 02 00001105
1340,2026-05-21,1020,Bancos,0.00,78223.44,Pago factura INV-00009,INV-00009,CC-100 Operaciones,Bruno Garcia 02 00001105
1341,2026-05-07,2100,Cuentas por pagar,0.00,25061.80,Registro factura INV-00302,INV-00302,CC-100 Operaciones,Diego Luna 04 00001105
1342,2026-03-23,1020,Bancos,0.00,8686.08,Pago factura INV-00300,INV-00300,CC-100 Operaciones,Bruno Garcia 02 00001105
1343,2026-06-06,1180,IVA acreditable,2173.60,0.00,Registro factura INV-00145,INV-00145,CC-100 Operaciones,Bruno Garcia 08 00001105
1344,2026-03-12,1020,Bancos,0.00,14526.91,Pago factura INV-00223,INV-00223,CC-100 Operaciones,Bruno Garcia 02 00001105
1345,2026-06-16,1020,Bancos,0.00,15758.60,Pago factura INV-00145,INV-00145,CC-100 Operaciones,Bruno Garcia 02 00001105
1346,2026-03-03,1180,IVA acreditable,9694.56,0.00,Registro factura INV-00196,INV-00196,CC-100 Operaciones,Elena Mora 05 00001105
1347,2026-01-21,2100,Cuentas por pagar,26100.00,0.00,Reversion de factura cancelada INV-00083,INV-00083,CC-100 Operaciones,Bruno Garcia 02 00001105
1348,2026-01-27,1180,IVA acreditable,14112.80,0.00,Registro factura INV-00147,INV-00147,CC-100 Operaciones,Bruno Garcia 08 00001105
1349,2026-02-09,2100,Cuentas por pagar,0.00,25782.16,Registro factura INV-00363,INV-00363,CC-100 Operaciones,Ana Ruiz 01 00001105
1350,2026-06-14,2100,Cuentas por pagar,0.00,72280.76,Registro factura INV-00313,INV-00313,CC-100 Operaciones,Bruno Garcia 08 00001105
1351,2026-02-03,2100,Cuentas por pagar,0.00,34783.76,Registro factura INV-00260,INV-00260,CC-100 Operaciones,Elena Mora 05 00001105
1352,2026-06-11,1180,IVA acreditable,14431.20,0.00,Registro factura INV-00285,INV-00285,CC-100 Operaciones,Ana Ruiz 01 00001105
1353,2026-05-29,1020,Bancos,0.00,50368.36,Pago factura INV-00027,INV-00027,CC-100 Operaciones,Bruno Garcia 02 00001105
1354,2026-03-05,2100,Cuentas por pagar,0.00,21715.20,Registro factura INV-00300,INV-00300,CC-100 Operaciones,Diego Luna 10 00001105
1355,2026-02-09,1020,Bancos,0.00,64485.56,Pago factura INV-00354,INV-00354,CC-100 Operaciones,Bruno Garcia 02 00001105
1356,2026-03-06,5000,Gastos operativos,82678.00,0.00,Registro factura INV-00059,INV-00059,CC-100 Operaciones,Bruno Garcia 02 00001105
1357,2026-04-04,1180,IVA acreditable,3819.84,0.00,Registro factura INV-00257,INV-00257,CC-100 Operaciones,Carla Soto 09 00001105
1358,2026-03-07,2100,Cuentas por pagar,45338.60,0.00,Pago factura INV-00256,INV-00256,CC-100 Operaciones,Bruno Garcia 02 00001105
1359,2026-04-02,5000,Gastos operativos,46482.00,0.00,Registro factura INV-00067,INV-00067,CC-100 Operaciones,Carla Soto 09 00001105
1360,2026-04-12,1180,IVA acreditable,13253.44,0.00,Registro factura INV-00182,INV-00182,CC-100 Operaciones,Ana Ruiz 01 00001105
1361,2026-02-01,1180,IVA acreditable,3299.84,0.00,Registro factura INV-00139,INV-00139,CC-100 Operaciones,Ana Ruiz 01 00001105
1362,2026-04-04,1020,Bancos,0.00,54057.16,Pago factura INV-00249,INV-00249,CC-100 Operaciones,Bruno Garcia 02 00001105
1363,2026-03-15,1180,IVA acreditable,13103.20,0.00,Registro factura INV-00283,INV-00283,CC-100 Operaciones,Carla Soto 03 00001105
1364,2026-03-24,1020,Bancos,0.00,80964.52,Pago factura INV-00155,INV-00155,CC-100 Operaciones,Bruno Garcia 02 00001105
1365,2026-04-19,2100,Cuentas por pagar,0.00,27294.80,Registro factura INV-00254,INV-00254,CC-100 Operaciones,Bruno Garcia 08 00001105
1366,2026-01-19,1020,Bancos,0.00,30675.04,Pago factura INV-00037,INV-00037,CC-100 Operaciones,Bruno Garcia 02 00001105
1367,2026-04-22,5000,Gastos operativos,16263.00,0.00,Registro factura INV-00231,INV-00231,CC-100 Operaciones,Ana Ruiz 07 00001105
1368,2026-02-03,5000,Gastos operativos,29986.00,0.00,Registro factura INV-00260,INV-00260,CC-100 Operaciones,Elena Mora 05 00001105
1369,2026-03-16,1020,Bancos,0.00,95906.48,Pago factura INV-00059,INV-00059,CC-100 Operaciones,Bruno Garcia 02 00001105
1370,2026-03-07,2100,Cuentas por pagar,46397.68,0.00,Pago factura INV-00017,INV-00017,CC-100 Operaciones,Bruno Garcia 02 00001105
1371,2026-06-17,2100,Cuentas por pagar,0.00,101308.60,Registro factura INV-00109,INV-00109,CC-100 Operaciones,Carla Soto 09 00001105
1372,2026-03-29,2100,Cuentas por pagar,0.00,56790.12,Registro factura INV-00022,INV-00022,CC-100 Operaciones,Ana Ruiz 01 00001105
1373,2026-04-14,1020,Bancos,0.00,27693.84,Pago factura INV-00257,INV-00257,CC-100 Operaciones,Bruno Garcia 02 00001105
1374,2026-04-05,1180,IVA acreditable,7150.88,0.00,Registro factura INV-00361,INV-00361,CC-100 Operaciones,Fabian Rios 06 00001105
1375,2026-01-12,2100,Cuentas por pagar,0.00,96506.20,Registro factura INV-00197,INV-00197,CC-100 Operaciones,Ana Ruiz 01 00001105
1376,2026-04-19,2100,Cuentas por pagar,106914.88,0.00,Pago factura INV-00019,INV-00019,CC-100 Operaciones,Bruno Garcia 02 00001105
1377,2026-04-13,2100,Cuentas por pagar,34187.52,0.00,Pago factura INV-00303,INV-00303,CC-100 Operaciones,Bruno Garcia 02 00001105
1378,2026-03-29,1180,IVA acreditable,7833.12,0.00,Registro factura INV-00022,INV-00022,CC-100 Operaciones,Ana Ruiz 01 00001105
1379,2026-04-19,1020,Bancos,0.00,66329.96,Pago factura INV-00298,INV-00298,CC-100 Operaciones,Bruno Garcia 02 00001105
1380,2026-01-12,2100,Cuentas por pagar,14526.91,0.00,Pago factura INV-00275,INV-00275,CC-100 Operaciones,Bruno Garcia 02 00001105
1381,2026-03-07,1180,IVA acreditable,14470.88,0.00,Registro factura INV-00284,INV-00284,CC-100 Operaciones,Carla Soto 09 00001105
1382,2026-06-04,2100,Cuentas por pagar,0.00,26946.80,Registro factura INV-00281,INV-00281,CC-100 Operaciones,Fabian Rios 06 00001105
1383,2026-01-25,1020,Bancos,0.00,100595.20,Pago factura INV-00179,INV-00179,CC-100 Operaciones,Bruno Garcia 02 00001105
1384,2026-02-06,2100,Cuentas por pagar,0.00,85082.52,Registro factura INV-00340,INV-00340,CC-100 Operaciones,Diego Luna 04 00001105
1385,2026-02-22,5000,Gastos operativos,77545.00,0.00,Registro factura INV-00170,INV-00170,CC-100 Operaciones,Fabian Rios 06 00001105
1386,2026-02-23,2100,Cuentas por pagar,0.00,90325.72,Registro factura INV-00159,INV-00159,CC-100 Operaciones,Ana Ruiz 01 00001105
1387,2026-06-26,1020,Bancos,0.00,75821.08,Pago factura INV-00351,INV-00351,CC-100 Operaciones,Bruno Garcia 02 00001105
1388,2026-01-20,1020,Bancos,0.00,62471.80,Pago factura INV-00098,INV-00098,CC-100 Operaciones,Bruno Garcia 02 00001105
1389,2026-01-29,2100,Cuentas por pagar,0.00,108422.88,Registro factura INV-00199,INV-00199,CC-100 Operaciones,Diego Luna 10 00001105
1390,2026-02-14,5000,Gastos operativos,20479.00,0.00,Registro factura INV-00357,INV-00357,CC-100 Operaciones,Diego Luna 04 00001105
1391,2026-02-24,5000,Gastos operativos,26165.00,0.00,Registro factura INV-00143,INV-00143,CC-100 Operaciones,Diego Luna 10 00001105
1392,2026-03-06,2100,Cuentas por pagar,30351.40,0.00,Pago factura INV-00143,INV-00143,CC-100 Operaciones,Bruno Garcia 02 00001105
1393,2026-04-16,5000,Gastos operativos,26492.00,0.00,Registro factura INV-00063,INV-00063,CC-100 Operaciones,Ana Ruiz 07 00001105
1394,2026-06-18,5000,Gastos operativos,72593.00,0.00,Registro factura INV-00028,INV-00028,CC-100 Operaciones,Fabian Rios 06 00001105
1395,2026-03-11,1180,IVA acreditable,8369.92,0.00,Registro factura INV-00169,INV-00169,CC-100 Operaciones,Ana Ruiz 07 00001105
1396,2026-03-03,1020,Bancos,0.00,52718.52,Pago factura INV-00334,INV-00334,CC-100 Operaciones,Bruno Garcia 02 00001105
1397,2026-06-15,1020,Bancos,0.00,21715.20,Pago factura INV-00259,INV-00259,CC-100 Operaciones,Bruno Garcia 02 00001105
1398,2026-01-14,5000,Gastos operativos,71449.00,0.00,Registro factura INV-00292,INV-00292,CC-100 Operaciones,Elena Mora 05 00001105
1399,2026-06-28,5000,Gastos operativos,91114.00,0.00,Registro factura INV-00081,INV-00081,CC-100 Operaciones,Bruno Garcia 08 00001105
1400,2026-02-25,2100,Cuentas por pagar,0.00,45338.60,Registro factura INV-00256,INV-00256,CC-100 Operaciones,Ana Ruiz 07 00001105
1401,2026-03-12,2100,Cuentas por pagar,0.00,54199.84,Registro factura INV-00061,INV-00061,CC-100 Operaciones,Diego Luna 04 00001105
1402,2026-05-05,1180,IVA acreditable,3339.52,0.00,Registro factura INV-00343,INV-00343,CC-100 Operaciones,Bruno Garcia 08 00001105
1403,2026-05-13,2100,Cuentas por pagar,0.00,36149.08,Registro factura INV-00123,INV-00123,CC-100 Operaciones,Bruno Garcia 02 00001105
1404,2026-03-14,2100,Cuentas por pagar,56053.52,0.00,Pago factura INV-00165,INV-00165,CC-100 Operaciones,Bruno Garcia 02 00001105
1405,2026-04-25,5000,Gastos operativos,18329.00,0.00,Registro factura INV-00309,INV-00309,CC-100 Operaciones,Bruno Garcia 08 00001105
1406,2026-05-14,2100,Cuentas por pagar,40217.20,0.00,Pago factura INV-00224,INV-00224,CC-100 Operaciones,Bruno Garcia 02 00001105
1407,2026-06-30,1020,Bancos,0.00,44926.80,Pago factura INV-00312,INV-00312,CC-100 Operaciones,Bruno Garcia 02 00001105
1408,2026-03-08,1180,IVA acreditable,5121.76,0.00,Registro factura INV-00251,INV-00251,CC-100 Operaciones,Fabian Rios 06 00001105
1409,2026-04-13,2100,Cuentas por pagar,57314.44,0.00,Pago factura INV-00141,INV-00141,CC-100 Operaciones,Bruno Garcia 02 00001105
1410,2026-03-27,5000,Gastos operativos,30604.00,0.00,Registro factura INV-00181,INV-00181,CC-100 Operaciones,Carla Soto 09 00001105
1411,2026-02-04,1020,Bancos,0.00,90105.32,Pago factura INV-00345,INV-00345,CC-100 Operaciones,Bruno Garcia 02 00001105
1412,2026-02-16,2100,Cuentas por pagar,0.00,97069.96,Registro factura INV-00217,INV-00217,CC-100 Operaciones,Bruno Garcia 08 00001105
1413,2026-05-29,2100,Cuentas por pagar,85892.20,0.00,Pago factura INV-00116,INV-00116,CC-100 Operaciones,Bruno Garcia 02 00001105
1414,2026-06-22,2100,Cuentas por pagar,94857.84,0.00,Pago factura INV-00033,INV-00033,CC-100 Operaciones,Bruno Garcia 02 00001105
1415,2026-05-11,2100,Cuentas por pagar,107758.20,0.00,Pago factura INV-00294,INV-00294,CC-100 Operaciones,Bruno Garcia 02 00001105
1416,2026-01-26,1180,IVA acreditable,4262.24,0.00,Registro factura INV-00349,INV-00349,CC-100 Operaciones,Ana Ruiz 01 00001105
1417,2026-03-01,2100,Cuentas por pagar,0.00,14986.04,Registro factura INV-00216,INV-00216,CC-100 Operaciones,Carla Soto 03 00001105
1418,2026-05-24,1180,IVA acreditable,14325.60,0.00,Registro factura INV-00230,INV-00230,CC-100 Operaciones,Elena Mora 05 00001105
1419,2026-06-30,2100,Cuentas por pagar,23384.44,0.00,Pago factura INV-00048,INV-00048,CC-100 Operaciones,Bruno Garcia 02 00001105
1420,2026-06-04,1180,IVA acreditable,14246.56,0.00,Registro factura INV-00043,INV-00043,CC-100 Operaciones,Diego Luna 04 00001105
1421,2026-03-27,2100,Cuentas por pagar,78601.60,0.00,Pago factura INV-00241,INV-00241,CC-100 Operaciones,Bruno Garcia 02 00001105
1422,2026-02-14,2100,Cuentas por pagar,41870.20,0.00,Pago factura INV-00267,INV-00267,CC-100 Operaciones,Bruno Garcia 02 00001105
1423,2026-05-23,2100,Cuentas por pagar,0.00,72676.32,Registro factura INV-00076,INV-00076,CC-100 Operaciones,Bruno Garcia 08 00001105
1424,2026-01-22,2100,Cuentas por pagar,96506.20,0.00,Pago factura INV-00197,INV-00197,CC-100 Operaciones,Bruno Garcia 02 00001105
1425,2026-04-22,1020,Bancos,0.00,73016.20,Pago factura INV-00144,INV-00144,CC-100 Operaciones,Bruno Garcia 02 00001105
1426,2026-05-23,5000,Gastos operativos,62652.00,0.00,Registro factura INV-00076,INV-00076,CC-100 Operaciones,Bruno Garcia 08 00001105
1427,2026-01-27,2100,Cuentas por pagar,58658.88,0.00,Pago factura INV-00054,INV-00054,CC-100 Operaciones,Bruno Garcia 02 00001105
1428,2026-06-21,1180,IVA acreditable,12671.52,0.00,Registro factura INV-00093,INV-00093,CC-100 Operaciones,Elena Mora 05 00001105
1429,2026-01-21,1020,Bancos,0.00,108628.20,Pago factura INV-00301,INV-00301,CC-100 Operaciones,Bruno Garcia 02 00001105
1430,2026-06-11,2100,Cuentas por pagar,83935.28,0.00,Pago factura INV-00157,INV-00157,CC-100 Operaciones,Bruno Garcia 02 00001105
1431,2026-04-17,2100,Cuentas por pagar,79707.08,0.00,Pago factura INV-00189,INV-00189,CC-100 Operaciones,Bruno Garcia 02 00001105
1432,2026-05-26,5000,Gastos operativos,63565.00,0.00,Registro factura INV-00032,INV-00032,CC-100 Operaciones,Ana Ruiz 07 00001105
1433,2026-02-12,1020,Bancos,0.00,56057.00,Pago factura INV-00056,INV-00056,CC-100 Operaciones,Bruno Garcia 02 00001105
1434,2026-05-17,2100,Cuentas por pagar,25061.80,0.00,Pago factura INV-00302,INV-00302,CC-100 Operaciones,Bruno Garcia 02 00001105
1435,2026-05-03,5000,Gastos operativos,75637.00,0.00,Registro factura INV-00210,INV-00210,CC-100 Operaciones,Fabian Rios 06 00001105
1436,2026-05-08,5000,Gastos operativos,62674.00,0.00,Registro factura INV-00203,INV-00203,CC-100 Operaciones,Carla Soto 09 00001105
1437,2026-05-11,1180,IVA acreditable,14515.20,0.00,Registro factura INV-00132,INV-00132,CC-100 Operaciones,Diego Luna 10 00001105
1438,2026-03-23,2100,Cuentas por pagar,0.00,76823.32,Registro factura INV-00180,INV-00180,CC-100 Operaciones,Elena Mora 05 00001105
1439,2026-05-25,2100,Cuentas por pagar,0.00,94459.96,Registro factura INV-00227,INV-00227,CC-100 Operaciones,Diego Luna 10 00001105
1440,2026-02-13,1180,IVA acreditable,15012.16,0.00,Registro factura INV-00222,INV-00222,CC-100 Operaciones,Carla Soto 09 00001105
1441,2026-04-13,1180,IVA acreditable,6915.68,0.00,Registro factura INV-00031,INV-00031,CC-100 Operaciones,Bruno Garcia 08 00001105
1442,2026-05-03,2100,Cuentas por pagar,82054.92,0.00,Pago factura INV-00269,INV-00269,CC-100 Operaciones,Bruno Garcia 02 00001105
1443,2026-05-28,2100,Cuentas por pagar,104432.48,0.00,Pago factura INV-00118,INV-00118,CC-100 Operaciones,Bruno Garcia 02 00001105
1444,2026-01-27,5000,Gastos operativos,88205.00,0.00,Registro factura INV-00147,INV-00147,CC-100 Operaciones,Bruno Garcia 08 00001105
1445,2026-02-07,2100,Cuentas por pagar,85101.08,0.00,Pago factura INV-00234,INV-00234,CC-100 Operaciones,Bruno Garcia 02 00001105
1446,2026-05-30,2100,Cuentas por pagar,0.00,86227.44,Registro factura INV-00174,INV-00174,CC-100 Operaciones,Carla Soto 03 00001105
1447,2026-02-07,2100,Cuentas por pagar,58974.40,0.00,Pago factura INV-00066,INV-00066,CC-100 Operaciones,Bruno Garcia 02 00001105
1448,2026-03-08,2100,Cuentas por pagar,83286.84,0.00,Pago factura INV-00040,INV-00040,CC-100 Operaciones,Bruno Garcia 02 00001105
1449,2026-02-14,2100,Cuentas por pagar,0.00,23755.64,Registro factura INV-00357,INV-00357,CC-100 Operaciones,Diego Luna 04 00001105
1450,2026-04-30,2100,Cuentas por pagar,78117.88,0.00,Pago factura INV-00220,INV-00220,CC-100 Operaciones,Bruno Garcia 02 00001105
1451,2026-01-24,1180,IVA acreditable,8776.96,0.00,Registro factura INV-00068,INV-00068,CC-100 Operaciones,Carla Soto 09 00001105
1452,2026-06-15,1180,IVA acreditable,3585.60,0.00,Registro factura INV-00282,INV-00282,CC-100 Operaciones,Elena Mora 05 00001105
1453,2026-05-31,2100,Cuentas por pagar,0.00,46968.40,Registro factura INV-00192,INV-00192,CC-100 Operaciones,Diego Luna 10 00001105
1454,2026-06-07,1180,IVA acreditable,12990.24,0.00,Registro factura INV-00200,INV-00200,CC-100 Operaciones,Elena Mora 05 00001105
1455,2026-03-23,1020,Bancos,0.00,15773.68,Pago factura INV-00079,INV-00079,CC-100 Operaciones,Bruno Garcia 02 00001105
1456,2026-04-21,1020,Bancos,0.00,71438.60,Pago factura INV-00164,INV-00164,CC-100 Operaciones,Bruno Garcia 02 00001105
1457,2026-06-05,2100,Cuentas por pagar,0.00,24211.52,Registro factura INV-00071,INV-00071,CC-100 Operaciones,Carla Soto 09 00001105
1458,2026-01-23,2100,Cuentas por pagar,19970.10,0.00,Pago factura INV-00297,INV-00297,CC-100 Operaciones,Bruno Garcia 02 00001105
1459,2026-04-21,1020,Bancos,0.00,108357.92,Pago factura INV-00333,INV-00333,CC-100 Operaciones,Bruno Garcia 02 00001105
1460,2026-02-26,1180,IVA acreditable,11487.84,0.00,Registro factura INV-00040,INV-00040,CC-100 Operaciones,Diego Luna 10 00001105
1461,2026-02-22,1020,Bancos,0.00,16901.20,Pago factura INV-00350,INV-00350,CC-100 Operaciones,Bruno Garcia 02 00001105
1462,2026-06-05,2100,Cuentas por pagar,0.00,47887.12,Registro factura INV-00228,INV-00228,CC-100 Operaciones,Carla Soto 09 00001105
1463,2026-01-09,1180,IVA acreditable,4231.04,0.00,Registro factura INV-00037,INV-00037,CC-100 Operaciones,Bruno Garcia 02 00001105
1464,2026-04-25,2100,Cuentas por pagar,86723.92,0.00,Pago factura INV-00050,INV-00050,CC-100 Operaciones,Bruno Garcia 02 00001105
1465,2026-06-25,1180,IVA acreditable,5232.80,0.00,Registro factura INV-00346,INV-00346,CC-100 Operaciones,Carla Soto 09 00001105
1466,2026-02-18,1180,IVA acreditable,11797.76,0.00,Registro factura INV-00154,INV-00154,CC-100 Operaciones,Diego Luna 10 00001105
1467,2026-04-20,5000,Gastos operativos,67343.00,0.00,Registro factura INV-00220,INV-00220,CC-100 Operaciones,Carla Soto 03 00001105
1468,2026-01-13,1180,IVA acreditable,12328.80,0.00,Registro factura INV-00321,INV-00321,CC-100 Operaciones,Bruno Garcia 08 00001105
1469,2026-03-03,1180,IVA acreditable,4156.96,0.00,Registro factura INV-00160,INV-00160,CC-100 Operaciones,Carla Soto 03 00001105
1470,2026-04-15,2100,Cuentas por pagar,51843.88,0.00,Pago factura INV-00361,INV-00361,CC-100 Operaciones,Bruno Garcia 02 00001105
1471,2026-03-15,2100,Cuentas por pagar,0.00,94998.20,Registro factura INV-00283,INV-00283,CC-100 Operaciones,Carla Soto 03 00001105
1472,2026-06-08,2100,Cuentas por pagar,59496.40,0.00,Pago factura INV-00131,INV-00131,CC-100 Operaciones,Bruno Garcia 02 00001105
1473,2026-03-25,1020,Bancos,0.00,92663.12,Pago factura INV-00166,INV-00166,CC-100 Operaciones,Bruno Garcia 02 00001105
1474,2026-06-25,1020,Bancos,0.00,90016.00,Pago factura INV-00122,INV-00122,CC-100 Operaciones,Bruno Garcia 02 00001105
1475,2026-06-17,5000,Gastos operativos,87335.00,0.00,Registro factura INV-00109,INV-00109,CC-100 Operaciones,Carla Soto 09 00001105
1476,2026-03-12,2100,Cuentas por pagar,0.00,69803.00,Registro factura INV-00065,INV-00065,CC-100 Operaciones,Bruno Garcia 02 00001105
1477,2026-06-30,1020,Bancos,0.00,53129.16,Pago factura INV-00178,INV-00178,CC-100 Operaciones,Bruno Garcia 02 00001105
1478,2026-01-23,2100,Cuentas por pagar,0.00,91858.08,Registro factura INV-00094,INV-00094,CC-100 Operaciones,Diego Luna 04 00001105
1479,2026-04-15,1020,Bancos,0.00,21715.20,Pago factura INV-00074,INV-00074,CC-100 Operaciones,Bruno Garcia 02 00001105
1480,2026-05-12,1020,Bancos,0.00,29955.14,Pago factura INV-00161,INV-00161,CC-100 Operaciones,Bruno Garcia 02 00001105
1481,2026-03-17,5000,Gastos operativos,67760.00,0.00,Registro factura INV-00241,INV-00241,CC-100 Operaciones,Elena Mora 05 00001105
1482,2026-02-10,1180,IVA acreditable,4416.32,0.00,Registro factura INV-00117,INV-00117,CC-100 Operaciones,Diego Luna 10 00001105
1483,2026-06-05,1020,Bancos,0.00,82128.00,Pago factura INV-00327,INV-00327,CC-100 Operaciones,Bruno Garcia 02 00001105
1484,2026-04-06,1020,Bancos,0.00,72816.68,Pago factura INV-00324,INV-00324,CC-100 Operaciones,Bruno Garcia 02 00001105
1485,2026-05-31,1020,Bancos,0.00,56181.12,Pago factura INV-00293,INV-00293,CC-100 Operaciones,Bruno Garcia 02 00001105
1486,2026-04-28,1020,Bancos,0.00,54717.20,Pago factura INV-00263,INV-00263,CC-100 Operaciones,Bruno Garcia 02 00001105
1487,2026-06-15,2100,Cuentas por pagar,49925.24,0.00,Pago factura INV-00206,INV-00206,CC-100 Operaciones,Bruno Garcia 02 00001105
1488,2026-05-15,2100,Cuentas por pagar,0.00,31586.80,Registro factura INV-00347,INV-00347,CC-100 Operaciones,Diego Luna 04 00001105
1489,2026-02-14,2100,Cuentas por pagar,0.00,95842.68,Registro factura INV-00183,INV-00183,CC-100 Operaciones,Fabian Rios 06 00001105
1490,2026-01-25,5000,Gastos operativos,33188.00,0.00,Registro factura INV-00265,INV-00265,CC-100 Operaciones,Diego Luna 04 00001105
1491,2026-02-23,5000,Gastos operativos,77867.00,0.00,Registro factura INV-00159,INV-00159,CC-100 Operaciones,Ana Ruiz 01 00001105
1492,2026-01-26,5000,Gastos operativos,70630.00,0.00,Registro factura INV-00339,INV-00339,CC-100 Operaciones,Carla Soto 03 00001105
1493,2026-01-12,1180,IVA acreditable,7057.60,0.00,Registro factura INV-00255,INV-00255,CC-100 Operaciones,Carla Soto 03 00001105
1494,2026-05-01,2100,Cuentas por pagar,25891.20,0.00,Pago factura INV-00030,INV-00030,CC-100 Operaciones,Bruno Garcia 02 00001105
1495,2026-01-18,2100,Cuentas por pagar,0.00,40872.60,Registro factura INV-00064,INV-00064,CC-100 Operaciones,Ana Ruiz 01 00001105
1496,2026-04-07,1020,Bancos,0.00,75903.44,Pago factura INV-00239,INV-00239,CC-100 Operaciones,Bruno Garcia 02 00001105
1497,2026-06-30,2100,Cuentas por pagar,47193.44,0.00,Pago factura INV-00242,INV-00242,CC-100 Operaciones,Bruno Garcia 02 00001105
1498,2026-03-10,1180,IVA acreditable,8135.84,0.00,Registro factura INV-00075,INV-00075,CC-100 Operaciones,Diego Luna 10 00001105
1499,2026-02-12,5000,Gastos operativos,14570.00,0.00,Registro factura INV-00350,INV-00350,CC-100 Operaciones,Bruno Garcia 02 00001105
1500,2026-02-25,5000,Gastos operativos,39085.00,0.00,Registro factura INV-00256,INV-00256,CC-100 Operaciones,Ana Ruiz 07 00001105
1501,2026-03-21,1180,IVA acreditable,8656.16,0.00,Registro factura INV-00201,INV-00201,CC-100 Operaciones,Carla Soto 09 00001105
1502,2026-04-05,2100,Cuentas por pagar,0.00,49925.24,Registro factura INV-00233,INV-00233,CC-100 Operaciones,Elena Mora 05 00001105
1503,2026-03-24,2100,Cuentas por pagar,0.00,94535.36,Registro factura INV-00125,INV-00125,CC-100 Operaciones,Bruno Garcia 08 00001105
1504,2026-02-03,1180,IVA acreditable,4797.76,0.00,Registro factura INV-00260,INV-00260,CC-100 Operaciones,Elena Mora 05 00001105
1505,2026-05-30,2100,Cuentas por pagar,19616.76,0.00,Pago factura INV-00088,INV-00088,CC-100 Operaciones,Bruno Garcia 02 00001105
1506,2026-06-04,5000,Gastos operativos,89041.00,0.00,Registro factura INV-00043,INV-00043,CC-100 Operaciones,Diego Luna 04 00001105
1507,2026-06-10,2100,Cuentas por pagar,46968.40,0.00,Pago factura INV-00192,INV-00192,CC-100 Operaciones,Bruno Garcia 02 00001105
1508,2026-05-01,5000,Gastos operativos,92895.00,0.00,Registro factura INV-00294,INV-00294,CC-100 Operaciones,Fabian Rios 06 00001105
1509,2026-04-02,1180,IVA acreditable,7437.12,0.00,Registro factura INV-00067,INV-00067,CC-100 Operaciones,Carla Soto 09 00001105
1510,2026-02-10,2080,IVA trasladado,0.00,8333.76,Registro venta INV-00034,INV-00034,CC-100 Operaciones,Bruno Garcia 02 00001105
1511,2026-01-21,5000,Gastos operativos,58591.00,0.00,Registro factura INV-00247,INV-00247,CC-100 Operaciones,Bruno Garcia 08 00001105
1512,2026-06-30,2100,Cuentas por pagar,91868.52,0.00,Pago factura INV-00093,INV-00093,CC-100 Operaciones,Bruno Garcia 02 00001105
1513,2026-04-23,2100,Cuentas por pagar,0.00,68901.68,Registro factura INV-00060,INV-00060,CC-100 Operaciones,Bruno Garcia 02 00001105
1514,2026-05-09,1180,IVA acreditable,5384.80,0.00,Registro factura INV-00271,INV-00271,CC-100 Operaciones,Fabian Rios 06 00001105
1515,2026-04-29,2100,Cuentas por pagar,89275.92,0.00,Pago factura INV-00320,INV-00320,CC-100 Operaciones,Bruno Garcia 02 00001105
1516,2026-02-11,2100,Cuentas por pagar,0.00,14677.48,Registro factura INV-00001,INV-00001,CC-100 Operaciones,Carla Soto 03 00001105
1517,2026-04-10,2100,Cuentas por pagar,60238.80,0.00,Pago factura INV-00308,INV-00308,CC-100 Operaciones,Bruno Garcia 02 00001105
1518,2026-01-23,2100,Cuentas por pagar,74158.80,0.00,Pago factura INV-00012,INV-00012,CC-100 Operaciones,Bruno Garcia 02 00001105
1519,2026-05-07,1180,IVA acreditable,3431.84,0.00,Registro factura INV-00250,INV-00250,CC-100 Operaciones,Bruno Garcia 02 00001105
1520,2026-05-26,1020,Bancos,0.00,42170.64,Pago factura INV-00191,INV-00191,CC-100 Operaciones,Bruno Garcia 02 00001105
1521,2026-02-08,2100,Cuentas por pagar,0.00,105895.24,Registro factura INV-00273,INV-00273,CC-100 Operaciones,Fabian Rios 06 00001105
1522,2026-02-09,1180,IVA acreditable,13249.60,0.00,Registro factura INV-00110,INV-00110,CC-100 Operaciones,Carla Soto 03 00001105
1523,2026-05-08,1020,Bancos,0.00,66483.08,Pago factura INV-00016,INV-00016,CC-100 Operaciones,Bruno Garcia 02 00001105
1524,2026-02-04,2100,Cuentas por pagar,0.00,41870.20,Registro factura INV-00267,INV-00267,CC-100 Operaciones,Bruno Garcia 08 00001105
1525,2026-06-07,1180,IVA acreditable,13894.88,0.00,Registro factura INV-00317,INV-00317,CC-100 Operaciones,Carla Soto 03 00001105
1526,2026-03-22,2100,Cuentas por pagar,54199.84,0.00,Pago factura INV-00061,INV-00061,CC-100 Operaciones,Bruno Garcia 02 00001105
1527,2026-05-18,2100,Cuentas por pagar,0.00,104432.48,Registro factura INV-00118,INV-00118,CC-100 Operaciones,Carla Soto 03 00001105
1528,2026-01-27,1020,Bancos,0.00,58658.88,Pago factura INV-00054,INV-00054,CC-100 Operaciones,Bruno Garcia 02 00001105
1529,2026-03-17,2100,Cuentas por pagar,104913.88,0.00,Pago factura INV-00284,INV-00284,CC-100 Operaciones,Bruno Garcia 02 00001105
1530,2026-06-23,1020,Bancos,0.00,54986.32,Pago factura INV-00341,INV-00341,CC-100 Operaciones,Bruno Garcia 02 00001105
1531,2026-04-30,1020,Bancos,0.00,78117.88,Pago factura INV-00220,INV-00220,CC-100 Operaciones,Bruno Garcia 02 00001105
1532,2026-04-02,1020,Bancos,0.00,29578.84,Pago factura INV-00306,INV-00306,CC-100 Operaciones,Bruno Garcia 02 00001105
1533,2026-02-16,2100,Cuentas por pagar,0.00,35896.20,Registro factura INV-00015,INV-00015,CC-100 Operaciones,Fabian Rios 06 00001105
1534,2026-03-04,2100,Cuentas por pagar,0.00,87953.52,Registro factura INV-00150,INV-00150,CC-100 Operaciones,Diego Luna 10 00001105
1535,2026-06-02,1020,Bancos,0.00,50174.64,Pago factura INV-00205,INV-00205,CC-100 Operaciones,Bruno Garcia 02 00001105
1536,2026-04-08,5000,Gastos operativos,50301.00,0.00,Registro factura INV-00195,INV-00195,CC-100 Operaciones,Ana Ruiz 07 00001105
1537,2026-04-24,5000,Gastos operativos,40533.00,0.00,Registro factura INV-00014,INV-00014,CC-100 Operaciones,Ana Ruiz 01 00001105
1538,2026-02-09,2100,Cuentas por pagar,64485.56,0.00,Pago factura INV-00354,INV-00354,CC-100 Operaciones,Bruno Garcia 02 00001105
1539,2026-03-28,2100,Cuentas por pagar,59004.56,0.00,Pago factura INV-00041,INV-00041,CC-100 Operaciones,Bruno Garcia 02 00001105
1540,2026-04-06,1180,IVA acreditable,11925.12,0.00,Registro factura INV-00238,INV-00238,CC-100 Operaciones,Elena Mora 05 00001105
1541,2026-06-17,1180,IVA acreditable,6848.64,0.00,Registro factura INV-00103,INV-00103,CC-100 Operaciones,Ana Ruiz 07 00001105
1542,2026-06-16,2100,Cuentas por pagar,0.00,24648.84,Registro factura INV-00020,INV-00020,CC-100 Operaciones,Diego Luna 10 00001105
1543,2026-04-27,5000,Gastos operativos,48041.00,0.00,Registro factura INV-00049,INV-00049,CC-100 Operaciones,Bruno Garcia 08 00001105
1544,2026-06-14,1180,IVA acreditable,9969.76,0.00,Registro factura INV-00313,INV-00313,CC-100 Operaciones,Bruno Garcia 08 00001105
1545,2026-02-15,2100,Cuentas por pagar,0.00,20468.20,Registro factura INV-00328,INV-00328,CC-100 Operaciones,Carla Soto 09 00001105
1546,2026-01-28,1180,IVA acreditable,11738.08,0.00,Registro factura INV-00234,INV-00234,CC-100 Operaciones,Carla Soto 03 00001105
1547,2026-04-02,1020,Bancos,0.00,76823.32,Pago factura INV-00180,INV-00180,CC-100 Operaciones,Bruno Garcia 02 00001105
1548,2026-01-22,1180,IVA acreditable,4287.84,0.00,Registro factura INV-00261,INV-00261,CC-100 Operaciones,Ana Ruiz 07 00001105
1549,2026-02-27,2100,Cuentas por pagar,0.00,52737.08,Registro factura INV-00329,INV-00329,CC-100 Operaciones,Carla Soto 09 00001105
1550,2026-06-04,5000,Gastos operativos,23230.00,0.00,Registro factura INV-00281,INV-00281,CC-100 Operaciones,Fabian Rios 06 00001105
1551,2026-06-30,2100,Cuentas por pagar,70968.80,0.00,Pago factura INV-00018,INV-00018,CC-100 Operaciones,Bruno Garcia 02 00001105
1552,2026-05-12,5000,Gastos operativos,62498.00,0.00,Registro factura INV-00209,INV-00209,CC-100 Operaciones,Elena Mora 05 00001105
1553,2026-03-29,2100,Cuentas por pagar,0.00,39009.64,Registro factura INV-00237,INV-00237,CC-100 Operaciones,Carla Soto 03 00001105
1554,2026-06-22,1180,IVA acreditable,9788.80,0.00,Registro factura INV-00018,INV-00018,CC-100 Operaciones,Diego Luna 10 00001105
1555,2026-03-06,2100,Cuentas por pagar,75841.96,0.00,Pago factura INV-00344,INV-00344,CC-100 Operaciones,Bruno Garcia 02 00001105
1556,2026-06-06,2100,Cuentas por pagar,0.00,15758.60,Registro factura INV-00145,INV-00145,CC-100 Operaciones,Bruno Garcia 08 00001105
1557,2026-01-15,2100,Cuentas por pagar,0.00,100595.20,Registro factura INV-00179,INV-00179,CC-100 Operaciones,Diego Luna 10 00001105
1558,2026-04-28,5000,Gastos operativos,58954.00,0.00,Registro factura INV-00314,INV-00314,CC-100 Operaciones,Ana Ruiz 07 00001105
1559,2026-01-21,2100,Cuentas por pagar,0.00,58063.80,Registro factura INV-00277,INV-00277,CC-100 Operaciones,Diego Luna 10 00001105
1560,2026-02-25,1020,Bancos,71340.00,0.00,Cobro factura INV-00330,INV-00330,CC-100 Operaciones,Bruno Garcia 02 00001105
1561,2026-02-23,1180,IVA acreditable,12458.72,0.00,Registro factura INV-00159,INV-00159,CC-100 Operaciones,Ana Ruiz 01 00001105
1562,2026-01-10,2100,Cuentas por pagar,0.00,96420.36,Registro factura INV-00240,INV-00240,CC-100 Operaciones,Ana Ruiz 07 00001105
1563,2026-04-11,1020,Bancos,0.00,106084.32,Pago factura INV-00266,INV-00266,CC-100 Operaciones,Bruno Garcia 02 00001105
1564,2026-04-27,2100,Cuentas por pagar,0.00,27598.72,Registro factura INV-00055,INV-00055,CC-100 Operaciones,Diego Luna 10 00001105
1565,2026-06-18,5000,Gastos operativos,15421.00,0.00,Registro factura INV-00152,INV-00152,CC-100 Operaciones,Diego Luna 04 00001105
1566,2026-04-06,1180,IVA acreditable,3632.32,0.00,Registro factura INV-00062,INV-00062,CC-100 Operaciones,Carla Soto 03 00001105
1567,2026-06-15,5000,Gastos operativos,22410.00,0.00,Registro factura INV-00282,INV-00282,CC-100 Operaciones,Elena Mora 05 00001105
1568,2026-02-21,2100,Cuentas por pagar,0.00,74047.44,Registro factura INV-00080,INV-00080,CC-100 Operaciones,Carla Soto 09 00001105
1569,2026-01-30,5000,Gastos operativos,55591.00,0.00,Registro factura INV-00354,INV-00354,CC-100 Operaciones,Ana Ruiz 07 00001105
1570,2026-04-04,2100,Cuentas por pagar,0.00,68906.32,Registro factura INV-00008,INV-00008,CC-100 Operaciones,Ana Ruiz 01 00001105
1571,2026-04-01,2100,Cuentas por pagar,0.00,106084.32,Registro factura INV-00266,INV-00266,CC-100 Operaciones,Bruno Garcia 02 00001105
1572,2026-03-16,1180,IVA acreditable,12494.72,0.00,Registro factura INV-00006,INV-00006,CC-100 Operaciones,Fabian Rios 06 00001105
1573,2026-06-26,2100,Cuentas por pagar,0.00,53129.16,Registro factura INV-00178,INV-00178,CC-100 Operaciones,Bruno Garcia 08 00001105
1574,2026-01-11,2100,Cuentas por pagar,0.00,98893.48,Registro factura INV-00129,INV-00129,CC-100 Operaciones,Fabian Rios 06 00001105
1575,2026-02-15,1020,Bancos,0.00,14522.04,Pago factura INV-00202,INV-00202,CC-100 Operaciones,Bruno Garcia 02 00001105
1576,2026-03-01,1180,IVA acreditable,6524.00,0.00,Registro factura INV-00173,INV-00173,CC-100 Operaciones,Ana Ruiz 01 00001105
1577,2026-01-31,2100,Cuentas por pagar,0.00,29787.64,Registro factura INV-00236,INV-00236,CC-100 Operaciones,Diego Luna 04 00001105
1578,2026-04-20,5000,Gastos operativos,18489.00,0.00,Registro factura INV-00252,INV-00252,CC-100 Operaciones,Elena Mora 05 00001105
1579,2026-04-09,2100,Cuentas por pagar,71328.40,0.00,Pago factura INV-00187,INV-00187,CC-100 Operaciones,Bruno Garcia 02 00001105
1580,2026-02-15,2100,Cuentas por pagar,24211.52,0.00,Pago factura INV-00036,INV-00036,CC-100 Operaciones,Bruno Garcia 02 00001105
1581,2026-06-05,5000,Gastos operativos,43039.00,0.00,Registro factura INV-00206,INV-00206,CC-100 Operaciones,Ana Ruiz 07 00001105
1582,2026-02-16,1180,IVA acreditable,13388.96,0.00,Registro factura INV-00217,INV-00217,CC-100 Operaciones,Bruno Garcia 08 00001105
1583,2026-02-15,2100,Cuentas por pagar,33535.60,0.00,Pago factura INV-00175,INV-00175,CC-100 Operaciones,Bruno Garcia 02 00001105
1584,2026-04-18,2100,Cuentas por pagar,103904.68,0.00,Pago factura INV-00245,INV-00245,CC-100 Operaciones,Bruno Garcia 02 00001105
1585,2026-03-06,2100,Cuentas por pagar,0.00,95906.48,Registro factura INV-00059,INV-00059,CC-100 Operaciones,Bruno Garcia 02 00001105
1586,2026-06-17,5000,Gastos operativos,42804.00,0.00,Registro factura INV-00103,INV-00103,CC-100 Operaciones,Ana Ruiz 07 00001105
1587,2026-04-12,1020,Bancos,0.00,53919.12,Pago factura INV-00067,INV-00067,CC-100 Operaciones,Bruno Garcia 02 00001105
1588,2026-04-05,2100,Cuentas por pagar,0.00,24211.52,Registro factura INV-00087,INV-00087,CC-100 Operaciones,Ana Ruiz 07 00001105
1589,2026-05-27,1020,Bancos,0.00,69944.52,Pago factura INV-00124,INV-00124,CC-100 Operaciones,Bruno Garcia 02 00001105
1590,2026-01-13,5000,Gastos operativos,63930.00,0.00,Registro factura INV-00012,INV-00012,CC-100 Operaciones,Fabian Rios 06 00001105
1591,2026-01-09,2100,Cuentas por pagar,0.00,30675.04,Registro factura INV-00037,INV-00037,CC-100 Operaciones,Bruno Garcia 02 00001105
1592,2026-06-29,2100,Cuentas por pagar,0.00,37781.20,Registro factura INV-00107,INV-00107,CC-100 Operaciones,Ana Ruiz 07 00001105
1593,2026-04-05,1180,IVA acreditable,2995.20,0.00,Registro factura INV-00074,INV-00074,CC-100 Operaciones,Ana Ruiz 01 00001105
1594,2026-04-24,1180,IVA acreditable,3809.76,0.00,Registro factura INV-00270,INV-00270,CC-100 Operaciones,Carla Soto 09 00001105
1595,2026-02-23,1180,IVA acreditable,8925.76,0.00,Registro factura INV-00140,INV-00140,CC-100 Operaciones,Carla Soto 03 00001105
1596,2026-04-29,2100,Cuentas por pagar,27294.80,0.00,Pago factura INV-00254,INV-00254,CC-100 Operaciones,Bruno Garcia 02 00001105
1597,2026-03-26,5000,Gastos operativos,18179.00,0.00,Registro factura INV-00051,INV-00051,CC-100 Operaciones,Bruno Garcia 02 00001105
1598,2026-01-28,2100,Cuentas por pagar,14036.00,0.00,Pago factura INV-00212,INV-00212,CC-100 Operaciones,Bruno Garcia 02 00001105
1599,2026-05-02,2100,Cuentas por pagar,0.00,74662.24,Registro factura INV-00095,INV-00095,CC-100 Operaciones,Carla Soto 03 00001105
1600,2026-06-05,1180,IVA acreditable,6605.12,0.00,Registro factura INV-00228,INV-00228,CC-100 Operaciones,Carla Soto 09 00001105
1601,2026-03-05,1180,IVA acreditable,11438.88,0.00,Registro factura INV-00029,INV-00029,CC-100 Operaciones,Ana Ruiz 07 00001105
1602,2026-02-12,1020,Bancos,0.00,22928.56,Pago factura INV-00319,INV-00319,CC-100 Operaciones,Bruno Garcia 02 00001105
1603,2026-03-09,2100,Cuentas por pagar,40379.60,0.00,Pago factura INV-00052,INV-00052,CC-100 Operaciones,Bruno Garcia 02 00001105
1604,2026-04-19,2100,Cuentas por pagar,0.00,89275.92,Registro factura INV-00320,INV-00320,CC-100 Operaciones,Fabian Rios 06 00001105
1605,2026-04-16,2100,Cuentas por pagar,26334.32,0.00,Pago factura INV-00062,INV-00062,CC-100 Operaciones,Bruno Garcia 02 00001105
1606,2026-06-18,1180,IVA acreditable,11614.88,0.00,Registro factura INV-00028,INV-00028,CC-100 Operaciones,Fabian Rios 06 00001105
1607,2026-06-02,1180,IVA acreditable,11634.72,0.00,Registro factura INV-00337,INV-00337,CC-100 Operaciones,Bruno Garcia 02 00001105
1608,2026-05-12,5000,Gastos operativos,24013.00,0.00,Registro factura INV-00315,INV-00315,CC-100 Operaciones,Ana Ruiz 07 00001105
1609,2026-06-30,2100,Cuentas por pagar,44926.80,0.00,Pago factura INV-00312,INV-00312,CC-100 Operaciones,Bruno Garcia 02 00001105
1610,2026-06-24,1020,Bancos,0.00,72280.76,Pago factura INV-00313,INV-00313,CC-100 Operaciones,Bruno Garcia 02 00001105
1611,2026-04-24,5000,Gastos operativos,23811.00,0.00,Registro factura INV-00270,INV-00270,CC-100 Operaciones,Carla Soto 09 00001105
1612,2026-02-09,5000,Gastos operativos,82810.00,0.00,Registro factura INV-00110,INV-00110,CC-100 Operaciones,Carla Soto 03 00001105
1613,2026-04-28,2100,Cuentas por pagar,74169.24,0.00,Pago factura INV-00248,INV-00248,CC-100 Operaciones,Bruno Garcia 02 00001105
1614,2026-05-08,1180,IVA acreditable,7527.20,0.00,Registro factura INV-00289,INV-00289,CC-100 Operaciones,Ana Ruiz 01 00001105
1615,2026-04-28,1180,IVA acreditable,9170.08,0.00,Registro factura INV-00016,INV-00016,CC-100 Operaciones,Elena Mora 05 00001105
1616,2026-06-05,2100,Cuentas por pagar,0.00,49925.24,Registro factura INV-00206,INV-00206,CC-100 Operaciones,Ana Ruiz 07 00001105
1617,2026-01-22,2100,Cuentas por pagar,0.00,28359.68,Registro factura INV-00331,INV-00331,CC-100 Operaciones,Elena Mora 05 00001105
1618,2026-06-19,1180,IVA acreditable,7933.60,0.00,Registro factura INV-00171,INV-00171,CC-100 Operaciones,Ana Ruiz 01 00001105
1619,2026-04-26,1020,Bancos,0.00,30730.72,Pago factura INV-00063,INV-00063,CC-100 Operaciones,Bruno Garcia 02 00001105
1620,2026-03-27,1180,IVA acreditable,10043.68,0.00,Registro factura INV-00324,INV-00324,CC-100 Operaciones,Ana Ruiz 07 00001105
1621,2026-02-10,1020,Bancos,0.00,32196.96,Pago factura INV-00335,INV-00335,CC-100 Operaciones,Bruno Garcia 02 00001105
1622,2026-03-12,1020,Bancos,0.00,13029.12,Pago factura INV-00300,INV-00300,CC-100 Operaciones,Bruno Garcia 02 00001105
1623,2026-03-01,1020,Bancos,0.00,69775.16,Pago factura INV-00359,INV-00359,CC-100 Operaciones,Bruno Garcia 02 00001105
1624,2026-03-14,2100,Cuentas por pagar,0.00,80964.52,Registro factura INV-00155,INV-00155,CC-100 Operaciones,Diego Luna 04 00001105
1625,2026-03-20,2100,Cuentas por pagar,43772.60,0.00,Pago factura INV-00024,INV-00024,CC-100 Operaciones,Bruno Garcia 02 00001105
1626,2026-05-05,5000,Gastos operativos,43039.00,0.00,Registro factura INV-00161,INV-00161,CC-100 Operaciones,Fabian Rios 06 00001105
1627,2026-06-06,1020,Bancos,0.00,30980.12,Pago factura INV-00193,INV-00193,CC-100 Operaciones,Bruno Garcia 02 00001105
1628,2026-05-04,2100,Cuentas por pagar,0.00,57103.32,Registro factura INV-00151,INV-00151,CC-100 Operaciones,Carla Soto 03 00001105
1629,2026-05-23,1180,IVA acreditable,6920.64,0.00,Registro factura INV-00205,INV-00205,CC-100 Operaciones,Fabian Rios 06 00001105
1630,2026-02-05,1180,IVA acreditable,3339.52,0.00,Registro factura INV-00036,INV-00036,CC-100 Operaciones,Elena Mora 05 00001105
1631,2026-05-04,5000,Gastos operativos,49227.00,0.00,Registro factura INV-00151,INV-00151,CC-100 Operaciones,Carla Soto 03 00001105
1632,2026-01-24,5000,Gastos operativos,94273.00,0.00,Registro factura INV-00207,INV-00207,CC-100 Operaciones,Ana Ruiz 07 00001105
1633,2026-03-31,1020,Bancos,0.00,62757.16,Pago factura INV-00201,INV-00201,CC-100 Operaciones,Bruno Garcia 02 00001105
1634,2026-01-29,5000,Gastos operativos,49314.00,0.00,Registro factura INV-00318,INV-00318,CC-100 Operaciones,Bruno Garcia 02 00001105
1635,2026-03-27,2100,Cuentas por pagar,0.00,72816.68,Registro factura INV-00324,INV-00324,CC-100 Operaciones,Ana Ruiz 07 00001105
1636,2026-06-02,2100,Cuentas por pagar,72676.32,0.00,Pago factura INV-00076,INV-00076,CC-100 Operaciones,Bruno Garcia 02 00001105
1637,2026-02-10,1020,Bancos,0.00,29787.64,Pago factura INV-00236,INV-00236,CC-100 Operaciones,Bruno Garcia 02 00001105
1638,2026-06-10,5000,Gastos operativos,44330.00,0.00,Registro factura INV-00311,INV-00311,CC-100 Operaciones,Bruno Garcia 02 00001105
1639,2026-01-27,5000,Gastos operativos,81929.00,0.00,Registro factura INV-00077,INV-00077,CC-100 Operaciones,Diego Luna 10 00001105
1640,2026-06-12,1020,Bancos,0.00,83974.72,Pago factura INV-00046,INV-00046,CC-100 Operaciones,Bruno Garcia 02 00001105
1641,2026-04-08,1180,IVA acreditable,14331.68,0.00,Registro factura INV-00245,INV-00245,CC-100 Operaciones,Elena Mora 05 00001105
1642,2026-06-29,1180,IVA acreditable,5211.20,0.00,Registro factura INV-00107,INV-00107,CC-100 Operaciones,Ana Ruiz 07 00001105
1643,2026-02-17,1020,Bancos,0.00,37507.44,Pago factura INV-00167,INV-00167,CC-100 Operaciones,Bruno Garcia 02 00001105
1644,2026-03-18,5000,Gastos operativos,57681.00,0.00,Registro factura INV-00146,INV-00146,CC-100 Operaciones,Bruno Garcia 02 00001105
1645,2026-03-30,2100,Cuentas por pagar,51295.20,0.00,Pago factura INV-00039,INV-00039,CC-100 Operaciones,Bruno Garcia 02 00001105
1646,2026-05-12,2100,Cuentas por pagar,14526.91,0.00,Pago factura INV-00343,INV-00343,CC-100 Operaciones,Bruno Garcia 02 00001105
1647,2026-01-26,1180,IVA acreditable,11300.80,0.00,Registro factura INV-00339,INV-00339,CC-100 Operaciones,Carla Soto 03 00001105
1648,2026-06-19,1020,Bancos,0.00,43755.20,Pago factura INV-00198,INV-00198,CC-100 Operaciones,Bruno Garcia 02 00001105
1649,2026-06-24,2100,Cuentas por pagar,0.00,85808.68,Registro factura INV-00114,INV-00114,CC-100 Operaciones,Bruno Garcia 02 00001105
1650,2026-01-30,1020,Bancos,0.00,94335.84,Pago factura INV-00137,INV-00137,CC-100 Operaciones,Bruno Garcia 02 00001105
1651,2026-06-10,5000,Gastos operativos,36930.00,0.00,Registro factura INV-00307,INV-00307,CC-100 Operaciones,Diego Luna 04 00001105
1652,2026-03-28,1020,Bancos,0.00,59004.56,Pago factura INV-00041,INV-00041,CC-100 Operaciones,Bruno Garcia 02 00001105
1653,2026-05-30,1020,Bancos,0.00,25633.68,Pago factura INV-00168,INV-00168,CC-100 Operaciones,Bruno Garcia 02 00001105
1654,2026-03-09,1020,Bancos,0.00,52737.08,Pago factura INV-00329,INV-00329,CC-100 Operaciones,Bruno Garcia 02 00001105
1655,2026-01-20,2100,Cuentas por pagar,96420.36,0.00,Pago factura INV-00240,INV-00240,CC-100 Operaciones,Bruno Garcia 02 00001105
1656,2026-05-08,2100,Cuentas por pagar,66483.08,0.00,Pago factura INV-00016,INV-00016,CC-100 Operaciones,Bruno Garcia 02 00001105
1657,2026-06-27,2100,Cuentas por pagar,101308.60,0.00,Pago factura INV-00109,INV-00109,CC-100 Operaciones,Bruno Garcia 02 00001105
1658,2026-04-08,1180,IVA acreditable,8048.16,0.00,Registro factura INV-00195,INV-00195,CC-100 Operaciones,Ana Ruiz 07 00001105
1659,2026-02-09,2100,Cuentas por pagar,18597.12,0.00,Pago factura INV-00264,INV-00264,CC-100 Operaciones,Bruno Garcia 02 00001105
1660,2026-04-17,1020,Bancos,0.00,79707.08,Pago factura INV-00189,INV-00189,CC-100 Operaciones,Bruno Garcia 02 00001105
1661,2026-02-28,2100,Cuentas por pagar,106802.36,0.00,Pago factura INV-00177,INV-00177,CC-100 Operaciones,Bruno Garcia 02 00001105
1662,2026-05-31,1180,IVA acreditable,6478.40,0.00,Registro factura INV-00192,INV-00192,CC-100 Operaciones,Diego Luna 10 00001105
1663,2026-05-01,2100,Cuentas por pagar,0.00,47299.00,Registro factura INV-00322,INV-00322,CC-100 Operaciones,Diego Luna 04 00001105
1664,2026-02-15,2100,Cuentas por pagar,21715.20,0.00,Pago factura INV-00092,INV-00092,CC-100 Operaciones,Bruno Garcia 02 00001105
1665,2026-05-27,1180,IVA acreditable,7321.92,0.00,Registro factura INV-00134,INV-00134,CC-100 Operaciones,Diego Luna 04 00001105
1666,2026-03-22,1180,IVA acreditable,14161.76,0.00,Registro factura INV-00120,INV-00120,CC-100 Operaciones,Fabian Rios 06 00001105
1667,2026-01-31,2100,Cuentas por pagar,67965.56,0.00,Pago factura INV-00247,INV-00247,CC-100 Operaciones,Bruno Garcia 02 00001105
1668,2026-05-10,1180,IVA acreditable,5005.92,0.00,Registro factura INV-00005,INV-00005,CC-100 Operaciones,Ana Ruiz 01 00001105
1669,2026-03-08,5000,Gastos operativos,32011.00,0.00,Registro factura INV-00251,INV-00251,CC-100 Operaciones,Fabian Rios 06 00001105
1670,2026-06-29,1020,Bancos,0.00,57518.60,Pago factura INV-00171,INV-00171,CC-100 Operaciones,Bruno Garcia 02 00001105
1671,2026-03-08,5000,Gastos operativos,92154.00,0.00,Registro factura INV-00013,INV-00013,CC-100 Operaciones,Bruno Garcia 08 00001105
1672,2026-02-07,5000,Gastos operativos,32334.00,0.00,Registro factura INV-00167,INV-00167,CC-100 Operaciones,Ana Ruiz 01 00001105
1673,2026-04-01,1180,IVA acreditable,14632.32,0.00,Registro factura INV-00266,INV-00266,CC-100 Operaciones,Bruno Garcia 02 00001105
1674,2026-01-11,5000,Gastos operativos,93645.00,0.00,Registro factura INV-00301,INV-00301,CC-100 Operaciones,Diego Luna 04 00001105
1675,2026-03-16,1020,Bancos,0.00,86317.92,Pago factura INV-00004,INV-00004,CC-100 Operaciones,Bruno Garcia 02 00001105
1676,2026-03-07,5000,Gastos operativos,42996.00,0.00,Registro factura INV-00342,INV-00342,CC-100 Operaciones,Ana Ruiz 01 00001105
1677,2026-05-24,5000,Gastos operativos,49284.00,0.00,Registro factura INV-00106,INV-00106,CC-100 Operaciones,Carla Soto 03 00001105
1678,2026-03-10,2100,Cuentas por pagar,99032.68,0.00,Pago factura INV-00158,INV-00158,CC-100 Operaciones,Bruno Garcia 02 00001105
1679,2026-01-24,5000,Gastos operativos,54856.00,0.00,Registro factura INV-00068,INV-00068,CC-100 Operaciones,Carla Soto 09 00001105
1680,2026-02-05,1180,IVA acreditable,4625.60,0.00,Registro factura INV-00175,INV-00175,CC-100 Operaciones,Ana Ruiz 07 00001105
1681,2026-03-20,5000,Gastos operativos,44220.00,0.00,Registro factura INV-00039,INV-00039,CC-100 Operaciones,Bruno Garcia 02 00001105
1682,2026-02-22,2100,Cuentas por pagar,16901.20,0.00,Pago factura INV-00350,INV-00350,CC-100 Operaciones,Bruno Garcia 02 00001105
1683,2026-03-22,1020,Bancos,0.00,69803.00,Pago factura INV-00065,INV-00065,CC-100 Operaciones,Bruno Garcia 02 00001105
1684,2026-02-11,2100,Cuentas por pagar,56619.60,0.00,Pago factura INV-00353,INV-00353,CC-100 Operaciones,Bruno Garcia 02 00001105
1685,2026-03-27,2100,Cuentas por pagar,16731.84,0.00,Pago factura INV-00211,INV-00211,CC-100 Operaciones,Bruno Garcia 02 00001105
1686,2026-01-30,1180,IVA acreditable,8894.56,0.00,Registro factura INV-00354,INV-00354,CC-100 Operaciones,Ana Ruiz 07 00001105
1687,2026-03-24,1020,Bancos,0.00,76875.52,Pago factura INV-00133,INV-00133,CC-100 Operaciones,Bruno Garcia 02 00001105
1688,2026-05-19,2100,Cuentas por pagar,39039.80,0.00,Pago factura INV-00271,INV-00271,CC-100 Operaciones,Bruno Garcia 02 00001105
1689,2026-06-11,1020,Bancos,0.00,61165.64,Pago factura INV-00355,INV-00355,CC-100 Operaciones,Bruno Garcia 02 00001105
1690,2026-05-18,5000,Gastos operativos,50915.00,0.00,Registro factura INV-00101,INV-00101,CC-100 Operaciones,Elena Mora 05 00001105
1691,2026-01-05,2100,Cuentas por pagar,0.00,24211.52,Registro factura INV-00275,INV-00275,CC-100 Operaciones,Diego Luna 04 00001105
1692,2026-02-05,2100,Cuentas por pagar,81930.80,0.00,Pago factura INV-00339,INV-00339,CC-100 Operaciones,Bruno Garcia 02 00001105
1693,2026-01-21,5000,Gastos operativos,0.00,22500.00,Reversion de factura cancelada INV-00083,INV-00083,CC-100 Operaciones,Bruno Garcia 02 00001105
1694,2026-06-11,1180,IVA acreditable,14891.68,0.00,Registro factura INV-00219,INV-00219,CC-100 Operaciones,Carla Soto 09 00001105
1695,2026-04-27,2100,Cuentas por pagar,67739.36,0.00,Pago factura INV-00035,INV-00035,CC-100 Operaciones,Bruno Garcia 02 00001105
1696,2026-06-01,5000,Gastos operativos,52729.00,0.00,Registro factura INV-00355,INV-00355,CC-100 Operaciones,Carla Soto 03 00001105
1697,2026-03-10,5000,Gastos operativos,50849.00,0.00,Registro factura INV-00075,INV-00075,CC-100 Operaciones,Diego Luna 10 00001105
1698,2026-03-24,1180,IVA acreditable,13039.36,0.00,Registro factura INV-00125,INV-00125,CC-100 Operaciones,Bruno Garcia 08 00001105
1699,2026-05-25,1020,Bancos,0.00,90596.00,Pago factura INV-00279,INV-00279,CC-100 Operaciones,Bruno Garcia 02 00001105
1700,2026-03-08,1180,IVA acreditable,14744.64,0.00,Registro factura INV-00013,INV-00013,CC-100 Operaciones,Bruno Garcia 08 00001105
1701,2026-05-31,2100,Cuentas por pagar,0.00,94652.52,Registro factura INV-00113,INV-00113,CC-100 Operaciones,Bruno Garcia 08 00001105
1702,2026-01-19,2100,Cuentas por pagar,30675.04,0.00,Pago factura INV-00037,INV-00037,CC-100 Operaciones,Bruno Garcia 02 00001105
1703,2026-06-25,2100,Cuentas por pagar,0.00,37937.80,Registro factura INV-00346,INV-00346,CC-100 Operaciones,Carla Soto 09 00001105
1704,2026-04-24,2100,Cuentas por pagar,0.00,47018.28,Registro factura INV-00014,INV-00014,CC-100 Operaciones,Ana Ruiz 01 00001105
1705,2026-01-21,1180,IVA acreditable,9374.56,0.00,Registro factura INV-00247,INV-00247,CC-100 Operaciones,Bruno Garcia 08 00001105
1706,2026-03-03,5000,Gastos operativos,25981.00,0.00,Registro factura INV-00160,INV-00160,CC-100 Operaciones,Carla Soto 03 00001105
1707,2026-03-11,2100,Cuentas por pagar,0.00,60681.92,Registro factura INV-00169,INV-00169,CC-100 Operaciones,Ana Ruiz 07 00001105
1708,2026-03-13,1020,Bancos,0.00,30137.96,Pago factura INV-00160,INV-00160,CC-100 Operaciones,Bruno Garcia 02 00001105
1709,2026-02-02,2100,Cuentas por pagar,0.00,22928.56,Registro factura INV-00319,INV-00319,CC-100 Operaciones,Bruno Garcia 08 00001105
1710,2026-03-29,2100,Cuentas por pagar,65925.12,0.00,Pago factura INV-00290,INV-00290,CC-100 Operaciones,Bruno Garcia 02 00001105
1711,2026-02-22,1180,IVA acreditable,5136.80,0.00,Registro factura INV-00089,INV-00089,CC-100 Operaciones,Diego Luna 04 00001105
1712,2026-03-04,2100,Cuentas por pagar,37241.80,0.00,Pago factura INV-00089,INV-00089,CC-100 Operaciones,Bruno Garcia 02 00001105
1713,2026-02-21,1020,Bancos,0.00,14677.48,Pago factura INV-00001,INV-00001,CC-100 Operaciones,Bruno Garcia 02 00001105
1714,2026-03-28,1180,IVA acreditable,2245.92,0.00,Registro factura INV-00215,INV-00215,CC-100 Operaciones,Fabian Rios 06 00001105
1715,2026-01-30,2100,Cuentas por pagar,83665.00,0.00,Pago factura INV-00078,INV-00078,CC-100 Operaciones,Bruno Garcia 02 00001105
1716,2026-06-30,1020,Bancos,0.00,37781.20,Pago factura INV-00107,INV-00107,CC-100 Operaciones,Bruno Garcia 02 00001105
1717,2026-03-16,5000,Gastos operativos,40637.00,0.00,Registro factura INV-00053,INV-00053,CC-100 Operaciones,Bruno Garcia 08 00001105
1718,2026-06-25,1180,IVA acreditable,6196.80,0.00,Registro factura INV-00312,INV-00312,CC-100 Operaciones,Ana Ruiz 01 00001105
1719,2026-03-14,1020,Bancos,0.00,56053.52,Pago factura INV-00165,INV-00165,CC-100 Operaciones,Bruno Garcia 02 00001105
1720,2026-05-23,2100,Cuentas por pagar,36149.08,0.00,Pago factura INV-00123,INV-00123,CC-100 Operaciones,Bruno Garcia 02 00001105
1721,2026-05-22,2100,Cuentas por pagar,0.00,88586.88,Registro factura INV-00091,INV-00091,CC-100 Operaciones,Carla Soto 09 00001105
1722,2026-02-13,2100,Cuentas por pagar,34783.76,0.00,Pago factura INV-00260,INV-00260,CC-100 Operaciones,Bruno Garcia 02 00001105
1723,2026-04-30,5000,Gastos operativos,44408.00,0.00,Registro factura INV-00026,INV-00026,CC-100 Operaciones,Carla Soto 09 00001105
1724,2026-04-27,1180,IVA acreditable,7686.56,0.00,Registro factura INV-00049,INV-00049,CC-100 Operaciones,Bruno Garcia 08 00001105
1725,2026-01-18,5000,Gastos operativos,12100.00,0.00,Registro factura INV-00212,INV-00212,CC-100 Operaciones,Carla Soto 09 00001105
1726,2026-02-10,5000,Gastos operativos,27602.00,0.00,Registro factura INV-00117,INV-00117,CC-100 Operaciones,Diego Luna 10 00001105
1727,2026-02-05,2100,Cuentas por pagar,0.00,24211.52,Registro factura INV-00036,INV-00036,CC-100 Operaciones,Elena Mora 05 00001105
1728,2026-04-14,2100,Cuentas por pagar,27693.84,0.00,Pago factura INV-00257,INV-00257,CC-100 Operaciones,Bruno Garcia 02 00001105
1729,2026-06-30,1020,Bancos,0.00,85691.52,Pago factura INV-00336,INV-00336,CC-100 Operaciones,Bruno Garcia 02 00001105
1730,2026-04-27,2100,Cuentas por pagar,45701.68,0.00,Pago factura INV-00288,INV-00288,CC-100 Operaciones,Bruno Garcia 02 00001105
1731,2026-06-05,5000,Gastos operativos,41282.00,0.00,Registro factura INV-00228,INV-00228,CC-100 Operaciones,Carla Soto 09 00001105
1732,2026-06-02,1180,IVA acreditable,11582.72,0.00,Registro factura INV-00046,INV-00046,CC-100 Operaciones,Diego Luna 10 00001105
1733,2026-02-04,1180,IVA acreditable,5775.20,0.00,Registro factura INV-00267,INV-00267,CC-100 Operaciones,Bruno Garcia 08 00001105
1734,2026-05-05,1020,Bancos,0.00,22440.20,Pago factura INV-00221,INV-00221,CC-100 Operaciones,Bruno Garcia 02 00001105
1735,2026-05-24,1020,Bancos,0.00,56676.44,Pago factura INV-00323,INV-00323,CC-100 Operaciones,Bruno Garcia 02 00001105
1736,2026-03-02,1180,IVA acreditable,8703.84,0.00,Registro factura INV-00304,INV-00304,CC-100 Operaciones,Fabian Rios 06 00001105
1737,2026-06-14,5000,Gastos operativos,62311.00,0.00,Registro factura INV-00313,INV-00313,CC-100 Operaciones,Bruno Garcia 08 00001105
1738,2026-04-12,2100,Cuentas por pagar,86589.36,0.00,Pago factura INV-00338,INV-00338,CC-100 Operaciones,Bruno Garcia 02 00001105
1739,2026-01-12,5000,Gastos operativos,44110.00,0.00,Registro factura INV-00255,INV-00255,CC-100 Operaciones,Carla Soto 03 00001105
1740,2026-06-01,2100,Cuentas por pagar,0.00,61165.64,Registro factura INV-00355,INV-00355,CC-100 Operaciones,Carla Soto 03 00001105
1741,2026-06-30,1020,Bancos,0.00,41065.16,Pago factura INV-00153,INV-00153,CC-100 Operaciones,Bruno Garcia 02 00001105
1742,2026-02-26,1020,Bancos,0.00,35896.20,Pago factura INV-00015,INV-00015,CC-100 Operaciones,Bruno Garcia 02 00001105
1743,2026-04-01,2100,Cuentas por pagar,89935.96,0.00,Pago factura INV-00362,INV-00362,CC-100 Operaciones,Bruno Garcia 02 00001105
1744,2026-04-28,1020,Bancos,0.00,74169.24,Pago factura INV-00248,INV-00248,CC-100 Operaciones,Bruno Garcia 02 00001105
1745,2026-03-02,2100,Cuentas por pagar,0.00,63102.84,Registro factura INV-00304,INV-00304,CC-100 Operaciones,Fabian Rios 06 00001105
1746,2026-05-03,5000,Gastos operativos,47780.00,0.00,Registro factura INV-00007,INV-00007,CC-100 Operaciones,Bruno Garcia 08 00001105
1747,2026-05-14,1180,IVA acreditable,3818.56,0.00,Registro factura INV-00356,INV-00356,CC-100 Operaciones,Ana Ruiz 07 00001105
1748,2026-04-25,2100,Cuentas por pagar,0.00,21261.64,Registro factura INV-00309,INV-00309,CC-100 Operaciones,Bruno Garcia 08 00001105
1749,2026-03-04,5000,Gastos operativos,48322.00,0.00,Registro factura INV-00165,INV-00165,CC-100 Operaciones,Bruno Garcia 02 00001105
1750,2026-01-05,1180,IVA acreditable,2995.20,0.00,Registro factura INV-00138,INV-00138,CC-100 Operaciones,Bruno Garcia 08 00001105
1751,2026-03-21,2100,Cuentas por pagar,0.00,62757.16,Registro factura INV-00201,INV-00201,CC-100 Operaciones,Carla Soto 09 00001105
1752,2026-05-02,2100,Cuentas por pagar,0.00,55656.80,Registro factura INV-00184,INV-00184,CC-100 Operaciones,Ana Ruiz 01 00001105
1753,2026-06-03,2100,Cuentas por pagar,0.00,75143.64,Registro factura INV-00162,INV-00162,CC-100 Operaciones,Ana Ruiz 07 00001105
1754,2026-05-22,2100,Cuentas por pagar,72497.68,0.00,Pago factura INV-00209,INV-00209,CC-100 Operaciones,Bruno Garcia 02 00001105
1755,2026-06-01,5000,Gastos operativos,72358.00,0.00,Registro factura INV-00157,INV-00157,CC-100 Operaciones,Elena Mora 05 00001105
1756,2026-05-29,1180,IVA acreditable,2166.56,0.00,Registro factura INV-00291,INV-00291,CC-100 Operaciones,Diego Luna 04 00001105
1757,2026-03-23,2100,Cuentas por pagar,19970.10,0.00,Pago factura INV-00268,INV-00268,CC-100 Operaciones,Bruno Garcia 02 00001105
1758,2026-01-21,1180,IVA acreditable,8008.80,0.00,Registro factura INV-00277,INV-00277,CC-100 Operaciones,Diego Luna 10 00001105
1759,2026-03-08,2100,Cuentas por pagar,63304.68,0.00,Pago factura INV-00188,INV-00188,CC-100 Operaciones,Bruno Garcia 02 00001105
1760,2026-03-29,5000,Gastos operativos,48957.00,0.00,Registro factura INV-00022,INV-00022,CC-100 Operaciones,Ana Ruiz 01 00001105
1761,2026-03-20,1180,IVA acreditable,7075.20,0.00,Registro factura INV-00039,INV-00039,CC-100 Operaciones,Bruno Garcia 02 00001105
1762,2026-04-20,1020,Bancos,0.00,22104.96,Pago factura INV-00276,INV-00276,CC-100 Operaciones,Bruno Garcia 02 00001105
1763,2026-04-09,5000,Gastos operativos,57181.00,0.00,Registro factura INV-00298,INV-00298,CC-100 Operaciones,Bruno Garcia 02 00001105
1764,2026-01-31,2100,Cuentas por pagar,58063.80,0.00,Pago factura INV-00277,INV-00277,CC-100 Operaciones,Bruno Garcia 02 00001105
1765,2026-03-28,5000,Gastos operativos,14037.00,0.00,Registro factura INV-00215,INV-00215,CC-100 Operaciones,Fabian Rios 06 00001105
1766,2026-05-19,1020,Bancos,0.00,39039.80,Pago factura INV-00271,INV-00271,CC-100 Operaciones,Bruno Garcia 02 00001105
1767,2026-02-05,5000,Gastos operativos,28910.00,0.00,Registro factura INV-00175,INV-00175,CC-100 Operaciones,Ana Ruiz 07 00001105
1768,2026-05-14,5000,Gastos operativos,23866.00,0.00,Registro factura INV-00356,INV-00356,CC-100 Operaciones,Ana Ruiz 07 00001105
1769,2026-05-09,2100,Cuentas por pagar,0.00,28053.44,Registro factura INV-00102,INV-00102,CC-100 Operaciones,Bruno Garcia 08 00001105
1770,2026-01-22,2100,Cuentas por pagar,0.00,31086.84,Registro factura INV-00261,INV-00261,CC-100 Operaciones,Ana Ruiz 07 00001105
1771,2026-06-30,1020,Bancos,0.00,63555.24,Pago factura INV-00186,INV-00186,CC-100 Operaciones,Bruno Garcia 02 00001105
1772,2026-05-05,1180,IVA acreditable,6588.00,0.00,Registro factura INV-00243,INV-00243,CC-100 Operaciones,Bruno Garcia 02 00001105
1773,2026-06-16,1180,IVA acreditable,10458.08,0.00,Registro factura INV-00351,INV-00351,CC-100 Operaciones,Bruno Garcia 02 00001105
1774,2026-06-30,1020,Bancos,0.00,70968.80,Pago factura INV-00018,INV-00018,CC-100 Operaciones,Bruno Garcia 02 00001105
1775,2026-01-26,2100,Cuentas por pagar,0.00,30901.24,Registro factura INV-00349,INV-00349,CC-100 Operaciones,Ana Ruiz 01 00001105
1776,2026-01-31,5000,Gastos operativos,27756.00,0.00,Registro factura INV-00335,INV-00335,CC-100 Operaciones,Bruno Garcia 02 00001105
1777,2026-05-01,1180,IVA acreditable,14863.20,0.00,Registro factura INV-00294,INV-00294,CC-100 Operaciones,Fabian Rios 06 00001105
1778,2026-03-17,2100,Cuentas por pagar,49875.36,0.00,Pago factura INV-00342,INV-00342,CC-100 Operaciones,Bruno Garcia 02 00001105
1779,2026-01-21,2100,Cuentas por pagar,108628.20,0.00,Pago factura INV-00301,INV-00301,CC-100 Operaciones,Bruno Garcia 02 00001105
1780,2026-05-11,1020,Bancos,0.00,47299.00,Pago factura INV-00322,INV-00322,CC-100 Operaciones,Bruno Garcia 02 00001105
1781,2026-01-29,2100,Cuentas por pagar,0.00,57204.24,Registro factura INV-00318,INV-00318,CC-100 Operaciones,Bruno Garcia 02 00001105
1782,2026-01-25,2100,Cuentas por pagar,59748.12,0.00,Pago factura INV-00135,INV-00135,CC-100 Operaciones,Bruno Garcia 02 00001105
1783,2026-04-12,2100,Cuentas por pagar,53919.12,0.00,Pago factura INV-00067,INV-00067,CC-100 Operaciones,Bruno Garcia 02 00001105
1784,2026-03-02,2100,Cuentas por pagar,0.00,106546.00,Registro factura INV-00090,INV-00090,CC-100 Operaciones,Bruno Garcia 08 00001105
1785,2026-05-24,1180,IVA acreditable,7885.44,0.00,Registro factura INV-00106,INV-00106,CC-100 Operaciones,Carla Soto 03 00001105
1786,2026-01-29,1020,Bancos,0.00,23577.00,Pago factura INV-00084,INV-00084,CC-100 Operaciones,Bruno Garcia 02 00001105
1787,2026-02-03,5000,Gastos operativos,46154.00,0.00,Registro factura INV-00023,INV-00023,CC-100 Operaciones,Carla Soto 03 00001105
1788,2026-02-28,2100,Cuentas por pagar,0.00,76005.52,Registro factura INV-00111,INV-00111,CC-100 Operaciones,Diego Luna 04 00001105
1789,2026-06-07,5000,Gastos operativos,86843.00,0.00,Registro factura INV-00317,INV-00317,CC-100 Operaciones,Carla Soto 03 00001105
1790,2026-06-15,2100,Cuentas por pagar,47887.12,0.00,Pago factura INV-00228,INV-00228,CC-100 Operaciones,Bruno Garcia 02 00001105
1791,2026-06-30,2100,Cuentas por pagar,84284.44,0.00,Pago factura INV-00316,INV-00316,CC-100 Operaciones,Bruno Garcia 02 00001105
1792,2026-02-08,5000,Gastos operativos,91289.00,0.00,Registro factura INV-00273,INV-00273,CC-100 Operaciones,Fabian Rios 06 00001105
1793,2026-04-19,5000,Gastos operativos,23530.00,0.00,Registro factura INV-00254,INV-00254,CC-100 Operaciones,Bruno Garcia 08 00001105
1794,2026-05-05,1180,IVA acreditable,2995.20,0.00,Registro factura INV-00112,INV-00112,CC-100 Operaciones,Bruno Garcia 02 00001105
1795,2026-04-02,1180,IVA acreditable,11943.36,0.00,Registro factura INV-00338,INV-00338,CC-100 Operaciones,Ana Ruiz 07 00001105
1796,2026-02-06,2100,Cuentas por pagar,102317.80,0.00,Pago factura INV-00147,INV-00147,CC-100 Operaciones,Bruno Garcia 02 00001105
1797,2026-05-18,1180,IVA acreditable,8146.40,0.00,Registro factura INV-00101,INV-00101,CC-100 Operaciones,Elena Mora 05 00001105
1798,2026-03-05,1180,IVA acreditable,6886.24,0.00,Registro factura INV-00268,INV-00268,CC-100 Operaciones,Diego Luna 04 00001105
1799,2026-06-05,2100,Cuentas por pagar,82128.00,0.00,Pago factura INV-00327,INV-00327,CC-100 Operaciones,Bruno Garcia 02 00001105
1800,2026-02-10,2100,Cuentas por pagar,32196.96,0.00,Pago factura INV-00335,INV-00335,CC-100 Operaciones,Bruno Garcia 02 00001105
1801,2026-02-20,5000,Gastos operativos,85410.00,0.00,Registro factura INV-00272,INV-00272,CC-100 Operaciones,Diego Luna 04 00001105
1802,2026-05-13,2100,Cuentas por pagar,0.00,58537.08,Registro factura INV-00072,INV-00072,CC-100 Operaciones,Diego Luna 04 00001105
1803,2026-04-22,2100,Cuentas por pagar,73016.20,0.00,Pago factura INV-00144,INV-00144,CC-100 Operaciones,Bruno Garcia 02 00001105
1804,2026-02-18,1180,IVA acreditable,14731.36,0.00,Registro factura INV-00177,INV-00177,CC-100 Operaciones,Bruno Garcia 02 00001105
1805,2026-04-23,2100,Cuentas por pagar,50138.68,0.00,Pago factura INV-00031,INV-00031,CC-100 Operaciones,Bruno Garcia 02 00001105
1806,2026-05-27,1180,IVA acreditable,4273.12,0.00,Registro factura INV-00193,INV-00193,CC-100 Operaciones,Bruno Garcia 02 00001105
1807,2026-02-01,2100,Cuentas por pagar,0.00,56619.60,Registro factura INV-00353,INV-00353,CC-100 Operaciones,Carla Soto 09 00001105
1808,2026-02-05,2100,Cuentas por pagar,0.00,21715.20,Registro factura INV-00092,INV-00092,CC-100 Operaciones,Carla Soto 09 00001105
1809,2026-04-23,1020,Bancos,0.00,50138.68,Pago factura INV-00031,INV-00031,CC-100 Operaciones,Bruno Garcia 02 00001105
1810,2026-02-17,5000,Gastos operativos,86183.00,0.00,Registro factura INV-00115,INV-00115,CC-100 Operaciones,Carla Soto 03 00001105
1811,2026-01-22,2100,Cuentas por pagar,51167.60,0.00,Pago factura INV-00255,INV-00255,CC-100 Operaciones,Bruno Garcia 02 00001105
1812,2026-02-06,5000,Gastos operativos,83617.00,0.00,Registro factura INV-00099,INV-00099,CC-100 Operaciones,Bruno Garcia 02 00001105
1813,2026-05-18,1020,Bancos,0.00,54572.20,Pago factura INV-00289,INV-00289,CC-100 Operaciones,Bruno Garcia 02 00001105
1814,2026-05-23,1020,Bancos,0.00,58537.08,Pago factura INV-00072,INV-00072,CC-100 Operaciones,Bruno Garcia 02 00001105
1815,2026-05-13,1180,IVA acreditable,8074.08,0.00,Registro factura INV-00072,INV-00072,CC-100 Operaciones,Diego Luna 04 00001105
1816,2026-04-21,5000,Gastos operativos,94907.00,0.00,Registro factura INV-00104,INV-00104,CC-100 Operaciones,Bruno Garcia 02 00001105
1817,2026-04-15,1020,Bancos,0.00,49925.24,Pago factura INV-00233,INV-00233,CC-100 Operaciones,Bruno Garcia 02 00001105
1818,2026-06-30,1020,Bancos,0.00,91868.52,Pago factura INV-00093,INV-00093,CC-100 Operaciones,Bruno Garcia 02 00001105
1819,2026-05-18,1180,IVA acreditable,14404.48,0.00,Registro factura INV-00118,INV-00118,CC-100 Operaciones,Carla Soto 03 00001105
1820,2026-03-24,5000,Gastos operativos,19003.00,0.00,Registro factura INV-00360,INV-00360,CC-100 Operaciones,Diego Luna 10 00001105
1821,2026-02-02,1020,Bancos,0.00,83782.16,Pago factura INV-00085,INV-00085,CC-100 Operaciones,Bruno Garcia 02 00001105
1822,2026-02-05,5000,Gastos operativos,18720.00,0.00,Registro factura INV-00092,INV-00092,CC-100 Operaciones,Carla Soto 09 00001105
1823,2026-06-25,2100,Cuentas por pagar,90016.00,0.00,Pago factura INV-00122,INV-00122,CC-100 Operaciones,Bruno Garcia 02 00001105
1824,2026-05-10,2100,Cuentas por pagar,16482.44,0.00,Pago factura INV-00010,INV-00010,CC-100 Operaciones,Bruno Garcia 02 00001105
1825,2026-02-21,1180,IVA acreditable,10213.44,0.00,Registro factura INV-00080,INV-00080,CC-100 Operaciones,Carla Soto 09 00001105
1826,2026-03-23,2100,Cuentas por pagar,56045.40,0.00,Pago factura INV-00086,INV-00086,CC-100 Operaciones,Bruno Garcia 02 00001105
1827,2026-04-17,2100,Cuentas por pagar,0.00,67739.36,Registro factura INV-00035,INV-00035,CC-100 Operaciones,Fabian Rios 06 00001105
1828,2026-05-05,5000,Gastos operativos,39650.00,0.00,Registro factura INV-00126,INV-00126,CC-100 Operaciones,Diego Luna 10 00001105
