entry_id,date,account_code,account_name,debit,credit,description,invoice_uuid,cost_center,approver
1,2026-03-18,1020,Bancos,0.00,59214.52,Pago factura INV-00114,INV-00114,CC-100 Operaciones,Bruno Garcia 02 00001104
2,2026-01-11,2100,Cuentas por pagar,0.00,71205.44,Registro factura INV-00225,INV-00225,CC-100 Operaciones,Fabian Rios 06 00001104
3,2026-06-17,2100,Cuentas por pagar,100465.28,0.00,Pago factura INV-00354,INV-00354,CC-100 Operaciones,Bruno Garcia 02 00001104
4,2026-01-18,5000,Gastos operativos,87039.00,0.00,Registro factura INV-00213,INV-00213,CC-100 Operaciones,Carla Soto 09 00001104
5,2026-03-21,2100,Cuentas por pagar,0.00,52828.72,Registro factura INV-00125,INV-00125,CC-100 Operaciones,Carla Soto 09 00001104
6,2026-04-12,5000,Gastos operativos,58816.00,0.00,Registro factura INV-00152,INV-00152,CC-100 Operaciones,Carla Soto 03 00001104
7,2026-02-24,2100,Cuentas por pagar,0.00,47986.88,Registro factura INV-00006,INV-00006,CC-100 Operaciones,Bruno Garcia 08 00001104
8,2026-03-08,2100,Cuentas por pagar,0.00,65522.60,Registro factura INV-00147,INV-00147,CC-100 Operaciones,Fabian Rios 06 00001104
9,2026-04-24,2100,Cuentas por pagar,0.00,33711.92,Registro factura INV-00013,INV-00013,CC-100 Operaciones,Carla Soto 09 00001104
10,2026-06-10,2100,Cuentas por pagar,89134.40,0.00,Pago factura INV-00071,INV-00071,CC-100 Operaciones,Bruno Garcia 02 00001104
11,2026-03-19,2100,Cuentas por pagar,92878.88,0.00,Pago factura INV-00330,INV-00330,CC-100 Operaciones,Bruno Garcia 02 00001104
12,2026-03-07,1180,IVA acreditable,5526.08,0.00,Registro factura INV-00025,INV-00025,CC-100 Operaciones,Carla Soto 09 00001104
13,2026-04-22,2100,Cuentas por pagar,67442.40,0.00,Pago factura INV-00140,INV-00140,CC-100 Operaciones,Bruno Garcia 02 00001104
14,2026-04-23,5000,Gastos operativos,32216.00,0.00,Registro factura INV-00333,INV-00333,CC-100 Operaciones,Diego Luna 04 00001104
15,2026-03-12,5000,Gastos operativos,42295.00,0.00,Registro factura INV-00344,INV-00344,CC-100 Operaciones,Bruno Garcia 02 00001104
16,2026-05-31,5000,Gastos operativos,37242.00,0.00,Registro factura INV-00018,INV-00018,CC-100 Operaciones,Bruno Garcia 08 00001104
17,2026-05-21,2100,Cuentas por pagar,0.00,66284.72,Registro factura INV-00104,INV-00104,CC-100 Operaciones,Diego Luna 04 00001104
18,2026-03-22,5000,Gastos operativos,70280.00,0.00,Registro factura INV-00146,INV-00146,CC-100 Operaciones,Fabian Rios 06 00001104
19,2026-04-07,1180,IVA acreditable,13435.36,0.00,Registro factura INV-00269,INV-00269,CC-100 Operaciones,Diego Luna 10 00001104
20,2026-05-07,1180,IVA acreditable,2384.00,0.00,Registro factura INV-00110,INV-00110,CC-100 Operaciones,Diego Luna 04 00001104
21,2026-01-23,2100,Cuentas por pagar,0.00,84301.84,Registro factura INV-00085,INV-00085,CC-100 Operaciones,Diego Luna 04 00001104
22,2026-02-12,2100,Cuentas por pagar,47919.60,0.00,Pago factura INV-00103,INV-00103,CC-100 Operaciones,Bruno Garcia 02 00001104
23,2026-02-01,5000,Gastos operativos,69047.00,0.00,Registro factura INV-00227,INV-00227,CC-100 Operaciones,Carla Soto 09 00001104
24,2026-06-26,2100,Cuentas por pagar,60836.20,0.00,Pago factura INV-00105,INV-00105,CC-100 Operaciones,Bruno Garcia 02 00001104
25,2026-05-05,2100,Cuentas por pagar,19820.92,0.00,Pago factura INV-00249,INV-00249,CC-100 Operaciones,Bruno Garcia 02 00001104
26,2026-05-30,2100,Cuentas por pagar,29380.48,0.00,Pago factura INV-00072,INV-00072,CC-100 Operaciones,Bruno Garcia 02 00001104
27,2026-01-24,2100,Cuentas por pagar,0.00,103867.56,Registro factura INV-00287,INV-00287,CC-100 Operaciones,Carla Soto 09 00001104
28,2026-03-26,1180,IVA acreditable,8122.88,0.00,Registro factura INV-00253,INV-00253,CC-100 Operaciones,Bruno Garcia 02 00001104
29,2026-03-09,5000,Gastos operativos,50725.00,0.00,Registro factura INV-00166,INV-00166,CC-100 Operaciones,Ana Ruiz 01 00001104
30,2026-04-09,5000,Gastos operativos,52652.00,0.00,Registro factura INV-00020,INV-00020,CC-100 Operaciones,Bruno Garcia 02 00001104
31,2026-05-12,2100,Cuentas por pagar,0.00,103923.24,Registro factura INV-00295,INV-00295,CC-100 Operaciones,Ana Ruiz 07 00001104
32,2026-02-06,1180,IVA acreditable,12581.44,0.00,Registro factura INV-00290,INV-00290,CC-100 Operaciones,Diego Luna 04 00001104
33,2026-06-10,1180,IVA acreditable,8866.24,0.00,Registro factura INV-00264,INV-00264,CC-100 Operaciones,Diego Luna 04 00001104
34,2026-05-18,2100,Cuentas por pagar,0.00,25745.04,Registro factura INV-00259,INV-00259,CC-100 Operaciones,Carla Soto 03 00001104
35,2026-06-22,5000,Gastos operativos,68412.00,0.00,Registro factura INV-00257,INV-00257,CC-100 Operaciones,Bruno Garcia 02 00001104
36,2026-06-17,1180,IVA acreditable,3183.52,0.00,Registro factura INV-00040,INV-00040,CC-100 Operaciones,Carla Soto 09 00001104
37,2026-03-08,1020,Bancos,0.00,55886.48,Pago factura INV-00221,INV-00221,CC-100 Operaciones,Bruno Garcia 02 00001104
38,2026-01-17,2100,Cuentas por pagar,0.00,90518.28,Registro factura INV-00024,INV-00024,CC-100 Operaciones,Diego Luna 04 00001104
39,2026-05-03,5000,Gastos operativos,64263.00,0.00,Registro factura INV-00274,INV-00274,CC-100 Operaciones,Fabian Rios 06 00001104
40,2026-01-21,2100,Cuentas por pagar,71205.44,0.00,Pago factura INV-00225,INV-00225,CC-100 Operaciones,Bruno Garcia 02 00001104
41,2026-05-13,2100,Cuentas por pagar,0.00,101841.04,Registro factura INV-00234,INV-00234,CC-100 Operaciones,Diego Luna 04 00001104
42,2026-06-15,1020,Bancos,0.00,90164.48,Pago factura INV-00088,INV-00088,CC-100 Operaciones,Bruno Garcia 02 00001104
43,2026-06-17,5000,Gastos operativos,34367.00,0.00,Registro factura INV-00179,INV-00179,CC-100 Operaciones,Ana Ruiz 07 00001104
44,2026-05-30,2100,Cuentas por pagar,0.00,37748.72,Registro factura INV-00194,INV-00194,CC-100 Operaciones,Carla Soto 03 00001104
45,2026-04-17,2100,Cuentas por pagar,81232.48,0.00,Pago factura INV-00187,INV-00187,CC-100 Operaciones,Bruno Garcia 02 00001104
46,2026-02-04,1020,Bancos,0.00,102067.24,Pago factura INV-00297,INV-00297,CC-100 Operaciones,Bruno Garcia 02 00001104
47,2026-04-27,5000,Gastos operativos,19819.00,0.00,Registro factura INV-00002,INV-00002,CC-100 Operaciones,Diego Luna 10 00001104
48,2026-03-14,1180,IVA acreditable,3123.20,0.00,Registro factura INV-00303,INV-00303,CC-100 Operaciones,Fabian Rios 06 00001104
49,2026-05-09,1020,Bancos,0.00,67295.08,Pago factura INV-00164,INV-00164,CC-100 Operaciones,Bruno Garcia 02 00001104
50,2026-03-09,1180,IVA acreditable,8116.00,0.00,Registro factura INV-00166,INV-00166,CC-100 Operaciones,Ana Ruiz 01 00001104
51,2026-06-04,1020,Bancos,0.00,65217.52,Pago factura INV-00060,INV-00060,CC-100 Operaciones,Bruno Garcia 02 00001104
52,2026-03-11,2100,Cuentas por pagar,0.00,46360.56,Registro factura INV-00132,INV-00132,CC-100 Operaciones,Elena Mora 05 00001104
53,2026-06-26,1180,IVA acreditable,5369.44,0.00,Registro factura INV-00175,INV-00175,CC-100 Operaciones,Bruno Garcia 08 00001104
54,2026-03-15,2100,Cuentas por pagar,53225.44,0.00,Pago factura INV-00188,INV-00188,CC-100 Operaciones,Bruno Garcia 02 00001104
55,2026-02-03,2100,Cuentas por pagar,0.00,87061.48,Registro factura INV-00312,INV-00312,CC-100 Operaciones,Carla Soto 03 00001104
56,2026-03-20,2100,Cuentas por pagar,15814.28,0.00,Pago factura INV-00335,INV-00335,CC-100 Operaciones,Bruno Garcia 02 00001104
57,2026-01-27,2100,Cuentas por pagar,90518.28,0.00,Pago factura INV-00024,INV-00024,CC-100 Operaciones,Bruno Garcia 02 00001104
58,2026-02-08,1050,Cuentas por cobrar,0.00,44080.00,Cobro factura INV-00238,INV-00238,CC-100 Operaciones,Bruno Garcia 02 00001104
59,2026-02-13,1180,IVA acreditable,14715.68,0.00,Registro factura INV-00102,INV-00102,CC-100 Operaciones,Ana Ruiz 07 00001104
60,2026-06-23,2100,Cuentas por pagar,18649.32,0.00,Pago factura INV-00244,INV-00244,CC-100 Operaciones,Bruno Garcia 02 00001104
61,2026-02-05,1180,IVA acreditable,13351.68,0.00,Registro factura INV-00336,INV-00336,CC-100 Operaciones,Elena Mora 05 00001104
62,2026-02-07,1020,Bancos,0.00,35566.76,Pago factura INV-00281,INV-00281,CC-100 Operaciones,Bruno Garcia 02 00001104
63,2026-02-24,5000,Gastos operativos,54877.00,0.00,Registro factura INV-00050,INV-00050,CC-100 Operaciones,Diego Luna 10 00001104
64,2026-02-24,1020,Bancos,0.00,53331.00,Pago factura INV-00168,INV-00168,CC-100 Operaciones,Bruno Garcia 02 00001104
65,2026-02-04,2100,Cuentas por pagar,0.00,69598.84,Registro factura INV-00223,INV-00223,CC-100 Operaciones,Bruno Garcia 08 00001104
66,2026-04-23,2100,Cuentas por pagar,0.00,37370.56,Registro factura INV-00333,INV-00333,CC-100 Operaciones,Diego Luna 04 00001104
67,2026-05-16,2100,Cuentas por pagar,0.00,67554.92,Registro factura INV-00208,INV-00208,CC-100 Operaciones,Carla Soto 03 00001104
68,2026-06-15,2100,Cuentas por pagar,33423.08,0.00,Pago factura INV-00298,INV-00298,CC-100 Operaciones,Bruno Garcia 02 00001104
69,2026-04-08,1180,IVA acreditable,7443.20,0.00,Registro factura INV-00010,INV-00010,CC-100 Operaciones,Ana Ruiz 07 00001104
70,2026-05-11,1020,Bancos,0.00,73387.40,Pago factura INV-00286,INV-00286,CC-100 Operaciones,Bruno Garcia 02 00001104
71,2026-05-05,1180,IVA acreditable,14224.00,0.00,Registro factura INV-00124,INV-00124,CC-100 Operaciones,Diego Luna 10 00001104
72,2026-03-01,1180,IVA acreditable,11599.84,0.00,Registro factura INV-00279,INV-00279,CC-100 Operaciones,Ana Ruiz 01 00001104
73,2026-04-10,2100,Cuentas por pagar,37857.76,0.00,Pago factura INV-00158,INV-00158,CC-100 Operaciones,Bruno Garcia 02 00001104
74,2026-02-21,2100,Cuentas por pagar,45634.40,0.00,Pago factura INV-00109,INV-00109,CC-100 Operaciones,Bruno Garcia 02 00001104
75,2026-03-17,2100,Cuentas por pagar,40064.08,0.00,Pago factura INV-00025,INV-00025,CC-100 Operaciones,Bruno Garcia 02 00001104
76,2026-01-23,2100,Cuentas por pagar,12901.06,0.00,Pago factura INV-00138,INV-00138,CC-100 Operaciones,Bruno Garcia 02 00001104
77,2026-01-05,1180,IVA acreditable,4448.64,0.00,Registro factura INV-00138,INV-00138,CC-100 Operaciones,Bruno Garcia 08 00001104
78,2026-05-09,1180,IVA acreditable,6808.48,0.00,Registro factura INV-00340,INV-00340,CC-100 Operaciones,Bruno Garcia 08 00001104
79,2026-06-14,5000,Gastos operativos,20993.00,0.00,Registro factura INV-00256,INV-00256,CC-100 Operaciones,Diego Luna 10 00001104
80,2026-03-13,2100,Cuentas por pagar,42971.04,0.00,Pago factura INV-00241,INV-00241,CC-100 Operaciones,Bruno Garcia 02 00001104
81,2026-04-24,2100,Cuentas por pagar,15412.92,0.00,Pago factura INV-00015,INV-00015,CC-100 Operaciones,Bruno Garcia 02 00001104
82,2026-03-30,1020,Bancos,0.00,67172.12,Pago factura INV-00011,INV-00011,CC-100 Operaciones,Bruno Garcia 02 00001104
83,2026-02-12,5000,Gastos operativos,31844.00,0.00,Registro factura INV-00092,INV-00092,CC-100 Operaciones,Diego Luna 10 00001104
84,2026-03-04,2100,Cuentas por pagar,0.00,32862.80,Registro factura INV-00167,INV-00167,CC-100 Operaciones,Diego Luna 10 00001104
85,2026-06-16,1180,IVA acreditable,8391.20,0.00,Registro factura INV-00105,INV-00105,CC-100 Operaciones,Bruno Garcia 02 00001104
86,2026-02-28,2100,Cuentas por pagar,0.00,39922.56,Registro factura INV-00260,INV-00260,CC-100 Operaciones,Fabian Rios 06 00001104
87,2026-03-22,1180,IVA acreditable,11244.80,0.00,Registro factura INV-00146,INV-00146,CC-100 Operaciones,Fabian Rios 06 00001104
88,2026-06-27,1180,IVA acreditable,6718.40,0.00,Registro factura INV-00310,INV-00310,CC-100 Operaciones,Ana Ruiz 01 00001104
89,2026-06-30,2100,Cuentas por pagar,83870.32,0.00,Pago factura INV-00171,INV-00171,CC-100 Operaciones,Bruno Garcia 02 00001104
90,2026-06-08,5000,Gastos operativos,83409.00,0.00,Registro factura INV-00017,INV-00017,CC-100 Operaciones,Diego Luna 10 00001104
91,2026-01-25,1020,Bancos,0.00,41828.44,Pago factura INV-00315,INV-00315,CC-100 Operaciones,Bruno Garcia 02 00001104
92,2026-06-05,1180,IVA acreditable,12436.48,0.00,Registro factura INV-00088,INV-00088,CC-100 Operaciones,Ana Ruiz 01 00001104
93,2026-01-30,1180,IVA acreditable,13228.32,0.00,Registro factura INV-00202,INV-00202,CC-100 Operaciones,Carla Soto 09 00001104
94,2026-05-13,2100,Cuentas por pagar,101796.96,0.00,Pago factura INV-00197,INV-00197,CC-100 Operaciones,Bruno Garcia 02 00001104
95,2026-03-31,1180,IVA acreditable,5221.76,0.00,Registro factura INV-00158,INV-00158,CC-100 Operaciones,Elena Mora 05 00001104
96,2026-06-02,1180,IVA acreditable,10615.20,0.00,Registro factura INV-00300,INV-00300,CC-100 Operaciones,Diego Luna 10 00001104
97,2026-02-09,2100,Cuentas por pagar,95905.32,0.00,Pago factura INV-00202,INV-00202,CC-100 Operaciones,Bruno Garcia 02 00001104
98,2026-06-18,1180,IVA acreditable,1933.28,0.00,Registro factura INV-00205,INV-00205,CC-100 Operaciones,Diego Luna 04 00001104
99,2026-02-16,1180,IVA acreditable,9961.44,0.00,Registro factura INV-00068,INV-00068,CC-100 Operaciones,Bruno Garcia 08 00001104
100,2026-04-20,5000,Gastos operativos,45022.00,0.00,Registro factura INV-00098,INV-00098,CC-100 Operaciones,Elena Mora 05 00001104
101,2026-06-30,2100,Cuentas por pagar,30139.12,0.00,Pago factura INV-00070,INV-00070,CC-100 Operaciones,Bruno Garcia 02 00001104
102,2026-01-16,5000,Gastos operativos,85180.00,0.00,Registro factura INV-00005,INV-00005,CC-100 Operaciones,Carla Soto 09 00001104
103,2026-06-30,2100,Cuentas por pagar,32729.40,0.00,Pago factura INV-00184,INV-00184,CC-100 Operaciones,Bruno Garcia 02 00001104
104,2026-06-19,2100,Cuentas por pagar,110095.60,0.00,Pago factura INV-00258,INV-00258,CC-100 Operaciones,Bruno Garcia 02 00001104
105,2026-04-03,1180,IVA acreditable,2465.60,0.00,Registro factura INV-00246,INV-00246,CC-100 Operaciones,Fabian Rios 06 00001104
106,2026-03-03,1020,Bancos,0.00,99601.08,Pago factura INV-00337,INV-00337,CC-100 Operaciones,Bruno Garcia 02 00001104
107,2026-03-03,2100,Cuentas por pagar,88380.40,0.00,Pago factura INV-00359,INV-00359,CC-100 Operaciones,Bruno Garcia 02 00001104
108,2026-01-20,2100,Cuentas por pagar,0.00,38238.24,Registro factura INV-00082,INV-00082,CC-100 Operaciones,Carla Soto 03 00001104
109,2026-05-25,1020,Bancos,0.00,48551.80,Pago factura INV-00288,INV-00288,CC-100 Operaciones,Bruno Garcia 02 00001104
110,2026-01-27,2100,Cuentas por pagar,100950.16,0.00,Pago factura INV-00326,INV-00326,CC-100 Operaciones,Bruno Garcia 02 00001104
111,2026-01-19,2100,Cuentas por pagar,29786.48,0.00,Pago factura INV-00357,INV-00357,CC-100 Operaciones,Bruno Garcia 02 00001104
112,2026-03-28,1180,IVA acreditable,13318.72,0.00,Registro factura INV-00282,INV-00282,CC-100 Operaciones,Fabian Rios 06 00001104
113,2026-01-27,2100,Cuentas por pagar,0.00,94428.64,Registro factura INV-00294,INV-00294,CC-100 Operaciones,Diego Luna 10 00001104
114,2026-06-01,2100,Cuentas por pagar,71945.52,0.00,Pago factura INV-00347,INV-00347,CC-100 Operaciones,Bruno Garcia 02 00001104
115,2026-02-15,5000,Gastos operativos,19791.00,0.00,Registro factura INV-00046,INV-00046,CC-100 Operaciones,Carla Soto 09 00001104
116,2026-06-30,2100,Cuentas por pagar,33114.52,0.00,Pago factura INV-00296,INV-00296,CC-100 Operaciones,Bruno Garcia 02 00001104
117,2026-01-24,2100,Cuentas por pagar,0.00,27051.20,Registro factura INV-00291,INV-00291,CC-100 Operaciones,Ana Ruiz 07 00001104
118,2026-01-20,1020,Bancos,0.00,17433.64,Pago factura INV-00321,INV-00321,CC-100 Operaciones,Bruno Garcia 02 00001104
119,2026-06-30,2100,Cuentas por pagar,38928.44,0.00,Pago factura INV-00175,INV-00175,CC-100 Operaciones,Bruno Garcia 02 00001104
120,2026-06-22,1180,IVA acreditable,6899.52,0.00,Registro factura INV-00193,INV-00193,CC-100 Operaciones,Diego Luna 10 00001104
121,2026-05-03,1180,IVA acreditable,10282.08,0.00,Registro factura INV-00274,INV-00274,CC-100 Operaciones,Fabian Rios 06 00001104
122,2026-02-26,2100,Cuentas por pagar,0.00,63866.12,Registro factura INV-00019,INV-00019,CC-100 Operaciones,Bruno Garcia 02 00001104
123,2026-02-13,5000,Gastos operativos,41793.00,0.00,Registro factura INV-00272,INV-00272,CC-100 Operaciones,Bruno Garcia 02 00001104
124,2026-02-07,2100,Cuentas por pagar,0.00,105470.68,Registro factura INV-00324,INV-00324,CC-100 Operaciones,Carla Soto 09 00001104
125,2026-03-09,2100,Cuentas por pagar,20964.68,0.00,Pago factura INV-00182,INV-00182,CC-100 Operaciones,Bruno Garcia 02 00001104
126,2026-02-09,1020,Bancos,0.00,95905.32,Pago factura INV-00202,INV-00202,CC-100 Operaciones,Bruno Garcia 02 00001104
127,2026-05-09,2100,Cuentas por pagar,67295.08,0.00,Pago factura INV-00164,INV-00164,CC-100 Operaciones,Bruno Garcia 02 00001104
128,2026-06-30,1020,Bancos,0.00,107068.00,Pago factura INV-00122,INV-00122,CC-100 Operaciones,Bruno Garcia 02 00001104
129,2026-05-15,1020,Bancos,0.00,89825.76,Pago factura INV-00061,INV-00061,CC-100 Operaciones,Bruno Garcia 02 00001104
130,2026-05-01,2100,Cuentas por pagar,70959.52,0.00,Pago factura INV-00069,INV-00069,CC-100 Operaciones,Bruno Garcia 02 00001104
131,2026-03-05,2100,Cuentas por pagar,0.00,53225.44,Registro factura INV-00188,INV-00188,CC-100 Operaciones,Elena Mora 05 00001104
132,2026-02-27,5000,Gastos operativos,81001.00,0.00,Registro factura INV-00044,INV-00044,CC-100 Operaciones,Carla Soto 09 00001104
133,2026-04-27,2100,Cuentas por pagar,0.00,22990.04,Registro factura INV-00002,INV-00002,CC-100 Operaciones,Diego Luna 10 00001104
134,2026-03-12,1020,Bancos,0.00,31389.60,Pago factura INV-00099,INV-00099,CC-100 Operaciones,Bruno Garcia 02 00001104
135,2026-06-05,5000,Gastos operativos,27804.00,0.00,Registro factura INV-00160,INV-00160,CC-100 Operaciones,Carla Soto 03 00001104
136,2026-02-24,5000,Gastos operativos,41368.00,0.00,Registro factura INV-00006,INV-00006,CC-100 Operaciones,Bruno Garcia 08 00001104
137,2026-01-29,2100,Cuentas por pagar,71264.60,0.00,Pago factura INV-00252,INV-00252,CC-100 Operaciones,Bruno Garcia 02 00001104
138,2026-02-23,2100,Cuentas por pagar,106688.68,0.00,Pago factura INV-00102,INV-00102,CC-100 Operaciones,Bruno Garcia 02 00001104
139,2026-03-27,2100,Cuentas por pagar,0.00,57207.72,Registro factura INV-00242,INV-00242,CC-100 Operaciones,Carla Soto 09 00001104
140,2026-05-27,2100,Cuentas por pagar,0.00,40053.64,Registro factura INV-00139,INV-00139,CC-100 Operaciones,Bruno Garcia 02 00001104
141,2026-04-29,1180,IVA acreditable,14370.56,0.00,Registro factura INV-00078,INV-00078,CC-100 Operaciones,Diego Luna 10 00001104
142,2026-01-31,5000,Gastos operativos,89532.00,0.00,Registro factura INV-00137,INV-00137,CC-100 Operaciones,Diego Luna 04 00001104
143,2026-04-13,2100,Cuentas por pagar,0.00,23619.92,Registro factura INV-00316,INV-00316,CC-100 Operaciones,Bruno Garcia 08 00001104
144,2026-05-28,1180,IVA acreditable,7291.20,0.00,Registro factura INV-00155,INV-00155,CC-100 Operaciones,Carla Soto 09 00001104
145,2026-02-12,1020,Bancos,0.00,90133.16,Pago factura INV-00031,INV-00031,CC-100 Operaciones,Bruno Garcia 02 00001104
146,2026-06-27,1180,IVA acreditable,5229.76,0.00,Registro factura INV-00144,INV-00144,CC-100 Operaciones,Carla Soto 03 00001104
147,2026-02-08,1020,Bancos,0.00,46702.76,Pago factura INV-00034,INV-00034,CC-100 Operaciones,Bruno Garcia 02 00001104
148,2026-03-06,1180,IVA acreditable,3043.20,0.00,Registro factura INV-00262,INV-00262,CC-100 Operaciones,Diego Luna 04 00001104
149,2026-05-26,2100,Cuentas por pagar,67554.92,0.00,Pago factura INV-00208,INV-00208,CC-100 Operaciones,Bruno Garcia 02 00001104
150,2026-01-10,2100,Cuentas por pagar,0.00,17433.64,Registro factura INV-00321,INV-00321,CC-100 Operaciones,Ana Ruiz 07 00001104
151,2026-06-16,2100,Cuentas por pagar,84922.44,0.00,Pago factura INV-00305,INV-00305,CC-100 Operaciones,Bruno Garcia 02 00001104
152,2026-04-16,1020,Bancos,0.00,57031.40,Pago factura INV-00075,INV-00075,CC-100 Operaciones,Bruno Garcia 02 00001104
153,2026-02-22,2100,Cuentas por pagar,36939.04,0.00,Pago factura INV-00092,INV-00092,CC-100 Operaciones,Bruno Garcia 02 00001104
154,2026-03-15,1180,IVA acreditable,3891.20,0.00,Registro factura INV-00212,INV-00212,CC-100 Operaciones,Carla Soto 03 00001104
155,2026-05-09,1180,IVA acreditable,8626.72,0.00,Registro factura INV-00263,INV-00263,CC-100 Operaciones,Fabian Rios 06 00001104
156,2026-02-15,2100,Cuentas por pagar,32252.64,0.00,Pago factura INV-00318,INV-00318,CC-100 Operaciones,Bruno Garcia 02 00001104
157,2026-03-04,1020,Bancos,0.00,72433.88,Pago factura INV-00039,INV-00039,CC-100 Operaciones,Bruno Garcia 02 00001104
158,2026-03-26,1020,Bancos,0.00,103222.60,Pago factura INV-00096,INV-00096,CC-100 Operaciones,Bruno Garcia 02 00001104
159,2026-03-26,1180,IVA acreditable,3099.68,0.00,Registro factura INV-00055,INV-00055,CC-100 Operaciones,Diego Luna 04 00001104
160,2026-01-16,2100,Cuentas por pagar,0.00,98808.80,Registro factura INV-00005,INV-00005,CC-100 Operaciones,Carla Soto 09 00001104
161,2026-06-02,1180,IVA acreditable,15108.16,0.00,Registro factura INV-00148,INV-00148,CC-100 Operaciones,Bruno Garcia 02 00001104
162,2026-03-30,1180,IVA acreditable,12627.52,0.00,Registro factura INV-00107,INV-00107,CC-100 Operaciones,Bruno Garcia 08 00001104
163,2026-06-30,2100,Cuentas por pagar,14849.16,0.00,Pago factura INV-00057,INV-00057,CC-100 Operaciones,Bruno Garcia 02 00001104
164,2026-04-05,1180,IVA acreditable,4064.00,0.00,Registro factura INV-00076,INV-00076,CC-100 Operaciones,Fabian Rios 06 00001104
165,2026-05-31,1020,Bancos,0.00,66284.72,Pago factura INV-00104,INV-00104,CC-100 Operaciones,Bruno Garcia 02 00001104
166,2026-06-13,5000,Gastos operativos,16077.00,0.00,Registro factura INV-00244,INV-00244,CC-100 Operaciones,Carla Soto 03 00001104
167,2026-04-26,2100,Cuentas por pagar,46999.72,0.00,Pago factura INV-00173,INV-00173,CC-100 Operaciones,Bruno Garcia 02 00001104
168,2026-05-22,2100,Cuentas por pagar,0.00,71945.52,Registro factura INV-00347,INV-00347,CC-100 Operaciones,Ana Ruiz 01 00001104
169,2026-05-31,1180,IVA acreditable,12294.40,0.00,Registro factura INV-00071,INV-00071,CC-100 Operaciones,Diego Luna 10 00001104
170,2026-04-15,2100,Cuentas por pagar,29464.00,0.00,Pago factura INV-00076,INV-00076,CC-100 Operaciones,Bruno Garcia 02 00001104
171,2026-03-18,2100,Cuentas por pagar,0.00,49637.56,Registro factura INV-00350,INV-00350,CC-100 Operaciones,Diego Luna 10 00001104
172,2026-02-26,1020,Bancos,0.00,64823.12,Pago factura INV-00178,INV-00178,CC-100 Operaciones,Bruno Garcia 02 00001104
173,2026-03-05,1180,IVA acreditable,4448.64,0.00,Registro factura INV-00001,INV-00001,CC-100 Operaciones,Diego Luna 10 00001104
174,2026-05-23,1020,Bancos,0.00,12212.02,Pago factura INV-00277,INV-00277,CC-100 Operaciones,Bruno Garcia 02 00001104
175,2026-02-14,2100,Cuentas por pagar,0.00,48999.56,Registro factura INV-00038,INV-00038,CC-100 Operaciones,Bruno Garcia 02 00001104
176,2026-01-31,2100,Cuentas por pagar,109038.84,0.00,Pago factura INV-00309,INV-00309,CC-100 Operaciones,Bruno Garcia 02 00001104
177,2026-04-18,5000,Gastos operativos,50566.00,0.00,Registro factura INV-00362,INV-00362,CC-100 Operaciones,Ana Ruiz 01 00001104
178,2026-06-06,1180,IVA acreditable,11713.44,0.00,Registro factura INV-00305,INV-00305,CC-100 Operaciones,Fabian Rios 06 00001104
179,2026-06-30,2100,Cuentas por pagar,48708.40,0.00,Pago factura INV-00310,INV-00310,CC-100 Operaciones,Bruno Garcia 02 00001104
180,2026-01-26,5000,Gastos operativos,47931.00,0.00,Registro factura INV-00091,INV-00091,CC-100 Operaciones,Ana Ruiz 01 00001104
181,2026-02-16,5000,Gastos operativos,62259.00,0.00,Registro factura INV-00068,INV-00068,CC-100 Operaciones,Bruno Garcia 08 00001104
182,2026-06-25,1180,IVA acreditable,10599.84,0.00,Registro factura INV-00314,INV-00314,CC-100 Operaciones,Ana Ruiz 01 00001104
183,2026-05-28,1020,Bancos,0.00,25745.04,Pago factura INV-00259,INV-00259,CC-100 Operaciones,Bruno Garcia 02 00001104
184,2026-05-26,5000,Gastos operativos,67090.00,0.00,Registro factura INV-00217,INV-00217,CC-100 Operaciones,Ana Ruiz 07 00001104
185,2026-02-17,5000,Gastos operativos,33259.00,0.00,Registro factura INV-00118,INV-00118,CC-100 Operaciones,Elena Mora 05 00001104
186,2026-03-19,1180,IVA acreditable,13757.76,0.00,Registro factura INV-00355,INV-00355,CC-100 Operaciones,Carla Soto 09 00001104
187,2026-06-20,1020,Bancos,0.00,35286.04,Pago factura INV-00162,INV-00162,CC-100 Operaciones,Bruno Garcia 02 00001104
188,2026-05-15,2100,Cuentas por pagar,103124.00,0.00,Pago factura INV-00124,INV-00124,CC-100 Operaciones,Bruno Garcia 02 00001104
189,2026-02-20,1180,IVA acreditable,4063.20,0.00,Registro factura INV-00228,INV-00228,CC-100 Operaciones,Diego Luna 04 00001104
190,2026-01-19,2100,Cuentas por pagar,0.00,71264.60,Registro factura INV-00252,INV-00252,CC-100 Operaciones,Bruno Garcia 08 00001104
191,2026-02-11,2100,Cuentas por pagar,0.00,24781.08,Registro factura INV-00275,INV-00275,CC-100 Operaciones,Carla Soto 03 00001104
192,2026-06-18,2100,Cuentas por pagar,0.00,53757.88,Registro factura INV-00052,INV-00052,CC-100 Operaciones,Fabian Rios 06 00001104
193,2026-06-03,1020,Bancos,0.00,70102.28,Pago factura INV-00053,INV-00053,CC-100 Operaciones,Bruno Garcia 02 00001104
194,2026-04-14,2100,Cuentas por pagar,0.00,77099.40,Registro factura INV-00054,INV-00054,CC-100 Operaciones,Ana Ruiz 07 00001104
195,2026-02-06,1020,Bancos,0.00,94428.64,Pago factura INV-00294,INV-00294,CC-100 Operaciones,Bruno Garcia 02 00001104
196,2026-05-22,2100,Cuentas por pagar,107188.64,0.00,Pago factura INV-00145,INV-00145,CC-100 Operaciones,Bruno Garcia 02 00001104
197,2026-02-05,1180,IVA acreditable,4211.04,0.00,Registro factura INV-00329,INV-00329,CC-100 Operaciones,Carla Soto 03 00001104
198,2026-05-06,2100,Cuentas por pagar,14211.16,0.00,Pago factura INV-00348,INV-00348,CC-100 Operaciones,Bruno Garcia 02 00001104
199,2026-06-07,1180,IVA acreditable,14992.00,0.00,Registro factura INV-00320,INV-00320,CC-100 Operaciones,Carla Soto 03 00001104
200,2026-01-25,2100,Cuentas por pagar,0.00,77800.04,Registro factura INV-00062,INV-00062,CC-100 Operaciones,Fabian Rios 06 00001104
201,2026-05-22,1180,IVA acreditable,9923.52,0.00,Registro factura INV-00347,INV-00347,CC-100 Operaciones,Ana Ruiz 01 00001104
202,2026-05-03,2100,Cuentas por pagar,0.00,74545.08,Registro factura INV-00274,INV-00274,CC-100 Operaciones,Fabian Rios 06 00001104
203,2026-02-18,1020,Bancos,0.00,19855.72,Pago factura INV-00180,INV-00180,CC-100 Operaciones,Bruno Garcia 02 00001104
204,2026-01-14,5000,Gastos operativos,86278.00,0.00,Registro factura INV-00232,INV-00232,CC-100 Operaciones,Carla Soto 03 00001104
205,2026-04-25,1020,Bancos,0.00,68633.72,Pago factura INV-00250,INV-00250,CC-100 Operaciones,Bruno Garcia 02 00001104
206,2026-01-18,2100,Cuentas por pagar,0.00,100965.24,Registro factura INV-00213,INV-00213,CC-100 Operaciones,Carla Soto 09 00001104
207,2026-05-12,2100,Cuentas por pagar,18318.02,0.00,Pago factura INV-00277,INV-00277,CC-100 Operaciones,Bruno Garcia 02 00001104
208,2026-01-11,5000,Gastos operativos,61384.00,0.00,Registro factura INV-00225,INV-00225,CC-100 Operaciones,Fabian Rios 06 00001104
209,2026-06-30,2100,Cuentas por pagar,107068.00,0.00,Pago factura INV-00122,INV-00122,CC-100 Operaciones,Bruno Garcia 02 00001104
210,2026-05-14,5000,Gastos operativos,46978.00,0.00,Registro factura INV-00261,INV-00261,CC-100 Operaciones,Carla Soto 09 00001104
211,2026-01-24,5000,Gastos operativos,89541.00,0.00,Registro factura INV-00287,INV-00287,CC-100 Operaciones,Carla Soto 09 00001104
212,2026-02-03,1020,Bancos,0.00,27051.20,Pago factura INV-00291,INV-00291,CC-100 Operaciones,Bruno Garcia 02 00001104
213,2026-01-19,2100,Cuentas por pagar,0.00,21630.52,Registro factura INV-00189,INV-00189,CC-100 Operaciones,Fabian Rios 06 00001104
214,2026-02-16,2080,IVA trasladado,0.00,9840.00,Registro venta INV-00331,INV-00331,CC-100 Operaciones,Bruno Garcia 02 00001104
215,2026-04-15,5000,Gastos operativos,59167.00,0.00,Registro factura INV-00250,INV-00250,CC-100 Operaciones,Bruno Garcia 02 00001104
216,2026-04-04,2100,Cuentas por pagar,33209.64,0.00,Pago factura INV-00093,INV-00093,CC-100 Operaciones,Bruno Garcia 02 00001104
217,2026-04-12,1020,Bancos,0.00,39815.84,Pago factura INV-00165,INV-00165,CC-100 Operaciones,Bruno Garcia 02 00001104
218,2026-02-22,2100,Cuentas por pagar,0.00,49934.52,Registro factura INV-00356,INV-00356,CC-100 Operaciones,Fabian Rios 06 00001104
219,2026-06-03,1180,IVA acreditable,13279.84,0.00,Registro factura INV-00059,INV-00059,CC-100 Operaciones,Carla Soto 09 00001104
220,2026-06-27,2100,Cuentas por pagar,39865.72,0.00,Pago factura INV-00179,INV-00179,CC-100 Operaciones,Bruno Garcia 02 00001104
221,2026-01-21,5000,Gastos operativos,77045.00,0.00,Registro factura INV-00136,INV-00136,CC-100 Operaciones,Diego Luna 10 00001104
222,2026-01-12,5000,Gastos operativos,44622.00,0.00,Registro factura INV-00032,INV-00032,CC-100 Operaciones,Ana Ruiz 01 00001104
223,2026-03-17,1180,IVA acreditable,12796.80,0.00,Registro factura INV-00163,INV-00163,CC-100 Operaciones,Carla Soto 03 00001104
224,2026-03-21,5000,Gastos operativos,14637.00,0.00,Registro factura INV-00127,INV-00127,CC-100 Operaciones,Ana Ruiz 01 00001104
225,2026-06-04,5000,Gastos operativos,81899.00,0.00,Registro factura INV-00035,INV-00035,CC-100 Operaciones,Diego Luna 04 00001104
226,2026-03-16,2100,Cuentas por pagar,0.00,103222.60,Registro factura INV-00096,INV-00096,CC-100 Operaciones,Fabian Rios 06 00001104
227,2026-03-27,5000,Gastos operativos,49317.00,0.00,Registro factura INV-00242,INV-00242,CC-100 Operaciones,Carla Soto 09 00001104
228,2026-03-10,1180,IVA acreditable,5030.24,0.00,Registro factura INV-00149,INV-00149,CC-100 Operaciones,Diego Luna 10 00001104
229,2026-05-20,2100,Cuentas por pagar,48583.12,0.00,Pago factura INV-00097,INV-00097,CC-100 Operaciones,Bruno Garcia 02 00001104
230,2026-02-14,1020,Bancos,0.00,69598.84,Pago factura INV-00223,INV-00223,CC-100 Operaciones,Bruno Garcia 02 00001104
231,2026-02-05,5000,Gastos operativos,28813.00,0.00,Registro factura INV-00130,INV-00130,CC-100 Operaciones,Elena Mora 05 00001104
232,2026-05-26,2100,Cuentas por pagar,0.00,26341.28,Registro factura INV-00251,INV-00251,CC-100 Operaciones,Elena Mora 05 00001104
233,2026-02-09,5000,Gastos operativos,27767.00,0.00,Registro factura INV-00012,INV-00012,CC-100 Operaciones,Ana Ruiz 01 00001104
234,2026-02-25,1020,Bancos,0.00,22957.56,Pago factura INV-00046,INV-00046,CC-100 Operaciones,Bruno Garcia 02 00001104
235,2026-02-16,1050,Cuentas por cobrar,71340.00,0.00,Registro venta INV-00331,INV-00331,CC-100 Operaciones,Bruno Garcia 02 00001104
236,2026-01-10,2100,Cuentas por pagar,0.00,36577.12,Registro factura INV-00108,INV-00108,CC-100 Operaciones,Carla Soto 09 00001104
237,2026-04-30,1020,Bancos,0.00,52225.52,Pago factura INV-00098,INV-00098,CC-100 Operaciones,Bruno Garcia 02 00001104
238,2026-02-08,1020,Bancos,44080.00,0.00,Cobro factura INV-00238,INV-00238,CC-100 Operaciones,Bruno Garcia 02 00001104
239,2026-01-11,2100,Cuentas por pagar,0.00,75387.24,Registro factura INV-00023,INV-00023,CC-100 Operaciones,Diego Luna 04 00001104
240,2026-03-21,2100,Cuentas por pagar,46360.56,0.00,Pago factura INV-00132,INV-00132,CC-100 Operaciones,Bruno Garcia 02 00001104
241,2026-06-24,2100,Cuentas por pagar,0.00,92482.16,Registro factura INV-00271,INV-00271,CC-100 Operaciones,Bruno Garcia 02 00001104
242,2026-05-09,5000,Gastos operativos,53917.00,0.00,Registro factura INV-00263,INV-00263,CC-100 Operaciones,Fabian Rios 06 00001104
243,2026-02-14,5000,Gastos operativos,42241.00,0.00,Registro factura INV-00038,INV-00038,CC-100 Operaciones,Bruno Garcia 02 00001104
244,2026-04-30,5000,Gastos operativos,18631.00,0.00,Registro factura INV-00237,INV-00237,CC-100 Operaciones,Ana Ruiz 07 00001104
245,2026-06-15,5000,Gastos operativos,33815.00,0.00,Registro factura INV-00363,INV-00363,CC-100 Operaciones,Elena Mora 05 00001104
246,2026-04-05,2100,Cuentas por pagar,0.00,32252.64,Registro factura INV-00133,INV-00133,CC-100 Operaciones,Ana Ruiz 01 00001104
247,2026-03-02,1020,Bancos,0.00,29458.20,Pago factura INV-00228,INV-00228,CC-100 Operaciones,Bruno Garcia 02 00001104
248,2026-04-11,1180,IVA acreditable,9607.84,0.00,Registro factura INV-00323,INV-00323,CC-100 Operaciones,Fabian Rios 06 00001104
249,2026-05-29,5000,Gastos operativos,86423.00,0.00,Registro factura INV-00307,INV-00307,CC-100 Operaciones,Fabian Rios 06 00001104
250,2026-03-08,2100,Cuentas por pagar,55886.48,0.00,Pago factura INV-00221,INV-00221,CC-100 Operaciones,Bruno Garcia 02 00001104
251,2026-04-05,2100,Cuentas por pagar,0.00,30530.04,Registro factura INV-00201,INV-00201,CC-100 Operaciones,Elena Mora 05 00001104
252,2026-02-11,1180,IVA acreditable,6294.40,0.00,Registro factura INV-00109,INV-00109,CC-100 Operaciones,Elena Mora 05 00001104
253,2026-01-19,1180,IVA acreditable,2983.52,0.00,Registro factura INV-00189,INV-00189,CC-100 Operaciones,Fabian Rios 06 00001104
254,2026-01-26,1180,IVA acreditable,7668.96,0.00,Registro factura INV-00091,INV-00091,CC-100 Operaciones,Ana Ruiz 01 00001104
255,2026-02-22,1180,IVA acreditable,9990.88,0.00,Registro factura INV-00039,INV-00039,CC-100 Operaciones,Diego Luna 04 00001104
256,2026-04-02,2100,Cuentas por pagar,80680.32,0.00,Pago factura INV-00064,INV-00064,CC-100 Operaciones,Bruno Garcia 02 00001104
257,2026-03-25,1180,IVA acreditable,4580.64,0.00,Registro factura INV-00093,INV-00093,CC-100 Operaciones,Ana Ruiz 07 00001104
258,2026-01-14,1180,IVA acreditable,13804.48,0.00,Registro factura INV-00232,INV-00232,CC-100 Operaciones,Carla Soto 03 00001104
259,2026-06-21,2100,Cuentas por pagar,0.00,30146.08,Registro factura INV-00243,INV-00243,CC-100 Operaciones,Carla Soto 03 00001104
260,2026-05-03,2100,Cuentas por pagar,37370.56,0.00,Pago factura INV-00333,INV-00333,CC-100 Operaciones,Bruno Garcia 02 00001104
261,2026-04-07,1180,IVA acreditable,11204.48,0.00,Registro factura INV-00187,INV-00187,CC-100 Operaciones,Bruno Garcia 08 00001104
262,2026-04-19,5000,Gastos operativos,67416.00,0.00,Registro factura INV-00235,INV-00235,CC-100 Operaciones,Bruno Garcia 08 00001104
263,2026-01-30,5000,Gastos operativos,82677.00,0.00,Registro factura INV-00202,INV-00202,CC-100 Operaciones,Carla Soto 09 00001104
264,2026-02-13,1180,IVA acreditable,6686.88,0.00,Registro factura INV-00272,INV-00272,CC-100 Operaciones,Bruno Garcia 02 00001104
265,2026-04-16,1180,IVA acreditable,6482.72,0.00,Registro factura INV-00173,INV-00173,CC-100 Operaciones,Carla Soto 09 00001104
266,2026-02-27,1180,IVA acreditable,12960.16,0.00,Registro factura INV-00044,INV-00044,CC-100 Operaciones,Carla Soto 09 00001104
267,2026-05-22,5000,Gastos operativos,62022.00,0.00,Registro factura INV-00347,INV-00347,CC-100 Operaciones,Ana Ruiz 01 00001104
268,2026-06-04,2100,Cuentas por pagar,0.00,74223.76,Registro factura INV-00056,INV-00056,CC-100 Operaciones,Fabian Rios 06 00001104
269,2026-03-23,1020,Bancos,0.00,51796.32,Pago factura INV-00033,INV-00033,CC-100 Operaciones,Bruno Garcia 02 00001104
270,2026-04-16,1020,Bancos,0.00,45520.72,Pago factura INV-00360,INV-00360,CC-100 Operaciones,Bruno Garcia 02 00001104
271,2026-01-23,1180,IVA acreditable,14611.36,0.00,Registro factura INV-00236,INV-00236,CC-100 Operaciones,Bruno Garcia 02 00001104
272,2026-02-22,5000,Gastos operativos,43047.00,0.00,Registro factura INV-00356,INV-00356,CC-100 Operaciones,Fabian Rios 06 00001104
273,2026-06-13,5000,Gastos operativos,72815.00,0.00,Registro factura INV-00230,INV-00230,CC-100 Operaciones,Ana Ruiz 01 00001104
274,2026-05-04,2100,Cuentas por pagar,0.00,94514.48,Registro factura INV-00003,INV-00003,CC-100 Operaciones,Carla Soto 03 00001104
275,2026-05-04,5000,Gastos operativos,76183.00,0.00,Registro factura INV-00254,INV-00254,CC-100 Operaciones,Elena Mora 05 00001104
276,2026-05-11,2100,Cuentas por pagar,65780.12,0.00,Pago factura INV-00211,INV-00211,CC-100 Operaciones,Bruno Garcia 02 00001104
277,2026-04-04,2100,Cuentas por pagar,25409.80,0.00,Pago factura INV-00067,INV-00067,CC-100 Operaciones,Bruno Garcia 02 00001104
278,2026-04-01,2100,Cuentas por pagar,81524.80,0.00,Pago factura INV-00146,INV-00146,CC-100 Operaciones,Bruno Garcia 02 00001104
279,2026-03-23,1020,Bancos,0.00,109988.88,Pago factura INV-00183,INV-00183,CC-100 Operaciones,Bruno Garcia 02 00001104
280,2026-06-05,2100,Cuentas por pagar,0.00,33423.08,Registro factura INV-00298,INV-00298,CC-100 Operaciones,Carla Soto 09 00001104
281,2026-06-07,2100,Cuentas por pagar,0.00,100465.28,Registro factura INV-00354,INV-00354,CC-100 Operaciones,Elena Mora 05 00001104
282,2026-02-28,1180,IVA acreditable,5506.56,0.00,Registro factura INV-00260,INV-00260,CC-100 Operaciones,Fabian Rios 06 00001104
283,2026-05-14,2100,Cuentas por pagar,0.00,55181.20,Registro factura INV-00319,INV-00319,CC-100 Operaciones,Ana Ruiz 07 00001104
284,2026-05-11,2100,Cuentas por pagar,0.00,94696.60,Registro factura INV-00101,INV-00101,CC-100 Operaciones,Bruno Garcia 08 00001104
285,2026-04-08,2100,Cuentas por pagar,0.00,53071.16,Registro factura INV-00248,INV-00248,CC-100 Operaciones,Elena Mora 05 00001104
286,2026-06-01,1180,IVA acreditable,8758.24,0.00,Registro factura INV-00210,INV-00210,CC-100 Operaciones,Carla Soto 03 00001104
287,2026-06-14,1180,IVA acreditable,3358.88,0.00,Registro factura INV-00256,INV-00256,CC-100 Operaciones,Diego Luna 10 00001104
288,2026-02-23,1020,Bancos,0.00,48479.88,Pago factura INV-00272,INV-00272,CC-100 Operaciones,Bruno Garcia 02 00001104
289,2026-06-05,2100,Cuentas por pagar,0.00,30530.04,Registro factura INV-00338,INV-00338,CC-100 Operaciones,Ana Ruiz 07 00001104
290,2026-05-11,2100,Cuentas por pagar,73387.40,0.00,Pago factura INV-00286,INV-00286,CC-100 Operaciones,Bruno Garcia 02 00001104
291,2026-05-29,1020,Bancos,0.00,23611.80,Pago factura INV-00081,INV-00081,CC-100 Operaciones,Bruno Garcia 02 00001104
292,2026-05-29,1180,IVA acreditable,5994.88,0.00,Registro factura INV-00080,INV-00080,CC-100 Operaciones,Diego Luna 04 00001104
293,2026-06-09,2100,Cuentas por pagar,0.00,40465.44,Registro factura INV-00073,INV-00073,CC-100 Operaciones,Elena Mora 05 00001104
294,2026-02-05,1180,IVA acreditable,4448.64,0.00,Registro factura INV-00318,INV-00318,CC-100 Operaciones,Carla Soto 09 00001104
295,2026-04-03,5000,Gastos operativos,15410.00,0.00,Registro factura INV-00246,INV-00246,CC-100 Operaciones,Fabian Rios 06 00001104
296,2026-04-22,1020,Bancos,0.00,67442.40,Pago factura INV-00140,INV-00140,CC-100 Operaciones,Bruno Garcia 02 00001104
297,2026-06-25,5000,Gastos operativos,12801.00,0.00,Registro factura INV-00057,INV-00057,CC-100 Operaciones,Carla Soto 09 00001104
298,2026-06-08,1020,Bancos,0.00,100250.68,Pago factura INV-00307,INV-00307,CC-100 Operaciones,Bruno Garcia 02 00001104
299,2026-06-15,1020,Bancos,0.00,32252.64,Pago factura INV-00160,INV-00160,CC-100 Operaciones,Bruno Garcia 02 00001104
300,2026-06-30,1020,Bancos,0.00,75206.28,Pago factura INV-00301,INV-00301,CC-100 Operaciones,Bruno Garcia 02 00001104
301,2026-04-29,2100,Cuentas por pagar,105055.40,0.00,Pago factura INV-00299,INV-00299,CC-100 Operaciones,Bruno Garcia 02 00001104
302,2026-02-19,1180,IVA acreditable,14435.04,0.00,Registro factura INV-00240,INV-00240,CC-100 Operaciones,Ana Ruiz 07 00001104
303,2026-03-02,2100,Cuentas por pagar,0.00,92989.08,Registro factura INV-00058,INV-00058,CC-100 Operaciones,Bruno Garcia 08 00001104
304,2026-06-08,1180,IVA acreditable,13345.44,0.00,Registro factura INV-00017,INV-00017,CC-100 Operaciones,Diego Luna 10 00001104
305,2026-06-04,1180,IVA acreditable,13103.84,0.00,Registro factura INV-00035,INV-00035,CC-100 Operaciones,Diego Luna 04 00001104
306,2026-01-23,2100,Cuentas por pagar,12212.02,0.00,Pago factura INV-00014,INV-00014,CC-100 Operaciones,Bruno Garcia 02 00001104
307,2026-04-26,1020,Bancos,0.00,43288.88,Pago factura INV-00185,INV-00185,CC-100 Operaciones,Bruno Garcia 02 00001104
308,2026-02-22,1020,Bancos,0.00,30872.24,Pago factura INV-00224,INV-00224,CC-100 Operaciones,Bruno Garcia 02 00001104
309,2026-02-01,1180,IVA acreditable,6080.96,0.00,Registro factura INV-00219,INV-00219,CC-100 Operaciones,Ana Ruiz 01 00001104
310,2026-02-13,2100,Cuentas por pagar,39194.08,0.00,Pago factura INV-00151,INV-00151,CC-100 Operaciones,Bruno Garcia 02 00001104
311,2026-02-23,5000,Gastos operativos,56567.00,0.00,Registro factura INV-00267,INV-00267,CC-100 Operaciones,Ana Ruiz 01 00001104
312,2026-02-20,2100,Cuentas por pagar,59324.72,0.00,Pago factura INV-00226,INV-00226,CC-100 Operaciones,Bruno Garcia 02 00001104
313,2026-03-14,2100,Cuentas por pagar,0.00,22643.20,Registro factura INV-00303,INV-00303,CC-100 Operaciones,Fabian Rios 06 00001104
314,2026-04-08,1020,Bancos,0.00,109305.64,Pago factura INV-00134,INV-00134,CC-100 Operaciones,Bruno Garcia 02 00001104
315,2026-06-10,5000,Gastos operativos,55414.00,0.00,Registro factura INV-00264,INV-00264,CC-100 Operaciones,Diego Luna 04 00001104
316,2026-02-10,5000,Gastos operativos,51142.00,0.00,Registro factura INV-00226,INV-00226,CC-100 Operaciones,Diego Luna 10 00001104
317,2026-03-21,5000,Gastos operativos,45542.00,0.00,Registro factura INV-00125,INV-00125,CC-100 Operaciones,Carla Soto 09 00001104
318,2026-06-12,2100,Cuentas por pagar,0.00,18413.84,Registro factura INV-00361,INV-00361,CC-100 Operaciones,Fabian Rios 06 00001104
319,2026-06-21,5000,Gastos operativos,25988.00,0.00,Registro factura INV-00243,INV-00243,CC-100 Operaciones,Carla Soto 03 00001104
320,2026-02-09,1180,IVA acreditable,10236.96,0.00,Registro factura INV-00349,INV-00349,CC-100 Operaciones,Carla Soto 03 00001104
321,2026-02-06,2100,Cuentas por pagar,94428.64,0.00,Pago factura INV-00294,INV-00294,CC-100 Operaciones,Bruno Garcia 02 00001104
322,2026-03-10,5000,Gastos operativos,31439.00,0.00,Registro factura INV-00149,INV-00149,CC-100 Operaciones,Diego Luna 10 00001104
323,2026-05-04,1180,IVA acreditable,12189.28,0.00,Registro factura INV-00254,INV-00254,CC-100 Operaciones,Elena Mora 05 00001104
324,2026-04-21,1020,Bancos,0.00,85640.48,Pago factura INV-00090,INV-00090,CC-100 Operaciones,Bruno Garcia 02 00001104
325,2026-02-23,2100,Cuentas por pagar,0.00,65617.72,Registro factura INV-00267,INV-00267,CC-100 Operaciones,Ana Ruiz 01 00001104
326,2026-01-09,5000,Gastos operativos,66087.00,0.00,Registro factura INV-00218,INV-00218,CC-100 Operaciones,Bruno Garcia 02 00001104
327,2026-05-21,1020,Bancos,0.00,94696.60,Pago factura INV-00101,INV-00101,CC-100 Operaciones,Bruno Garcia 02 00001104
328,2026-04-13,1180,IVA acreditable,7161.92,0.00,Registro factura INV-00159,INV-00159,CC-100 Operaciones,Diego Luna 10 00001104
329,2026-03-31,1020,Bancos,0.00,16978.92,Pago factura INV-00127,INV-00127,CC-100 Operaciones,Bruno Garcia 02 00001104
330,2026-03-28,2100,Cuentas por pagar,82505.00,0.00,Pago factura INV-00112,INV-00112,CC-100 Operaciones,Bruno Garcia 02 00001104
331,2026-06-26,2100,Cuentas por pagar,21272.08,0.00,Pago factura INV-00280,INV-00280,CC-100 Operaciones,Bruno Garcia 02 00001104
332,2026-05-12,5000,Gastos operativos,89589.00,0.00,Registro factura INV-00295,INV-00295,CC-100 Operaciones,Ana Ruiz 07 00001104
333,2026-04-15,5000,Gastos operativos,52146.00,0.00,Registro factura INV-00247,INV-00247,CC-100 Operaciones,Diego Luna 10 00001104
334,2026-01-05,5000,Gastos operativos,28813.00,0.00,Registro factura INV-00074,INV-00074,CC-100 Operaciones,Diego Luna 04 00001104
335,2026-02-08,5000,Gastos operativos,55223.00,0.00,Registro factura INV-00214,INV-00214,CC-100 Operaciones,Diego Luna 04 00001104
336,2026-05-27,2100,Cuentas por pagar,0.00,32863.96,Registro factura INV-00106,INV-00106,CC-100 Operaciones,Diego Luna 04 00001104
337,2026-06-06,5000,Gastos operativos,73209.00,0.00,Registro factura INV-00305,INV-00305,CC-100 Operaciones,Fabian Rios 06 00001104
338,2026-06-30,1020,Bancos,0.00,32040.36,Pago factura INV-00094,INV-00094,CC-100 Operaciones,Bruno Garcia 02 00001104
339,2026-02-15,2100,Cuentas por pagar,0.00,24298.52,Registro factura INV-00156,INV-00156,CC-100 Operaciones,Ana Ruiz 01 00001104
340,2026-02-13,1020,Bancos,0.00,39194.08,Pago factura INV-00151,INV-00151,CC-100 Operaciones,Bruno Garcia 02 00001104
341,2026-03-03,2100,Cuentas por pagar,0.00,66393.76,Registro factura INV-00161,INV-00161,CC-100 Operaciones,Carla Soto 03 00001104
342,2026-02-04,5000,Gastos operativos,93403.00,0.00,Registro factura INV-00289,INV-00289,CC-100 Operaciones,Diego Luna 10 00001104
343,2026-05-02,2100,Cuentas por pagar,48275.72,0.00,Pago factura INV-00063,INV-00063,CC-100 Operaciones,Bruno Garcia 02 00001104
344,2026-05-15,1180,IVA acreditable,6696.80,0.00,Registro factura INV-00288,INV-00288,CC-100 Operaciones,Diego Luna 04 00001104
345,2026-06-21,1180,IVA acreditable,4158.08,0.00,Registro factura INV-00243,INV-00243,CC-100 Operaciones,Carla Soto 03 00001104
346,2026-01-30,2100,Cuentas por pagar,0.00,95905.32,Registro factura INV-00202,INV-00202,CC-100 Operaciones,Carla Soto 09 00001104
347,2026-06-02,2100,Cuentas por pagar,91681.76,0.00,Pago factura INV-00190,INV-00190,CC-100 Operaciones,Bruno Garcia 02 00001104
348,2026-03-06,5000,Gastos operativos,19020.00,0.00,Registro factura INV-00262,INV-00262,CC-100 Operaciones,Diego Luna 04 00001104
349,2026-06-14,1180,IVA acreditable,9264.00,0.00,Registro factura INV-00169,INV-00169,CC-100 Operaciones,Bruno Garcia 08 00001104
350,2026-03-10,1020,Bancos,0.00,79664.16,Pago factura INV-00222,INV-00222,CC-100 Operaciones,Bruno Garcia 02 00001104
351,2026-05-22,1020,Bancos,0.00,107188.64,Pago factura INV-00145,INV-00145,CC-100 Operaciones,Bruno Garcia 02 00001104
352,2026-05-25,1180,IVA acreditable,14062.08,0.00,Registro factura INV-00229,INV-00229,CC-100 Operaciones,Bruno Garcia 08 00001104
353,2026-06-23,2100,Cuentas por pagar,84465.40,0.00,Pago factura INV-00230,INV-00230,CC-100 Operaciones,Bruno Garcia 02 00001104
354,2026-05-23,2100,Cuentas por pagar,13369.24,0.00,Pago factura INV-00270,INV-00270,CC-100 Operaciones,Bruno Garcia 02 00001104
355,2026-02-15,1020,Bancos,0.00,96799.68,Pago factura INV-00336,INV-00336,CC-100 Operaciones,Bruno Garcia 02 00001104
356,2026-06-12,1180,IVA acreditable,8025.92,0.00,Registro factura INV-00266,INV-00266,CC-100 Operaciones,Diego Luna 04 00001104
357,2026-04-05,1020,Bancos,0.00,22472.68,Pago factura INV-00055,INV-00055,CC-100 Operaciones,Bruno Garcia 02 00001104
358,2026-06-11,5000,Gastos operativos,22838.00,0.00,Registro factura INV-00265,INV-00265,CC-100 Operaciones,Ana Ruiz 01 00001104
359,2026-03-04,2100,Cuentas por pagar,49934.52,0.00,Pago factura INV-00356,INV-00356,CC-100 Operaciones,Bruno Garcia 02 00001104
360,2026-03-11,2100,Cuentas por pagar,108538.88,0.00,Pago factura INV-00191,INV-00191,CC-100 Operaciones,Bruno Garcia 02 00001104
361,2026-06-08,1020,Bancos,0.00,43462.88,Pago factura INV-00080,INV-00080,CC-100 Operaciones,Bruno Garcia 02 00001104
362,2026-06-12,2100,Cuentas por pagar,109534.16,0.00,Pago factura INV-00148,INV-00148,CC-100 Operaciones,Bruno Garcia 02 00001104
363,2026-01-25,2100,Cuentas por pagar,0.00,102067.24,Registro factura INV-00297,INV-00297,CC-100 Operaciones,Diego Luna 04 00001104
364,2026-02-05,2100,Cuentas por pagar,0.00,96799.68,Registro factura INV-00336,INV-00336,CC-100 Operaciones,Elena Mora 05 00001104
365,2026-06-05,1180,IVA acreditable,4211.04,0.00,Registro factura INV-00338,INV-00338,CC-100 Operaciones,Ana Ruiz 07 00001104
366,2026-02-06,1020,Bancos,0.00,88755.08,Pago factura INV-00029,INV-00029,CC-100 Operaciones,Bruno Garcia 02 00001104
367,2026-06-01,1020,Bancos,0.00,96908.72,Pago factura INV-00077,INV-00077,CC-100 Operaciones,Bruno Garcia 02 00001104
368,2026-06-15,1020,Bancos,0.00,36449.52,Pago factura INV-00007,INV-00007,CC-100 Operaciones,Bruno Garcia 02 00001104
369,2026-05-27,2100,Cuentas por pagar,107766.32,0.00,Pago factura INV-00153,INV-00153,CC-100 Operaciones,Bruno Garcia 02 00001104
370,2026-06-29,5000,Gastos operativos,21927.00,0.00,Registro factura INV-00351,INV-00351,CC-100 Operaciones,Elena Mora 05 00001104
371,2026-03-18,2100,Cuentas por pagar,0.00,82505.00,Registro factura INV-00112,INV-00112,CC-100 Operaciones,Bruno Garcia 02 00001104
372,2026-03-07,5000,Gastos operativos,75333.00,0.00,Registro factura INV-00345,INV-00345,CC-100 Operaciones,Ana Ruiz 01 00001104
373,2026-03-31,5000,Gastos operativos,62023.00,0.00,Registro factura INV-00028,INV-00028,CC-100 Operaciones,Carla Soto 03 00001104
374,2026-04-13,2100,Cuentas por pagar,0.00,51923.92,Registro factura INV-00159,INV-00159,CC-100 Operaciones,Diego Luna 10 00001104
375,2026-02-18,1180,IVA acreditable,3364.64,0.00,Registro factura INV-00353,INV-00353,CC-100 Operaciones,Diego Luna 10 00001104
376,2026-03-05,2100,Cuentas por pagar,0.00,30530.04,Registro factura INV-00292,INV-00292,CC-100 Operaciones,Diego Luna 04 00001104
377,2026-04-12,2100,Cuentas por pagar,0.00,68226.56,Registro factura INV-00152,INV-00152,CC-100 Operaciones,Carla Soto 03 00001104
378,2026-04-15,2100,Cuentas por pagar,86802.80,0.00,Pago factura INV-00004,INV-00004,CC-100 Operaciones,Bruno Garcia 02 00001104
379,2026-06-06,2100,Cuentas por pagar,40053.64,0.00,Pago factura INV-00139,INV-00139,CC-100 Operaciones,Bruno Garcia 02 00001104
380,2026-03-12,1180,IVA acreditable,6767.20,0.00,Registro factura INV-00344,INV-00344,CC-100 Operaciones,Bruno Garcia 02 00001104
381,2026-05-25,2100,Cuentas por pagar,48551.80,0.00,Pago factura INV-00288,INV-00288,CC-100 Operaciones,Bruno Garcia 02 00001104
382,2026-04-15,2100,Cuentas por pagar,30530.04,0.00,Pago factura INV-00201,INV-00201,CC-100 Operaciones,Bruno Garcia 02 00001104
383,2026-03-05,2100,Cuentas por pagar,0.00,33423.08,Registro factura INV-00172,INV-00172,CC-100 Operaciones,Fabian Rios 06 00001104
384,2026-02-10,2100,Cuentas por pagar,0.00,59324.72,Registro factura INV-00226,INV-00226,CC-100 Operaciones,Diego Luna 10 00001104
385,2026-02-21,2100,Cuentas por pagar,0.00,88380.40,Registro factura INV-00359,INV-00359,CC-100 Operaciones,Ana Ruiz 01 00001104
386,2026-06-14,2100,Cuentas por pagar,0.00,24351.88,Registro factura INV-00256,INV-00256,CC-100 Operaciones,Diego Luna 10 00001104
387,2026-04-14,5000,Gastos operativos,13287.00,0.00,Registro factura INV-00015,INV-00015,CC-100 Operaciones,Elena Mora 05 00001104
388,2026-03-03,1020,Bancos,0.00,88380.40,Pago factura INV-00359,INV-00359,CC-100 Operaciones,Bruno Garcia 02 00001104
389,2026-02-15,2100,Cuentas por pagar,96799.68,0.00,Pago factura INV-00336,INV-00336,CC-100 Operaciones,Bruno Garcia 02 00001104
390,2026-02-14,2100,Cuentas por pagar,108347.48,0.00,Pago factura INV-00289,INV-00289,CC-100 Operaciones,Bruno Garcia 02 00001104
391,2026-03-27,1180,IVA acreditable,7890.72,0.00,Registro factura INV-00242,INV-00242,CC-100 Operaciones,Carla Soto 09 00001104
392,2026-03-24,5000,Gastos operativos,30761.00,0.00,Registro factura INV-00204,INV-00204,CC-100 Operaciones,Bruno Garcia 08 00001104
393,2026-05-05,5000,Gastos operativos,27804.00,0.00,Registro factura INV-00313,INV-00313,CC-100 Operaciones,Bruno Garcia 02 00001104
394,2026-02-12,5000,Gastos operativos,26614.00,0.00,Registro factura INV-00224,INV-00224,CC-100 Operaciones,Bruno Garcia 02 00001104
395,2026-04-18,1180,IVA acreditable,8090.56,0.00,Registro factura INV-00362,INV-00362,CC-100 Operaciones,Ana Ruiz 01 00001104
396,2026-03-06,2100,Cuentas por pagar,0.00,22063.20,Registro factura INV-00262,INV-00262,CC-100 Operaciones,Diego Luna 04 00001104
397,2026-01-16,5000,Gastos operativos,86903.00,0.00,Registro factura INV-00128,INV-00128,CC-100 Operaciones,Ana Ruiz 07 00001104
398,2026-05-10,5000,Gastos operativos,39703.00,0.00,Registro factura INV-00285,INV-00285,CC-100 Operaciones,Ana Ruiz 01 00001104
399,2026-04-29,2100,Cuentas por pagar,0.00,67295.08,Registro factura INV-00164,INV-00164,CC-100 Operaciones,Bruno Garcia 02 00001104
400,2026-06-07,5000,Gastos operativos,93700.00,0.00,Registro factura INV-00320,INV-00320,CC-100 Operaciones,Carla Soto 03 00001104
401,2026-03-11,2100,Cuentas por pagar,84098.84,0.00,Pago factura INV-00279,INV-00279,CC-100 Operaciones,Bruno Garcia 02 00001104
402,2026-06-13,1180,IVA acreditable,11650.40,0.00,Registro factura INV-00230,INV-00230,CC-100 Operaciones,Ana Ruiz 01 00001104
403,2026-02-07,1020,Bancos,0.00,100060.44,Pago factura INV-00276,INV-00276,CC-100 Operaciones,Bruno Garcia 02 00001104
404,2026-06-24,2100,Cuentas por pagar,0.00,83870.32,Registro factura INV-00171,INV-00171,CC-100 Operaciones,Diego Luna 04 00001104
405,2026-01-23,2100,Cuentas por pagar,16786.36,0.00,Pago factura INV-00215,INV-00215,CC-100 Operaciones,Bruno Garcia 02 00001104
406,2026-05-28,2100,Cuentas por pagar,25745.04,0.00,Pago factura INV-00259,INV-00259,CC-100 Operaciones,Bruno Garcia 02 00001104
407,2026-02-08,2100,Cuentas por pagar,79637.48,0.00,Pago factura INV-00123,INV-00123,CC-100 Operaciones,Bruno Garcia 02 00001104
408,2026-03-19,5000,Gastos operativos,20805.00,0.00,Registro factura INV-00087,INV-00087,CC-100 Operaciones,Ana Ruiz 07 00001104
409,2026-04-05,2100,Cuentas por pagar,58890.88,0.00,Pago factura INV-00253,INV-00253,CC-100 Operaciones,Bruno Garcia 02 00001104
410,2026-02-17,2100,Cuentas por pagar,0.00,38580.44,Registro factura INV-00118,INV-00118,CC-100 Operaciones,Elena Mora 05 00001104
411,2026-01-31,1180,IVA acreditable,8587.84,0.00,Registro factura INV-00231,INV-00231,CC-100 Operaciones,Bruno Garcia 02 00001104
412,2026-03-12,1020,Bancos,0.00,92989.08,Pago factura INV-00058,INV-00058,CC-100 Operaciones,Bruno Garcia 02 00001104
413,2026-05-19,1180,IVA acreditable,3256.80,0.00,Registro factura INV-00081,INV-00081,CC-100 Operaciones,Bruno Garcia 02 00001104
414,2026-03-16,1020,Bancos,0.00,36562.04,Pago factura INV-00342,INV-00342,CC-100 Operaciones,Bruno Garcia 02 00001104
415,2026-06-30,1020,Bancos,0.00,30146.08,Pago factura INV-00243,INV-00243,CC-100 Operaciones,Bruno Garcia 02 00001104
416,2026-01-23,5000,Gastos operativos,91321.00,0.00,Registro factura INV-00236,INV-00236,CC-100 Operaciones,Bruno Garcia 02 00001104
417,2026-05-05,1180,IVA acreditable,4610.08,0.00,Registro factura INV-00270,INV-00270,CC-100 Operaciones,Bruno Garcia 08 00001104
418,2026-03-18,1180,IVA acreditable,6846.56,0.00,Registro factura INV-00350,INV-00350,CC-100 Operaciones,Diego Luna 10 00001104
419,2026-04-25,5000,Gastos operativos,54117.00,0.00,Registro factura INV-00009,INV-00009,CC-100 Operaciones,Bruno Garcia 08 00001104
420,2026-03-18,1020,Bancos,0.00,65522.60,Pago factura INV-00147,INV-00147,CC-100 Operaciones,Bruno Garcia 02 00001104
421,2026-02-25,1020,Bancos,0.00,24298.52,Pago factura INV-00156,INV-00156,CC-100 Operaciones,Bruno Garcia 02 00001104
422,2026-04-28,1020,Bancos,0.00,58656.56,Pago factura INV-00362,INV-00362,CC-100 Operaciones,Bruno Garcia 02 00001104
423,2026-04-12,2100,Cuentas por pagar,39815.84,0.00,Pago factura INV-00165,INV-00165,CC-100 Operaciones,Bruno Garcia 02 00001104
424,2026-04-09,1180,IVA acreditable,8177.28,0.00,Registro factura INV-00121,INV-00121,CC-100 Operaciones,Diego Luna 04 00001104
425,2026-04-29,2100,Cuentas por pagar,78202.56,0.00,Pago factura INV-00235,INV-00235,CC-100 Operaciones,Bruno Garcia 02 00001104
426,2026-03-13,5000,Gastos operativos,44652.00,0.00,Registro factura INV-00033,INV-00033,CC-100 Operaciones,Ana Ruiz 07 00001104
427,2026-04-20,2100,Cuentas por pagar,0.00,71112.64,Registro factura INV-00115,INV-00115,CC-100 Operaciones,Carla Soto 03 00001104
428,2026-03-15,1180,IVA acreditable,11212.48,0.00,Registro factura INV-00174,INV-00174,CC-100 Operaciones,Ana Ruiz 01 00001104
429,2026-02-08,1180,IVA acreditable,2738.72,0.00,Registro factura INV-00180,INV-00180,CC-100 Operaciones,Fabian Rios 06 00001104
430,2026-03-10,2100,Cuentas por pagar,39922.56,0.00,Pago factura INV-00260,INV-00260,CC-100 Operaciones,Bruno Garcia 02 00001104
431,2026-02-16,1020,Bancos,0.00,80962.20,Pago factura INV-00030,INV-00030,CC-100 Operaciones,Bruno Garcia 02 00001104
432,2026-05-18,5000,Gastos operativos,31975.00,0.00,Registro factura INV-00116,INV-00116,CC-100 Operaciones,Elena Mora 05 00001104
433,2026-04-21,5000,Gastos operativos,61172.00,0.00,Registro factura INV-00069,INV-00069,CC-100 Operaciones,Diego Luna 10 00001104
434,2026-01-30,2100,Cuentas por pagar,38238.24,0.00,Pago factura INV-00082,INV-00082,CC-100 Operaciones,Bruno Garcia 02 00001104
435,2026-01-30,1050,Cuentas por cobrar,44080.00,0.00,Registro venta INV-00238,INV-00238,CC-100 Operaciones,Bruno Garcia 02 00001104
436,2026-05-08,2100,Cuentas por pagar,0.00,103842.04,Registro factura INV-00199,INV-00199,CC-100 Operaciones,Carla Soto 09 00001104
437,2026-01-12,2100,Cuentas por pagar,20053.84,0.00,Pago factura INV-00074,INV-00074,CC-100 Operaciones,Bruno Garcia 02 00001104
438,2026-04-20,5000,Gastos operativos,61304.00,0.00,Registro factura INV-00115,INV-00115,CC-100 Operaciones,Carla Soto 03 00001104
439,2026-04-23,1020,Bancos,0.00,51923.92,Pago factura INV-00159,INV-00159,CC-100 Operaciones,Bruno Garcia 02 00001104
440,2026-06-07,1020,Bancos,0.00,52861.20,Pago factura INV-00155,INV-00155,CC-100 Operaciones,Bruno Garcia 02 00001104
441,2026-01-31,1180,IVA acreditable,14325.12,0.00,Registro factura INV-00137,INV-00137,CC-100 Operaciones,Diego Luna 04 00001104
442,2026-03-22,2100,Cuentas por pagar,0.00,79320.80,Registro factura INV-00143,INV-00143,CC-100 Operaciones,Bruno Garcia 08 00001104
443,2026-03-23,1020,Bancos,0.00,12901.06,Pago factura INV-00001,INV-00001,CC-100 Operaciones,Bruno Garcia 02 00001104
444,2026-05-24,2100,Cuentas por pagar,0.00,70102.28,Registro factura INV-00053,INV-00053,CC-100 Operaciones,Elena Mora 05 00001104
445,2026-01-18,1180,IVA acreditable,13926.24,0.00,Registro factura INV-00213,INV-00213,CC-100 Operaciones,Carla Soto 09 00001104
446,2026-04-10,5000,Gastos operativos,89328.00,0.00,Registro factura INV-00192,INV-00192,CC-100 Operaciones,Carla Soto 09 00001104
447,2026-02-14,2100,Cuentas por pagar,69598.84,0.00,Pago factura INV-00223,INV-00223,CC-100 Operaciones,Bruno Garcia 02 00001104
448,2026-05-05,5000,Gastos operativos,77436.00,0.00,Registro factura INV-00061,INV-00061,CC-100 Operaciones,Bruno Garcia 02 00001104
449,2026-04-18,1180,IVA acreditable,5801.76,0.00,Registro factura INV-00273,INV-00273,CC-100 Operaciones,Carla Soto 09 00001104
450,2026-05-24,1180,IVA acreditable,9669.28,0.00,Registro factura INV-00053,INV-00053,CC-100 Operaciones,Elena Mora 05 00001104
451,2026-05-29,2100,Cuentas por pagar,0.00,100250.68,Registro factura INV-00307,INV-00307,CC-100 Operaciones,Fabian Rios 06 00001104
452,2026-04-24,1180,IVA acreditable,7844.00,0.00,Registro factura INV-00358,INV-00358,CC-100 Operaciones,Ana Ruiz 01 00001104
453,2026-04-01,5000,Gastos operativos,34374.00,0.00,Registro factura INV-00042,INV-00042,CC-100 Operaciones,Diego Luna 10 00001104
454,2026-01-05,5000,Gastos operativos,26319.00,0.00,Registro factura INV-00014,INV-00014,CC-100 Operaciones,Bruno Garcia 02 00001104
455,2026-02-27,2100,Cuentas por pagar,0.00,93961.16,Registro factura INV-00044,INV-00044,CC-100 Operaciones,Carla Soto 09 00001104
456,2026-06-27,5000,Gastos operativos,32686.00,0.00,Registro factura INV-00144,INV-00144,CC-100 Operaciones,Carla Soto 03 00001104
457,2026-03-17,5000,Gastos operativos,79980.00,0.00,Registro factura INV-00163,INV-00163,CC-100 Operaciones,Carla Soto 03 00001104
458,2026-05-12,2100,Cuentas por pagar,19351.58,0.00,Pago factura INV-00313,INV-00313,CC-100 Operaciones,Bruno Garcia 02 00001104
459,2026-03-23,1180,IVA acreditable,6324.80,0.00,Registro factura INV-00022,INV-00022,CC-100 Operaciones,Carla Soto 03 00001104
460,2026-06-04,2100,Cuentas por pagar,65217.52,0.00,Pago factura INV-00060,INV-00060,CC-100 Operaciones,Bruno Garcia 02 00001104
461,2026-04-04,2100,Cuentas por pagar,0.00,16357.16,Registro factura INV-00198,INV-00198,CC-100 Operaciones,Carla Soto 09 00001104
462,2026-03-30,1020,Bancos,0.00,81496.96,Pago factura INV-00325,INV-00325,CC-100 Operaciones,Bruno Garcia 02 00001104
463,2026-02-19,1020,Bancos,0.00,32209.72,Pago factura INV-00012,INV-00012,CC-100 Operaciones,Bruno Garcia 02 00001104
464,2026-04-05,5000,Gastos operativos,28813.00,0.00,Registro factura INV-00154,INV-00154,CC-100 Operaciones,Ana Ruiz 07 00001104
465,2026-03-17,2100,Cuentas por pagar,0.00,92776.80,Registro factura INV-00163,INV-00163,CC-100 Operaciones,Carla Soto 03 00001104
466,2026-03-28,2100,Cuentas por pagar,0.00,92938.04,Registro factura INV-00352,INV-00352,CC-100 Operaciones,Diego Luna 04 00001104
467,2026-06-30,2100,Cuentas por pagar,76848.84,0.00,Pago factura INV-00314,INV-00314,CC-100 Operaciones,Bruno Garcia 02 00001104
468,2026-03-15,5000,Gastos operativos,70078.00,0.00,Registro factura INV-00174,INV-00174,CC-100 Operaciones,Ana Ruiz 01 00001104
469,2026-02-05,5000,Gastos operativos,61113.00,0.00,Registro factura INV-00157,INV-00157,CC-100 Operaciones,Ana Ruiz 07 00001104
470,2026-06-17,2100,Cuentas por pagar,108692.00,0.00,Pago factura INV-00320,INV-00320,CC-100 Operaciones,Bruno Garcia 02 00001104
471,2026-04-20,1020,Bancos,0.00,103620.48,Pago factura INV-00192,INV-00192,CC-100 Operaciones,Bruno Garcia 02 00001104
472,2026-02-02,2100,Cuentas por pagar,0.00,47919.60,Registro factura INV-00103,INV-00103,CC-100 Operaciones,Bruno Garcia 08 00001104
473,2026-01-20,2100,Cuentas por pagar,36577.12,0.00,Pago factura INV-00108,INV-00108,CC-100 Operaciones,Bruno Garcia 02 00001104
474,2026-04-11,1020,Bancos,0.00,39873.84,Pago factura INV-00042,INV-00042,CC-100 Operaciones,Bruno Garcia 02 00001104
475,2026-03-26,1020,Bancos,0.00,62250.24,Pago factura INV-00142,INV-00142,CC-100 Operaciones,Bruno Garcia 02 00001104
476,2026-01-29,2100,Cuentas por pagar,0.00,46702.76,Registro factura INV-00034,INV-00034,CC-100 Operaciones,Diego Luna 10 00001104
477,2026-05-24,1020,Bancos,0.00,54494.48,Pago factura INV-00261,INV-00261,CC-100 Operaciones,Bruno Garcia 02 00001104
478,2026-04-11,2100,Cuentas por pagar,0.00,85640.48,Registro factura INV-00090,INV-00090,CC-100 Operaciones,Diego Luna 04 00001104
479,2026-03-29,5000,Gastos operativos,40414.00,0.00,Registro factura INV-00048,INV-00048,CC-100 Operaciones,Carla Soto 03 00001104
480,2026-04-06,2100,Cuentas por pagar,0.00,57031.40,Registro factura INV-00075,INV-00075,CC-100 Operaciones,Elena Mora 05 00001104
481,2026-02-20,1020,Bancos,0.00,14290.04,Pago factura INV-00233,INV-00233,CC-100 Operaciones,Bruno Garcia 02 00001104
482,2026-06-30,1020,Bancos,0.00,30139.12,Pago factura INV-00070,INV-00070,CC-100 Operaciones,Bruno Garcia 02 00001104
483,2026-02-10,2100,Cuentas por pagar,103857.12,0.00,Pago factura INV-00137,INV-00137,CC-100 Operaciones,Bruno Garcia 02 00001104
484,2026-06-15,1020,Bancos,0.00,33423.08,Pago factura INV-00298,INV-00298,CC-100 Operaciones,Bruno Garcia 02 00001104
485,2026-03-16,1180,IVA acreditable,8586.24,0.00,Registro factura INV-00142,INV-00142,CC-100 Operaciones,Bruno Garcia 08 00001104
486,2026-05-22,2100,Cuentas por pagar,103923.24,0.00,Pago factura INV-00295,INV-00295,CC-100 Operaciones,Bruno Garcia 02 00001104
487,2026-06-25,1180,IVA acreditable,2048.16,0.00,Registro factura INV-00057,INV-00057,CC-100 Operaciones,Carla Soto 09 00001104
488,2026-03-28,2100,Cuentas por pagar,49637.56,0.00,Pago factura INV-00350,INV-00350,CC-100 Operaciones,Bruno Garcia 02 00001104
489,2026-01-14,2100,Cuentas por pagar,0.00,100082.48,Registro factura INV-00232,INV-00232,CC-100 Operaciones,Carla Soto 03 00001104
490,2026-04-15,1020,Bancos,0.00,33423.08,Pago factura INV-00154,INV-00154,CC-100 Operaciones,Bruno Garcia 02 00001104
491,2026-06-01,2100,Cuentas por pagar,0.00,61389.52,Registro factura INV-00089,INV-00089,CC-100 Operaciones,Elena Mora 05 00001104
492,2026-04-29,5000,Gastos operativos,89816.00,0.00,Registro factura INV-00078,INV-00078,CC-100 Operaciones,Diego Luna 10 00001104
493,2026-01-30,1020,Bancos,0.00,38238.24,Pago factura INV-00082,INV-00082,CC-100 Operaciones,Bruno Garcia 02 00001104
494,2026-05-31,5000,Gastos operativos,76840.00,0.00,Registro factura INV-00071,INV-00071,CC-100 Operaciones,Diego Luna 10 00001104
495,2026-02-16,2100,Cuentas por pagar,0.00,64823.12,Registro factura INV-00178,INV-00178,CC-100 Operaciones,Fabian Rios 06 00001104
496,2026-06-05,5000,Gastos operativos,28813.00,0.00,Registro factura INV-00298,INV-00298,CC-100 Operaciones,Carla Soto 09 00001104
497,2026-05-04,5000,Gastos operativos,81478.00,0.00,Registro factura INV-00003,INV-00003,CC-100 Operaciones,Carla Soto 03 00001104
498,2026-03-26,2100,Cuentas por pagar,0.00,22472.68,Registro factura INV-00055,INV-00055,CC-100 Operaciones,Diego Luna 04 00001104
499,2026-03-13,2100,Cuentas por pagar,66393.76,0.00,Pago factura INV-00161,INV-00161,CC-100 Operaciones,Bruno Garcia 02 00001104
500,2026-03-06,1020,Bancos,0.00,63657.32,Pago factura INV-00050,INV-00050,CC-100 Operaciones,Bruno Garcia 02 00001104
501,2026-05-24,2100,Cuentas por pagar,0.00,52619.92,Registro factura INV-00346,INV-00346,CC-100 Operaciones,Carla Soto 03 00001104
502,2026-05-12,2100,Cuentas por pagar,44872.28,0.00,Pago factura INV-00293,INV-00293,CC-100 Operaciones,Bruno Garcia 02 00001104
503,2026-02-24,1020,Bancos,0.00,49563.32,Pago factura INV-00119,INV-00119,CC-100 Operaciones,Bruno Garcia 02 00001104
504,2026-05-08,1180,IVA acreditable,12385.12,0.00,Registro factura INV-00239,INV-00239,CC-100 Operaciones,Ana Ruiz 01 00001104
505,2026-06-30,1020,Bancos,0.00,50021.52,Pago factura INV-00193,INV-00193,CC-100 Operaciones,Bruno Garcia 02 00001104
506,2026-04-30,1180,IVA acreditable,13404.96,0.00,Registro factura INV-00051,INV-00051,CC-100 Operaciones,Carla Soto 09 00001104
507,2026-01-20,5000,Gastos operativos,32964.00,0.00,Registro factura INV-00082,INV-00082,CC-100 Operaciones,Carla Soto 03 00001104
508,2026-03-23,2100,Cuentas por pagar,109988.88,0.00,Pago factura INV-00183,INV-00183,CC-100 Operaciones,Bruno Garcia 02 00001104
509,2026-03-30,2100,Cuentas por pagar,67172.12,0.00,Pago factura INV-00011,INV-00011,CC-100 Operaciones,Bruno Garcia 02 00001104
510,2026-04-05,1180,IVA acreditable,11972.80,0.00,Registro factura INV-00004,INV-00004,CC-100 Operaciones,Bruno Garcia 08 00001104
511,2026-06-13,1020,Bancos,0.00,79946.04,Pago factura INV-00084,INV-00084,CC-100 Operaciones,Bruno Garcia 02 00001104
512,2026-06-23,2100,Cuentas por pagar,0.00,30139.12,Registro factura INV-00070,INV-00070,CC-100 Operaciones,Elena Mora 05 00001104
513,2026-05-14,5000,Gastos operativos,47570.00,0.00,Registro factura INV-00319,INV-00319,CC-100 Operaciones,Ana Ruiz 07 00001104
514,2026-03-01,2100,Cuentas por pagar,17466.12,0.00,Pago factura INV-00196,INV-00196,CC-100 Operaciones,Bruno Garcia 02 00001104
515,2026-03-13,2100,Cuentas por pagar,0.00,51796.32,Registro factura INV-00033,INV-00033,CC-100 Operaciones,Ana Ruiz 07 00001104
516,2026-04-10,1020,Bancos,0.00,37857.76,Pago factura INV-00158,INV-00158,CC-100 Operaciones,Bruno Garcia 02 00001104
517,2026-03-07,5000,Gastos operativos,34538.00,0.00,Registro factura INV-00025,INV-00025,CC-100 Operaciones,Carla Soto 09 00001104
518,2026-04-25,2100,Cuentas por pagar,60489.36,0.00,Pago factura INV-00247,INV-00247,CC-100 Operaciones,Bruno Garcia 02 00001104
519,2026-03-14,5000,Gastos operativos,19520.00,0.00,Registro factura INV-00303,INV-00303,CC-100 Operaciones,Fabian Rios 06 00001104
520,2026-04-26,5000,Gastos operativos,41476.00,0.00,Registro factura INV-00311,INV-00311,CC-100 Operaciones,Ana Ruiz 01 00001104
521,2026-03-01,2100,Cuentas por pagar,0.00,84098.84,Registro factura INV-00279,INV-00279,CC-100 Operaciones,Ana Ruiz 01 00001104
522,2026-03-12,1180,IVA acreditable,10142.40,0.00,Registro factura INV-00176,INV-00176,CC-100 Operaciones,Diego Luna 04 00001104
523,2026-01-21,5000,Gastos operativos,0.00,22500.00,Reversion de factura cancelada INV-00135,INV-00135,CC-100 Operaciones,Bruno Garcia 02 00001104
524,2026-04-10,5000,Gastos operativos,62157.00,0.00,Registro factura INV-00177,INV-00177,CC-100 Operaciones,Ana Ruiz 01 00001104
525,2026-02-28,2100,Cuentas por pagar,15828.20,0.00,Pago factura INV-00339,INV-00339,CC-100 Operaciones,Bruno Garcia 02 00001104
526,2026-02-28,1020,Bancos,0.00,24393.64,Pago factura INV-00353,INV-00353,CC-100 Operaciones,Bruno Garcia 02 00001104
527,2026-02-10,1180,IVA acreditable,1971.04,0.00,Registro factura INV-00233,INV-00233,CC-100 Operaciones,Bruno Garcia 08 00001104
528,2026-03-06,2100,Cuentas por pagar,0.00,36562.04,Registro factura INV-00342,INV-00342,CC-100 Operaciones,Bruno Garcia 02 00001104
529,2026-03-18,2100,Cuentas por pagar,59214.52,0.00,Pago factura INV-00114,INV-00114,CC-100 Operaciones,Bruno Garcia 02 00001104
530,2026-03-11,5000,Gastos operativos,59378.00,0.00,Registro factura INV-00186,INV-00186,CC-100 Operaciones,Ana Ruiz 07 00001104
531,2026-01-22,5000,Gastos operativos,38543.00,0.00,Registro factura INV-00216,INV-00216,CC-100 Operaciones,Ana Ruiz 07 00001104
532,2026-05-19,1020,Bancos,0.00,49361.48,Pago factura INV-00340,INV-00340,CC-100 Operaciones,Bruno Garcia 02 00001104
533,2026-05-24,1180,IVA acreditable,7257.92,0.00,Registro factura INV-00346,INV-00346,CC-100 Operaciones,Carla Soto 03 00001104
534,2026-03-20,1020,Bancos,0.00,15814.28,Pago factura INV-00335,INV-00335,CC-100 Operaciones,Bruno Garcia 02 00001104
535,2026-04-16,5000,Gastos operativos,37318.00,0.00,Registro factura INV-00185,INV-00185,CC-100 Operaciones,Ana Ruiz 07 00001104
536,2026-06-13,2100,Cuentas por pagar,0.00,84465.40,Registro factura INV-00230,INV-00230,CC-100 Operaciones,Ana Ruiz 01 00001104
537,2026-04-18,2100,Cuentas por pagar,53071.16,0.00,Pago factura INV-00248,INV-00248,CC-100 Operaciones,Bruno Garcia 02 00001104
538,2026-06-29,1180,IVA acreditable,3508.32,0.00,Registro factura INV-00351,INV-00351,CC-100 Operaciones,Elena Mora 05 00001104
539,2026-05-18,1020,Bancos,0.00,89792.12,Pago factura INV-00239,INV-00239,CC-100 Operaciones,Bruno Garcia 02 00001104
540,2026-03-22,5000,Gastos operativos,68380.00,0.00,Registro factura INV-00143,INV-00143,CC-100 Operaciones,Bruno Garcia 08 00001104
541,2026-02-16,1180,IVA acreditable,8941.12,0.00,Registro factura INV-00178,INV-00178,CC-100 Operaciones,Fabian Rios 06 00001104
542,2026-02-26,2100,Cuentas por pagar,72220.44,0.00,Pago factura INV-00068,INV-00068,CC-100 Operaciones,Bruno Garcia 02 00001104
543,2026-01-15,1180,IVA acreditable,7837.76,0.00,Registro factura INV-00283,INV-00283,CC-100 Operaciones,Diego Luna 10 00001104
544,2026-03-26,5000,Gastos operativos,50768.00,0.00,Registro factura INV-00253,INV-00253,CC-100 Operaciones,Bruno Garcia 02 00001104
545,2026-05-17,1020,Bancos,0.00,17284.00,Pago factura INV-00110,INV-00110,CC-100 Operaciones,Bruno Garcia 02 00001104
546,2026-04-15,1020,Bancos,0.00,29464.00,Pago factura INV-00076,INV-00076,CC-100 Operaciones,Bruno Garcia 02 00001104
547,2026-05-27,1020,Bancos,0.00,107766.32,Pago factura INV-00153,INV-00153,CC-100 Operaciones,Bruno Garcia 02 00001104
548,2026-03-24,2100,Cuentas por pagar,0.00,35682.76,Registro factura INV-00204,INV-00204,CC-100 Operaciones,Bruno Garcia 08 00001104
549,2026-01-29,2100,Cuentas por pagar,0.00,79637.48,Registro factura INV-00123,INV-00123,CC-100 Operaciones,Bruno Garcia 02 00001104
550,2026-06-07,5000,Gastos operativos,86608.00,0.00,Registro factura INV-00354,INV-00354,CC-100 Operaciones,Elena Mora 05 00001104
551,2026-05-06,1020,Bancos,0.00,14211.16,Pago factura INV-00348,INV-00348,CC-100 Operaciones,Bruno Garcia 02 00001104
552,2026-01-20,5000,Gastos operativos,46564.00,0.00,Registro factura INV-00117,INV-00117,CC-100 Operaciones,Ana Ruiz 01 00001104
553,2026-06-07,2100,Cuentas por pagar,0.00,108692.00,Registro factura INV-00320,INV-00320,CC-100 Operaciones,Carla Soto 03 00001104
554,2026-03-29,1020,Bancos,0.00,24133.80,Pago factura INV-00087,INV-00087,CC-100 Operaciones,Bruno Garcia 02 00001104
555,2026-04-03,1020,Bancos,0.00,35682.76,Pago factura INV-00204,INV-00204,CC-100 Operaciones,Bruno Garcia 02 00001104
556,2026-01-19,5000,Gastos operativos,18647.00,0.00,Registro factura INV-00189,INV-00189,CC-100 Operaciones,Fabian Rios 06 00001104
557,2026-05-13,2100,Cuentas por pagar,0.00,62488.04,Registro factura INV-00079,INV-00079,CC-100 Operaciones,Bruno Garcia 02 00001104
558,2026-04-26,2100,Cuentas por pagar,0.00,14211.16,Registro factura INV-00348,INV-00348,CC-100 Operaciones,Carla Soto 03 00001104
559,2026-05-17,1020,Bancos,0.00,96489.96,Pago factura INV-00306,INV-00306,CC-100 Operaciones,Bruno Garcia 02 00001104
560,2026-02-28,5000,Gastos operativos,68676.00,0.00,Registro factura INV-00222,INV-00222,CC-100 Operaciones,Diego Luna 04 00001104
561,2026-02-03,1020,Bancos,0.00,103867.56,Pago factura INV-00287,INV-00287,CC-100 Operaciones,Bruno Garcia 02 00001104
562,2026-06-18,5000,Gastos operativos,46343.00,0.00,Registro factura INV-00052,INV-00052,CC-100 Operaciones,Fabian Rios 06 00001104
563,2026-04-28,2100,Cuentas por pagar,42062.76,0.00,Pago factura INV-00273,INV-00273,CC-100 Operaciones,Bruno Garcia 02 00001104
564,2026-05-09,5000,Gastos operativos,42553.00,0.00,Registro factura INV-00340,INV-00340,CC-100 Operaciones,Bruno Garcia 08 00001104
565,2026-03-12,2100,Cuentas por pagar,0.00,73532.40,Registro factura INV-00176,INV-00176,CC-100 Operaciones,Diego Luna 04 00001104
566,2026-04-14,1180,IVA acreditable,10634.40,0.00,Registro factura INV-00054,INV-00054,CC-100 Operaciones,Ana Ruiz 07 00001104
567,2026-03-08,2100,Cuentas por pagar,0.00,59214.52,Registro factura INV-00114,INV-00114,CC-100 Operaciones,Bruno Garcia 08 00001104
568,2026-02-15,1020,Bancos,0.00,70891.08,Pago factura INV-00157,INV-00157,CC-100 Operaciones,Bruno Garcia 02 00001104
569,2026-02-27,2100,Cuentas por pagar,52616.44,0.00,Pago factura INV-00332,INV-00332,CC-100 Operaciones,Bruno Garcia 02 00001104
570,2026-05-08,1020,Bancos,0.00,95046.92,Pago factura INV-00047,INV-00047,CC-100 Operaciones,Bruno Garcia 02 00001104
571,2026-01-28,1180,IVA acreditable,13801.44,0.00,Registro factura INV-00276,INV-00276,CC-100 Operaciones,Carla Soto 03 00001104
572,2026-01-12,2100,Cuentas por pagar,18318.02,0.00,Pago factura INV-00014,INV-00014,CC-100 Operaciones,Bruno Garcia 02 00001104
573,2026-02-04,1180,IVA acreditable,9599.84,0.00,Registro factura INV-00223,INV-00223,CC-100 Operaciones,Bruno Garcia 08 00001104
574,2026-01-25,5000,Gastos operativos,67069.00,0.00,Registro factura INV-00062,INV-00062,CC-100 Operaciones,Fabian Rios 06 00001104
575,2026-06-16,1020,Bancos,0.00,84922.44,Pago factura INV-00305,INV-00305,CC-100 Operaciones,Bruno Garcia 02 00001104
576,2026-02-21,1020,Bancos,0.00,45634.40,Pago factura INV-00109,INV-00109,CC-100 Operaciones,Bruno Garcia 02 00001104
577,2026-05-22,1020,Bancos,0.00,103923.24,Pago factura INV-00295,INV-00295,CC-100 Operaciones,Bruno Garcia 02 00001104
578,2026-06-05,2100,Cuentas por pagar,0.00,32252.64,Registro factura INV-00160,INV-00160,CC-100 Operaciones,Carla Soto 03 00001104
579,2026-03-30,2100,Cuentas por pagar,81496.96,0.00,Pago factura INV-00325,INV-00325,CC-100 Operaciones,Bruno Garcia 02 00001104
580,2026-02-28,2100,Cuentas por pagar,24393.64,0.00,Pago factura INV-00353,INV-00353,CC-100 Operaciones,Bruno Garcia 02 00001104
581,2026-06-02,2100,Cuentas por pagar,0.00,76960.20,Registro factura INV-00300,INV-00300,CC-100 Operaciones,Diego Luna 10 00001104
582,2026-05-04,1020,Bancos,0.00,33711.92,Pago factura INV-00013,INV-00013,CC-100 Operaciones,Bruno Garcia 02 00001104
583,2026-05-12,2100,Cuentas por pagar,0.00,107188.64,Registro factura INV-00145,INV-00145,CC-100 Operaciones,Elena Mora 05 00001104
584,2026-04-12,1020,Bancos,0.00,106071.56,Pago factura INV-00302,INV-00302,CC-100 Operaciones,Bruno Garcia 02 00001104
585,2026-04-05,1180,IVA acreditable,4610.08,0.00,Registro factura INV-00154,INV-00154,CC-100 Operaciones,Ana Ruiz 07 00001104
586,2026-03-24,2100,Cuentas por pagar,22643.20,0.00,Pago factura INV-00303,INV-00303,CC-100 Operaciones,Bruno Garcia 02 00001104
587,2026-03-03,5000,Gastos operativos,57236.00,0.00,Registro factura INV-00161,INV-00161,CC-100 Operaciones,Carla Soto 03 00001104
588,2026-03-24,1020,Bancos,0.00,22643.20,Pago factura INV-00303,INV-00303,CC-100 Operaciones,Bruno Garcia 02 00001104
589,2026-03-01,2100,Cuentas por pagar,104654.04,0.00,Pago factura INV-00240,INV-00240,CC-100 Operaciones,Bruno Garcia 02 00001104
590,2026-01-30,2100,Cuentas por pagar,54014.24,0.00,Pago factura INV-00117,INV-00117,CC-100 Operaciones,Bruno Garcia 02 00001104
591,2026-06-25,2100,Cuentas por pagar,62508.92,0.00,Pago factura INV-00278,INV-00278,CC-100 Operaciones,Bruno Garcia 02 00001104
592,2026-01-25,2100,Cuentas por pagar,41828.44,0.00,Pago factura INV-00315,INV-00315,CC-100 Operaciones,Bruno Garcia 02 00001104
593,2026-05-25,2100,Cuentas por pagar,60690.04,0.00,Pago factura INV-00181,INV-00181,CC-100 Operaciones,Bruno Garcia 02 00001104
594,2026-04-21,2100,Cuentas por pagar,69656.84,0.00,Pago factura INV-00323,INV-00323,CC-100 Operaciones,Bruno Garcia 02 00001104
595,2026-04-17,2100,Cuentas por pagar,97406.36,0.00,Pago factura INV-00269,INV-00269,CC-100 Operaciones,Bruno Garcia 02 00001104
596,2026-02-18,5000,Gastos operativos,21029.00,0.00,Registro factura INV-00353,INV-00353,CC-100 Operaciones,Diego Luna 10 00001104
597,2026-02-05,5000,Gastos operativos,83448.00,0.00,Registro factura INV-00336,INV-00336,CC-100 Operaciones,Elena Mora 05 00001104
598,2026-02-23,1020,Bancos,0.00,106688.68,Pago factura INV-00102,INV-00102,CC-100 Operaciones,Bruno Garcia 02 00001104
599,2026-03-02,5000,Gastos operativos,80163.00,0.00,Registro factura INV-00058,INV-00058,CC-100 Operaciones,Bruno Garcia 08 00001104
600,2026-01-18,5000,Gastos operativos,72499.00,0.00,Registro factura INV-00141,INV-00141,CC-100 Operaciones,Ana Ruiz 01 00001104
601,2026-01-21,1180,IVA acreditable,0.00,3600.00,Reversion de factura cancelada INV-00135,INV-00135,CC-100 Operaciones,Bruno Garcia 02 00001104
602,2026-03-22,2100,Cuentas por pagar,49062.20,0.00,Pago factura INV-00344,INV-00344,CC-100 Operaciones,Bruno Garcia 02 00001104
603,2026-06-27,2100,Cuentas por pagar,23080.52,0.00,Pago factura INV-00040,INV-00040,CC-100 Operaciones,Bruno Garcia 02 00001104
604,2026-05-13,1020,Bancos,0.00,74545.08,Pago factura INV-00274,INV-00274,CC-100 Operaciones,Bruno Garcia 02 00001104
605,2026-06-02,5000,Gastos operativos,94426.00,0.00,Registro factura INV-00148,INV-00148,CC-100 Operaciones,Bruno Garcia 02 00001104
606,2026-02-21,2100,Cuentas por pagar,0.00,99601.08,Registro factura INV-00337,INV-00337,CC-100 Operaciones,Carla Soto 09 00001104
607,2026-02-22,1020,Bancos,0.00,36939.04,Pago factura INV-00092,INV-00092,CC-100 Operaciones,Bruno Garcia 02 00001104
608,2026-06-11,5000,Gastos operativos,71155.00,0.00,Registro factura INV-00008,INV-00008,CC-100 Operaciones,Carla Soto 09 00001104
609,2026-05-06,5000,Gastos operativos,22599.00,0.00,Registro factura INV-00334,INV-00334,CC-100 Operaciones,Ana Ruiz 07 00001104
610,2026-06-20,2100,Cuentas por pagar,64280.24,0.00,Pago factura INV-00264,INV-00264,CC-100 Operaciones,Bruno Garcia 02 00001104
611,2026-06-15,1180,IVA acreditable,5410.40,0.00,Registro factura INV-00363,INV-00363,CC-100 Operaciones,Elena Mora 05 00001104
612,2026-04-19,1020,Bancos,0.00,59285.28,Pago factura INV-00121,INV-00121,CC-100 Operaciones,Bruno Garcia 02 00001104
613,2026-02-07,2100,Cuentas por pagar,0.00,92158.52,Registro factura INV-00284,INV-00284,CC-100 Operaciones,Ana Ruiz 01 00001104
614,2026-03-10,1180,IVA acreditable,2181.28,0.00,Registro factura INV-00335,INV-00335,CC-100 Operaciones,Bruno Garcia 08 00001104
615,2026-01-19,2100,Cuentas por pagar,0.00,26100.00,Registro factura INV-00135,INV-00135,CC-100 Operaciones,Carla Soto 09 00001104
616,2026-01-22,2100,Cuentas por pagar,107857.96,0.00,Pago factura INV-00065,INV-00065,CC-100 Operaciones,Bruno Garcia 02 00001104
617,2026-03-14,5000,Gastos operativos,72015.00,0.00,Registro factura INV-00308,INV-00308,CC-100 Operaciones,Diego Luna 04 00001104
618,2026-04-02,5000,Gastos operativos,34324.00,0.00,Registro factura INV-00165,INV-00165,CC-100 Operaciones,Carla Soto 09 00001104
619,2026-05-11,1020,Bancos,0.00,65780.12,Pago factura INV-00211,INV-00211,CC-100 Operaciones,Bruno Garcia 02 00001104
620,2026-01-23,1020,Bancos,0.00,12901.06,Pago factura INV-00138,INV-00138,CC-100 Operaciones,Bruno Garcia 02 00001104
621,2026-05-01,1180,IVA acreditable,9073.12,0.00,Registro factura INV-00211,INV-00211,CC-100 Operaciones,Diego Luna 04 00001104
622,2026-03-09,2100,Cuentas por pagar,0.00,92878.88,Registro factura INV-00330,INV-00330,CC-100 Operaciones,Carla Soto 03 00001104
623,2026-06-02,1020,Bancos,0.00,96860.00,Pago factura INV-00041,INV-00041,CC-100 Operaciones,Bruno Garcia 02 00001104
624,2026-06-28,2100,Cuentas por pagar,0.00,33114.52,Registro factura INV-00296,INV-00296,CC-100 Operaciones,Bruno Garcia 08 00001104
625,2026-04-25,1180,IVA acreditable,2733.92,0.00,Registro factura INV-00249,INV-00249,CC-100 Operaciones,Fabian Rios 06 00001104
626,2026-03-10,5000,Gastos operativos,13633.00,0.00,Registro factura INV-00335,INV-00335,CC-100 Operaciones,Bruno Garcia 08 00001104
627,2026-04-22,1180,IVA acreditable,6658.72,0.00,Registro factura INV-00063,INV-00063,CC-100 Operaciones,Ana Ruiz 07 00001104
628,2026-03-23,2100,Cuentas por pagar,12901.06,0.00,Pago factura INV-00001,INV-00001,CC-100 Operaciones,Bruno Garcia 02 00001104
629,2026-04-24,1020,Bancos,0.00,15412.92,Pago factura INV-00015,INV-00015,CC-100 Operaciones,Bruno Garcia 02 00001104
630,2026-03-11,1020,Bancos,0.00,108538.88,Pago factura INV-00191,INV-00191,CC-100 Operaciones,Bruno Garcia 02 00001104
631,2026-04-01,2100,Cuentas por pagar,79320.80,0.00,Pago factura INV-00143,INV-00143,CC-100 Operaciones,Bruno Garcia 02 00001104
632,2026-04-25,2100,Cuentas por pagar,68633.72,0.00,Pago factura INV-00250,INV-00250,CC-100 Operaciones,Bruno Garcia 02 00001104
633,2026-02-26,1180,IVA acreditable,8809.12,0.00,Registro factura INV-00019,INV-00019,CC-100 Operaciones,Bruno Garcia 02 00001104
634,2026-05-23,1020,Bancos,0.00,101841.04,Pago factura INV-00234,INV-00234,CC-100 Operaciones,Bruno Garcia 02 00001104
635,2026-02-15,2100,Cuentas por pagar,30530.04,0.00,Pago factura INV-00329,INV-00329,CC-100 Operaciones,Bruno Garcia 02 00001104
636,2026-03-05,1180,IVA acreditable,7341.44,0.00,Registro factura INV-00188,INV-00188,CC-100 Operaciones,Elena Mora 05 00001104
637,2026-03-04,1180,IVA acreditable,4532.80,0.00,Registro factura INV-00167,INV-00167,CC-100 Operaciones,Diego Luna 10 00001104
638,2026-05-19,1020,Bancos,0.00,62543.72,Pago factura INV-00263,INV-00263,CC-100 Operaciones,Bruno Garcia 02 00001104
639,2026-03-10,2100,Cuentas por pagar,0.00,36469.24,Registro factura INV-00149,INV-00149,CC-100 Operaciones,Diego Luna 10 00001104
640,2026-03-23,1020,Bancos,0.00,13369.24,Pago factura INV-00172,INV-00172,CC-100 Operaciones,Bruno Garcia 02 00001104
641,2026-05-07,5000,Gastos operativos,83181.00,0.00,Registro factura INV-00306,INV-00306,CC-100 Operaciones,Bruno Garcia 02 00001104
642,2026-02-08,1020,Bancos,0.00,79637.48,Pago factura INV-00123,INV-00123,CC-100 Operaciones,Bruno Garcia 02 00001104
643,2026-03-13,1020,Bancos,0.00,42971.04,Pago factura INV-00241,INV-00241,CC-100 Operaciones,Bruno Garcia 02 00001104
644,2026-06-12,1020,Bancos,0.00,76960.20,Pago factura INV-00300,INV-00300,CC-100 Operaciones,Bruno Garcia 02 00001104
645,2026-02-12,1180,IVA acreditable,4258.24,0.00,Registro factura INV-00224,INV-00224,CC-100 Operaciones,Bruno Garcia 02 00001104
646,2026-05-10,1020,Bancos,0.00,97185.96,Pago factura INV-00051,INV-00051,CC-100 Operaciones,Bruno Garcia 02 00001104
647,2026-06-26,1180,IVA acreditable,13208.96,0.00,Registro factura INV-00036,INV-00036,CC-100 Operaciones,Fabian Rios 06 00001104
648,2026-03-17,2100,Cuentas por pagar,87386.28,0.00,Pago factura INV-00345,INV-00345,CC-100 Operaciones,Bruno Garcia 02 00001104
649,2026-05-20,2100,Cuentas por pagar,46055.48,0.00,Pago factura INV-00285,INV-00285,CC-100 Operaciones,Bruno Garcia 02 00001104
650,2026-06-19,1020,Bancos,0.00,110095.60,Pago factura INV-00258,INV-00258,CC-100 Operaciones,Bruno Garcia 02 00001104
651,2026-04-14,1020,Bancos,0.00,33653.92,Pago factura INV-00045,INV-00045,CC-100 Operaciones,Bruno Garcia 02 00001104
652,2026-06-22,2100,Cuentas por pagar,0.00,50021.52,Registro factura INV-00193,INV-00193,CC-100 Operaciones,Diego Luna 10 00001104
653,2026-06-27,1020,Bancos,0.00,23080.52,Pago factura INV-00040,INV-00040,CC-100 Operaciones,Bruno Garcia 02 00001104
654,2026-03-15,1020,Bancos,0.00,51067.84,Pago factura INV-00343,INV-00343,CC-100 Operaciones,Bruno Garcia 02 00001104
655,2026-06-16,1180,IVA acreditable,2934.08,0.00,Registro factura INV-00280,INV-00280,CC-100 Operaciones,Diego Luna 10 00001104
656,2026-06-16,2100,Cuentas por pagar,0.00,21272.08,Registro factura INV-00280,INV-00280,CC-100 Operaciones,Diego Luna 10 00001104
657,2026-06-25,1020,Bancos,0.00,62508.92,Pago factura INV-00278,INV-00278,CC-100 Operaciones,Bruno Garcia 02 00001104
658,2026-05-23,2100,Cuentas por pagar,0.00,91681.76,Registro factura INV-00190,INV-00190,CC-100 Operaciones,Bruno Garcia 08 00001104
659,2026-04-04,1180,IVA acreditable,2256.16,0.00,Registro factura INV-00198,INV-00198,CC-100 Operaciones,Carla Soto 09 00001104
660,2026-03-07,1020,Bancos,0.00,97859.92,Pago factura INV-00304,INV-00304,CC-100 Operaciones,Bruno Garcia 02 00001104
661,2026-04-05,5000,Gastos operativos,74830.00,0.00,Registro factura INV-00004,INV-00004,CC-100 Operaciones,Bruno Garcia 08 00001104
662,2026-04-21,1180,IVA acreditable,6956.80,0.00,Registro factura INV-00113,INV-00113,CC-100 Operaciones,Bruno Garcia 02 00001104
663,2026-03-27,5000,Gastos operativos,54503.00,0.00,Registro factura INV-00220,INV-00220,CC-100 Operaciones,Ana Ruiz 07 00001104
664,2026-05-08,2100,Cuentas por pagar,0.00,89792.12,Registro factura INV-00239,INV-00239,CC-100 Operaciones,Ana Ruiz 01 00001104
665,2026-04-29,5000,Gastos operativos,58013.00,0.00,Registro factura INV-00164,INV-00164,CC-100 Operaciones,Bruno Garcia 02 00001104
666,2026-03-29,2100,Cuentas por pagar,0.00,46880.24,Registro factura INV-00048,INV-00048,CC-100 Operaciones,Carla Soto 03 00001104
667,2026-03-20,2100,Cuentas por pagar,0.00,67172.12,Registro factura INV-00011,INV-00011,CC-100 Operaciones,Diego Luna 04 00001104
668,2026-03-04,1180,IVA acreditable,8341.76,0.00,Registro factura INV-00111,INV-00111,CC-100 Operaciones,Bruno Garcia 02 00001104
669,2026-04-22,1180,IVA acreditable,3866.40,0.00,Registro factura INV-00328,INV-00328,CC-100 Operaciones,Elena Mora 05 00001104
670,2026-06-26,5000,Gastos operativos,33559.00,0.00,Registro factura INV-00175,INV-00175,CC-100 Operaciones,Bruno Garcia 08 00001104
671,2026-03-16,1180,IVA acreditable,14237.60,0.00,Registro factura INV-00096,INV-00096,CC-100 Operaciones,Fabian Rios 06 00001104
672,2026-01-26,1020,Bancos,0.00,100807.48,Pago factura INV-00128,INV-00128,CC-100 Operaciones,Bruno Garcia 02 00001104
673,2026-05-02,2100,Cuentas por pagar,0.00,44872.28,Registro factura INV-00293,INV-00293,CC-100 Operaciones,Carla Soto 03 00001104
674,2026-02-01,1180,IVA acreditable,11047.52,0.00,Registro factura INV-00227,INV-00227,CC-100 Operaciones,Carla Soto 09 00001104
675,2026-05-05,1180,IVA acreditable,4211.04,0.00,Registro factura INV-00277,INV-00277,CC-100 Operaciones,Fabian Rios 06 00001104
676,2026-06-04,5000,Gastos operativos,63986.00,0.00,Registro factura INV-00056,INV-00056,CC-100 Operaciones,Fabian Rios 06 00001104
677,2026-06-10,5000,Gastos operativos,30419.00,0.00,Registro factura INV-00162,INV-00162,CC-100 Operaciones,Bruno Garcia 02 00001104
678,2026-04-27,2100,Cuentas por pagar,0.00,43974.44,Registro factura INV-00195,INV-00195,CC-100 Operaciones,Bruno Garcia 08 00001104
679,2026-06-14,2100,Cuentas por pagar,0.00,67164.00,Registro factura INV-00169,INV-00169,CC-100 Operaciones,Bruno Garcia 08 00001104
680,2026-02-02,5000,Gastos operativos,41310.00,0.00,Registro factura INV-00103,INV-00103,CC-100 Operaciones,Bruno Garcia 08 00001104
681,2026-02-23,1180,IVA acreditable,9050.72,0.00,Registro factura INV-00267,INV-00267,CC-100 Operaciones,Ana Ruiz 01 00001104
682,2026-01-05,2100,Cuentas por pagar,0.00,33423.08,Registro factura INV-00074,INV-00074,CC-100 Operaciones,Diego Luna 04 00001104
683,2026-05-07,5000,Gastos operativos,14900.00,0.00,Registro factura INV-00110,INV-00110,CC-100 Operaciones,Diego Luna 04 00001104
684,2026-06-09,2100,Cuentas por pagar,79982.00,0.00,Pago factura INV-00200,INV-00200,CC-100 Operaciones,Bruno Garcia 02 00001104
685,2026-03-05,5000,Gastos operativos,26319.00,0.00,Registro factura INV-00292,INV-00292,CC-100 Operaciones,Diego Luna 04 00001104
686,2026-01-12,5000,Gastos operativos,92981.00,0.00,Registro factura INV-00065,INV-00065,CC-100 Operaciones,Carla Soto 03 00001104
687,2026-05-23,5000,Gastos operativos,79036.00,0.00,Registro factura INV-00190,INV-00190,CC-100 Operaciones,Bruno Garcia 08 00001104
688,2026-04-19,2100,Cuentas por pagar,0.00,105055.40,Registro factura INV-00299,INV-00299,CC-100 Operaciones,Fabian Rios 06 00001104
689,2026-05-29,5000,Gastos operativos,37468.00,0.00,Registro factura INV-00080,INV-00080,CC-100 Operaciones,Diego Luna 04 00001104
690,2026-03-23,2100,Cuentas por pagar,51796.32,0.00,Pago factura INV-00033,INV-00033,CC-100 Operaciones,Bruno Garcia 02 00001104
691,2026-04-08,1020,Bancos,0.00,46880.24,Pago factura INV-00048,INV-00048,CC-100 Operaciones,Bruno Garcia 02 00001104
692,2026-03-14,2100,Cuentas por pagar,32862.80,0.00,Pago factura INV-00167,INV-00167,CC-100 Operaciones,Bruno Garcia 02 00001104
693,2026-01-19,1180,IVA acreditable,3600.00,0.00,Registro factura INV-00135,INV-00135,CC-100 Operaciones,Carla Soto 09 00001104
694,2026-02-08,2100,Cuentas por pagar,0.00,64058.68,Registro factura INV-00214,INV-00214,CC-100 Operaciones,Diego Luna 04 00001104
695,2026-01-12,2100,Cuentas por pagar,19351.58,0.00,Pago factura INV-00138,INV-00138,CC-100 Operaciones,Bruno Garcia 02 00001104
696,2026-06-21,2100,Cuentas por pagar,26492.08,0.00,Pago factura INV-00265,INV-00265,CC-100 Operaciones,Bruno Garcia 02 00001104
697,2026-06-05,5000,Gastos operativos,77728.00,0.00,Registro factura INV-00088,INV-00088,CC-100 Operaciones,Ana Ruiz 01 00001104
698,2026-03-14,2100,Cuentas por pagar,60477.76,0.00,Pago factura INV-00111,INV-00111,CC-100 Operaciones,Bruno Garcia 02 00001104
699,2026-05-08,5000,Gastos operativos,77407.00,0.00,Registro factura INV-00239,INV-00239,CC-100 Operaciones,Ana Ruiz 01 00001104
700,2026-03-31,2100,Cuentas por pagar,0.00,37857.76,Registro factura INV-00158,INV-00158,CC-100 Operaciones,Elena Mora 05 00001104
701,2026-03-30,2100,Cuentas por pagar,0.00,91549.52,Registro factura INV-00107,INV-00107,CC-100 Operaciones,Bruno Garcia 08 00001104
702,2026-02-27,2100,Cuentas por pagar,38580.44,0.00,Pago factura INV-00118,INV-00118,CC-100 Operaciones,Bruno Garcia 02 00001104
703,2026-02-10,5000,Gastos operativos,12319.00,0.00,Registro factura INV-00233,INV-00233,CC-100 Operaciones,Bruno Garcia 08 00001104
704,2026-05-15,5000,Gastos operativos,52319.00,0.00,Registro factura INV-00181,INV-00181,CC-100 Operaciones,Fabian Rios 06 00001104
705,2026-04-29,2100,Cuentas por pagar,0.00,104186.56,Registro factura INV-00078,INV-00078,CC-100 Operaciones,Diego Luna 10 00001104
706,2026-04-20,1020,Bancos,0.00,72102.12,Pago factura INV-00177,INV-00177,CC-100 Operaciones,Bruno Garcia 02 00001104
707,2026-06-17,1180,IVA acreditable,5498.72,0.00,Registro factura INV-00179,INV-00179,CC-100 Operaciones,Ana Ruiz 07 00001104
708,2026-01-30,2080,IVA trasladado,0.00,6080.00,Registro venta INV-00238,INV-00238,CC-100 Operaciones,Bruno Garcia 02 00001104
709,2026-02-14,2100,Cuentas por pagar,0.00,53331.00,Registro factura INV-00168,INV-00168,CC-100 Operaciones,Fabian Rios 06 00001104
710,2026-05-09,2100,Cuentas por pagar,0.00,49361.48,Registro factura INV-00340,INV-00340,CC-100 Operaciones,Bruno Garcia 08 00001104
711,2026-03-16,2100,Cuentas por pagar,36562.04,0.00,Pago factura INV-00342,INV-00342,CC-100 Operaciones,Bruno Garcia 02 00001104
712,2026-03-12,2100,Cuentas por pagar,31389.60,0.00,Pago factura INV-00099,INV-00099,CC-100 Operaciones,Bruno Garcia 02 00001104
713,2026-02-24,2100,Cuentas por pagar,53331.00,0.00,Pago factura INV-00168,INV-00168,CC-100 Operaciones,Bruno Garcia 02 00001104
714,2026-05-31,2100,Cuentas por pagar,0.00,89134.40,Registro factura INV-00071,INV-00071,CC-100 Operaciones,Diego Luna 10 00001104
715,2026-03-12,2100,Cuentas por pagar,0.00,49062.20,Registro factura INV-00344,INV-00344,CC-100 Operaciones,Bruno Garcia 02 00001104
716,2026-01-24,2100,Cuentas por pagar,100082.48,0.00,Pago factura INV-00232,INV-00232,CC-100 Operaciones,Bruno Garcia 02 00001104
717,2026-06-05,1180,IVA acreditable,4448.64,0.00,Registro factura INV-00160,INV-00160,CC-100 Operaciones,Carla Soto 03 00001104
718,2026-02-17,1020,Bancos,0.00,105470.68,Pago factura INV-00324,INV-00324,CC-100 Operaciones,Bruno Garcia 02 00001104
719,2026-05-12,1020,Bancos,0.00,18318.02,Pago factura INV-00277,INV-00277,CC-100 Operaciones,Bruno Garcia 02 00001104
720,2026-04-27,2100,Cuentas por pagar,58706.44,0.00,Pago factura INV-00322,INV-00322,CC-100 Operaciones,Bruno Garcia 02 00001104
721,2026-02-19,5000,Gastos operativos,15057.00,0.00,Registro factura INV-00196,INV-00196,CC-100 Operaciones,Elena Mora 05 00001104
722,2026-04-20,1180,IVA acreditable,9808.64,0.00,Registro factura INV-00115,INV-00115,CC-100 Operaciones,Carla Soto 03 00001104
723,2026-05-08,1020,Bancos,0.00,83342.52,Pago factura INV-00245,INV-00245,CC-100 Operaciones,Bruno Garcia 02 00001104
724,2026-05-20,1020,Bancos,0.00,48583.12,Pago factura INV-00097,INV-00097,CC-100 Operaciones,Bruno Garcia 02 00001104
725,2026-05-26,5000,Gastos operativos,22708.00,0.00,Registro factura INV-00251,INV-00251,CC-100 Operaciones,Elena Mora 05 00001104
726,2026-06-08,2100,Cuentas por pagar,0.00,96754.44,Registro factura INV-00017,INV-00017,CC-100 Operaciones,Diego Luna 10 00001104
727,2026-03-24,2100,Cuentas por pagar,83537.40,0.00,Pago factura INV-00308,INV-00308,CC-100 Operaciones,Bruno Garcia 02 00001104
728,2026-03-21,1180,IVA acreditable,7286.72,0.00,Registro factura INV-00125,INV-00125,CC-100 Operaciones,Carla Soto 09 00001104
729,2026-02-03,5000,Gastos operativos,75053.00,0.00,Registro factura INV-00312,INV-00312,CC-100 Operaciones,Carla Soto 03 00001104
730,2026-06-12,5000,Gastos operativos,50162.00,0.00,Registro factura INV-00266,INV-00266,CC-100 Operaciones,Diego Luna 04 00001104
731,2026-05-19,2100,Cuentas por pagar,0.00,95057.36,Registro factura INV-00129,INV-00129,CC-100 Operaciones,Diego Luna 10 00001104
732,2026-05-24,1020,Bancos,0.00,55181.20,Pago factura INV-00319,INV-00319,CC-100 Operaciones,Bruno Garcia 02 00001104
733,2026-05-24,5000,Gastos operativos,45362.00,0.00,Registro factura INV-00346,INV-00346,CC-100 Operaciones,Carla Soto 03 00001104
734,2026-05-15,5000,Gastos operativos,41855.00,0.00,Registro factura INV-00288,INV-00288,CC-100 Operaciones,Diego Luna 04 00001104
735,2026-01-16,1180,IVA acreditable,13904.48,0.00,Registro factura INV-00128,INV-00128,CC-100 Operaciones,Ana Ruiz 07 00001104
736,2026-03-23,5000,Gastos operativos,39530.00,0.00,Registro factura INV-00022,INV-00022,CC-100 Operaciones,Carla Soto 03 00001104
737,2026-03-05,5000,Gastos operativos,44024.00,0.00,Registro factura INV-00343,INV-00343,CC-100 Operaciones,Ana Ruiz 07 00001104
738,2026-06-30,2100,Cuentas por pagar,25435.32,0.00,Pago factura INV-00351,INV-00351,CC-100 Operaciones,Bruno Garcia 02 00001104
739,2026-01-26,5000,Gastos operativos,85976.00,0.00,Registro factura INV-00150,INV-00150,CC-100 Operaciones,Carla Soto 03 00001104
740,2026-06-05,1180,IVA acreditable,4610.08,0.00,Registro factura INV-00298,INV-00298,CC-100 Operaciones,Carla Soto 09 00001104
741,2026-03-14,2100,Cuentas por pagar,0.00,83537.40,Registro factura INV-00308,INV-00308,CC-100 Operaciones,Diego Luna 04 00001104
742,2026-05-16,1180,IVA acreditable,9317.92,0.00,Registro factura INV-00208,INV-00208,CC-100 Operaciones,Carla Soto 03 00001104
743,2026-03-12,1020,Bancos,0.00,18318.02,Pago factura INV-00292,INV-00292,CC-100 Operaciones,Bruno Garcia 02 00001104
744,2026-06-04,2100,Cuentas por pagar,0.00,95002.84,Registro factura INV-00035,INV-00035,CC-100 Operaciones,Diego Luna 04 00001104
745,2026-06-25,2100,Cuentas por pagar,0.00,76848.84,Registro factura INV-00314,INV-00314,CC-100 Operaciones,Ana Ruiz 01 00001104
746,2026-02-27,1180,IVA acreditable,2891.68,0.00,Registro factura INV-00182,INV-00182,CC-100 Operaciones,Ana Ruiz 07 00001104
747,2026-05-28,5000,Gastos operativos,45570.00,0.00,Registro factura INV-00155,INV-00155,CC-100 Operaciones,Carla Soto 09 00001104
748,2026-01-12,2100,Cuentas por pagar,0.00,107857.96,Registro factura INV-00065,INV-00065,CC-100 Operaciones,Carla Soto 03 00001104
749,2026-01-26,2100,Cuentas por pagar,0.00,55599.96,Registro factura INV-00091,INV-00091,CC-100 Operaciones,Ana Ruiz 01 00001104
750,2026-01-20,2100,Cuentas por pagar,0.00,54014.24,Registro factura INV-00117,INV-00117,CC-100 Operaciones,Ana Ruiz 01 00001104
751,2026-03-28,1020,Bancos,0.00,49637.56,Pago factura INV-00350,INV-00350,CC-100 Operaciones,Bruno Garcia 02 00001104
752,2026-06-23,2100,Cuentas por pagar,0.00,105875.52,Registro factura INV-00083,INV-00083,CC-100 Operaciones,Ana Ruiz 07 00001104
753,2026-01-29,1180,IVA acreditable,6441.76,0.00,Registro factura INV-00034,INV-00034,CC-100 Operaciones,Diego Luna 10 00001104
754,2026-05-22,1180,IVA acreditable,13366.72,0.00,Registro factura INV-00077,INV-00077,CC-100 Operaciones,Carla Soto 09 00001104
755,2026-04-14,2100,Cuentas por pagar,0.00,15412.92,Registro factura INV-00015,INV-00015,CC-100 Operaciones,Elena Mora 05 00001104
756,2026-01-13,2100,Cuentas por pagar,0.00,98464.28,Registro factura INV-00317,INV-00317,CC-100 Operaciones,Fabian Rios 06 00001104
757,2026-01-11,1180,IVA acreditable,9821.44,0.00,Registro factura INV-00225,INV-00225,CC-100 Operaciones,Fabian Rios 06 00001104
758,2026-03-26,2100,Cuentas por pagar,103222.60,0.00,Pago factura INV-00096,INV-00096,CC-100 Operaciones,Bruno Garcia 02 00001104
759,2026-03-01,1020,Bancos,0.00,104654.04,Pago factura INV-00240,INV-00240,CC-100 Operaciones,Bruno Garcia 02 00001104
760,2026-06-29,2100,Cuentas por pagar,0.00,32040.36,Registro factura INV-00094,INV-00094,CC-100 Operaciones,Ana Ruiz 07 00001104
761,2026-03-19,1020,Bancos,0.00,58841.00,Pago factura INV-00166,INV-00166,CC-100 Operaciones,Bruno Garcia 02 00001104
762,2026-02-14,1180,IVA acreditable,6836.32,0.00,Registro factura INV-00119,INV-00119,CC-100 Operaciones,Diego Luna 04 00001104
763,2026-01-25,2100,Cuentas por pagar,56823.76,0.00,Pago factura INV-00283,INV-00283,CC-100 Operaciones,Bruno Garcia 02 00001104
764,2026-03-17,1020,Bancos,0.00,40064.08,Pago factura INV-00025,INV-00025,CC-100 Operaciones,Bruno Garcia 02 00001104
765,2026-05-01,2100,Cuentas por pagar,0.00,65780.12,Registro factura INV-00211,INV-00211,CC-100 Operaciones,Diego Luna 04 00001104
766,2026-06-10,2100,Cuentas por pagar,43200.72,0.00,Pago factura INV-00018,INV-00018,CC-100 Operaciones,Bruno Garcia 02 00001104
767,2026-01-25,1020,Bancos,0.00,56823.76,Pago factura INV-00283,INV-00283,CC-100 Operaciones,Bruno Garcia 02 00001104
768,2026-02-13,2100,Cuentas por pagar,0.00,106688.68,Registro factura INV-00102,INV-00102,CC-100 Operaciones,Ana Ruiz 07 00001104
769,2026-03-25,2100,Cuentas por pagar,0.00,25409.80,Registro factura INV-00067,INV-00067,CC-100 Operaciones,Elena Mora 05 00001104
770,2026-03-19,1180,IVA acreditable,3328.80,0.00,Registro factura INV-00087,INV-00087,CC-100 Operaciones,Ana Ruiz 07 00001104
771,2026-04-15,2100,Cuentas por pagar,0.00,60489.36,Registro factura INV-00247,INV-00247,CC-100 Operaciones,Diego Luna 10 00001104
772,2026-06-06,2100,Cuentas por pagar,0.00,84922.44,Registro factura INV-00305,INV-00305,CC-100 Operaciones,Fabian Rios 06 00001104
773,2026-02-13,1020,Bancos,0.00,87061.48,Pago factura INV-00312,INV-00312,CC-100 Operaciones,Bruno Garcia 02 00001104
774,2026-05-19,1180,IVA acreditable,13111.36,0.00,Registro factura INV-00129,INV-00129,CC-100 Operaciones,Diego Luna 10 00001104
775,2026-04-30,1180,IVA acreditable,2980.96,0.00,Registro factura INV-00237,INV-00237,CC-100 Operaciones,Ana Ruiz 07 00001104
776,2026-06-25,2100,Cuentas por pagar,0.00,14849.16,Registro factura INV-00057,INV-00057,CC-100 Operaciones,Carla Soto 09 00001104
777,2026-03-06,1180,IVA acreditable,5043.04,0.00,Registro factura INV-00342,INV-00342,CC-100 Operaciones,Bruno Garcia 02 00001104
778,2026-04-23,1180,IVA acreditable,3755.68,0.00,Registro factura INV-00086,INV-00086,CC-100 Operaciones,Bruno Garcia 02 00001104
779,2026-05-12,1180,IVA acreditable,14784.64,0.00,Registro factura INV-00145,INV-00145,CC-100 Operaciones,Elena Mora 05 00001104
780,2026-05-22,5000,Gastos operativos,83542.00,0.00,Registro factura INV-00077,INV-00077,CC-100 Operaciones,Carla Soto 09 00001104
781,2026-05-17,5000,Gastos operativos,92902.00,0.00,Registro factura INV-00153,INV-00153,CC-100 Operaciones,Bruno Garcia 08 00001104
782,2026-06-23,1180,IVA acreditable,14603.52,0.00,Registro factura INV-00083,INV-00083,CC-100 Operaciones,Ana Ruiz 07 00001104
783,2026-05-21,2100,Cuentas por pagar,0.00,15331.72,Registro factura INV-00206,INV-00206,CC-100 Operaciones,Bruno Garcia 02 00001104
784,2026-04-10,2100,Cuentas por pagar,71946.68,0.00,Pago factura INV-00028,INV-00028,CC-100 Operaciones,Bruno Garcia 02 00001104
785,2026-03-07,2100,Cuentas por pagar,0.00,40064.08,Registro factura INV-00025,INV-00025,CC-100 Operaciones,Carla Soto 09 00001104
786,2026-06-30,1020,Bancos,0.00,37915.76,Pago factura INV-00144,INV-00144,CC-100 Operaciones,Bruno Garcia 02 00001104
787,2026-02-05,1180,IVA acreditable,9778.08,0.00,Registro factura INV-00157,INV-00157,CC-100 Operaciones,Ana Ruiz 07 00001104
788,2026-03-23,2100,Cuentas por pagar,12212.02,0.00,Pago factura INV-00292,INV-00292,CC-100 Operaciones,Bruno Garcia 02 00001104
789,2026-05-04,2100,Cuentas por pagar,33711.92,0.00,Pago factura INV-00013,INV-00013,CC-100 Operaciones,Bruno Garcia 02 00001104
790,2026-01-10,1180,IVA acreditable,5045.12,0.00,Registro factura INV-00108,INV-00108,CC-100 Operaciones,Carla Soto 09 00001104
791,2026-06-12,1020,Bancos,0.00,109534.16,Pago factura INV-00148,INV-00148,CC-100 Operaciones,Bruno Garcia 02 00001104
792,2026-04-07,5000,Gastos operativos,70028.00,0.00,Registro factura INV-00187,INV-00187,CC-100 Operaciones,Bruno Garcia 08 00001104
793,2026-02-05,2100,Cuentas por pagar,0.00,32252.64,Registro factura INV-00318,INV-00318,CC-100 Operaciones,Carla Soto 09 00001104
794,2026-02-18,2100,Cuentas por pagar,19855.72,0.00,Pago factura INV-00180,INV-00180,CC-100 Operaciones,Bruno Garcia 02 00001104
795,2026-06-09,2100,Cuentas por pagar,0.00,110095.60,Registro factura INV-00258,INV-00258,CC-100 Operaciones,Ana Ruiz 07 00001104
796,2026-01-30,5000,Gastos operativos,60483.00,0.00,Registro factura INV-00126,INV-00126,CC-100 Operaciones,Ana Ruiz 07 00001104
797,2026-01-24,1180,IVA acreditable,14326.56,0.00,Registro factura INV-00287,INV-00287,CC-100 Operaciones,Carla Soto 09 00001104
798,2026-03-01,2100,Cuentas por pagar,0.00,108538.88,Registro factura INV-00191,INV-00191,CC-100 Operaciones,Carla Soto 03 00001104
799,2026-06-02,2100,Cuentas por pagar,0.00,109534.16,Registro factura INV-00148,INV-00148,CC-100 Operaciones,Bruno Garcia 02 00001104
800,2026-04-28,5000,Gastos operativos,81937.00,0.00,Registro factura INV-00047,INV-00047,CC-100 Operaciones,Ana Ruiz 07 00001104
801,2026-01-05,2100,Cuentas por pagar,0.00,32252.64,Registro factura INV-00138,INV-00138,CC-100 Operaciones,Bruno Garcia 08 00001104
802,2026-04-01,1020,Bancos,0.00,81524.80,Pago factura INV-00146,INV-00146,CC-100 Operaciones,Bruno Garcia 02 00001104
803,2026-03-28,5000,Gastos operativos,83242.00,0.00,Registro factura INV-00282,INV-00282,CC-100 Operaciones,Fabian Rios 06 00001104
804,2026-06-15,2100,Cuentas por pagar,0.00,62508.92,Registro factura INV-00278,INV-00278,CC-100 Operaciones,Ana Ruiz 07 00001104
805,2026-04-24,5000,Gastos operativos,29062.00,0.00,Registro factura INV-00013,INV-00013,CC-100 Operaciones,Carla Soto 09 00001104
806,2026-01-30,1020,Bancos,0.00,54014.24,Pago factura INV-00117,INV-00117,CC-100 Operaciones,Bruno Garcia 02 00001104
807,2026-01-21,5000,Gastos operativos,93999.00,0.00,Registro factura INV-00309,INV-00309,CC-100 Operaciones,Bruno Garcia 08 00001104
808,2026-04-04,1180,IVA acreditable,4641.92,0.00,Registro factura INV-00045,INV-00045,CC-100 Operaciones,Ana Ruiz 01 00001104
809,2026-05-14,2100,Cuentas por pagar,0.00,54494.48,Registro factura INV-00261,INV-00261,CC-100 Operaciones,Carla Soto 09 00001104
810,2026-04-16,5000,Gastos operativos,40517.00,0.00,Registro factura INV-00173,INV-00173,CC-100 Operaciones,Carla Soto 09 00001104
811,2026-04-05,1180,IVA acreditable,4448.64,0.00,Registro factura INV-00133,INV-00133,CC-100 Operaciones,Ana Ruiz 01 00001104
812,2026-04-09,2100,Cuentas por pagar,0.00,61076.32,Registro factura INV-00020,INV-00020,CC-100 Operaciones,Bruno Garcia 02 00001104
813,2026-01-26,2100,Cuentas por pagar,0.00,99732.16,Registro factura INV-00150,INV-00150,CC-100 Operaciones,Carla Soto 03 00001104
814,2026-06-13,2100,Cuentas por pagar,79946.04,0.00,Pago factura INV-00084,INV-00084,CC-100 Operaciones,Bruno Garcia 02 00001104
815,2026-03-11,2100,Cuentas por pagar,0.00,68878.48,Registro factura INV-00186,INV-00186,CC-100 Operaciones,Ana Ruiz 07 00001104
816,2026-02-03,2100,Cuentas por pagar,103867.56,0.00,Pago factura INV-00287,INV-00287,CC-100 Operaciones,Bruno Garcia 02 00001104
817,2026-04-03,2100,Cuentas por pagar,0.00,17875.60,Registro factura INV-00246,INV-00246,CC-100 Operaciones,Fabian Rios 06 00001104
818,2026-02-06,5000,Gastos operativos,69795.00,0.00,Registro factura INV-00030,INV-00030,CC-100 Operaciones,Bruno Garcia 02 00001104
819,2026-01-19,5000,Gastos operativos,22500.00,0.00,Registro factura INV-00135,INV-00135,CC-100 Operaciones,Carla Soto 09 00001104
820,2026-06-06,1020,Bancos,0.00,32863.96,Pago factura INV-00106,INV-00106,CC-100 Operaciones,Bruno Garcia 02 00001104
821,2026-04-03,2100,Cuentas por pagar,0.00,88336.32,Registro factura INV-00209,INV-00209,CC-100 Operaciones,Diego Luna 04 00001104
822,2026-02-18,2100,Cuentas por pagar,0.00,24393.64,Registro factura INV-00353,INV-00353,CC-100 Operaciones,Diego Luna 10 00001104
823,2026-04-05,1020,Bancos,0.00,58890.88,Pago factura INV-00253,INV-00253,CC-100 Operaciones,Bruno Garcia 02 00001104
824,2026-03-23,2100,Cuentas por pagar,0.00,80680.32,Registro factura INV-00064,INV-00064,CC-100 Operaciones,Elena Mora 05 00001104
825,2026-01-18,2100,Cuentas por pagar,0.00,84098.84,Registro factura INV-00141,INV-00141,CC-100 Operaciones,Ana Ruiz 01 00001104
826,2026-06-20,2100,Cuentas por pagar,0.00,32729.40,Registro factura INV-00184,INV-00184,CC-100 Operaciones,Fabian Rios 06 00001104
827,2026-06-14,1020,Bancos,0.00,95002.84,Pago factura INV-00035,INV-00035,CC-100 Operaciones,Bruno Garcia 02 00001104
828,2026-05-20,1180,IVA acreditable,5873.12,0.00,Registro factura INV-00268,INV-00268,CC-100 Operaciones,Carla Soto 09 00001104
829,2026-01-15,1180,IVA acreditable,5769.44,0.00,Registro factura INV-00315,INV-00315,CC-100 Operaciones,Bruno Garcia 02 00001104
830,2026-04-14,5000,Gastos operativos,66465.00,0.00,Registro factura INV-00054,INV-00054,CC-100 Operaciones,Ana Ruiz 07 00001104
831,2026-03-11,1020,Bancos,0.00,84098.84,Pago factura INV-00279,INV-00279,CC-100 Operaciones,Bruno Garcia 02 00001104
832,2026-05-15,2100,Cuentas por pagar,89825.76,0.00,Pago factura INV-00061,INV-00061,CC-100 Operaciones,Bruno Garcia 02 00001104
833,2026-01-22,5000,Gastos operativos,66374.00,0.00,Registro factura INV-00049,INV-00049,CC-100 Operaciones,Elena Mora 05 00001104
834,2026-04-06,2100,Cuentas por pagar,63223.48,0.00,Pago factura INV-00220,INV-00220,CC-100 Operaciones,Bruno Garcia 02 00001104
835,2026-01-23,1020,Bancos,0.00,13369.24,Pago factura INV-00074,INV-00074,CC-100 Operaciones,Bruno Garcia 02 00001104
836,2026-03-05,1020,Bancos,0.00,30843.24,Pago factura INV-00170,INV-00170,CC-100 Operaciones,Bruno Garcia 02 00001104
837,2026-04-26,1020,Bancos,0.00,46999.72,Pago factura INV-00173,INV-00173,CC-100 Operaciones,Bruno Garcia 02 00001104
838,2026-06-11,1180,IVA acreditable,3654.08,0.00,Registro factura INV-00265,INV-00265,CC-100 Operaciones,Ana Ruiz 01 00001104
839,2026-06-12,2100,Cuentas por pagar,76960.20,0.00,Pago factura INV-00300,INV-00300,CC-100 Operaciones,Bruno Garcia 02 00001104
840,2026-03-25,1020,Bancos,0.00,81290.48,Pago factura INV-00174,INV-00174,CC-100 Operaciones,Bruno Garcia 02 00001104
841,2026-02-23,5000,Gastos operativos,26589.00,0.00,Registro factura INV-00170,INV-00170,CC-100 Operaciones,Carla Soto 03 00001104
842,2026-02-19,5000,Gastos operativos,90219.00,0.00,Registro factura INV-00240,INV-00240,CC-100 Operaciones,Ana Ruiz 07 00001104
843,2026-06-09,1180,IVA acreditable,5581.44,0.00,Registro factura INV-00073,INV-00073,CC-100 Operaciones,Elena Mora 05 00001104
844,2026-01-09,1180,IVA acreditable,4108.48,0.00,Registro factura INV-00357,INV-00357,CC-100 Operaciones,Diego Luna 10 00001104
845,2026-04-23,1180,IVA acreditable,5154.56,0.00,Registro factura INV-00333,INV-00333,CC-100 Operaciones,Diego Luna 04 00001104
846,2026-04-29,1020,Bancos,0.00,78202.56,Pago factura INV-00235,INV-00235,CC-100 Operaciones,Bruno Garcia 02 00001104
847,2026-03-17,5000,Gastos operativos,90135.00,0.00,Registro factura INV-00037,INV-00037,CC-100 Operaciones,Elena Mora 05 00001104
848,2026-02-11,1020,Bancos,0.00,44086.96,Pago factura INV-00219,INV-00219,CC-100 Operaciones,Bruno Garcia 02 00001104
849,2026-03-05,2100,Cuentas por pagar,65617.72,0.00,Pago factura INV-00267,INV-00267,CC-100 Operaciones,Bruno Garcia 02 00001104
850,2026-02-22,1180,IVA acreditable,6887.52,0.00,Registro factura INV-00356,INV-00356,CC-100 Operaciones,Fabian Rios 06 00001104
851,2026-06-11,1020,Bancos,0.00,63497.24,Pago factura INV-00210,INV-00210,CC-100 Operaciones,Bruno Garcia 02 00001104
852,2026-05-10,1180,IVA acreditable,6701.12,0.00,Registro factura INV-00097,INV-00097,CC-100 Operaciones,Carla Soto 03 00001104
853,2026-04-18,2100,Cuentas por pagar,0.00,58656.56,Registro factura INV-00362,INV-00362,CC-100 Operaciones,Ana Ruiz 01 00001104
854,2026-05-07,1020,Bancos,0.00,43974.44,Pago factura INV-00195,INV-00195,CC-100 Operaciones,Bruno Garcia 02 00001104
855,2026-01-22,1020,Bancos,0.00,51761.52,Pago factura INV-00032,INV-00032,CC-100 Operaciones,Bruno Garcia 02 00001104
856,2026-04-13,5000,Gastos operativos,20362.00,0.00,Registro factura INV-00316,INV-00316,CC-100 Operaciones,Bruno Garcia 08 00001104
857,2026-05-06,2100,Cuentas por pagar,48112.16,0.00,Pago factura INV-00311,INV-00311,CC-100 Operaciones,Bruno Garcia 02 00001104
858,2026-04-28,1020,Bancos,0.00,42062.76,Pago factura INV-00273,INV-00273,CC-100 Operaciones,Bruno Garcia 02 00001104
859,2026-05-29,1180,IVA acreditable,13827.68,0.00,Registro factura INV-00307,INV-00307,CC-100 Operaciones,Fabian Rios 06 00001104
860,2026-02-09,2100,Cuentas por pagar,70160.28,0.00,Pago factura INV-00126,INV-00126,CC-100 Operaciones,Bruno Garcia 02 00001104
861,2026-02-15,1020,Bancos,0.00,30530.04,Pago factura INV-00329,INV-00329,CC-100 Operaciones,Bruno Garcia 02 00001104
862,2026-04-07,2100,Cuentas por pagar,92938.04,0.00,Pago factura INV-00352,INV-00352,CC-100 Operaciones,Bruno Garcia 02 00001104
863,2026-06-17,1020,Bancos,0.00,100465.28,Pago factura INV-00354,INV-00354,CC-100 Operaciones,Bruno Garcia 02 00001104
864,2026-06-30,2100,Cuentas por pagar,30146.08,0.00,Pago factura INV-00243,INV-00243,CC-100 Operaciones,Bruno Garcia 02 00001104
865,2026-03-29,2100,Cuentas por pagar,24133.80,0.00,Pago factura INV-00087,INV-00087,CC-100 Operaciones,Bruno Garcia 02 00001104
866,2026-02-01,2100,Cuentas por pagar,76993.84,0.00,Pago factura INV-00049,INV-00049,CC-100 Operaciones,Bruno Garcia 02 00001104
867,2026-03-16,5000,Gastos operativos,53664.00,0.00,Registro factura INV-00142,INV-00142,CC-100 Operaciones,Bruno Garcia 08 00001104
868,2026-02-17,5000,Gastos operativos,45359.00,0.00,Registro factura INV-00332,INV-00332,CC-100 Operaciones,Carla Soto 03 00001104
869,2026-06-24,1180,IVA acreditable,12756.16,0.00,Registro factura INV-00271,INV-00271,CC-100 Operaciones,Bruno Garcia 02 00001104
870,2026-04-22,5000,Gastos operativos,24165.00,0.00,Registro factura INV-00328,INV-00328,CC-100 Operaciones,Elena Mora 05 00001104
871,2026-03-16,1020,Bancos,0.00,22063.20,Pago factura INV-00262,INV-00262,CC-100 Operaciones,Bruno Garcia 02 00001104
872,2026-05-13,1180,IVA acreditable,14047.04,0.00,Registro factura INV-00234,INV-00234,CC-100 Operaciones,Diego Luna 04 00001104
873,2026-06-15,2100,Cuentas por pagar,36449.52,0.00,Pago factura INV-00007,INV-00007,CC-100 Operaciones,Bruno Garcia 02 00001104
874,2026-02-20,2100,Cuentas por pagar,0.00,82680.16,Registro factura INV-00016,INV-00016,CC-100 Operaciones,Bruno Garcia 02 00001104
875,2026-03-21,1180,IVA acreditable,2341.92,0.00,Registro factura INV-00127,INV-00127,CC-100 Operaciones,Ana Ruiz 01 00001104
876,2026-01-17,1180,IVA acreditable,12485.28,0.00,Registro factura INV-00024,INV-00024,CC-100 Operaciones,Diego Luna 04 00001104
877,2026-04-11,2100,Cuentas por pagar,39873.84,0.00,Pago factura INV-00042,INV-00042,CC-100 Operaciones,Bruno Garcia 02 00001104
878,2026-03-05,5000,Gastos operativos,28813.00,0.00,Registro factura INV-00172,INV-00172,CC-100 Operaciones,Fabian Rios 06 00001104
879,2026-04-07,2100,Cuentas por pagar,96560.72,0.00,Pago factura INV-00282,INV-00282,CC-100 Operaciones,Bruno Garcia 02 00001104
880,2026-02-02,2100,Cuentas por pagar,105932.36,0.00,Pago factura INV-00236,INV-00236,CC-100 Operaciones,Bruno Garcia 02 00001104
881,2026-05-02,5000,Gastos operativos,56190.00,0.00,Registro factura INV-00095,INV-00095,CC-100 Operaciones,Ana Ruiz 01 00001104
882,2026-02-24,1180,IVA acreditable,8780.32,0.00,Registro factura INV-00050,INV-00050,CC-100 Operaciones,Diego Luna 10 00001104
883,2026-02-11,5000,Gastos operativos,21363.00,0.00,Registro factura INV-00275,INV-00275,CC-100 Operaciones,Carla Soto 03 00001104
884,2026-02-20,2100,Cuentas por pagar,0.00,29458.20,Registro factura INV-00228,INV-00228,CC-100 Operaciones,Diego Luna 04 00001104
885,2026-04-29,1180,IVA acreditable,9282.08,0.00,Registro factura INV-00164,INV-00164,CC-100 Operaciones,Bruno Garcia 02 00001104
886,2026-02-10,2100,Cuentas por pagar,0.00,14290.04,Registro factura INV-00233,INV-00233,CC-100 Operaciones,Bruno Garcia 08 00001104
887,2026-06-01,2100,Cuentas por pagar,0.00,63497.24,Registro factura INV-00210,INV-00210,CC-100 Operaciones,Carla Soto 03 00001104
888,2026-05-16,2100,Cuentas por pagar,26214.84,0.00,Pago factura INV-00334,INV-00334,CC-100 Operaciones,Bruno Garcia 02 00001104
889,2026-02-02,1180,IVA acreditable,12432.16,0.00,Registro factura INV-00031,INV-00031,CC-100 Operaciones,Fabian Rios 06 00001104
890,2026-06-15,1180,IVA acreditable,8621.92,0.00,Registro factura INV-00278,INV-00278,CC-100 Operaciones,Ana Ruiz 07 00001104
891,2026-04-04,2100,Cuentas por pagar,0.00,33653.92,Registro factura INV-00045,INV-00045,CC-100 Operaciones,Ana Ruiz 01 00001104
892,2026-01-17,5000,Gastos operativos,87026.00,0.00,Registro factura INV-00326,INV-00326,CC-100 Operaciones,Bruno Garcia 02 00001104
893,2026-05-15,2100,Cuentas por pagar,0.00,60690.04,Registro factura INV-00181,INV-00181,CC-100 Operaciones,Fabian Rios 06 00001104
894,2026-02-06,2100,Cuentas por pagar,88755.08,0.00,Pago factura INV-00029,INV-00029,CC-100 Operaciones,Bruno Garcia 02 00001104
895,2026-06-21,2100,Cuentas por pagar,0.00,107068.00,Registro factura INV-00122,INV-00122,CC-100 Operaciones,Elena Mora 05 00001104
896,2026-04-04,5000,Gastos operativos,14101.00,0.00,Registro factura INV-00198,INV-00198,CC-100 Operaciones,Carla Soto 09 00001104
897,2026-06-02,5000,Gastos operativos,66345.00,0.00,Registro factura INV-00300,INV-00300,CC-100 Operaciones,Diego Luna 10 00001104
898,2026-02-22,1020,Bancos,0.00,48073.88,Pago factura INV-00341,INV-00341,CC-100 Operaciones,Bruno Garcia 02 00001104
899,2026-05-23,2100,Cuentas por pagar,12901.06,0.00,Pago factura INV-00313,INV-00313,CC-100 Operaciones,Bruno Garcia 02 00001104
900,2026-06-18,2100,Cuentas por pagar,96754.44,0.00,Pago factura INV-00017,INV-00017,CC-100 Operaciones,Bruno Garcia 02 00001104
901,2026-04-05,5000,Gastos operativos,25400.00,0.00,Registro factura INV-00076,INV-00076,CC-100 Operaciones,Fabian Rios 06 00001104
902,2026-03-09,2100,Cuentas por pagar,0.00,58841.00,Registro factura INV-00166,INV-00166,CC-100 Operaciones,Ana Ruiz 01 00001104
903,2026-03-17,1180,IVA acreditable,14421.60,0.00,Registro factura INV-00037,INV-00037,CC-100 Operaciones,Elena Mora 05 00001104
904,2026-03-18,5000,Gastos operativos,42791.00,0.00,Registro factura INV-00350,INV-00350,CC-100 Operaciones,Diego Luna 10 00001104
905,2026-06-05,5000,Gastos operativos,31422.00,0.00,Registro factura INV-00007,INV-00007,CC-100 Operaciones,Carla Soto 09 00001104
906,2026-03-17,2100,Cuentas por pagar,0.00,104556.60,Registro factura INV-00037,INV-00037,CC-100 Operaciones,Elena Mora 05 00001104
907,2026-04-11,5000,Gastos operativos,73828.00,0.00,Registro factura INV-00090,INV-00090,CC-100 Operaciones,Diego Luna 04 00001104
908,2026-05-21,2100,Cuentas por pagar,94696.60,0.00,Pago factura INV-00101,INV-00101,CC-100 Operaciones,Bruno Garcia 02 00001104
909,2026-04-09,1180,IVA acreditable,8424.32,0.00,Registro factura INV-00020,INV-00020,CC-100 Operaciones,Bruno Garcia 02 00001104
910,2026-06-21,5000,Gastos operativos,92300.00,0.00,Registro factura INV-00122,INV-00122,CC-100 Operaciones,Elena Mora 05 00001104
911,2026-04-09,2100,Cuentas por pagar,91549.52,0.00,Pago factura INV-00107,INV-00107,CC-100 Operaciones,Bruno Garcia 02 00001104
912,2026-02-15,1020,Bancos,0.00,33423.08,Pago factura INV-00130,INV-00130,CC-100 Operaciones,Bruno Garcia 02 00001104
913,2026-02-19,2100,Cuentas por pagar,74217.96,0.00,Pago factura INV-00349,INV-00349,CC-100 Operaciones,Bruno Garcia 02 00001104
914,2026-04-15,1020,Bancos,0.00,86802.80,Pago factura INV-00004,INV-00004,CC-100 Operaciones,Bruno Garcia 02 00001104
915,2026-02-26,1180,IVA acreditable,7708.48,0.00,Registro factura INV-00221,INV-00221,CC-100 Operaciones,Diego Luna 10 00001104
916,2026-06-30,2100,Cuentas por pagar,95764.96,0.00,Pago factura INV-00036,INV-00036,CC-100 Operaciones,Bruno Garcia 02 00001104
917,2026-04-06,1180,IVA acreditable,6278.72,0.00,Registro factura INV-00360,INV-00360,CC-100 Operaciones,Carla Soto 03 00001104
918,2026-04-06,5000,Gastos operativos,49165.00,0.00,Registro factura INV-00075,INV-00075,CC-100 Operaciones,Elena Mora 05 00001104
919,2026-03-20,5000,Gastos operativos,57907.00,0.00,Registro factura INV-00011,INV-00011,CC-100 Operaciones,Diego Luna 04 00001104
920,2026-02-18,1180,IVA acreditable,2183.20,0.00,Registro factura INV-00339,INV-00339,CC-100 Operaciones,Bruno Garcia 02 00001104
921,2026-04-17,2100,Cuentas por pagar,0.00,80731.36,Registro factura INV-00026,INV-00026,CC-100 Operaciones,Diego Luna 04 00001104
922,2026-03-25,1180,IVA acreditable,3504.80,0.00,Registro factura INV-00067,INV-00067,CC-100 Operaciones,Elena Mora 05 00001104
923,2026-06-05,1180,IVA acreditable,5027.52,0.00,Registro factura INV-00007,INV-00007,CC-100 Operaciones,Carla Soto 09 00001104
924,2026-04-24,2100,Cuentas por pagar,77099.40,0.00,Pago factura INV-00054,INV-00054,CC-100 Operaciones,Bruno Garcia 02 00001104
925,2026-03-28,1020,Bancos,0.00,82505.00,Pago factura INV-00112,INV-00112,CC-100 Operaciones,Bruno Garcia 02 00001104
926,2026-01-26,2100,Cuentas por pagar,100807.48,0.00,Pago factura INV-00128,INV-00128,CC-100 Operaciones,Bruno Garcia 02 00001104
927,2026-04-05,2100,Cuentas por pagar,0.00,33423.08,Registro factura INV-00154,INV-00154,CC-100 Operaciones,Ana Ruiz 07 00001104
928,2026-01-23,5000,Gastos operativos,72674.00,0.00,Registro factura INV-00085,INV-00085,CC-100 Operaciones,Diego Luna 04 00001104
929,2026-02-15,5000,Gastos operativos,20947.00,0.00,Registro factura INV-00156,INV-00156,CC-100 Operaciones,Ana Ruiz 01 00001104
930,2026-05-19,5000,Gastos operativos,20355.00,0.00,Registro factura INV-00081,INV-00081,CC-100 Operaciones,Bruno Garcia 02 00001104
931,2026-02-13,2100,Cuentas por pagar,87061.48,0.00,Pago factura INV-00312,INV-00312,CC-100 Operaciones,Bruno Garcia 02 00001104
932,2026-04-02,1020,Bancos,0.00,45854.80,Pago factura INV-00022,INV-00022,CC-100 Operaciones,Bruno Garcia 02 00001104
933,2026-02-20,5000,Gastos operativos,71276.00,0.00,Registro factura INV-00016,INV-00016,CC-100 Operaciones,Bruno Garcia 02 00001104
934,2026-01-28,5000,Gastos operativos,86259.00,0.00,Registro factura INV-00276,INV-00276,CC-100 Operaciones,Carla Soto 03 00001104
935,2026-01-21,1020,Bancos,0.00,71205.44,Pago factura INV-00225,INV-00225,CC-100 Operaciones,Bruno Garcia 02 00001104
936,2026-01-23,1020,Bancos,0.00,98464.28,Pago factura INV-00317,INV-00317,CC-100 Operaciones,Bruno Garcia 02 00001104
937,2026-06-05,1020,Bancos,0.00,77824.40,Pago factura INV-00217,INV-00217,CC-100 Operaciones,Bruno Garcia 02 00001104
938,2026-05-02,5000,Gastos operativos,38683.00,0.00,Registro factura INV-00293,INV-00293,CC-100 Operaciones,Carla Soto 03 00001104
939,2026-04-18,2100,Cuentas por pagar,53963.20,0.00,Pago factura INV-00010,INV-00010,CC-100 Operaciones,Bruno Garcia 02 00001104
940,2026-06-17,5000,Gastos operativos,19897.00,0.00,Registro factura INV-00040,INV-00040,CC-100 Operaciones,Carla Soto 09 00001104
941,2026-01-28,1020,Bancos,0.00,84098.84,Pago factura INV-00141,INV-00141,CC-100 Operaciones,Bruno Garcia 02 00001104
942,2026-04-04,1020,Bancos,0.00,33209.64,Pago factura INV-00093,INV-00093,CC-100 Operaciones,Bruno Garcia 02 00001104
943,2026-04-01,1180,IVA acreditable,10635.04,0.00,Registro factura INV-00207,INV-00207,CC-100 Operaciones,Bruno Garcia 02 00001104
944,2026-02-21,1020,Bancos,0.00,24781.08,Pago factura INV-00275,INV-00275,CC-100 Operaciones,Bruno Garcia 02 00001104
945,2026-04-19,5000,Gastos operativos,90565.00,0.00,Registro factura INV-00299,INV-00299,CC-100 Operaciones,Fabian Rios 06 00001104
946,2026-04-30,1020,Bancos,0.00,71112.64,Pago factura INV-00115,INV-00115,CC-100 Operaciones,Bruno Garcia 02 00001104
947,2026-03-11,1180,IVA acreditable,6394.56,0.00,Registro factura INV-00132,INV-00132,CC-100 Operaciones,Elena Mora 05 00001104
948,2026-05-16,5000,Gastos operativos,58237.00,0.00,Registro factura INV-00208,INV-00208,CC-100 Operaciones,Carla Soto 03 00001104
949,2026-04-25,2100,Cuentas por pagar,0.00,19820.92,Registro factura INV-00249,INV-00249,CC-100 Operaciones,Fabian Rios 06 00001104
950,2026-05-27,5000,Gastos operativos,28331.00,0.00,Registro factura INV-00106,INV-00106,CC-100 Operaciones,Diego Luna 04 00001104
951,2026-02-18,2100,Cuentas por pagar,0.00,15828.20,Registro factura INV-00339,INV-00339,CC-100 Operaciones,Bruno Garcia 02 00001104
952,2026-04-24,1020,Bancos,0.00,77099.40,Pago factura INV-00054,INV-00054,CC-100 Operaciones,Bruno Garcia 02 00001104
953,2026-06-15,5000,Gastos operativos,53887.00,0.00,Registro factura INV-00278,INV-00278,CC-100 Operaciones,Ana Ruiz 07 00001104
954,2026-04-12,5000,Gastos operativos,58140.00,0.00,Registro factura INV-00140,INV-00140,CC-100 Operaciones,Ana Ruiz 01 00001104
955,2026-02-19,2100,Cuentas por pagar,0.00,104654.04,Registro factura INV-00240,INV-00240,CC-100 Operaciones,Ana Ruiz 07 00001104
956,2026-06-18,5000,Gastos operativos,12083.00,0.00,Registro factura INV-00205,INV-00205,CC-100 Operaciones,Diego Luna 04 00001104
957,2026-05-05,5000,Gastos operativos,26319.00,0.00,Registro factura INV-00277,INV-00277,CC-100 Operaciones,Fabian Rios 06 00001104
958,2026-05-18,2100,Cuentas por pagar,89792.12,0.00,Pago factura INV-00239,INV-00239,CC-100 Operaciones,Bruno Garcia 02 00001104
959,2026-02-14,1180,IVA acreditable,6758.56,0.00,Registro factura INV-00038,INV-00038,CC-100 Operaciones,Bruno Garcia 02 00001104
960,2026-05-21,2100,Cuentas por pagar,44654.20,0.00,Pago factura INV-00100,INV-00100,CC-100 Operaciones,Bruno Garcia 02 00001104
961,2026-06-22,2100,Cuentas por pagar,18413.84,0.00,Pago factura INV-00361,INV-00361,CC-100 Operaciones,Bruno Garcia 02 00001104
962,2026-02-10,1020,Bancos,0.00,62261.84,Pago factura INV-00231,INV-00231,CC-100 Operaciones,Bruno Garcia 02 00001104
963,2026-01-13,2100,Cuentas por pagar,0.00,16786.36,Registro factura INV-00215,INV-00215,CC-100 Operaciones,Bruno Garcia 08 00001104
964,2026-02-13,5000,Gastos operativos,91973.00,0.00,Registro factura INV-00102,INV-00102,CC-100 Operaciones,Ana Ruiz 07 00001104
965,2026-05-31,1180,IVA acreditable,5958.72,0.00,Registro factura INV-00018,INV-00018,CC-100 Operaciones,Bruno Garcia 08 00001104
966,2026-04-09,1020,Bancos,0.00,63438.08,Pago factura INV-00043,INV-00043,CC-100 Operaciones,Bruno Garcia 02 00001104
967,2026-03-10,2100,Cuentas por pagar,0.00,15814.28,Registro factura INV-00335,INV-00335,CC-100 Operaciones,Bruno Garcia 08 00001104
968,2026-05-03,1020,Bancos,0.00,27228.68,Pago factura INV-00086,INV-00086,CC-100 Operaciones,Bruno Garcia 02 00001104
969,2026-04-17,5000,Gastos operativos,50609.00,0.00,Registro factura INV-00322,INV-00322,CC-100 Operaciones,Fabian Rios 06 00001104
970,2026-02-24,1020,Bancos,0.00,48999.56,Pago factura INV-00038,INV-00038,CC-100 Operaciones,Bruno Garcia 02 00001104
971,2026-03-30,5000,Gastos operativos,54688.00,0.00,Registro factura INV-00043,INV-00043,CC-100 Operaciones,Diego Luna 10 00001104
972,2026-06-01,2100,Cuentas por pagar,96908.72,0.00,Pago factura INV-00077,INV-00077,CC-100 Operaciones,Bruno Garcia 02 00001104
973,2026-05-05,2100,Cuentas por pagar,0.00,103124.00,Registro factura INV-00124,INV-00124,CC-100 Operaciones,Diego Luna 10 00001104
974,2026-04-28,1180,IVA acreditable,13109.92,0.00,Registro factura INV-00047,INV-00047,CC-100 Operaciones,Ana Ruiz 07 00001104
975,2026-06-20,1020,Bancos,0.00,64280.24,Pago factura INV-00264,INV-00264,CC-100 Operaciones,Bruno Garcia 02 00001104
976,2026-04-19,1180,IVA acreditable,14490.40,0.00,Registro factura INV-00299,INV-00299,CC-100 Operaciones,Fabian Rios 06 00001104
977,2026-05-27,5000,Gastos operativos,34529.00,0.00,Registro factura INV-00139,INV-00139,CC-100 Operaciones,Bruno Garcia 02 00001104
978,2026-01-28,2100,Cuentas por pagar,0.00,100060.44,Registro factura INV-00276,INV-00276,CC-100 Operaciones,Carla Soto 03 00001104
979,2026-04-13,2100,Cuentas por pagar,88336.32,0.00,Pago factura INV-00209,INV-00209,CC-100 Operaciones,Bruno Garcia 02 00001104
980,2026-03-16,2100,Cuentas por pagar,22063.20,0.00,Pago factura INV-00262,INV-00262,CC-100 Operaciones,Bruno Garcia 02 00001104
981,2026-06-09,1020,Bancos,0.00,37748.72,Pago factura INV-00194,INV-00194,CC-100 Operaciones,Bruno Garcia 02 00001104
982,2026-02-25,5000,Gastos operativos,84362.00,0.00,Registro factura INV-00304,INV-00304,CC-100 Operaciones,Elena Mora 05 00001104
983,2026-02-12,2100,Cuentas por pagar,0.00,36939.04,Registro factura INV-00092,INV-00092,CC-100 Operaciones,Diego Luna 10 00001104
984,2026-05-07,2100,Cuentas por pagar,22990.04,0.00,Pago factura INV-00002,INV-00002,CC-100 Operaciones,Bruno Garcia 02 00001104
985,2026-06-30,2100,Cuentas por pagar,105875.52,0.00,Pago factura INV-00083,INV-00083,CC-100 Operaciones,Bruno Garcia 02 00001104
986,2026-05-30,1180,IVA acreditable,5206.72,0.00,Registro factura INV-00194,INV-00194,CC-100 Operaciones,Carla Soto 03 00001104
987,2026-03-09,5000,Gastos operativos,80068.00,0.00,Registro factura INV-00330,INV-00330,CC-100 Operaciones,Carla Soto 03 00001104
988,2026-06-18,2100,Cuentas por pagar,0.00,14016.28,Registro factura INV-00205,INV-00205,CC-100 Operaciones,Diego Luna 04 00001104
989,2026-03-23,2100,Cuentas por pagar,13369.24,0.00,Pago factura INV-00172,INV-00172,CC-100 Operaciones,Bruno Garcia 02 00001104
990,2026-05-04,1180,IVA acreditable,13036.48,0.00,Registro factura INV-00003,INV-00003,CC-100 Operaciones,Carla Soto 03 00001104
991,2026-03-31,1020,Bancos,0.00,52828.72,Pago factura INV-00125,INV-00125,CC-100 Operaciones,Bruno Garcia 02 00001104
992,2026-06-22,5000,Gastos operativos,43122.00,0.00,Registro factura INV-00193,INV-00193,CC-100 Operaciones,Diego Luna 10 00001104
993,2026-03-26,2100,Cuentas por pagar,0.00,58890.88,Registro factura INV-00253,INV-00253,CC-100 Operaciones,Bruno Garcia 02 00001104
994,2026-05-14,1020,Bancos,0.00,94514.48,Pago factura INV-00003,INV-00003,CC-100 Operaciones,Bruno Garcia 02 00001104
995,2026-02-02,2100,Cuentas por pagar,0.00,90133.16,Registro factura INV-00031,INV-00031,CC-100 Operaciones,Fabian Rios 06 00001104
996,2026-03-06,1020,Bancos,0.00,47986.88,Pago factura INV-00006,INV-00006,CC-100 Operaciones,Bruno Garcia 02 00001104
997,2026-02-02,1020,Bancos,0.00,105932.36,Pago factura INV-00236,INV-00236,CC-100 Operaciones,Bruno Garcia 02 00001104
998,2026-01-29,1020,Bancos,0.00,71264.60,Pago factura INV-00252,INV-00252,CC-100 Operaciones,Bruno Garcia 02 00001104
999,2026-06-14,2100,Cuentas por pagar,95002.84,0.00,Pago factura INV-00035,INV-00035,CC-100 Operaciones,Bruno Garcia 02 00001104
1000,2026-05-05,5000,Gastos operativos,28813.00,0.00,Registro factura INV-00270,INV-00270,CC-100 Operaciones,Bruno Garcia 08 00001104
1001,2026-06-30,1020,Bancos,0.00,79357.92,Pago factura INV-00257,INV-00257,CC-100 Operaciones,Bruno Garcia 02 00001104
1002,2026-01-05,5000,Gastos operativos,27804.00,0.00,Registro factura INV-00138,INV-00138,CC-100 Operaciones,Bruno Garcia 08 00001104
1003,2026-02-02,1020,Bancos,0.00,84301.84,Pago factura INV-00085,INV-00085,CC-100 Operaciones,Bruno Garcia 02 00001104
1004,2026-02-13,5000,Gastos operativos,45524.00,0.00,Registro factura INV-00203,INV-00203,CC-100 Operaciones,Carla Soto 09 00001104
1005,2026-04-17,5000,Gastos operativos,69596.00,0.00,Registro factura INV-00026,INV-00026,CC-100 Operaciones,Diego Luna 04 00001104
1006,2026-04-08,1180,IVA acreditable,7320.16,0.00,Registro factura INV-00248,INV-00248,CC-100 Operaciones,Elena Mora 05 00001104
1007,2026-02-19,1020,Bancos,0.00,74217.96,Pago factura INV-00349,INV-00349,CC-100 Operaciones,Bruno Garcia 02 00001104
1008,2026-04-20,2100,Cuentas por pagar,103620.48,0.00,Pago factura INV-00192,INV-00192,CC-100 Operaciones,Bruno Garcia 02 00001104
1009,2026-04-05,1180,IVA acreditable,4211.04,0.00,Registro factura INV-00201,INV-00201,CC-100 Operaciones,Elena Mora 05 00001104
1010,2026-05-23,1020,Bancos,0.00,13369.24,Pago factura INV-00270,INV-00270,CC-100 Operaciones,Bruno Garcia 02 00001104
1011,2026-03-20,1020,Bancos,0.00,36469.24,Pago factura INV-00149,INV-00149,CC-100 Operaciones,Bruno Garcia 02 00001104
1012,2026-02-03,1180,IVA acreditable,5406.08,0.00,Registro factura INV-00151,INV-00151,CC-100 Operaciones,Elena Mora 05 00001104
1013,2026-04-23,1020,Bancos,0.00,23619.92,Pago factura INV-00316,INV-00316,CC-100 Operaciones,Bruno Garcia 02 00001104
1014,2026-06-18,1020,Bancos,0.00,96754.44,Pago factura INV-00017,INV-00017,CC-100 Operaciones,Bruno Garcia 02 00001104
1015,2026-05-25,1180,IVA acreditable,8995.52,0.00,Registro factura INV-00060,INV-00060,CC-100 Operaciones,Diego Luna 10 00001104
1016,2026-01-22,1180,IVA acreditable,6166.88,0.00,Registro factura INV-00216,INV-00216,CC-100 Operaciones,Ana Ruiz 07 00001104
1017,2026-03-12,2100,Cuentas por pagar,19351.58,0.00,Pago factura INV-00001,INV-00001,CC-100 Operaciones,Bruno Garcia 02 00001104
1018,2026-01-29,2100,Cuentas por pagar,21630.52,0.00,Pago factura INV-00189,INV-00189,CC-100 Operaciones,Bruno Garcia 02 00001104
1019,2026-06-02,2100,Cuentas por pagar,96860.00,0.00,Pago factura INV-00041,INV-00041,CC-100 Operaciones,Bruno Garcia 02 00001104
1020,2026-04-20,2100,Cuentas por pagar,0.00,52225.52,Registro factura INV-00098,INV-00098,CC-100 Operaciones,Elena Mora 05 00001104
1021,2026-06-18,1180,IVA acreditable,7414.88,0.00,Registro factura INV-00052,INV-00052,CC-100 Operaciones,Fabian Rios 06 00001104
1022,2026-02-01,5000,Gastos operativos,38006.00,0.00,Registro factura INV-00219,INV-00219,CC-100 Operaciones,Ana Ruiz 01 00001104
1023,2026-06-09,5000,Gastos operativos,34884.00,0.00,Registro factura INV-00073,INV-00073,CC-100 Operaciones,Elena Mora 05 00001104
1024,2026-03-04,5000,Gastos operativos,52136.00,0.00,Registro factura INV-00111,INV-00111,CC-100 Operaciones,Bruno Garcia 02 00001104
1025,2026-06-30,2100,Cuentas por pagar,106333.72,0.00,Pago factura INV-00120,INV-00120,CC-100 Operaciones,Bruno Garcia 02 00001104
1026,2026-03-02,2100,Cuentas por pagar,82680.16,0.00,Pago factura INV-00016,INV-00016,CC-100 Operaciones,Bruno Garcia 02 00001104
1027,2026-06-20,2100,Cuentas por pagar,35286.04,0.00,Pago factura INV-00162,INV-00162,CC-100 Operaciones,Bruno Garcia 02 00001104
1028,2026-06-22,1020,Bancos,0.00,18413.84,Pago factura INV-00361,INV-00361,CC-100 Operaciones,Bruno Garcia 02 00001104
1029,2026-06-11,2100,Cuentas por pagar,0.00,26492.08,Registro factura INV-00265,INV-00265,CC-100 Operaciones,Ana Ruiz 01 00001104
1030,2026-03-25,5000,Gastos operativos,21905.00,0.00,Registro factura INV-00067,INV-00067,CC-100 Operaciones,Elena Mora 05 00001104
1031,2026-04-28,2100,Cuentas por pagar,0.00,95046.92,Registro factura INV-00047,INV-00047,CC-100 Operaciones,Ana Ruiz 07 00001104
1032,2026-05-26,2100,Cuentas por pagar,0.00,77824.40,Registro factura INV-00217,INV-00217,CC-100 Operaciones,Ana Ruiz 07 00001104
1033,2026-05-09,2100,Cuentas por pagar,0.00,62543.72,Registro factura INV-00263,INV-00263,CC-100 Operaciones,Fabian Rios 06 00001104
1034,2026-04-07,5000,Gastos operativos,83971.00,0.00,Registro factura INV-00269,INV-00269,CC-100 Operaciones,Diego Luna 10 00001104
1035,2026-01-09,2100,Cuentas por pagar,0.00,29786.48,Registro factura INV-00357,INV-00357,CC-100 Operaciones,Diego Luna 10 00001104
1036,2026-05-07,2100,Cuentas por pagar,0.00,17284.00,Registro factura INV-00110,INV-00110,CC-100 Operaciones,Diego Luna 04 00001104
1037,2026-02-12,1020,Bancos,0.00,47919.60,Pago factura INV-00103,INV-00103,CC-100 Operaciones,Bruno Garcia 02 00001104
1038,2026-05-08,2100,Cuentas por pagar,83342.52,0.00,Pago factura INV-00245,INV-00245,CC-100 Operaciones,Bruno Garcia 02 00001104
1039,2026-03-24,1020,Bancos,0.00,83537.40,Pago factura INV-00308,INV-00308,CC-100 Operaciones,Bruno Garcia 02 00001104
1040,2026-01-12,2100,Cuentas por pagar,0.00,51761.52,Registro factura INV-00032,INV-00032,CC-100 Operaciones,Ana Ruiz 01 00001104
1041,2026-03-07,2100,Cuentas por pagar,69470.08,0.00,Pago factura INV-00066,INV-00066,CC-100 Operaciones,Bruno Garcia 02 00001104
1042,2026-02-01,2100,Cuentas por pagar,0.00,80094.52,Registro factura INV-00227,INV-00227,CC-100 Operaciones,Carla Soto 09 00001104
1043,2026-01-22,2100,Cuentas por pagar,0.00,76993.84,Registro factura INV-00049,INV-00049,CC-100 Operaciones,Elena Mora 05 00001104
1044,2026-02-24,2100,Cuentas por pagar,0.00,63657.32,Registro factura INV-00050,INV-00050,CC-100 Operaciones,Diego Luna 10 00001104
1045,2026-02-06,2100,Cuentas por pagar,0.00,80962.20,Registro factura INV-00030,INV-00030,CC-100 Operaciones,Bruno Garcia 02 00001104
1046,2026-02-20,1180,IVA acreditable,11404.16,0.00,Registro factura INV-00016,INV-00016,CC-100 Operaciones,Bruno Garcia 02 00001104
1047,2026-01-28,1180,IVA acreditable,4905.76,0.00,Registro factura INV-00281,INV-00281,CC-100 Operaciones,Elena Mora 05 00001104
1048,2026-01-21,1020,Bancos,0.00,75387.24,Pago factura INV-00023,INV-00023,CC-100 Operaciones,Bruno Garcia 02 00001104
1049,2026-02-04,2100,Cuentas por pagar,77800.04,0.00,Pago factura INV-00062,INV-00062,CC-100 Operaciones,Bruno Garcia 02 00001104
1050,2026-02-08,5000,Gastos operativos,17117.00,0.00,Registro factura INV-00180,INV-00180,CC-100 Operaciones,Fabian Rios 06 00001104
1051,2026-02-03,2100,Cuentas por pagar,27051.20,0.00,Pago factura INV-00291,INV-00291,CC-100 Operaciones,Bruno Garcia 02 00001104
1052,2026-02-21,1180,IVA acreditable,12190.40,0.00,Registro factura INV-00359,INV-00359,CC-100 Operaciones,Ana Ruiz 01 00001104
1053,2026-01-05,1180,IVA acreditable,4610.08,0.00,Registro factura INV-00074,INV-00074,CC-100 Operaciones,Diego Luna 04 00001104
1054,2026-05-02,2100,Cuentas por pagar,0.00,65180.40,Registro factura INV-00095,INV-00095,CC-100 Operaciones,Ana Ruiz 01 00001104
1055,2026-05-28,2100,Cuentas por pagar,0.00,52861.20,Registro factura INV-00155,INV-00155,CC-100 Operaciones,Carla Soto 09 00001104
1056,2026-01-25,5000,Gastos operativos,87989.00,0.00,Registro factura INV-00297,INV-00297,CC-100 Operaciones,Diego Luna 04 00001104
1057,2026-02-19,2100,Cuentas por pagar,32209.72,0.00,Pago factura INV-00012,INV-00012,CC-100 Operaciones,Bruno Garcia 02 00001104
1058,2026-05-30,1180,IVA acreditable,11032.00,0.00,Registro factura INV-00200,INV-00200,CC-100 Operaciones,Ana Ruiz 01 00001104
1059,2026-05-27,1180,IVA acreditable,5524.64,0.00,Registro factura INV-00139,INV-00139,CC-100 Operaciones,Bruno Garcia 02 00001104
1060,2026-03-12,5000,Gastos operativos,63390.00,0.00,Registro factura INV-00176,INV-00176,CC-100 Operaciones,Diego Luna 04 00001104
1061,2026-04-13,1180,IVA acreditable,3257.92,0.00,Registro factura INV-00316,INV-00316,CC-100 Operaciones,Bruno Garcia 08 00001104
1062,2026-06-21,1020,Bancos,0.00,82539.80,Pago factura INV-00008,INV-00008,CC-100 Operaciones,Bruno Garcia 02 00001104
1063,2026-06-16,5000,Gastos operativos,18338.00,0.00,Registro factura INV-00280,INV-00280,CC-100 Operaciones,Diego Luna 10 00001104
1064,2026-01-16,1180,IVA acreditable,13628.80,0.00,Registro factura INV-00005,INV-00005,CC-100 Operaciones,Carla Soto 09 00001104
1065,2026-05-13,1180,IVA acreditable,8619.04,0.00,Registro factura INV-00079,INV-00079,CC-100 Operaciones,Bruno Garcia 02 00001104
1066,2026-01-20,1180,IVA acreditable,5274.24,0.00,Registro factura INV-00082,INV-00082,CC-100 Operaciones,Carla Soto 03 00001104
1067,2026-01-29,1180,IVA acreditable,10984.48,0.00,Registro factura INV-00123,INV-00123,CC-100 Operaciones,Bruno Garcia 02 00001104
1068,2026-04-19,2100,Cuentas por pagar,61076.32,0.00,Pago factura INV-00020,INV-00020,CC-100 Operaciones,Bruno Garcia 02 00001104
1069,2026-05-23,1180,IVA acreditable,12645.76,0.00,Registro factura INV-00190,INV-00190,CC-100 Operaciones,Bruno Garcia 08 00001104
1070,2026-03-10,1020,Bancos,0.00,39922.56,Pago factura INV-00260,INV-00260,CC-100 Operaciones,Bruno Garcia 02 00001104
1071,2026-04-26,2100,Cuentas por pagar,43288.88,0.00,Pago factura INV-00185,INV-00185,CC-100 Operaciones,Bruno Garcia 02 00001104
1072,2026-06-17,1020,Bancos,0.00,108692.00,Pago factura INV-00320,INV-00320,CC-100 Operaciones,Bruno Garcia 02 00001104
1073,2026-06-30,1020,Bancos,0.00,95764.96,Pago factura INV-00036,INV-00036,CC-100 Operaciones,Bruno Garcia 02 00001104
1074,2026-02-05,2100,Cuentas por pagar,99732.16,0.00,Pago factura INV-00150,INV-00150,CC-100 Operaciones,Bruno Garcia 02 00001104
1075,2026-04-15,2100,Cuentas por pagar,32252.64,0.00,Pago factura INV-00133,INV-00133,CC-100 Operaciones,Bruno Garcia 02 00001104
1076,2026-04-14,2100,Cuentas por pagar,33653.92,0.00,Pago factura INV-00045,INV-00045,CC-100 Operaciones,Bruno Garcia 02 00001104
1077,2026-01-19,1180,IVA acreditable,9829.60,0.00,Registro factura INV-00252,INV-00252,CC-100 Operaciones,Bruno Garcia 08 00001104
1078,2026-06-30,1020,Bancos,0.00,25435.32,Pago factura INV-00351,INV-00351,CC-100 Operaciones,Bruno Garcia 02 00001104
1079,2026-01-27,5000,Gastos operativos,81404.00,0.00,Registro factura INV-00294,INV-00294,CC-100 Operaciones,Diego Luna 10 00001104
1080,2026-03-15,2100,Cuentas por pagar,0.00,81290.48,Registro factura INV-00174,INV-00174,CC-100 Operaciones,Ana Ruiz 01 00001104
1081,2026-05-03,1020,Bancos,0.00,37370.56,Pago factura INV-00333,INV-00333,CC-100 Operaciones,Bruno Garcia 02 00001104
1082,2026-04-24,1180,IVA acreditable,4649.92,0.00,Registro factura INV-00013,INV-00013,CC-100 Operaciones,Carla Soto 09 00001104
1083,2026-04-05,5000,Gastos operativos,27804.00,0.00,Registro factura INV-00133,INV-00133,CC-100 Operaciones,Ana Ruiz 01 00001104
1084,2026-02-25,1020,Bancos,71340.00,0.00,Cobro factura INV-00331,INV-00331,CC-100 Operaciones,Bruno Garcia 02 00001104
1085,2026-03-13,1180,IVA acreditable,7144.32,0.00,Registro factura INV-00033,INV-00033,CC-100 Operaciones,Ana Ruiz 07 00001104
1086,2026-03-02,1020,Bancos,0.00,82680.16,Pago factura INV-00016,INV-00016,CC-100 Operaciones,Bruno Garcia 02 00001104
1087,2026-04-07,2100,Cuentas por pagar,0.00,97406.36,Registro factura INV-00269,INV-00269,CC-100 Operaciones,Diego Luna 10 00001104
1088,2026-03-14,1180,IVA acreditable,11522.40,0.00,Registro factura INV-00308,INV-00308,CC-100 Operaciones,Diego Luna 04 00001104
1089,2026-06-30,2100,Cuentas por pagar,79357.92,0.00,Pago factura INV-00257,INV-00257,CC-100 Operaciones,Bruno Garcia 02 00001104
1090,2026-03-05,1180,IVA acreditable,4610.08,0.00,Registro factura INV-00172,INV-00172,CC-100 Operaciones,Fabian Rios 06 00001104
1091,2026-01-23,2100,Cuentas por pagar,13369.24,0.00,Pago factura INV-00074,INV-00074,CC-100 Operaciones,Bruno Garcia 02 00001104
1092,2026-06-09,1180,IVA acreditable,15185.60,0.00,Registro factura INV-00258,INV-00258,CC-100 Operaciones,Ana Ruiz 07 00001104
1093,2026-03-07,2100,Cuentas por pagar,0.00,87386.28,Registro factura INV-00345,INV-00345,CC-100 Operaciones,Ana Ruiz 01 00001104
1094,2026-05-27,1180,IVA acreditable,4532.96,0.00,Registro factura INV-00106,INV-00106,CC-100 Operaciones,Diego Luna 04 00001104
1095,2026-05-03,2100,Cuentas por pagar,27228.68,0.00,Pago factura INV-00086,INV-00086,CC-100 Operaciones,Bruno Garcia 02 00001104
1096,2026-02-27,5000,Gastos operativos,18073.00,0.00,Registro factura INV-00182,INV-00182,CC-100 Operaciones,Ana Ruiz 07 00001104
1097,2026-02-26,2100,Cuentas por pagar,0.00,55886.48,Registro factura INV-00221,INV-00221,CC-100 Operaciones,Diego Luna 10 00001104
1098,2026-06-26,1020,Bancos,0.00,21272.08,Pago factura INV-00280,INV-00280,CC-100 Operaciones,Bruno Garcia 02 00001104
1099,2026-05-18,5000,Gastos operativos,22194.00,0.00,Registro factura INV-00259,INV-00259,CC-100 Operaciones,Carla Soto 03 00001104
1100,2026-03-14,1020,Bancos,0.00,60477.76,Pago factura INV-00111,INV-00111,CC-100 Operaciones,Bruno Garcia 02 00001104
1101,2026-06-22,1180,IVA acreditable,10945.92,0.00,Registro factura INV-00257,INV-00257,CC-100 Operaciones,Bruno Garcia 02 00001104
1102,2026-03-15,2100,Cuentas por pagar,0.00,28211.20,Registro factura INV-00212,INV-00212,CC-100 Operaciones,Carla Soto 03 00001104
1103,2026-03-24,1180,IVA acreditable,12564.96,0.00,Registro factura INV-00327,INV-00327,CC-100 Operaciones,Diego Luna 10 00001104
1104,2026-02-26,2100,Cuentas por pagar,64823.12,0.00,Pago factura INV-00178,INV-00178,CC-100 Operaciones,Bruno Garcia 02 00001104
1105,2026-03-03,2100,Cuentas por pagar,0.00,42971.04,Registro factura INV-00241,INV-00241,CC-100 Operaciones,Elena Mora 05 00001104
1106,2026-02-25,2100,Cuentas por pagar,0.00,69470.08,Registro factura INV-00066,INV-00066,CC-100 Operaciones,Ana Ruiz 07 00001104
1107,2026-06-27,2100,Cuentas por pagar,0.00,37915.76,Registro factura INV-00144,INV-00144,CC-100 Operaciones,Carla Soto 03 00001104
1108,2026-01-25,1180,IVA acreditable,14078.24,0.00,Registro factura INV-00297,INV-00297,CC-100 Operaciones,Diego Luna 04 00001104
1109,2026-03-22,2100,Cuentas por pagar,73532.40,0.00,Pago factura INV-00176,INV-00176,CC-100 Operaciones,Bruno Garcia 02 00001104
1110,2026-04-17,2100,Cuentas por pagar,0.00,58706.44,Registro factura INV-00322,INV-00322,CC-100 Operaciones,Fabian Rios 06 00001104
1111,2026-04-12,1180,IVA acreditable,9302.40,0.00,Registro factura INV-00140,INV-00140,CC-100 Operaciones,Ana Ruiz 01 00001104
1112,2026-04-10,1020,Bancos,0.00,71946.68,Pago factura INV-00028,INV-00028,CC-100 Operaciones,Bruno Garcia 02 00001104
1113,2026-02-26,1020,Bancos,0.00,72220.44,Pago factura INV-00068,INV-00068,CC-100 Operaciones,Bruno Garcia 02 00001104
1114,2026-05-12,1020,Bancos,0.00,65180.40,Pago factura INV-00095,INV-00095,CC-100 Operaciones,Bruno Garcia 02 00001104
1115,2026-06-27,5000,Gastos operativos,41990.00,0.00,Registro factura INV-00310,INV-00310,CC-100 Operaciones,Ana Ruiz 01 00001104
1116,2026-01-28,2100,Cuentas por pagar,0.00,35566.76,Registro factura INV-00281,INV-00281,CC-100 Operaciones,Elena Mora 05 00001104
1117,2026-04-28,1180,IVA acreditable,11495.52,0.00,Registro factura INV-00245,INV-00245,CC-100 Operaciones,Elena Mora 05 00001104
1118,2026-06-05,2100,Cuentas por pagar,26341.28,0.00,Pago factura INV-00251,INV-00251,CC-100 Operaciones,Bruno Garcia 02 00001104
1119,2026-03-02,5000,Gastos operativos,27060.00,0.00,Registro factura INV-00099,INV-00099,CC-100 Operaciones,Fabian Rios 06 00001104
1120,2026-05-14,1180,IVA acreditable,7611.20,0.00,Registro factura INV-00319,INV-00319,CC-100 Operaciones,Ana Ruiz 07 00001104
1121,2026-03-27,2100,Cuentas por pagar,92776.80,0.00,Pago factura INV-00163,INV-00163,CC-100 Operaciones,Bruno Garcia 02 00001104
1122,2026-06-30,2100,Cuentas por pagar,37915.76,0.00,Pago factura INV-00144,INV-00144,CC-100 Operaciones,Bruno Garcia 02 00001104
1123,2026-03-30,2100,Cuentas por pagar,0.00,63438.08,Registro factura INV-00043,INV-00043,CC-100 Operaciones,Diego Luna 10 00001104
1124,2026-02-11,2100,Cuentas por pagar,0.00,45634.40,Registro factura INV-00109,INV-00109,CC-100 Operaciones,Elena Mora 05 00001104
1125,2026-05-20,2100,Cuentas por pagar,0.00,29380.48,Registro factura INV-00072,INV-00072,CC-100 Operaciones,Ana Ruiz 07 00001104
1126,2026-05-03,5000,Gastos operativos,87756.00,0.00,Registro factura INV-00197,INV-00197,CC-100 Operaciones,Bruno Garcia 08 00001104
1127,2026-06-04,1180,IVA acreditable,10237.76,0.00,Registro factura INV-00056,INV-00056,CC-100 Operaciones,Fabian Rios 06 00001104
1128,2026-04-26,1180,IVA acreditable,6636.16,0.00,Registro factura INV-00311,INV-00311,CC-100 Operaciones,Ana Ruiz 01 00001104
1129,2026-06-17,2100,Cuentas por pagar,0.00,39865.72,Registro factura INV-00179,INV-00179,CC-100 Operaciones,Ana Ruiz 07 00001104
1130,2026-05-03,1180,IVA acreditable,14040.96,0.00,Registro factura INV-00197,INV-00197,CC-100 Operaciones,Bruno Garcia 08 00001104
1131,2026-05-06,1180,IVA acreditable,3615.84,0.00,Registro factura INV-00334,INV-00334,CC-100 Operaciones,Ana Ruiz 07 00001104
1132,2026-05-13,5000,Gastos operativos,87794.00,0.00,Registro factura INV-00234,INV-00234,CC-100 Operaciones,Diego Luna 04 00001104
1133,2026-05-25,2100,Cuentas por pagar,0.00,65217.52,Registro factura INV-00060,INV-00060,CC-100 Operaciones,Diego Luna 10 00001104
1134,2026-06-07,1180,IVA acreditable,13857.28,0.00,Registro factura INV-00354,INV-00354,CC-100 Operaciones,Elena Mora 05 00001104
1135,2026-04-01,2100,Cuentas por pagar,0.00,39873.84,Registro factura INV-00042,INV-00042,CC-100 Operaciones,Diego Luna 10 00001104
1136,2026-02-05,5000,Gastos operativos,26319.00,0.00,Registro factura INV-00329,INV-00329,CC-100 Operaciones,Carla Soto 03 00001104
1137,2026-03-16,5000,Gastos operativos,88985.00,0.00,Registro factura INV-00096,INV-00096,CC-100 Operaciones,Fabian Rios 06 00001104
1138,2026-02-16,4000,Ingresos por servicios,0.00,61500.00,Registro venta INV-00331,INV-00331,CC-100 Operaciones,Bruno Garcia 02 00001104
1139,2026-02-08,2100,Cuentas por pagar,0.00,19855.72,Registro factura INV-00180,INV-00180,CC-100 Operaciones,Fabian Rios 06 00001104
1140,2026-01-10,5000,Gastos operativos,15029.00,0.00,Registro factura INV-00321,INV-00321,CC-100 Operaciones,Ana Ruiz 07 00001104
1141,2026-04-23,2100,Cuentas por pagar,51923.92,0.00,Pago factura INV-00159,INV-00159,CC-100 Operaciones,Bruno Garcia 02 00001104
1142,2026-04-04,1020,Bancos,0.00,25409.80,Pago factura INV-00067,INV-00067,CC-100 Operaciones,Bruno Garcia 02 00001104
1143,2026-04-01,1180,IVA acreditable,5499.84,0.00,Registro factura INV-00042,INV-00042,CC-100 Operaciones,Diego Luna 10 00001104
1144,2026-03-02,1180,IVA acreditable,12826.08,0.00,Registro factura INV-00058,INV-00058,CC-100 Operaciones,Bruno Garcia 08 00001104
1145,2026-06-30,2100,Cuentas por pagar,50021.52,0.00,Pago factura INV-00193,INV-00193,CC-100 Operaciones,Bruno Garcia 02 00001104
1146,2026-06-13,2100,Cuentas por pagar,96278.84,0.00,Pago factura INV-00059,INV-00059,CC-100 Operaciones,Bruno Garcia 02 00001104
1147,2026-03-01,5000,Gastos operativos,93568.00,0.00,Registro factura INV-00191,INV-00191,CC-100 Operaciones,Carla Soto 03 00001104
1148,2026-05-18,1180,IVA acreditable,3551.04,0.00,Registro factura INV-00259,INV-00259,CC-100 Operaciones,Carla Soto 03 00001104
1149,2026-06-14,2100,Cuentas por pagar,74223.76,0.00,Pago factura INV-00056,INV-00056,CC-100 Operaciones,Bruno Garcia 02 00001104
1150,2026-05-07,1180,IVA acreditable,13308.96,0.00,Registro factura INV-00306,INV-00306,CC-100 Operaciones,Bruno Garcia 02 00001104
1151,2026-03-09,1180,IVA acreditable,12810.88,0.00,Registro factura INV-00330,INV-00330,CC-100 Operaciones,Carla Soto 03 00001104
1152,2026-03-12,1020,Bancos,0.00,20053.84,Pago factura INV-00172,INV-00172,CC-100 Operaciones,Bruno Garcia 02 00001104
1153,2026-03-04,2100,Cuentas por pagar,0.00,60477.76,Registro factura INV-00111,INV-00111,CC-100 Operaciones,Bruno Garcia 02 00001104
1154,2026-04-18,1020,Bancos,0.00,53963.20,Pago factura INV-00010,INV-00010,CC-100 Operaciones,Bruno Garcia 02 00001104
1155,2026-04-01,2100,Cuentas por pagar,0.00,77104.04,Registro factura INV-00207,INV-00207,CC-100 Operaciones,Bruno Garcia 02 00001104
1156,2026-05-21,1180,IVA acreditable,2114.72,0.00,Registro factura INV-00206,INV-00206,CC-100 Operaciones,Bruno Garcia 02 00001104
1157,2026-06-30,2100,Cuentas por pagar,92482.16,0.00,Pago factura INV-00271,INV-00271,CC-100 Operaciones,Bruno Garcia 02 00001104
1158,2026-05-17,2100,Cuentas por pagar,0.00,107766.32,Registro factura INV-00153,INV-00153,CC-100 Operaciones,Bruno Garcia 08 00001104
1159,2026-03-06,2100,Cuentas por pagar,63657.32,0.00,Pago factura INV-00050,INV-00050,CC-100 Operaciones,Bruno Garcia 02 00001104
1160,2026-04-14,2100,Cuentas por pagar,16357.16,0.00,Pago factura INV-00198,INV-00198,CC-100 Operaciones,Bruno Garcia 02 00001104
1161,2026-01-17,2100,Cuentas por pagar,0.00,100950.16,Registro factura INV-00326,INV-00326,CC-100 Operaciones,Bruno Garcia 02 00001104
1162,2026-04-17,1020,Bancos,0.00,81232.48,Pago factura INV-00187,INV-00187,CC-100 Operaciones,Bruno Garcia 02 00001104
1163,2026-03-03,5000,Gastos operativos,37044.00,0.00,Registro factura INV-00241,INV-00241,CC-100 Operaciones,Elena Mora 05 00001104
1164,2026-06-14,1020,Bancos,0.00,74223.76,Pago factura INV-00056,INV-00056,CC-100 Operaciones,Bruno Garcia 02 00001104
1165,2026-01-16,2100,Cuentas por pagar,0.00,100807.48,Registro factura INV-00128,INV-00128,CC-100 Operaciones,Ana Ruiz 07 00001104
1166,2026-04-25,2100,Cuentas por pagar,0.00,62775.72,Registro factura INV-00009,INV-00009,CC-100 Operaciones,Bruno Garcia 08 00001104
1167,2026-01-30,4000,Ingresos por servicios,0.00,38000.00,Registro venta INV-00238,INV-00238,CC-100 Operaciones,Bruno Garcia 02 00001104
1168,2026-05-05,1180,IVA acreditable,4448.64,0.00,Registro factura INV-00313,INV-00313,CC-100 Operaciones,Bruno Garcia 02 00001104
1169,2026-05-10,2100,Cuentas por pagar,97185.96,0.00,Pago factura INV-00051,INV-00051,CC-100 Operaciones,Bruno Garcia 02 00001104
1170,2026-02-05,2100,Cuentas por pagar,0.00,70891.08,Registro factura INV-00157,INV-00157,CC-100 Operaciones,Ana Ruiz 07 00001104
1171,2026-01-27,2100,Cuentas por pagar,0.00,88755.08,Registro factura INV-00029,INV-00029,CC-100 Operaciones,Bruno Garcia 08 00001104
1172,2026-06-24,1180,IVA acreditable,11568.32,0.00,Registro factura INV-00171,INV-00171,CC-100 Operaciones,Diego Luna 04 00001104
1173,2026-02-06,5000,Gastos operativos,78634.00,0.00,Registro factura INV-00290,INV-00290,CC-100 Operaciones,Diego Luna 04 00001104
1174,2026-05-26,1180,IVA acreditable,10734.40,0.00,Registro factura INV-00217,INV-00217,CC-100 Operaciones,Ana Ruiz 07 00001104
1175,2026-02-02,2100,Cuentas por pagar,84301.84,0.00,Pago factura INV-00085,INV-00085,CC-100 Operaciones,Bruno Garcia 02 00001104
1176,2026-02-25,2100,Cuentas por pagar,24298.52,0.00,Pago factura INV-00156,INV-00156,CC-100 Operaciones,Bruno Garcia 02 00001104
1177,2026-05-04,2100,Cuentas por pagar,0.00,88372.28,Registro factura INV-00254,INV-00254,CC-100 Operaciones,Elena Mora 05 00001104
1178,2026-05-02,1180,IVA acreditable,6189.28,0.00,Registro factura INV-00293,INV-00293,CC-100 Operaciones,Carla Soto 03 00001104
1179,2026-03-04,1020,Bancos,0.00,49934.52,Pago factura INV-00356,INV-00356,CC-100 Operaciones,Bruno Garcia 02 00001104
1180,2026-04-03,2100,Cuentas por pagar,35682.76,0.00,Pago factura INV-00204,INV-00204,CC-100 Operaciones,Bruno Garcia 02 00001104
1181,2026-03-17,1020,Bancos,0.00,87386.28,Pago factura INV-00345,INV-00345,CC-100 Operaciones,Bruno Garcia 02 00001104
1182,2026-01-21,2100,Cuentas por pagar,75387.24,0.00,Pago factura INV-00023,INV-00023,CC-100 Operaciones,Bruno Garcia 02 00001104
1183,2026-06-05,1020,Bancos,0.00,26341.28,Pago factura INV-00251,INV-00251,CC-100 Operaciones,Bruno Garcia 02 00001104
1184,2026-02-12,2100,Cuentas por pagar,0.00,48073.88,Registro factura INV-00341,INV-00341,CC-100 Operaciones,Bruno Garcia 02 00001104
1185,2026-04-08,2100,Cuentas por pagar,46880.24,0.00,Pago factura INV-00048,INV-00048,CC-100 Operaciones,Bruno Garcia 02 00001104
1186,2026-05-19,2100,Cuentas por pagar,49361.48,0.00,Pago factura INV-00340,INV-00340,CC-100 Operaciones,Bruno Garcia 02 00001104
1187,2026-02-18,1020,Bancos,0.00,64058.68,Pago factura INV-00214,INV-00214,CC-100 Operaciones,Bruno Garcia 02 00001104
1188,2026-04-17,1180,IVA acreditable,8097.44,0.00,Registro factura INV-00322,INV-00322,CC-100 Operaciones,Fabian Rios 06 00001104
1189,2026-02-16,1020,Bancos,0.00,91215.44,Pago factura INV-00290,INV-00290,CC-100 Operaciones,Bruno Garcia 02 00001104
1190,2026-03-15,2100,Cuentas por pagar,51067.84,0.00,Pago factura INV-00343,INV-00343,CC-100 Operaciones,Bruno Garcia 02 00001104
1191,2026-04-10,1180,IVA acreditable,14292.48,0.00,Registro factura INV-00192,INV-00192,CC-100 Operaciones,Carla Soto 09 00001104
1192,2026-01-12,1020,Bancos,0.00,19351.58,Pago factura INV-00138,INV-00138,CC-100 Operaciones,Bruno Garcia 02 00001104
1193,2026-06-30,1020,Bancos,0.00,33114.52,Pago factura INV-00296,INV-00296,CC-100 Operaciones,Bruno Garcia 02 00001104
1194,2026-04-27,1020,Bancos,0.00,58706.44,Pago factura INV-00322,INV-00322,CC-100 Operaciones,Bruno Garcia 02 00001104
1195,2026-06-14,5000,Gastos operativos,57900.00,0.00,Registro factura INV-00169,INV-00169,CC-100 Operaciones,Bruno Garcia 08 00001104
1196,2026-05-01,2100,Cuentas por pagar,0.00,73387.40,Registro factura INV-00286,INV-00286,CC-100 Operaciones,Fabian Rios 06 00001104
1197,2026-05-12,2100,Cuentas por pagar,65180.40,0.00,Pago factura INV-00095,INV-00095,CC-100 Operaciones,Bruno Garcia 02 00001104
1198,2026-06-10,1020,Bancos,0.00,43200.72,Pago factura INV-00018,INV-00018,CC-100 Operaciones,Bruno Garcia 02 00001104
1199,2026-04-02,1180,IVA acreditable,5491.84,0.00,Registro factura INV-00165,INV-00165,CC-100 Operaciones,Carla Soto 09 00001104
1200,2026-04-30,2100,Cuentas por pagar,0.00,97185.96,Registro factura INV-00051,INV-00051,CC-100 Operaciones,Carla Soto 09 00001104
1201,2026-03-24,2100,Cuentas por pagar,0.00,91095.96,Registro factura INV-00327,INV-00327,CC-100 Operaciones,Diego Luna 10 00001104
1202,2026-02-18,5000,Gastos operativos,13645.00,0.00,Registro factura INV-00339,INV-00339,CC-100 Operaciones,Bruno Garcia 02 00001104
1203,2026-06-11,1180,IVA acreditable,11384.80,0.00,Registro factura INV-00008,INV-00008,CC-100 Operaciones,Carla Soto 09 00001104
1204,2026-04-26,1180,IVA acreditable,1960.16,0.00,Registro factura INV-00348,INV-00348,CC-100 Operaciones,Carla Soto 03 00001104
1205,2026-04-06,1020,Bancos,0.00,57207.72,Pago factura INV-00242,INV-00242,CC-100 Operaciones,Bruno Garcia 02 00001104
1206,2026-05-23,2100,Cuentas por pagar,12212.02,0.00,Pago factura INV-00277,INV-00277,CC-100 Operaciones,Bruno Garcia 02 00001104
1207,2026-03-13,2100,Cuentas por pagar,0.00,109988.88,Registro factura INV-00183,INV-00183,CC-100 Operaciones,Carla Soto 09 00001104
1208,2026-05-15,1180,IVA acreditable,8371.04,0.00,Registro factura INV-00181,INV-00181,CC-100 Operaciones,Fabian Rios 06 00001104
1209,2026-02-25,5000,Gastos operativos,59888.00,0.00,Registro factura INV-00066,INV-00066,CC-100 Operaciones,Ana Ruiz 07 00001104
1210,2026-05-31,1020,Bancos,0.00,15331.72,Pago factura INV-00206,INV-00206,CC-100 Operaciones,Bruno Garcia 02 00001104
1211,2026-05-10,2100,Cuentas por pagar,0.00,48583.12,Registro factura INV-00097,INV-00097,CC-100 Operaciones,Carla Soto 03 00001104
1212,2026-05-12,1180,IVA acreditable,14334.24,0.00,Registro factura INV-00295,INV-00295,CC-100 Operaciones,Ana Ruiz 07 00001104
1213,2026-04-12,2100,Cuentas por pagar,106071.56,0.00,Pago factura INV-00302,INV-00302,CC-100 Operaciones,Bruno Garcia 02 00001104
1214,2026-05-29,2100,Cuentas por pagar,95057.36,0.00,Pago factura INV-00129,INV-00129,CC-100 Operaciones,Bruno Garcia 02 00001104
1215,2026-06-28,2100,Cuentas por pagar,53757.88,0.00,Pago factura INV-00052,INV-00052,CC-100 Operaciones,Bruno Garcia 02 00001104
1216,2026-06-17,2100,Cuentas por pagar,0.00,23080.52,Registro factura INV-00040,INV-00040,CC-100 Operaciones,Carla Soto 09 00001104
1217,2026-01-24,5000,Gastos operativos,23320.00,0.00,Registro factura INV-00291,INV-00291,CC-100 Operaciones,Ana Ruiz 07 00001104
1218,2026-04-06,2100,Cuentas por pagar,0.00,45520.72,Registro factura INV-00360,INV-00360,CC-100 Operaciones,Carla Soto 03 00001104
1219,2026-03-01,1020,Bancos,0.00,17466.12,Pago factura INV-00196,INV-00196,CC-100 Operaciones,Bruno Garcia 02 00001104
1220,2026-03-23,1180,IVA acreditable,11128.32,0.00,Registro factura INV-00064,INV-00064,CC-100 Operaciones,Elena Mora 05 00001104
1221,2026-05-14,1180,IVA acreditable,7516.48,0.00,Registro factura INV-00261,INV-00261,CC-100 Operaciones,Carla Soto 09 00001104
1222,2026-02-07,5000,Gastos operativos,79447.00,0.00,Registro factura INV-00284,INV-00284,CC-100 Operaciones,Ana Ruiz 01 00001104
1223,2026-05-23,1020,Bancos,0.00,62488.04,Pago factura INV-00079,INV-00079,CC-100 Operaciones,Bruno Garcia 02 00001104
1224,2026-02-10,2100,Cuentas por pagar,62261.84,0.00,Pago factura INV-00231,INV-00231,CC-100 Operaciones,Bruno Garcia 02 00001104
1225,2026-05-24,5000,Gastos operativos,60433.00,0.00,Registro factura INV-00053,INV-00053,CC-100 Operaciones,Elena Mora 05 00001104
1226,2026-02-23,2100,Cuentas por pagar,0.00,30843.24,Registro factura INV-00170,INV-00170,CC-100 Operaciones,Carla Soto 03 00001104
1227,2026-01-21,1180,IVA acreditable,15039.84,0.00,Registro factura INV-00309,INV-00309,CC-100 Operaciones,Bruno Garcia 08 00001104
1228,2026-06-29,2100,Cuentas por pagar,0.00,25435.32,Registro factura INV-00351,INV-00351,CC-100 Operaciones,Elena Mora 05 00001104
1229,2026-03-12,2100,Cuentas por pagar,20053.84,0.00,Pago factura INV-00172,INV-00172,CC-100 Operaciones,Bruno Garcia 02 00001104
1230,2026-02-03,5000,Gastos operativos,33788.00,0.00,Registro factura INV-00151,INV-00151,CC-100 Operaciones,Elena Mora 05 00001104
1231,2026-03-30,1180,IVA acreditable,8750.08,0.00,Registro factura INV-00043,INV-00043,CC-100 Operaciones,Diego Luna 10 00001104
1232,2026-05-25,5000,Gastos operativos,87888.00,0.00,Registro factura INV-00229,INV-00229,CC-100 Operaciones,Bruno Garcia 08 00001104
1233,2026-02-03,1180,IVA acreditable,12008.48,0.00,Registro factura INV-00312,INV-00312,CC-100 Operaciones,Carla Soto 03 00001104
1234,2026-01-23,2100,Cuentas por pagar,98464.28,0.00,Pago factura INV-00317,INV-00317,CC-100 Operaciones,Bruno Garcia 02 00001104
1235,2026-02-01,1020,Bancos,0.00,76993.84,Pago factura INV-00049,INV-00049,CC-100 Operaciones,Bruno Garcia 02 00001104
1236,2026-03-03,2100,Cuentas por pagar,99601.08,0.00,Pago factura INV-00337,INV-00337,CC-100 Operaciones,Bruno Garcia 02 00001104
1237,2026-02-21,2100,Cuentas por pagar,24781.08,0.00,Pago factura INV-00275,INV-00275,CC-100 Operaciones,Bruno Garcia 02 00001104
1238,2026-02-17,1180,IVA acreditable,7257.44,0.00,Registro factura INV-00332,INV-00332,CC-100 Operaciones,Carla Soto 03 00001104
1239,2026-06-24,5000,Gastos operativos,72302.00,0.00,Registro factura INV-00171,INV-00171,CC-100 Operaciones,Diego Luna 04 00001104
1240,2026-01-28,2100,Cuentas por pagar,84098.84,0.00,Pago factura INV-00141,INV-00141,CC-100 Operaciones,Bruno Garcia 02 00001104
1241,2026-01-26,2100,Cuentas por pagar,98808.80,0.00,Pago factura INV-00005,INV-00005,CC-100 Operaciones,Bruno Garcia 02 00001104
1242,2026-05-21,1020,Bancos,0.00,44654.20,Pago factura INV-00100,INV-00100,CC-100 Operaciones,Bruno Garcia 02 00001104
1243,2026-01-27,1180,IVA acreditable,13024.64,0.00,Registro factura INV-00294,INV-00294,CC-100 Operaciones,Diego Luna 10 00001104
1244,2026-02-22,2100,Cuentas por pagar,30872.24,0.00,Pago factura INV-00224,INV-00224,CC-100 Operaciones,Bruno Garcia 02 00001104
1245,2026-01-31,2100,Cuentas por pagar,89372.20,0.00,Pago factura INV-00136,INV-00136,CC-100 Operaciones,Bruno Garcia 02 00001104
1246,2026-04-16,2100,Cuentas por pagar,45520.72,0.00,Pago factura INV-00360,INV-00360,CC-100 Operaciones,Bruno Garcia 02 00001104
1247,2026-02-06,1180,IVA acreditable,11167.20,0.00,Registro factura INV-00030,INV-00030,CC-100 Operaciones,Bruno Garcia 02 00001104
1248,2026-04-30,2100,Cuentas por pagar,52225.52,0.00,Pago factura INV-00098,INV-00098,CC-100 Operaciones,Bruno Garcia 02 00001104
1249,2026-06-20,5000,Gastos operativos,91667.00,0.00,Registro factura INV-00120,INV-00120,CC-100 Operaciones,Bruno Garcia 08 00001104
1250,2026-01-22,2100,Cuentas por pagar,51761.52,0.00,Pago factura INV-00032,INV-00032,CC-100 Operaciones,Bruno Garcia 02 00001104
1251,2026-02-09,2100,Cuentas por pagar,0.00,74217.96,Registro factura INV-00349,INV-00349,CC-100 Operaciones,Carla Soto 03 00001104
1252,2026-01-28,1020,Bancos,0.00,100965.24,Pago factura INV-00213,INV-00213,CC-100 Operaciones,Bruno Garcia 02 00001104
1253,2026-03-24,1180,IVA acreditable,4921.76,0.00,Registro factura INV-00204,INV-00204,CC-100 Operaciones,Bruno Garcia 08 00001104
1254,2026-02-15,2100,Cuentas por pagar,0.00,22957.56,Registro factura INV-00046,INV-00046,CC-100 Operaciones,Carla Soto 09 00001104
1255,2026-05-04,1020,Bancos,0.00,56869.00,Pago factura INV-00358,INV-00358,CC-100 Operaciones,Bruno Garcia 02 00001104
1256,2026-04-28,2100,Cuentas por pagar,0.00,83342.52,Registro factura INV-00245,INV-00245,CC-100 Operaciones,Elena Mora 05 00001104
1257,2026-03-03,1180,IVA acreditable,9157.76,0.00,Registro factura INV-00161,INV-00161,CC-100 Operaciones,Carla Soto 03 00001104
1258,2026-06-23,5000,Gastos operativos,25982.00,0.00,Registro factura INV-00070,INV-00070,CC-100 Operaciones,Elena Mora 05 00001104
1259,2026-01-22,1020,Bancos,0.00,107857.96,Pago factura INV-00065,INV-00065,CC-100 Operaciones,Bruno Garcia 02 00001104
1260,2026-04-19,1180,IVA acreditable,10786.56,0.00,Registro factura INV-00235,INV-00235,CC-100 Operaciones,Bruno Garcia 08 00001104
1261,2026-05-20,1020,Bancos,0.00,46055.48,Pago factura INV-00285,INV-00285,CC-100 Operaciones,Bruno Garcia 02 00001104
1262,2026-04-18,2100,Cuentas por pagar,0.00,42062.76,Registro factura INV-00273,INV-00273,CC-100 Operaciones,Carla Soto 09 00001104
1263,2026-04-29,1020,Bancos,0.00,105055.40,Pago factura INV-00299,INV-00299,CC-100 Operaciones,Bruno Garcia 02 00001104
1264,2026-04-03,2100,Cuentas por pagar,91095.96,0.00,Pago factura INV-00327,INV-00327,CC-100 Operaciones,Bruno Garcia 02 00001104
1265,2026-03-12,1020,Bancos,0.00,19351.58,Pago factura INV-00001,INV-00001,CC-100 Operaciones,Bruno Garcia 02 00001104
1266,2026-01-21,1180,IVA acreditable,12327.20,0.00,Registro factura INV-00136,INV-00136,CC-100 Operaciones,Diego Luna 10 00001104
1267,2026-05-19,2100,Cuentas por pagar,62543.72,0.00,Pago factura INV-00263,INV-00263,CC-100 Operaciones,Bruno Garcia 02 00001104
1268,2026-04-18,5000,Gastos operativos,36261.00,0.00,Registro factura INV-00273,INV-00273,CC-100 Operaciones,Carla Soto 09 00001104
1269,2026-02-17,1180,IVA acreditable,5321.44,0.00,Registro factura INV-00118,INV-00118,CC-100 Operaciones,Elena Mora 05 00001104
1270,2026-03-27,1180,IVA acreditable,8720.48,0.00,Registro factura INV-00220,INV-00220,CC-100 Operaciones,Ana Ruiz 07 00001104
1271,2026-06-19,2100,Cuentas por pagar,0.00,85619.60,Registro factura INV-00131,INV-00131,CC-100 Operaciones,Ana Ruiz 01 00001104
1272,2026-04-21,1020,Bancos,0.00,69656.84,Pago factura INV-00323,INV-00323,CC-100 Operaciones,Bruno Garcia 02 00001104
1273,2026-04-11,2100,Cuentas por pagar,0.00,69656.84,Registro factura INV-00323,INV-00323,CC-100 Operaciones,Fabian Rios 06 00001104
1274,2026-01-22,1180,IVA acreditable,10619.84,0.00,Registro factura INV-00049,INV-00049,CC-100 Operaciones,Elena Mora 05 00001104
1275,2026-05-13,2100,Cuentas por pagar,74545.08,0.00,Pago factura INV-00274,INV-00274,CC-100 Operaciones,Bruno Garcia 02 00001104
1276,2026-01-17,5000,Gastos operativos,78033.00,0.00,Registro factura INV-00024,INV-00024,CC-100 Operaciones,Diego Luna 04 00001104
1277,2026-02-25,1050,Cuentas por cobrar,0.00,71340.00,Cobro factura INV-00331,INV-00331,CC-100 Operaciones,Bruno Garcia 02 00001104
1278,2026-06-28,1180,IVA acreditable,10373.28,0.00,Registro factura INV-00301,INV-00301,CC-100 Operaciones,Diego Luna 10 00001104
1279,2026-04-04,5000,Gastos operativos,29012.00,0.00,Registro factura INV-00045,INV-00045,CC-100 Operaciones,Ana Ruiz 01 00001104
1280,2026-02-13,2100,Cuentas por pagar,0.00,52807.84,Registro factura INV-00203,INV-00203,CC-100 Operaciones,Carla Soto 09 00001104
1281,2026-06-04,2100,Cuentas por pagar,101950.08,0.00,Pago factura INV-00229,INV-00229,CC-100 Operaciones,Bruno Garcia 02 00001104
1282,2026-05-08,2100,Cuentas por pagar,95046.92,0.00,Pago factura INV-00047,INV-00047,CC-100 Operaciones,Bruno Garcia 02 00001104
1283,2026-01-21,2100,Cuentas por pagar,0.00,109038.84,Registro factura INV-00309,INV-00309,CC-100 Operaciones,Bruno Garcia 08 00001104
1284,2026-05-16,1020,Bancos,0.00,26214.84,Pago factura INV-00334,INV-00334,CC-100 Operaciones,Bruno Garcia 02 00001104
1285,2026-01-19,1020,Bancos,0.00,76660.92,Pago factura INV-00218,INV-00218,CC-100 Operaciones,Bruno Garcia 02 00001104
1286,2026-02-09,1020,Bancos,0.00,70160.28,Pago factura INV-00126,INV-00126,CC-100 Operaciones,Bruno Garcia 02 00001104
1287,2026-04-26,2100,Cuentas por pagar,0.00,48112.16,Registro factura INV-00311,INV-00311,CC-100 Operaciones,Ana Ruiz 01 00001104
1288,2026-04-05,2100,Cuentas por pagar,0.00,86802.80,Registro factura INV-00004,INV-00004,CC-100 Operaciones,Bruno Garcia 08 00001104
1289,2026-04-12,2100,Cuentas por pagar,0.00,67442.40,Registro factura INV-00140,INV-00140,CC-100 Operaciones,Ana Ruiz 01 00001104
1290,2026-06-05,5000,Gastos operativos,26319.00,0.00,Registro factura INV-00338,INV-00338,CC-100 Operaciones,Ana Ruiz 07 00001104
1291,2026-02-04,2100,Cuentas por pagar,0.00,108347.48,Registro factura INV-00289,INV-00289,CC-100 Operaciones,Diego Luna 10 00001104
1292,2026-06-03,1020,Bancos,0.00,52619.92,Pago factura INV-00346,INV-00346,CC-100 Operaciones,Bruno Garcia 02 00001104
1293,2026-01-20,2100,Cuentas por pagar,17433.64,0.00,Pago factura INV-00321,INV-00321,CC-100 Operaciones,Bruno Garcia 02 00001104
1294,2026-05-19,2100,Cuentas por pagar,0.00,23611.80,Registro factura INV-00081,INV-00081,CC-100 Operaciones,Bruno Garcia 02 00001104
1295,2026-04-05,2100,Cuentas por pagar,0.00,29464.00,Registro factura INV-00076,INV-00076,CC-100 Operaciones,Fabian Rios 06 00001104
1296,2026-03-01,5000,Gastos operativos,72499.00,0.00,Registro factura INV-00279,INV-00279,CC-100 Operaciones,Ana Ruiz 01 00001104
1297,2026-02-15,1180,IVA acreditable,3166.56,0.00,Registro factura INV-00046,INV-00046,CC-100 Operaciones,Carla Soto 09 00001104
1298,2026-06-15,1020,Bancos,0.00,30530.04,Pago factura INV-00338,INV-00338,CC-100 Operaciones,Bruno Garcia 02 00001104
1299,2026-02-12,1180,IVA acreditable,6630.88,0.00,Registro factura INV-00341,INV-00341,CC-100 Operaciones,Bruno Garcia 02 00001104
1300,2026-04-16,2100,Cuentas por pagar,0.00,43288.88,Registro factura INV-00185,INV-00185,CC-100 Operaciones,Ana Ruiz 07 00001104
1301,2026-05-02,1180,IVA acreditable,8990.40,0.00,Registro factura INV-00095,INV-00095,CC-100 Operaciones,Ana Ruiz 01 00001104
1302,2026-01-11,1180,IVA acreditable,10398.24,0.00,Registro factura INV-00023,INV-00023,CC-100 Operaciones,Diego Luna 04 00001104
1303,2026-04-20,2100,Cuentas por pagar,72102.12,0.00,Pago factura INV-00177,INV-00177,CC-100 Operaciones,Bruno Garcia 02 00001104
1304,2026-01-13,5000,Gastos operativos,14471.00,0.00,Registro factura INV-00215,INV-00215,CC-100 Operaciones,Bruno Garcia 08 00001104
1305,2026-04-23,5000,Gastos operativos,23473.00,0.00,Registro factura INV-00086,INV-00086,CC-100 Operaciones,Bruno Garcia 02 00001104
1306,2026-02-05,1020,Bancos,0.00,55599.96,Pago factura INV-00091,INV-00091,CC-100 Operaciones,Bruno Garcia 02 00001104
1307,2026-03-19,5000,Gastos operativos,85986.00,0.00,Registro factura INV-00355,INV-00355,CC-100 Operaciones,Carla Soto 09 00001104
1308,2026-05-26,2100,Cuentas por pagar,103659.92,0.00,Pago factura INV-00027,INV-00027,CC-100 Operaciones,Bruno Garcia 02 00001104
1309,2026-05-11,5000,Gastos operativos,81635.00,0.00,Registro factura INV-00101,INV-00101,CC-100 Operaciones,Bruno Garcia 08 00001104
1310,2026-06-01,5000,Gastos operativos,54739.00,0.00,Registro factura INV-00210,INV-00210,CC-100 Operaciones,Carla Soto 03 00001104
1311,2026-01-12,1180,IVA acreditable,14876.96,0.00,Registro factura INV-00065,INV-00065,CC-100 Operaciones,Carla Soto 03 00001104
1312,2026-03-02,2100,Cuentas por pagar,0.00,31389.60,Registro factura INV-00099,INV-00099,CC-100 Operaciones,Fabian Rios 06 00001104
1313,2026-02-16,2100,Cuentas por pagar,80962.20,0.00,Pago factura INV-00030,INV-00030,CC-100 Operaciones,Bruno Garcia 02 00001104
1314,2026-02-20,1020,Bancos,0.00,59324.72,Pago factura INV-00226,INV-00226,CC-100 Operaciones,Bruno Garcia 02 00001104
1315,2026-05-16,2100,Cuentas por pagar,0.00,103659.92,Registro factura INV-00027,INV-00027,CC-100 Operaciones,Ana Ruiz 01 00001104
1316,2026-06-03,1180,IVA acreditable,11027.04,0.00,Registro factura INV-00084,INV-00084,CC-100 Operaciones,Ana Ruiz 07 00001104
1317,2026-05-30,5000,Gastos operativos,32542.00,0.00,Registro factura INV-00194,INV-00194,CC-100 Operaciones,Carla Soto 03 00001104
1318,2026-03-26,5000,Gastos operativos,19373.00,0.00,Registro factura INV-00055,INV-00055,CC-100 Operaciones,Diego Luna 04 00001104
1319,2026-02-09,5000,Gastos operativos,63981.00,0.00,Registro factura INV-00349,INV-00349,CC-100 Operaciones,Carla Soto 03 00001104
1320,2026-03-19,1020,Bancos,0.00,92878.88,Pago factura INV-00330,INV-00330,CC-100 Operaciones,Bruno Garcia 02 00001104
1321,2026-05-30,1020,Bancos,0.00,42580.12,Pago factura INV-00268,INV-00268,CC-100 Operaciones,Bruno Garcia 02 00001104
1322,2026-03-27,2100,Cuentas por pagar,0.00,63223.48,Registro factura INV-00220,INV-00220,CC-100 Operaciones,Ana Ruiz 07 00001104
1323,2026-05-01,5000,Gastos operativos,56707.00,0.00,Registro factura INV-00211,INV-00211,CC-100 Operaciones,Diego Luna 04 00001104
1324,2026-05-25,2100,Cuentas por pagar,0.00,101950.08,Registro factura INV-00229,INV-00229,CC-100 Operaciones,Bruno Garcia 08 00001104
1325,2026-01-22,2100,Cuentas por pagar,0.00,44709.88,Registro factura INV-00216,INV-00216,CC-100 Operaciones,Ana Ruiz 07 00001104
1326,2026-04-20,1180,IVA acreditable,7203.52,0.00,Registro factura INV-00098,INV-00098,CC-100 Operaciones,Elena Mora 05 00001104
1327,2026-02-15,1020,Bancos,0.00,32252.64,Pago factura INV-00318,INV-00318,CC-100 Operaciones,Bruno Garcia 02 00001104
1328,2026-06-16,1020,Bancos,0.00,105650.48,Pago factura INV-00255,INV-00255,CC-100 Operaciones,Bruno Garcia 02 00001104
1329,2026-04-21,2100,Cuentas por pagar,0.00,50436.80,Registro factura INV-00113,INV-00113,CC-100 Operaciones,Bruno Garcia 02 00001104
1330,2026-03-13,1180,IVA acreditable,15170.88,0.00,Registro factura INV-00183,INV-00183,CC-100 Operaciones,Carla Soto 09 00001104
1331,2026-01-13,1180,IVA acreditable,2315.36,0.00,Registro factura INV-00215,INV-00215,CC-100 Operaciones,Bruno Garcia 08 00001104
1332,2026-02-01,1020,Bancos,0.00,44709.88,Pago factura INV-00216,INV-00216,CC-100 Operaciones,Bruno Garcia 02 00001104
1333,2026-04-15,1180,IVA acreditable,9466.72,0.00,Registro factura INV-00250,INV-00250,CC-100 Operaciones,Bruno Garcia 02 00001104
1334,2026-02-28,1180,IVA acreditable,10988.16,0.00,Registro factura INV-00222,INV-00222,CC-100 Operaciones,Diego Luna 04 00001104
1335,2026-05-12,2100,Cuentas por pagar,20053.84,0.00,Pago factura INV-00270,INV-00270,CC-100 Operaciones,Bruno Garcia 02 00001104
1336,2026-03-09,1020,Bancos,0.00,20964.68,Pago factura INV-00182,INV-00182,CC-100 Operaciones,Bruno Garcia 02 00001104
1337,2026-01-31,2100,Cuentas por pagar,0.00,62261.84,Registro factura INV-00231,INV-00231,CC-100 Operaciones,Bruno Garcia 02 00001104
1338,2026-06-12,2100,Cuentas por pagar,0.00,58187.92,Registro factura INV-00266,INV-00266,CC-100 Operaciones,Diego Luna 04 00001104
1339,2026-06-30,1020,Bancos,0.00,106333.72,Pago factura INV-00120,INV-00120,CC-100 Operaciones,Bruno Garcia 02 00001104
1340,2026-01-18,1180,IVA acreditable,11599.84,0.00,Registro factura INV-00141,INV-00141,CC-100 Operaciones,Ana Ruiz 01 00001104
1341,2026-02-05,2100,Cuentas por pagar,0.00,33423.08,Registro factura INV-00130,INV-00130,CC-100 Operaciones,Elena Mora 05 00001104
1342,2026-01-24,1020,Bancos,0.00,74119.36,Pago factura INV-00021,INV-00021,CC-100 Operaciones,Bruno Garcia 02 00001104
1343,2026-03-19,2100,Cuentas por pagar,0.00,99743.76,Registro factura INV-00355,INV-00355,CC-100 Operaciones,Carla Soto 09 00001104
1344,2026-06-15,2100,Cuentas por pagar,30530.04,0.00,Pago factura INV-00338,INV-00338,CC-100 Operaciones,Bruno Garcia 02 00001104
1345,2026-06-05,2100,Cuentas por pagar,77824.40,0.00,Pago factura INV-00217,INV-00217,CC-100 Operaciones,Bruno Garcia 02 00001104
1346,2026-02-13,1180,IVA acreditable,7283.84,0.00,Registro factura INV-00203,INV-00203,CC-100 Operaciones,Carla Soto 09 00001104
1347,2026-06-30,1020,Bancos,0.00,14849.16,Pago factura INV-00057,INV-00057,CC-100 Operaciones,Bruno Garcia 02 00001104
1348,2026-02-07,1180,IVA acreditable,12711.52,0.00,Registro factura INV-00284,INV-00284,CC-100 Operaciones,Ana Ruiz 01 00001104
1349,2026-04-28,5000,Gastos operativos,71847.00,0.00,Registro factura INV-00245,INV-00245,CC-100 Operaciones,Elena Mora 05 00001104
1350,2026-05-24,2100,Cuentas por pagar,54494.48,0.00,Pago factura INV-00261,INV-00261,CC-100 Operaciones,Bruno Garcia 02 00001104
1351,2026-06-03,2100,Cuentas por pagar,52619.92,0.00,Pago factura INV-00346,INV-00346,CC-100 Operaciones,Bruno Garcia 02 00001104
1352,2026-02-01,2100,Cuentas por pagar,0.00,44086.96,Registro factura INV-00219,INV-00219,CC-100 Operaciones,Ana Ruiz 01 00001104
1353,2026-04-11,1180,IVA acreditable,11812.48,0.00,Registro factura INV-00090,INV-00090,CC-100 Operaciones,Diego Luna 04 00001104
1354,2026-02-18,2100,Cuentas por pagar,64058.68,0.00,Pago factura INV-00214,INV-00214,CC-100 Operaciones,Bruno Garcia 02 00001104
1355,2026-05-13,1020,Bancos,0.00,101796.96,Pago factura INV-00197,INV-00197,CC-100 Operaciones,Bruno Garcia 02 00001104
1356,2026-03-23,2100,Cuentas por pagar,0.00,45854.80,Registro factura INV-00022,INV-00022,CC-100 Operaciones,Carla Soto 03 00001104
1357,2026-04-22,2100,Cuentas por pagar,0.00,48275.72,Registro factura INV-00063,INV-00063,CC-100 Operaciones,Ana Ruiz 07 00001104
1358,2026-02-17,2100,Cuentas por pagar,92158.52,0.00,Pago factura INV-00284,INV-00284,CC-100 Operaciones,Bruno Garcia 02 00001104
1359,2026-05-12,1020,Bancos,0.00,20053.84,Pago factura INV-00270,INV-00270,CC-100 Operaciones,Bruno Garcia 02 00001104
1360,2026-03-31,2100,Cuentas por pagar,52828.72,0.00,Pago factura INV-00125,INV-00125,CC-100 Operaciones,Bruno Garcia 02 00001104
1361,2026-06-23,1020,Bancos,0.00,84465.40,Pago factura INV-00230,INV-00230,CC-100 Operaciones,Bruno Garcia 02 00001104
1362,2026-03-21,1020,Bancos,0.00,46360.56,Pago factura INV-00132,INV-00132,CC-100 Operaciones,Bruno Garcia 02 00001104
1363,2026-03-15,1020,Bancos,0.00,53225.44,Pago factura INV-00188,INV-00188,CC-100 Operaciones,Bruno Garcia 02 00001104
1364,2026-05-26,1020,Bancos,0.00,67554.92,Pago factura INV-00208,INV-00208,CC-100 Operaciones,Bruno Garcia 02 00001104
1365,2026-02-19,2100,Cuentas por pagar,0.00,17466.12,Registro factura INV-00196,INV-00196,CC-100 Operaciones,Elena Mora 05 00001104
1366,2026-01-20,1020,Bancos,0.00,36577.12,Pago factura INV-00108,INV-00108,CC-100 Operaciones,Bruno Garcia 02 00001104
1367,2026-04-08,2100,Cuentas por pagar,0.00,53963.20,Registro factura INV-00010,INV-00010,CC-100 Operaciones,Ana Ruiz 07 00001104
1368,2026-03-23,1020,Bancos,0.00,12212.02,Pago factura INV-00292,INV-00292,CC-100 Operaciones,Bruno Garcia 02 00001104
1369,2026-04-27,1020,Bancos,0.00,80731.36,Pago factura INV-00026,INV-00026,CC-100 Operaciones,Bruno Garcia 02 00001104
1370,2026-05-10,1180,IVA acreditable,6352.48,0.00,Registro factura INV-00285,INV-00285,CC-100 Operaciones,Ana Ruiz 01 00001104
1371,2026-02-07,1180,IVA acreditable,14547.68,0.00,Registro factura INV-00324,INV-00324,CC-100 Operaciones,Carla Soto 09 00001104
1372,2026-05-09,1020,Bancos,0.00,104186.56,Pago factura INV-00078,INV-00078,CC-100 Operaciones,Bruno Garcia 02 00001104
1373,2026-05-07,2100,Cuentas por pagar,43974.44,0.00,Pago factura INV-00195,INV-00195,CC-100 Operaciones,Bruno Garcia 02 00001104
1374,2026-05-03,2100,Cuentas por pagar,0.00,101796.96,Registro factura INV-00197,INV-00197,CC-100 Operaciones,Bruno Garcia 08 00001104
1375,2026-04-19,2100,Cuentas por pagar,59285.28,0.00,Pago factura INV-00121,INV-00121,CC-100 Operaciones,Bruno Garcia 02 00001104
1376,2026-01-21,2100,Cuentas por pagar,26100.00,0.00,Reversion de factura cancelada INV-00135,INV-00135,CC-100 Operaciones,Bruno Garcia 02 00001104
1377,2026-04-10,2100,Cuentas por pagar,0.00,72102.12,Registro factura INV-00177,INV-00177,CC-100 Operaciones,Ana Ruiz 01 00001104
1378,2026-01-19,2100,Cuentas por pagar,76660.92,0.00,Pago factura INV-00218,INV-00218,CC-100 Operaciones,Bruno Garcia 02 00001104
1379,2026-04-27,5000,Gastos operativos,37909.00,0.00,Registro factura INV-00195,INV-00195,CC-100 Operaciones,Bruno Garcia 08 00001104
1380,2026-06-25,1020,Bancos,0.00,39225.40,Pago factura INV-00363,INV-00363,CC-100 Operaciones,Bruno Garcia 02 00001104
1381,2026-04-21,5000,Gastos operativos,43480.00,0.00,Registro factura INV-00113,INV-00113,CC-100 Operaciones,Bruno Garcia 02 00001104
1382,2026-04-16,1180,IVA acreditable,5970.88,0.00,Registro factura INV-00185,INV-00185,CC-100 Operaciones,Ana Ruiz 07 00001104
1383,2026-03-20,1180,IVA acreditable,9265.12,0.00,Registro factura INV-00011,INV-00011,CC-100 Operaciones,Diego Luna 04 00001104
1384,2026-02-22,2100,Cuentas por pagar,48073.88,0.00,Pago factura INV-00341,INV-00341,CC-100 Operaciones,Bruno Garcia 02 00001104
1385,2026-06-08,2100,Cuentas por pagar,43462.88,0.00,Pago factura INV-00080,INV-00080,CC-100 Operaciones,Bruno Garcia 02 00001104
1386,2026-06-11,2100,Cuentas por pagar,61389.52,0.00,Pago factura INV-00089,INV-00089,CC-100 Operaciones,Bruno Garcia 02 00001104
1387,2026-05-02,1020,Bancos,0.00,28031.40,Pago factura INV-00328,INV-00328,CC-100 Operaciones,Bruno Garcia 02 00001104
1388,2026-05-18,1180,IVA acreditable,5116.00,0.00,Registro factura INV-00116,INV-00116,CC-100 Operaciones,Elena Mora 05 00001104
1389,2026-04-06,2100,Cuentas por pagar,57207.72,0.00,Pago factura INV-00242,INV-00242,CC-100 Operaciones,Bruno Garcia 02 00001104
1390,2026-06-13,2100,Cuentas por pagar,0.00,18649.32,Registro factura INV-00244,INV-00244,CC-100 Operaciones,Carla Soto 03 00001104
1391,2026-03-14,1020,Bancos,0.00,32862.80,Pago factura INV-00167,INV-00167,CC-100 Operaciones,Bruno Garcia 02 00001104
1392,2026-01-30,1180,IVA acreditable,9677.28,0.00,Registro factura INV-00126,INV-00126,CC-100 Operaciones,Ana Ruiz 07 00001104
1393,2026-02-19,1180,IVA acreditable,2409.12,0.00,Registro factura INV-00196,INV-00196,CC-100 Operaciones,Elena Mora 05 00001104
1394,2026-02-07,2100,Cuentas por pagar,100060.44,0.00,Pago factura INV-00276,INV-00276,CC-100 Operaciones,Bruno Garcia 02 00001104
1395,2026-06-06,1180,IVA acreditable,14572.48,0.00,Registro factura INV-00255,INV-00255,CC-100 Operaciones,Bruno Garcia 08 00001104
1396,2026-01-31,5000,Gastos operativos,53674.00,0.00,Registro factura INV-00231,INV-00231,CC-100 Operaciones,Bruno Garcia 02 00001104
1397,2026-03-13,5000,Gastos operativos,94818.00,0.00,Registro factura INV-00183,INV-00183,CC-100 Operaciones,Carla Soto 09 00001104
1398,2026-04-05,5000,Gastos operativos,26319.00,0.00,Registro factura INV-00201,INV-00201,CC-100 Operaciones,Elena Mora 05 00001104
1399,2026-05-01,1180,IVA acreditable,10122.40,0.00,Registro factura INV-00286,INV-00286,CC-100 Operaciones,Fabian Rios 06 00001104
1400,2026-02-05,2100,Cuentas por pagar,55599.96,0.00,Pago factura INV-00091,INV-00091,CC-100 Operaciones,Bruno Garcia 02 00001104
1401,2026-06-11,2100,Cuentas por pagar,0.00,82539.80,Registro factura INV-00008,INV-00008,CC-100 Operaciones,Carla Soto 09 00001104
1402,2026-05-31,2100,Cuentas por pagar,0.00,43200.72,Registro factura INV-00018,INV-00018,CC-100 Operaciones,Bruno Garcia 08 00001104
1403,2026-04-09,1020,Bancos,0.00,91549.52,Pago factura INV-00107,INV-00107,CC-100 Operaciones,Bruno Garcia 02 00001104
1404,2026-04-30,2100,Cuentas por pagar,71112.64,0.00,Pago factura INV-00115,INV-00115,CC-100 Operaciones,Bruno Garcia 02 00001104
1405,2026-01-23,2100,Cuentas por pagar,0.00,105932.36,Registro factura INV-00236,INV-00236,CC-100 Operaciones,Bruno Garcia 02 00001104
1406,2026-06-25,2100,Cuentas por pagar,39225.40,0.00,Pago factura INV-00363,INV-00363,CC-100 Operaciones,Bruno Garcia 02 00001104
1407,2026-03-02,2100,Cuentas por pagar,29458.20,0.00,Pago factura INV-00228,INV-00228,CC-100 Operaciones,Bruno Garcia 02 00001104
1408,2026-06-28,5000,Gastos operativos,28547.00,0.00,Registro factura INV-00296,INV-00296,CC-100 Operaciones,Bruno Garcia 08 00001104
1409,2026-01-24,1180,IVA acreditable,3731.20,0.00,Registro factura INV-00291,INV-00291,CC-100 Operaciones,Ana Ruiz 07 00001104
1410,2026-05-24,2100,Cuentas por pagar,55181.20,0.00,Pago factura INV-00319,INV-00319,CC-100 Operaciones,Bruno Garcia 02 00001104
1411,2026-01-29,5000,Gastos operativos,40261.00,0.00,Registro factura INV-00034,INV-00034,CC-100 Operaciones,Diego Luna 10 00001104
1412,2026-04-03,5000,Gastos operativos,76152.00,0.00,Registro factura INV-00209,INV-00209,CC-100 Operaciones,Diego Luna 04 00001104
1413,2026-01-31,2100,Cuentas por pagar,0.00,103857.12,Registro factura INV-00137,INV-00137,CC-100 Operaciones,Diego Luna 04 00001104
1414,2026-02-21,1180,IVA acreditable,13738.08,0.00,Registro factura INV-00337,INV-00337,CC-100 Operaciones,Carla Soto 09 00001104
1415,2026-01-15,2100,Cuentas por pagar,0.00,56823.76,Registro factura INV-00283,INV-00283,CC-100 Operaciones,Diego Luna 10 00001104
1416,2026-03-25,2100,Cuentas por pagar,81290.48,0.00,Pago factura INV-00174,INV-00174,CC-100 Operaciones,Bruno Garcia 02 00001104
1417,2026-02-08,2100,Cuentas por pagar,46702.76,0.00,Pago factura INV-00034,INV-00034,CC-100 Operaciones,Bruno Garcia 02 00001104
1418,2026-02-28,1020,Bancos,0.00,15828.20,Pago factura INV-00339,INV-00339,CC-100 Operaciones,Bruno Garcia 02 00001104
1419,2026-03-01,1180,IVA acreditable,14970.88,0.00,Registro factura INV-00191,INV-00191,CC-100 Operaciones,Carla Soto 03 00001104
1420,2026-05-26,1020,Bancos,0.00,103659.92,Pago factura INV-00027,INV-00027,CC-100 Operaciones,Bruno Garcia 02 00001104
1421,2026-06-29,1020,Bancos,0.00,85619.60,Pago factura INV-00131,INV-00131,CC-100 Operaciones,Bruno Garcia 02 00001104
1422,2026-05-11,5000,Gastos operativos,38495.00,0.00,Registro factura INV-00100,INV-00100,CC-100 Operaciones,Diego Luna 10 00001104
1423,2026-05-29,1020,Bancos,0.00,95057.36,Pago factura INV-00129,INV-00129,CC-100 Operaciones,Bruno Garcia 02 00001104
1424,2026-01-26,1020,Bancos,0.00,98808.80,Pago factura INV-00005,INV-00005,CC-100 Operaciones,Bruno Garcia 02 00001104
1425,2026-01-09,2100,Cuentas por pagar,0.00,76660.92,Registro factura INV-00218,INV-00218,CC-100 Operaciones,Bruno Garcia 02 00001104
1426,2026-02-05,1180,IVA acreditable,4610.08,0.00,Registro factura INV-00130,INV-00130,CC-100 Operaciones,Elena Mora 05 00001104
1427,2026-06-27,2100,Cuentas por pagar,0.00,48708.40,Registro factura INV-00310,INV-00310,CC-100 Operaciones,Ana Ruiz 01 00001104
1428,2026-06-25,5000,Gastos operativos,66249.00,0.00,Registro factura INV-00314,INV-00314,CC-100 Operaciones,Ana Ruiz 01 00001104
1429,2026-05-23,5000,Gastos operativos,83500.00,0.00,Registro factura INV-00041,INV-00041,CC-100 Operaciones,Fabian Rios 06 00001104
1430,2026-06-23,5000,Gastos operativos,91272.00,0.00,Registro factura INV-00083,INV-00083,CC-100 Operaciones,Ana Ruiz 07 00001104
1431,2026-05-08,1180,IVA acreditable,14323.04,0.00,Registro factura INV-00199,INV-00199,CC-100 Operaciones,Carla Soto 09 00001104
1432,2026-01-12,1020,Bancos,0.00,18318.02,Pago factura INV-00014,INV-00014,CC-100 Operaciones,Bruno Garcia 02 00001104
1433,2026-02-12,2100,Cuentas por pagar,0.00,30872.24,Registro factura INV-00224,INV-00224,CC-100 Operaciones,Bruno Garcia 02 00001104
1434,2026-03-31,2100,Cuentas por pagar,16978.92,0.00,Pago factura INV-00127,INV-00127,CC-100 Operaciones,Bruno Garcia 02 00001104
1435,2026-03-25,2100,Cuentas por pagar,0.00,33209.64,Registro factura INV-00093,INV-00093,CC-100 Operaciones,Ana Ruiz 07 00001104
1436,2026-05-30,2100,Cuentas por pagar,42580.12,0.00,Pago factura INV-00268,INV-00268,CC-100 Operaciones,Bruno Garcia 02 00001104
1437,2026-06-26,2100,Cuentas por pagar,0.00,38928.44,Registro factura INV-00175,INV-00175,CC-100 Operaciones,Bruno Garcia 08 00001104
1438,2026-06-30,1020,Bancos,0.00,105875.52,Pago factura INV-00083,INV-00083,CC-100 Operaciones,Bruno Garcia 02 00001104
1439,2026-03-21,2100,Cuentas por pagar,68878.48,0.00,Pago factura INV-00186,INV-00186,CC-100 Operaciones,Bruno Garcia 02 00001104
1440,2026-02-25,1180,IVA acreditable,13497.92,0.00,Registro factura INV-00304,INV-00304,CC-100 Operaciones,Elena Mora 05 00001104
1441,2026-03-05,2100,Cuentas por pagar,0.00,51067.84,Registro factura INV-00343,INV-00343,CC-100 Operaciones,Ana Ruiz 07 00001104
1442,2026-06-24,2100,Cuentas por pagar,67164.00,0.00,Pago factura INV-00169,INV-00169,CC-100 Operaciones,Bruno Garcia 02 00001104
1443,2026-04-02,2100,Cuentas por pagar,0.00,39815.84,Registro factura INV-00165,INV-00165,CC-100 Operaciones,Carla Soto 09 00001104
1444,2026-06-03,2100,Cuentas por pagar,0.00,96278.84,Registro factura INV-00059,INV-00059,CC-100 Operaciones,Carla Soto 09 00001104
1445,2026-02-05,2100,Cuentas por pagar,0.00,30530.04,Registro factura INV-00329,INV-00329,CC-100 Operaciones,Carla Soto 03 00001104
1446,2026-05-02,2100,Cuentas por pagar,28031.40,0.00,Pago factura INV-00328,INV-00328,CC-100 Operaciones,Bruno Garcia 02 00001104
1447,2026-03-04,5000,Gastos operativos,28330.00,0.00,Registro factura INV-00167,INV-00167,CC-100 Operaciones,Diego Luna 10 00001104
1448,2026-04-10,2100,Cuentas por pagar,0.00,103620.48,Registro factura INV-00192,INV-00192,CC-100 Operaciones,Carla Soto 09 00001104
1449,2026-06-23,1020,Bancos,0.00,18649.32,Pago factura INV-00244,INV-00244,CC-100 Operaciones,Bruno Garcia 02 00001104
1450,2026-01-05,1180,IVA acreditable,4211.04,0.00,Registro factura INV-00014,INV-00014,CC-100 Operaciones,Bruno Garcia 02 00001104
1451,2026-04-25,1020,Bancos,0.00,60489.36,Pago factura INV-00247,INV-00247,CC-100 Operaciones,Bruno Garcia 02 00001104
1452,2026-03-27,1020,Bancos,0.00,92776.80,Pago factura INV-00163,INV-00163,CC-100 Operaciones,Bruno Garcia 02 00001104
1453,2026-02-22,5000,Gastos operativos,62443.00,0.00,Registro factura INV-00039,INV-00039,CC-100 Operaciones,Diego Luna 04 00001104
1454,2026-04-17,1020,Bancos,0.00,97406.36,Pago factura INV-00269,INV-00269,CC-100 Operaciones,Bruno Garcia 02 00001104
1455,2026-01-26,1180,IVA acreditable,13756.16,0.00,Registro factura INV-00150,INV-00150,CC-100 Operaciones,Carla Soto 03 00001104
1456,2026-01-27,1020,Bancos,0.00,90518.28,Pago factura INV-00024,INV-00024,CC-100 Operaciones,Bruno Garcia 02 00001104
1457,2026-02-14,1020,Bancos,0.00,108347.48,Pago factura INV-00289,INV-00289,CC-100 Operaciones,Bruno Garcia 02 00001104
1458,2026-06-12,5000,Gastos operativos,15874.00,0.00,Registro factura INV-00361,INV-00361,CC-100 Operaciones,Fabian Rios 06 00001104
1459,2026-06-24,1020,Bancos,0.00,67164.00,Pago factura INV-00169,INV-00169,CC-100 Operaciones,Bruno Garcia 02 00001104
1460,2026-06-15,2100,Cuentas por pagar,32252.64,0.00,Pago factura INV-00160,INV-00160,CC-100 Operaciones,Bruno Garcia 02 00001104
1461,2026-06-07,2100,Cuentas por pagar,52861.20,0.00,Pago factura INV-00155,INV-00155,CC-100 Operaciones,Bruno Garcia 02 00001104
1462,2026-06-23,1180,IVA acreditable,4157.12,0.00,Registro factura INV-00070,INV-00070,CC-100 Operaciones,Elena Mora 05 00001104
1463,2026-06-13,1020,Bancos,0.00,96278.84,Pago factura INV-00059,INV-00059,CC-100 Operaciones,Bruno Garcia 02 00001104
1464,2026-03-05,2100,Cuentas por pagar,0.00,32252.64,Registro factura INV-00001,INV-00001,CC-100 Operaciones,Diego Luna 10 00001104
1465,2026-05-14,1020,Bancos,0.00,88372.28,Pago factura INV-00254,INV-00254,CC-100 Operaciones,Bruno Garcia 02 00001104
1466,2026-04-27,1180,IVA acreditable,6065.44,0.00,Registro factura INV-00195,INV-00195,CC-100 Operaciones,Bruno Garcia 08 00001104
1467,2026-03-02,1180,IVA acreditable,4329.60,0.00,Registro factura INV-00099,INV-00099,CC-100 Operaciones,Fabian Rios 06 00001104
1468,2026-03-05,1020,Bancos,0.00,65617.72,Pago factura INV-00267,INV-00267,CC-100 Operaciones,Bruno Garcia 02 00001104
1469,2026-06-21,2100,Cuentas por pagar,82539.80,0.00,Pago factura INV-00008,INV-00008,CC-100 Operaciones,Bruno Garcia 02 00001104
1470,2026-04-21,2100,Cuentas por pagar,0.00,70959.52,Registro factura INV-00069,INV-00069,CC-100 Operaciones,Diego Luna 10 00001104
1471,2026-02-10,1180,IVA acreditable,8182.72,0.00,Registro factura INV-00226,INV-00226,CC-100 Operaciones,Diego Luna 10 00001104
1472,2026-06-09,2100,Cuentas por pagar,37748.72,0.00,Pago factura INV-00194,INV-00194,CC-100 Operaciones,Bruno Garcia 02 00001104
1473,2026-02-03,2100,Cuentas por pagar,0.00,39194.08,Registro factura INV-00151,INV-00151,CC-100 Operaciones,Elena Mora 05 00001104
1474,2026-06-03,5000,Gastos operativos,82999.00,0.00,Registro factura INV-00059,INV-00059,CC-100 Operaciones,Carla Soto 09 00001104
1475,2026-05-21,5000,Gastos operativos,13217.00,0.00,Registro factura INV-00206,INV-00206,CC-100 Operaciones,Bruno Garcia 02 00001104
1476,2026-03-05,2100,Cuentas por pagar,30843.24,0.00,Pago factura INV-00170,INV-00170,CC-100 Operaciones,Bruno Garcia 02 00001104
1477,2026-05-26,1180,IVA acreditable,3633.28,0.00,Registro factura INV-00251,INV-00251,CC-100 Operaciones,Elena Mora 05 00001104
1478,2026-02-26,5000,Gastos operativos,55057.00,0.00,Registro factura INV-00019,INV-00019,CC-100 Operaciones,Bruno Garcia 02 00001104
1479,2026-05-15,1020,Bancos,0.00,103124.00,Pago factura INV-00124,INV-00124,CC-100 Operaciones,Bruno Garcia 02 00001104
1480,2026-05-22,2100,Cuentas por pagar,0.00,96908.72,Registro factura INV-00077,INV-00077,CC-100 Operaciones,Carla Soto 09 00001104
1481,2026-04-09,2100,Cuentas por pagar,0.00,59285.28,Registro factura INV-00121,INV-00121,CC-100 Operaciones,Diego Luna 04 00001104
1482,2026-01-12,1180,IVA acreditable,7139.52,0.00,Registro factura INV-00032,INV-00032,CC-100 Operaciones,Ana Ruiz 01 00001104
1483,2026-04-15,1020,Bancos,0.00,30530.04,Pago factura INV-00201,INV-00201,CC-100 Operaciones,Bruno Garcia 02 00001104
1484,2026-01-29,1020,Bancos,0.00,21630.52,Pago factura INV-00189,INV-00189,CC-100 Operaciones,Bruno Garcia 02 00001104
1485,2026-05-23,2100,Cuentas por pagar,62488.04,0.00,Pago factura INV-00079,INV-00079,CC-100 Operaciones,Bruno Garcia 02 00001104
1486,2026-06-30,1020,Bancos,0.00,76848.84,Pago factura INV-00314,INV-00314,CC-100 Operaciones,Bruno Garcia 02 00001104
1487,2026-02-04,5000,Gastos operativos,59999.00,0.00,Registro factura INV-00223,INV-00223,CC-100 Operaciones,Bruno Garcia 08 00001104
1488,2026-06-28,5000,Gastos operativos,64833.00,0.00,Registro factura INV-00301,INV-00301,CC-100 Operaciones,Diego Luna 10 00001104
1489,2026-02-27,1020,Bancos,0.00,52616.44,Pago factura INV-00332,INV-00332,CC-100 Operaciones,Bruno Garcia 02 00001104
1490,2026-05-05,2100,Cuentas por pagar,0.00,89825.76,Registro factura INV-00061,INV-00061,CC-100 Operaciones,Bruno Garcia 02 00001104
1491,2026-03-29,1020,Bancos,0.00,99743.76,Pago factura INV-00355,INV-00355,CC-100 Operaciones,Bruno Garcia 02 00001104
1492,2026-04-09,5000,Gastos operativos,51108.00,0.00,Registro factura INV-00121,INV-00121,CC-100 Operaciones,Diego Luna 04 00001104
1493,2026-01-24,1020,Bancos,0.00,100082.48,Pago factura INV-00232,INV-00232,CC-100 Operaciones,Bruno Garcia 02 00001104
1494,2026-04-14,1020,Bancos,0.00,16357.16,Pago factura INV-00198,INV-00198,CC-100 Operaciones,Bruno Garcia 02 00001104
1495,2026-03-25,2100,Cuentas por pagar,28211.20,0.00,Pago factura INV-00212,INV-00212,CC-100 Operaciones,Bruno Garcia 02 00001104
1496,2026-04-21,2100,Cuentas por pagar,85640.48,0.00,Pago factura INV-00090,INV-00090,CC-100 Operaciones,Bruno Garcia 02 00001104
1497,2026-05-14,2100,Cuentas por pagar,94514.48,0.00,Pago factura INV-00003,INV-00003,CC-100 Operaciones,Bruno Garcia 02 00001104
1498,2026-06-30,2100,Cuentas por pagar,32040.36,0.00,Pago factura INV-00094,INV-00094,CC-100 Operaciones,Bruno Garcia 02 00001104
1499,2026-03-08,5000,Gastos operativos,56485.00,0.00,Registro factura INV-00147,INV-00147,CC-100 Operaciones,Fabian Rios 06 00001104
1500,2026-06-26,2100,Cuentas por pagar,0.00,95764.96,Registro factura INV-00036,INV-00036,CC-100 Operaciones,Fabian Rios 06 00001104
1501,2026-01-15,2100,Cuentas por pagar,0.00,41828.44,Registro factura INV-00315,INV-00315,CC-100 Operaciones,Bruno Garcia 02 00001104
1502,2026-03-08,1180,IVA acreditable,8167.52,0.00,Registro factura INV-00114,INV-00114,CC-100 Operaciones,Bruno Garcia 08 00001104
1503,2026-02-11,1020,Bancos,0.00,80094.52,Pago factura INV-00227,INV-00227,CC-100 Operaciones,Bruno Garcia 02 00001104
1504,2026-06-30,1020,Bancos,0.00,83870.32,Pago factura INV-00171,INV-00171,CC-100 Operaciones,Bruno Garcia 02 00001104
1505,2026-01-31,1020,Bancos,0.00,89372.20,Pago factura INV-00136,INV-00136,CC-100 Operaciones,Bruno Garcia 02 00001104
1506,2026-01-25,1180,IVA acreditable,10731.04,0.00,Registro factura INV-00062,INV-00062,CC-100 Operaciones,Fabian Rios 06 00001104
1507,2026-05-07,1020,Bancos,0.00,22990.04,Pago factura INV-00002,INV-00002,CC-100 Operaciones,Bruno Garcia 02 00001104
1508,2026-03-05,5000,Gastos operativos,45884.00,0.00,Registro factura INV-00188,INV-00188,CC-100 Operaciones,Elena Mora 05 00001104
1509,2026-04-08,5000,Gastos operativos,45751.00,0.00,Registro factura INV-00248,INV-00248,CC-100 Operaciones,Elena Mora 05 00001104
1510,2026-05-05,1180,IVA acreditable,12389.76,0.00,Registro factura INV-00061,INV-00061,CC-100 Operaciones,Bruno Garcia 02 00001104
1511,2026-03-20,1180,IVA acreditable,11240.96,0.00,Registro factura INV-00325,INV-00325,CC-100 Operaciones,Bruno Garcia 02 00001104
1512,2026-06-10,2100,Cuentas por pagar,0.00,64280.24,Registro factura INV-00264,INV-00264,CC-100 Operaciones,Diego Luna 04 00001104
1513,2026-04-07,2100,Cuentas por pagar,0.00,81232.48,Registro factura INV-00187,INV-00187,CC-100 Operaciones,Bruno Garcia 08 00001104
1514,2026-02-10,1020,Bancos,0.00,103857.12,Pago factura INV-00137,INV-00137,CC-100 Operaciones,Bruno Garcia 02 00001104
1515,2026-03-20,5000,Gastos operativos,70256.00,0.00,Registro factura INV-00325,INV-00325,CC-100 Operaciones,Bruno Garcia 02 00001104
1516,2026-04-30,5000,Gastos operativos,83781.00,0.00,Registro factura INV-00051,INV-00051,CC-100 Operaciones,Carla Soto 09 00001104
1517,2026-02-02,5000,Gastos operativos,77701.00,0.00,Registro factura INV-00031,INV-00031,CC-100 Operaciones,Fabian Rios 06 00001104
1518,2026-02-01,2100,Cuentas por pagar,44709.88,0.00,Pago factura INV-00216,INV-00216,CC-100 Operaciones,Bruno Garcia 02 00001104
1519,2026-04-02,5000,Gastos operativos,91441.00,0.00,Registro factura INV-00302,INV-00302,CC-100 Operaciones,Ana Ruiz 07 00001104
1520,2026-01-27,5000,Gastos operativos,76513.00,0.00,Registro factura INV-00029,INV-00029,CC-100 Operaciones,Bruno Garcia 08 00001104
1521,2026-04-02,1180,IVA acreditable,14630.56,0.00,Registro factura INV-00302,INV-00302,CC-100 Operaciones,Ana Ruiz 07 00001104
1522,2026-05-23,1180,IVA acreditable,13360.00,0.00,Registro factura INV-00041,INV-00041,CC-100 Operaciones,Fabian Rios 06 00001104
1523,2026-05-28,1020,Bancos,0.00,37091.00,Pago factura INV-00116,INV-00116,CC-100 Operaciones,Bruno Garcia 02 00001104
1524,2026-01-27,1020,Bancos,0.00,100950.16,Pago factura INV-00326,INV-00326,CC-100 Operaciones,Bruno Garcia 02 00001104
1525,2026-06-22,2100,Cuentas por pagar,58187.92,0.00,Pago factura INV-00266,INV-00266,CC-100 Operaciones,Bruno Garcia 02 00001104
1526,2026-03-29,1180,IVA acreditable,6466.24,0.00,Registro factura INV-00048,INV-00048,CC-100 Operaciones,Carla Soto 03 00001104
1527,2026-04-13,2100,Cuentas por pagar,17875.60,0.00,Pago factura INV-00246,INV-00246,CC-100 Operaciones,Bruno Garcia 02 00001104
1528,2026-04-11,1020,Bancos,0.00,77104.04,Pago factura INV-00207,INV-00207,CC-100 Operaciones,Bruno Garcia 02 00001104
1529,2026-02-26,5000,Gastos operativos,48178.00,0.00,Registro factura INV-00221,INV-00221,CC-100 Operaciones,Diego Luna 10 00001104
1530,2026-03-12,2100,Cuentas por pagar,18318.02,0.00,Pago factura INV-00292,INV-00292,CC-100 Operaciones,Bruno Garcia 02 00001104
1531,2026-06-06,2100,Cuentas por pagar,32863.96,0.00,Pago factura INV-00106,INV-00106,CC-100 Operaciones,Bruno Garcia 02 00001104
1532,2026-06-29,2100,Cuentas por pagar,85619.60,0.00,Pago factura INV-00131,INV-00131,CC-100 Operaciones,Bruno Garcia 02 00001104
1533,2026-06-15,2100,Cuentas por pagar,90164.48,0.00,Pago factura INV-00088,INV-00088,CC-100 Operaciones,Bruno Garcia 02 00001104
1534,2026-06-01,5000,Gastos operativos,52922.00,0.00,Registro factura INV-00089,INV-00089,CC-100 Operaciones,Elena Mora 05 00001104
1535,2026-04-18,1020,Bancos,0.00,53071.16,Pago factura INV-00248,INV-00248,CC-100 Operaciones,Bruno Garcia 02 00001104
1536,2026-06-03,5000,Gastos operativos,68919.00,0.00,Registro factura INV-00084,INV-00084,CC-100 Operaciones,Ana Ruiz 07 00001104
1537,2026-02-05,1020,Bancos,0.00,99732.16,Pago factura INV-00150,INV-00150,CC-100 Operaciones,Bruno Garcia 02 00001104
1538,2026-03-29,2100,Cuentas por pagar,99743.76,0.00,Pago factura INV-00355,INV-00355,CC-100 Operaciones,Bruno Garcia 02 00001104
1539,2026-04-24,5000,Gastos operativos,49025.00,0.00,Registro factura INV-00358,INV-00358,CC-100 Operaciones,Ana Ruiz 01 00001104
1540,2026-03-07,1180,IVA acreditable,12053.28,0.00,Registro factura INV-00345,INV-00345,CC-100 Operaciones,Ana Ruiz 01 00001104
1541,2026-06-30,1020,Bancos,0.00,92482.16,Pago factura INV-00271,INV-00271,CC-100 Operaciones,Bruno Garcia 02 00001104
1542,2026-03-22,1020,Bancos,0.00,73532.40,Pago factura INV-00176,INV-00176,CC-100 Operaciones,Bruno Garcia 02 00001104
1543,2026-03-31,5000,Gastos operativos,32636.00,0.00,Registro factura INV-00158,INV-00158,CC-100 Operaciones,Elena Mora 05 00001104
1544,2026-03-18,5000,Gastos operativos,71125.00,0.00,Registro factura INV-00112,INV-00112,CC-100 Operaciones,Bruno Garcia 02 00001104
1545,2026-01-10,1180,IVA acreditable,2404.64,0.00,Registro factura INV-00321,INV-00321,CC-100 Operaciones,Ana Ruiz 07 00001104
1546,2026-05-21,1180,IVA acreditable,9142.72,0.00,Registro factura INV-00104,INV-00104,CC-100 Operaciones,Diego Luna 04 00001104
1547,2026-02-02,1180,IVA acreditable,6609.60,0.00,Registro factura INV-00103,INV-00103,CC-100 Operaciones,Bruno Garcia 08 00001104
1548,2026-01-31,1020,Bancos,0.00,109038.84,Pago factura INV-00309,INV-00309,CC-100 Operaciones,Bruno Garcia 02 00001104
1549,2026-01-10,5000,Gastos operativos,31532.00,0.00,Registro factura INV-00108,INV-00108,CC-100 Operaciones,Carla Soto 09 00001104
1550,2026-02-21,5000,Gastos operativos,76190.00,0.00,Registro factura INV-00359,INV-00359,CC-100 Operaciones,Ana Ruiz 01 00001104
1551,2026-06-19,1180,IVA acreditable,11809.60,0.00,Registro factura INV-00131,INV-00131,CC-100 Operaciones,Ana Ruiz 01 00001104
1552,2026-03-25,1020,Bancos,0.00,28211.20,Pago factura INV-00212,INV-00212,CC-100 Operaciones,Bruno Garcia 02 00001104
1553,2026-06-08,2100,Cuentas por pagar,100250.68,0.00,Pago factura INV-00307,INV-00307,CC-100 Operaciones,Bruno Garcia 02 00001104
1554,2026-04-02,2100,Cuentas por pagar,0.00,106071.56,Registro factura INV-00302,INV-00302,CC-100 Operaciones,Ana Ruiz 07 00001104
1555,2026-03-27,1020,Bancos,0.00,104556.60,Pago factura INV-00037,INV-00037,CC-100 Operaciones,Bruno Garcia 02 00001104
1556,2026-03-21,1020,Bancos,0.00,68878.48,Pago factura INV-00186,INV-00186,CC-100 Operaciones,Bruno Garcia 02 00001104
1557,2026-01-28,5000,Gastos operativos,30661.00,0.00,Registro factura INV-00281,INV-00281,CC-100 Operaciones,Elena Mora 05 00001104
1558,2026-06-20,1180,IVA acreditable,14666.72,0.00,Registro factura INV-00120,INV-00120,CC-100 Operaciones,Bruno Garcia 08 00001104
1559,2026-06-06,5000,Gastos operativos,91078.00,0.00,Registro factura INV-00255,INV-00255,CC-100 Operaciones,Bruno Garcia 08 00001104
1560,2026-04-15,1020,Bancos,0.00,32252.64,Pago factura INV-00133,INV-00133,CC-100 Operaciones,Bruno Garcia 02 00001104
1561,2026-05-10,5000,Gastos operativos,41882.00,0.00,Registro factura INV-00097,INV-00097,CC-100 Operaciones,Carla Soto 03 00001104
1562,2026-05-05,1020,Bancos,0.00,19820.92,Pago factura INV-00249,INV-00249,CC-100 Operaciones,Bruno Garcia 02 00001104
1563,2026-06-24,1020,Bancos,0.00,24351.88,Pago factura INV-00256,INV-00256,CC-100 Operaciones,Bruno Garcia 02 00001104
1564,2026-02-12,2100,Cuentas por pagar,90133.16,0.00,Pago factura INV-00031,INV-00031,CC-100 Operaciones,Bruno Garcia 02 00001104
1565,2026-05-05,5000,Gastos operativos,88900.00,0.00,Registro factura INV-00124,INV-00124,CC-100 Operaciones,Diego Luna 10 00001104
1566,2026-04-22,2100,Cuentas por pagar,68226.56,0.00,Pago factura INV-00152,INV-00152,CC-100 Operaciones,Bruno Garcia 02 00001104
1567,2026-06-05,2100,Cuentas por pagar,0.00,36449.52,Registro factura INV-00007,INV-00007,CC-100 Operaciones,Carla Soto 09 00001104
1568,2026-02-12,5000,Gastos operativos,41443.00,0.00,Registro factura INV-00341,INV-00341,CC-100 Operaciones,Bruno Garcia 02 00001104
1569,2026-03-08,1180,IVA acreditable,9037.60,0.00,Registro factura INV-00147,INV-00147,CC-100 Operaciones,Fabian Rios 06 00001104
1570,2026-05-18,1020,Bancos,0.00,103842.04,Pago factura INV-00199,INV-00199,CC-100 Operaciones,Bruno Garcia 02 00001104
1571,2026-05-21,5000,Gastos operativos,57142.00,0.00,Registro factura INV-00104,INV-00104,CC-100 Operaciones,Diego Luna 04 00001104
1572,2026-05-18,2100,Cuentas por pagar,103842.04,0.00,Pago factura INV-00199,INV-00199,CC-100 Operaciones,Bruno Garcia 02 00001104
1573,2026-01-29,5000,Gastos operativos,68653.00,0.00,Registro factura INV-00123,INV-00123,CC-100 Operaciones,Bruno Garcia 02 00001104
1574,2026-03-20,2100,Cuentas por pagar,36469.24,0.00,Pago factura INV-00149,INV-00149,CC-100 Operaciones,Bruno Garcia 02 00001104
1575,2026-04-30,2100,Cuentas por pagar,0.00,21611.96,Registro factura INV-00237,INV-00237,CC-100 Operaciones,Ana Ruiz 07 00001104
1576,2026-03-06,5000,Gastos operativos,31519.00,0.00,Registro factura INV-00342,INV-00342,CC-100 Operaciones,Bruno Garcia 02 00001104
1577,2026-06-26,1020,Bancos,0.00,60836.20,Pago factura INV-00105,INV-00105,CC-100 Operaciones,Bruno Garcia 02 00001104
1578,2026-02-12,1180,IVA acreditable,5095.04,0.00,Registro factura INV-00092,INV-00092,CC-100 Operaciones,Diego Luna 10 00001104
1579,2026-06-16,5000,Gastos operativos,52445.00,0.00,Registro factura INV-00105,INV-00105,CC-100 Operaciones,Bruno Garcia 02 00001104
1580,2026-02-14,1180,IVA acreditable,7356.00,0.00,Registro factura INV-00168,INV-00168,CC-100 Operaciones,Fabian Rios 06 00001104
1581,2026-02-08,1180,IVA acreditable,8835.68,0.00,Registro factura INV-00214,INV-00214,CC-100 Operaciones,Diego Luna 04 00001104
1582,2026-06-22,1020,Bancos,0.00,58187.92,Pago factura INV-00266,INV-00266,CC-100 Operaciones,Bruno Garcia 02 00001104
1583,2026-01-13,1180,IVA acreditable,13581.28,0.00,Registro factura INV-00317,INV-00317,CC-100 Operaciones,Fabian Rios 06 00001104
1584,2026-02-24,2100,Cuentas por pagar,48999.56,0.00,Pago factura INV-00038,INV-00038,CC-100 Operaciones,Bruno Garcia 02 00001104
1585,2026-05-10,1020,Bancos,0.00,21611.96,Pago factura INV-00237,INV-00237,CC-100 Operaciones,Bruno Garcia 02 00001104
1586,2026-04-07,1020,Bancos,0.00,92938.04,Pago factura INV-00352,INV-00352,CC-100 Operaciones,Bruno Garcia 02 00001104
1587,2026-02-20,2100,Cuentas por pagar,14290.04,0.00,Pago factura INV-00233,INV-00233,CC-100 Operaciones,Bruno Garcia 02 00001104
1588,2026-04-26,5000,Gastos operativos,12251.00,0.00,Registro factura INV-00348,INV-00348,CC-100 Operaciones,Carla Soto 03 00001104
1589,2026-02-25,1180,IVA acreditable,9582.08,0.00,Registro factura INV-00066,INV-00066,CC-100 Operaciones,Ana Ruiz 07 00001104
1590,2026-02-17,2100,Cuentas por pagar,105470.68,0.00,Pago factura INV-00324,INV-00324,CC-100 Operaciones,Bruno Garcia 02 00001104
1591,2026-02-25,2100,Cuentas por pagar,0.00,97859.92,Registro factura INV-00304,INV-00304,CC-100 Operaciones,Elena Mora 05 00001104
1592,2026-02-23,2100,Cuentas por pagar,52807.84,0.00,Pago factura INV-00203,INV-00203,CC-100 Operaciones,Bruno Garcia 02 00001104
1593,2026-04-09,2100,Cuentas por pagar,63438.08,0.00,Pago factura INV-00043,INV-00043,CC-100 Operaciones,Bruno Garcia 02 00001104
1594,2026-06-27,1020,Bancos,0.00,39865.72,Pago factura INV-00179,INV-00179,CC-100 Operaciones,Bruno Garcia 02 00001104
1595,2026-05-11,1180,IVA acreditable,13061.60,0.00,Registro factura INV-00101,INV-00101,CC-100 Operaciones,Bruno Garcia 08 00001104
1596,2026-01-17,1180,IVA acreditable,13924.16,0.00,Registro factura INV-00326,INV-00326,CC-100 Operaciones,Bruno Garcia 02 00001104
1597,2026-06-22,2100,Cuentas por pagar,0.00,79357.92,Registro factura INV-00257,INV-00257,CC-100 Operaciones,Bruno Garcia 02 00001104
1598,2026-06-10,2100,Cuentas por pagar,0.00,35286.04,Registro factura INV-00162,INV-00162,CC-100 Operaciones,Bruno Garcia 02 00001104
1599,2026-05-20,2100,Cuentas por pagar,0.00,42580.12,Registro factura INV-00268,INV-00268,CC-100 Operaciones,Carla Soto 09 00001104
1600,2026-03-28,5000,Gastos operativos,80119.00,0.00,Registro factura INV-00352,INV-00352,CC-100 Operaciones,Diego Luna 04 00001104
1601,2026-02-14,5000,Gastos operativos,42727.00,0.00,Registro factura INV-00119,INV-00119,CC-100 Operaciones,Diego Luna 04 00001104
1602,2026-02-15,1180,IVA acreditable,3351.52,0.00,Registro factura INV-00156,INV-00156,CC-100 Operaciones,Ana Ruiz 01 00001104
1603,2026-01-19,1020,Bancos,0.00,29786.48,Pago factura INV-00357,INV-00357,CC-100 Operaciones,Bruno Garcia 02 00001104
1604,2026-03-08,2100,Cuentas por pagar,63866.12,0.00,Pago factura INV-00019,INV-00019,CC-100 Operaciones,Bruno Garcia 02 00001104
1605,2026-06-03,2100,Cuentas por pagar,0.00,79946.04,Registro factura INV-00084,INV-00084,CC-100 Operaciones,Ana Ruiz 07 00001104
1606,2026-01-12,1020,Bancos,0.00,20053.84,Pago factura INV-00074,INV-00074,CC-100 Operaciones,Bruno Garcia 02 00001104
1607,2026-03-09,1020,Bancos,0.00,93961.16,Pago factura INV-00044,INV-00044,CC-100 Operaciones,Bruno Garcia 02 00001104
1608,2026-05-17,1180,IVA acreditable,14864.32,0.00,Registro factura INV-00153,INV-00153,CC-100 Operaciones,Bruno Garcia 08 00001104
1609,2026-06-30,1020,Bancos,0.00,48708.40,Pago factura INV-00310,INV-00310,CC-100 Operaciones,Bruno Garcia 02 00001104
1610,2026-05-05,2100,Cuentas por pagar,0.00,30530.04,Registro factura INV-00277,INV-00277,CC-100 Operaciones,Fabian Rios 06 00001104
1611,2026-03-18,2100,Cuentas por pagar,65522.60,0.00,Pago factura INV-00147,INV-00147,CC-100 Operaciones,Bruno Garcia 02 00001104
1612,2026-06-24,5000,Gastos operativos,79726.00,0.00,Registro factura INV-00271,INV-00271,CC-100 Operaciones,Bruno Garcia 02 00001104
1613,2026-01-14,1180,IVA acreditable,10223.36,0.00,Registro factura INV-00021,INV-00021,CC-100 Operaciones,Elena Mora 05 00001104
1614,2026-06-19,1020,Bancos,0.00,40465.44,Pago factura INV-00073,INV-00073,CC-100 Operaciones,Bruno Garcia 02 00001104
1615,2026-06-19,5000,Gastos operativos,73810.00,0.00,Registro factura INV-00131,INV-00131,CC-100 Operaciones,Ana Ruiz 01 00001104
1616,2026-03-09,2100,Cuentas por pagar,93961.16,0.00,Pago factura INV-00044,INV-00044,CC-100 Operaciones,Bruno Garcia 02 00001104
1617,2026-03-05,5000,Gastos operativos,27804.00,0.00,Registro factura INV-00001,INV-00001,CC-100 Operaciones,Diego Luna 10 00001104
1618,2026-05-06,2100,Cuentas por pagar,0.00,26214.84,Registro factura INV-00334,INV-00334,CC-100 Operaciones,Ana Ruiz 07 00001104
1619,2026-05-01,5000,Gastos operativos,63265.00,0.00,Registro factura INV-00286,INV-00286,CC-100 Operaciones,Fabian Rios 06 00001104
1620,2026-02-28,2100,Cuentas por pagar,0.00,79664.16,Registro factura INV-00222,INV-00222,CC-100 Operaciones,Diego Luna 04 00001104
1621,2026-03-08,5000,Gastos operativos,51047.00,0.00,Registro factura INV-00114,INV-00114,CC-100 Operaciones,Bruno Garcia 08 00001104
1622,2026-06-16,2100,Cuentas por pagar,0.00,60836.20,Registro factura INV-00105,INV-00105,CC-100 Operaciones,Bruno Garcia 02 00001104
1623,2026-03-22,1020,Bancos,0.00,49062.20,Pago factura INV-00344,INV-00344,CC-100 Operaciones,Bruno Garcia 02 00001104
1624,2026-02-11,1180,IVA acreditable,3418.08,0.00,Registro factura INV-00275,INV-00275,CC-100 Operaciones,Carla Soto 03 00001104
1625,2026-01-15,5000,Gastos operativos,48986.00,0.00,Registro factura INV-00283,INV-00283,CC-100 Operaciones,Diego Luna 10 00001104
1626,2026-06-20,5000,Gastos operativos,28215.00,0.00,Registro factura INV-00184,INV-00184,CC-100 Operaciones,Fabian Rios 06 00001104
1627,2026-01-19,5000,Gastos operativos,61435.00,0.00,Registro factura INV-00252,INV-00252,CC-100 Operaciones,Bruno Garcia 08 00001104
1628,2026-03-12,2100,Cuentas por pagar,92989.08,0.00,Pago factura INV-00058,INV-00058,CC-100 Operaciones,Bruno Garcia 02 00001104
1629,2026-04-03,1180,IVA acreditable,12184.32,0.00,Registro factura INV-00209,INV-00209,CC-100 Operaciones,Diego Luna 04 00001104
1630,2026-06-28,2100,Cuentas por pagar,14016.28,0.00,Pago factura INV-00205,INV-00205,CC-100 Operaciones,Bruno Garcia 02 00001104
1631,2026-02-07,5000,Gastos operativos,90923.00,0.00,Registro factura INV-00324,INV-00324,CC-100 Operaciones,Carla Soto 09 00001104
1632,2026-04-07,1020,Bancos,0.00,96560.72,Pago factura INV-00282,INV-00282,CC-100 Operaciones,Bruno Garcia 02 00001104
1633,2026-04-08,5000,Gastos operativos,46520.00,0.00,Registro factura INV-00010,INV-00010,CC-100 Operaciones,Ana Ruiz 07 00001104
1634,2026-03-11,5000,Gastos operativos,39966.00,0.00,Registro factura INV-00132,INV-00132,CC-100 Operaciones,Elena Mora 05 00001104
1635,2026-05-01,1020,Bancos,0.00,70959.52,Pago factura INV-00069,INV-00069,CC-100 Operaciones,Bruno Garcia 02 00001104
1636,2026-06-26,5000,Gastos operativos,82556.00,0.00,Registro factura INV-00036,INV-00036,CC-100 Operaciones,Fabian Rios 06 00001104
1637,2026-02-07,2100,Cuentas por pagar,35566.76,0.00,Pago factura INV-00281,INV-00281,CC-100 Operaciones,Bruno Garcia 02 00001104
1638,2026-04-23,2100,Cuentas por pagar,0.00,27228.68,Registro factura INV-00086,INV-00086,CC-100 Operaciones,Bruno Garcia 02 00001104
1639,2026-03-23,5000,Gastos operativos,69552.00,0.00,Registro factura INV-00064,INV-00064,CC-100 Operaciones,Elena Mora 05 00001104
1640,2026-06-30,2100,Cuentas por pagar,75206.28,0.00,Pago factura INV-00301,INV-00301,CC-100 Operaciones,Bruno Garcia 02 00001104
1641,2026-04-13,1020,Bancos,0.00,17875.60,Pago factura INV-00246,INV-00246,CC-100 Operaciones,Bruno Garcia 02 00001104
1642,2026-05-17,2100,Cuentas por pagar,17284.00,0.00,Pago factura INV-00110,INV-00110,CC-100 Operaciones,Bruno Garcia 02 00001104
1643,2026-04-28,2100,Cuentas por pagar,58656.56,0.00,Pago factura INV-00362,INV-00362,CC-100 Operaciones,Bruno Garcia 02 00001104
1644,2026-03-21,2100,Cuentas por pagar,0.00,16978.92,Registro factura INV-00127,INV-00127,CC-100 Operaciones,Ana Ruiz 01 00001104
1645,2026-03-19,2100,Cuentas por pagar,58841.00,0.00,Pago factura INV-00166,INV-00166,CC-100 Operaciones,Bruno Garcia 02 00001104
1646,2026-03-05,1180,IVA acreditable,4211.04,0.00,Registro factura INV-00292,INV-00292,CC-100 Operaciones,Diego Luna 04 00001104
1647,2026-05-16,1180,IVA acreditable,14297.92,0.00,Registro factura INV-00027,INV-00027,CC-100 Operaciones,Ana Ruiz 01 00001104
1648,2026-02-04,2100,Cuentas por pagar,102067.24,0.00,Pago factura INV-00297,INV-00297,CC-100 Operaciones,Bruno Garcia 02 00001104
1649,2026-02-23,1180,IVA acreditable,4254.24,0.00,Registro factura INV-00170,INV-00170,CC-100 Operaciones,Carla Soto 03 00001104
1650,2026-02-16,2100,Cuentas por pagar,0.00,72220.44,Registro factura INV-00068,INV-00068,CC-100 Operaciones,Bruno Garcia 08 00001104
1651,2026-05-12,1020,Bancos,0.00,19351.58,Pago factura INV-00313,INV-00313,CC-100 Operaciones,Bruno Garcia 02 00001104
1652,2026-03-20,2100,Cuentas por pagar,0.00,81496.96,Registro factura INV-00325,INV-00325,CC-100 Operaciones,Bruno Garcia 02 00001104
1653,2026-02-15,2100,Cuentas por pagar,33423.08,0.00,Pago factura INV-00130,INV-00130,CC-100 Operaciones,Bruno Garcia 02 00001104
1654,2026-02-24,1180,IVA acreditable,6618.88,0.00,Registro factura INV-00006,INV-00006,CC-100 Operaciones,Bruno Garcia 08 00001104
1655,2026-03-27,2100,Cuentas por pagar,104556.60,0.00,Pago factura INV-00037,INV-00037,CC-100 Operaciones,Bruno Garcia 02 00001104
1656,2026-01-23,1020,Bancos,0.00,12212.02,Pago factura INV-00014,INV-00014,CC-100 Operaciones,Bruno Garcia 02 00001104
1657,2026-05-23,2100,Cuentas por pagar,101841.04,0.00,Pago factura INV-00234,INV-00234,CC-100 Operaciones,Bruno Garcia 02 00001104
1658,2026-05-09,2100,Cuentas por pagar,104186.56,0.00,Pago factura INV-00078,INV-00078,CC-100 Operaciones,Bruno Garcia 02 00001104
1659,2026-03-04,2100,Cuentas por pagar,72433.88,0.00,Pago factura INV-00039,INV-00039,CC-100 Operaciones,Bruno Garcia 02 00001104
1660,2026-01-23,1180,IVA acreditable,11627.84,0.00,Registro factura INV-00085,INV-00085,CC-100 Operaciones,Diego Luna 04 00001104
1661,2026-05-06,1020,Bancos,0.00,48112.16,Pago factura INV-00311,INV-00311,CC-100 Operaciones,Bruno Garcia 02 00001104
1662,2026-03-29,1180,IVA acreditable,15076.64,0.00,Registro factura INV-00134,INV-00134,CC-100 Operaciones,Ana Ruiz 01 00001104
1663,2026-04-08,2100,Cuentas por pagar,109305.64,0.00,Pago factura INV-00134,INV-00134,CC-100 Operaciones,Bruno Garcia 02 00001104
1664,2026-04-19,1020,Bancos,0.00,61076.32,Pago factura INV-00020,INV-00020,CC-100 Operaciones,Bruno Garcia 02 00001104
1665,2026-06-28,1020,Bancos,0.00,14016.28,Pago factura INV-00205,INV-00205,CC-100 Operaciones,Bruno Garcia 02 00001104
1666,2026-02-17,2100,Cuentas por pagar,0.00,52616.44,Registro factura INV-00332,INV-00332,CC-100 Operaciones,Carla Soto 03 00001104
1667,2026-05-30,5000,Gastos operativos,68950.00,0.00,Registro factura INV-00200,INV-00200,CC-100 Operaciones,Ana Ruiz 01 00001104
1668,2026-04-15,2100,Cuentas por pagar,0.00,68633.72,Registro factura INV-00250,INV-00250,CC-100 Operaciones,Bruno Garcia 02 00001104
1669,2026-06-05,2100,Cuentas por pagar,0.00,90164.48,Registro factura INV-00088,INV-00088,CC-100 Operaciones,Ana Ruiz 01 00001104
1670,2026-03-30,5000,Gastos operativos,78922.00,0.00,Registro factura INV-00107,INV-00107,CC-100 Operaciones,Bruno Garcia 08 00001104
1671,2026-05-16,5000,Gastos operativos,89362.00,0.00,Registro factura INV-00027,INV-00027,CC-100 Operaciones,Ana Ruiz 01 00001104
1672,2026-01-20,1180,IVA acreditable,7450.24,0.00,Registro factura INV-00117,INV-00117,CC-100 Operaciones,Ana Ruiz 01 00001104
1673,2026-04-22,5000,Gastos operativos,41617.00,0.00,Registro factura INV-00063,INV-00063,CC-100 Operaciones,Ana Ruiz 07 00001104
1674,2026-06-06,2100,Cuentas por pagar,0.00,105650.48,Registro factura INV-00255,INV-00255,CC-100 Operaciones,Bruno Garcia 08 00001104
1675,2026-04-22,1020,Bancos,0.00,68226.56,Pago factura INV-00152,INV-00152,CC-100 Operaciones,Bruno Garcia 02 00001104
1676,2026-03-07,1020,Bancos,0.00,69470.08,Pago factura INV-00066,INV-00066,CC-100 Operaciones,Bruno Garcia 02 00001104
1677,2026-06-28,2100,Cuentas por pagar,0.00,75206.28,Registro factura INV-00301,INV-00301,CC-100 Operaciones,Diego Luna 10 00001104
1678,2026-04-06,1020,Bancos,0.00,63223.48,Pago factura INV-00220,INV-00220,CC-100 Operaciones,Bruno Garcia 02 00001104
1679,2026-03-13,1020,Bancos,0.00,66393.76,Pago factura INV-00161,INV-00161,CC-100 Operaciones,Bruno Garcia 02 00001104
1680,2026-06-11,2100,Cuentas por pagar,63497.24,0.00,Pago factura INV-00210,INV-00210,CC-100 Operaciones,Bruno Garcia 02 00001104
1681,2026-05-02,1020,Bancos,0.00,48275.72,Pago factura INV-00063,INV-00063,CC-100 Operaciones,Bruno Garcia 02 00001104
1682,2026-01-11,5000,Gastos operativos,64989.00,0.00,Registro factura INV-00023,INV-00023,CC-100 Operaciones,Diego Luna 04 00001104
1683,2026-02-04,1020,Bancos,0.00,77800.04,Pago factura INV-00062,INV-00062,CC-100 Operaciones,Bruno Garcia 02 00001104
1684,2026-05-25,1020,Bancos,0.00,60690.04,Pago factura INV-00181,INV-00181,CC-100 Operaciones,Bruno Garcia 02 00001104
1685,2026-06-19,2100,Cuentas por pagar,40465.44,0.00,Pago factura INV-00073,INV-00073,CC-100 Operaciones,Bruno Garcia 02 00001104
1686,2026-06-10,1020,Bancos,0.00,89134.40,Pago factura INV-00071,INV-00071,CC-100 Operaciones,Bruno Garcia 02 00001104
1687,2026-04-03,1020,Bancos,0.00,91095.96,Pago factura INV-00327,INV-00327,CC-100 Operaciones,Bruno Garcia 02 00001104
1688,2026-02-27,1020,Bancos,0.00,38580.44,Pago factura INV-00118,INV-00118,CC-100 Operaciones,Bruno Garcia 02 00001104
1689,2026-05-18,2100,Cuentas por pagar,0.00,37091.00,Registro factura INV-00116,INV-00116,CC-100 Operaciones,Elena Mora 05 00001104
1690,2026-02-20,5000,Gastos operativos,25395.00,0.00,Registro factura INV-00228,INV-00228,CC-100 Operaciones,Diego Luna 04 00001104
1691,2026-04-13,1020,Bancos,0.00,88336.32,Pago factura INV-00209,INV-00209,CC-100 Operaciones,Bruno Garcia 02 00001104
1692,2026-05-11,1180,IVA acreditable,6159.20,0.00,Registro factura INV-00100,INV-00100,CC-100 Operaciones,Diego Luna 10 00001104
1693,2026-06-21,1020,Bancos,0.00,26492.08,Pago factura INV-00265,INV-00265,CC-100 Operaciones,Bruno Garcia 02 00001104
1694,2026-06-20,2100,Cuentas por pagar,0.00,106333.72,Registro factura INV-00120,INV-00120,CC-100 Operaciones,Bruno Garcia 08 00001104
1695,2026-06-24,2100,Cuentas por pagar,24351.88,0.00,Pago factura INV-00256,INV-00256,CC-100 Operaciones,Bruno Garcia 02 00001104
1696,2026-04-06,5000,Gastos operativos,39242.00,0.00,Registro factura INV-00360,INV-00360,CC-100 Operaciones,Carla Soto 03 00001104
1697,2026-05-10,2100,Cuentas por pagar,21611.96,0.00,Pago factura INV-00237,INV-00237,CC-100 Operaciones,Bruno Garcia 02 00001104
1698,2026-03-22,1180,IVA acreditable,10940.80,0.00,Registro factura INV-00143,INV-00143,CC-100 Operaciones,Bruno Garcia 08 00001104
1699,2026-05-12,5000,Gastos operativos,92404.00,0.00,Registro factura INV-00145,INV-00145,CC-100 Operaciones,Elena Mora 05 00001104
1700,2026-05-29,2100,Cuentas por pagar,23611.80,0.00,Pago factura INV-00081,INV-00081,CC-100 Operaciones,Bruno Garcia 02 00001104
1701,2026-03-10,2100,Cuentas por pagar,79664.16,0.00,Pago factura INV-00222,INV-00222,CC-100 Operaciones,Bruno Garcia 02 00001104
1702,2026-02-13,2100,Cuentas por pagar,0.00,48479.88,Registro factura INV-00272,INV-00272,CC-100 Operaciones,Bruno Garcia 02 00001104
1703,2026-05-05,1020,Bancos,0.00,62775.72,Pago factura INV-00009,INV-00009,CC-100 Operaciones,Bruno Garcia 02 00001104
1704,2026-01-23,1020,Bancos,0.00,16786.36,Pago factura INV-00215,INV-00215,CC-100 Operaciones,Bruno Garcia 02 00001104
1705,2026-02-21,5000,Gastos operativos,85863.00,0.00,Registro factura INV-00337,INV-00337,CC-100 Operaciones,Carla Soto 09 00001104
1706,2026-05-20,1180,IVA acreditable,4052.48,0.00,Registro factura INV-00072,INV-00072,CC-100 Operaciones,Ana Ruiz 07 00001104
1707,2026-02-05,5000,Gastos operativos,27804.00,0.00,Registro factura INV-00318,INV-00318,CC-100 Operaciones,Carla Soto 09 00001104
1708,2026-04-05,2100,Cuentas por pagar,22472.68,0.00,Pago factura INV-00055,INV-00055,CC-100 Operaciones,Bruno Garcia 02 00001104
1709,2026-06-30,1020,Bancos,0.00,32729.40,Pago factura INV-00184,INV-00184,CC-100 Operaciones,Bruno Garcia 02 00001104
1710,2026-06-06,1020,Bancos,0.00,40053.64,Pago factura INV-00139,INV-00139,CC-100 Operaciones,Bruno Garcia 02 00001104
1711,2026-04-02,1020,Bancos,0.00,80680.32,Pago factura INV-00064,INV-00064,CC-100 Operaciones,Bruno Garcia 02 00001104
1712,2026-04-13,5000,Gastos operativos,44762.00,0.00,Registro factura INV-00159,INV-00159,CC-100 Operaciones,Diego Luna 10 00001104
1713,2026-06-28,1180,IVA acreditable,4567.52,0.00,Registro factura INV-00296,INV-00296,CC-100 Operaciones,Bruno Garcia 08 00001104
1714,2026-06-11,1020,Bancos,0.00,61389.52,Pago factura INV-00089,INV-00089,CC-100 Operaciones,Bruno Garcia 02 00001104
1715,2026-05-23,2100,Cuentas por pagar,0.00,96860.00,Registro factura INV-00041,INV-00041,CC-100 Operaciones,Fabian Rios 06 00001104
1716,2026-04-22,2100,Cuentas por pagar,0.00,28031.40,Registro factura INV-00328,INV-00328,CC-100 Operaciones,Elena Mora 05 00001104
1717,2026-03-26,2100,Cuentas por pagar,62250.24,0.00,Pago factura INV-00142,INV-00142,CC-100 Operaciones,Bruno Garcia 02 00001104
1718,2026-03-15,5000,Gastos operativos,24320.00,0.00,Registro factura INV-00212,INV-00212,CC-100 Operaciones,Carla Soto 03 00001104
1719,2026-02-09,2100,Cuentas por pagar,0.00,32209.72,Registro factura INV-00012,INV-00012,CC-100 Operaciones,Ana Ruiz 01 00001104
1720,2026-06-10,1180,IVA acreditable,4867.04,0.00,Registro factura INV-00162,INV-00162,CC-100 Operaciones,Bruno Garcia 02 00001104
1721,2026-05-30,1020,Bancos,0.00,29380.48,Pago factura INV-00072,INV-00072,CC-100 Operaciones,Bruno Garcia 02 00001104
1722,2026-04-02,2100,Cuentas por pagar,45854.80,0.00,Pago factura INV-00022,INV-00022,CC-100 Operaciones,Bruno Garcia 02 00001104
1723,2026-04-17,1180,IVA acreditable,11135.36,0.00,Registro factura INV-00026,INV-00026,CC-100 Operaciones,Diego Luna 04 00001104
1724,2026-05-05,2100,Cuentas por pagar,62775.72,0.00,Pago factura INV-00009,INV-00009,CC-100 Operaciones,Bruno Garcia 02 00001104
1725,2026-04-25,5000,Gastos operativos,17087.00,0.00,Registro factura INV-00249,INV-00249,CC-100 Operaciones,Fabian Rios 06 00001104
1726,2026-04-21,1180,IVA acreditable,9787.52,0.00,Registro factura INV-00069,INV-00069,CC-100 Operaciones,Diego Luna 10 00001104
1727,2026-05-19,5000,Gastos operativos,81946.00,0.00,Registro factura INV-00129,INV-00129,CC-100 Operaciones,Diego Luna 10 00001104
1728,2026-01-15,5000,Gastos operativos,36059.00,0.00,Registro factura INV-00315,INV-00315,CC-100 Operaciones,Bruno Garcia 02 00001104
1729,2026-03-16,2100,Cuentas por pagar,0.00,62250.24,Registro factura INV-00142,INV-00142,CC-100 Operaciones,Bruno Garcia 08 00001104
1730,2026-05-15,2100,Cuentas por pagar,0.00,48551.80,Registro factura INV-00288,INV-00288,CC-100 Operaciones,Diego Luna 04 00001104
1731,2026-03-06,2100,Cuentas por pagar,47986.88,0.00,Pago factura INV-00006,INV-00006,CC-100 Operaciones,Bruno Garcia 02 00001104
1732,2026-05-31,2100,Cuentas por pagar,15331.72,0.00,Pago factura INV-00206,INV-00206,CC-100 Operaciones,Bruno Garcia 02 00001104
1733,2026-02-16,5000,Gastos operativos,55882.00,0.00,Registro factura INV-00178,INV-00178,CC-100 Operaciones,Fabian Rios 06 00001104
1734,2026-03-22,2100,Cuentas por pagar,0.00,81524.80,Registro factura INV-00146,INV-00146,CC-100 Operaciones,Fabian Rios 06 00001104
1735,2026-04-25,1180,IVA acreditable,8658.72,0.00,Registro factura INV-00009,INV-00009,CC-100 Operaciones,Bruno Garcia 08 00001104
1736,2026-03-28,1180,IVA acreditable,12819.04,0.00,Registro factura INV-00352,INV-00352,CC-100 Operaciones,Diego Luna 04 00001104
1737,2026-01-24,2100,Cuentas por pagar,74119.36,0.00,Pago factura INV-00021,INV-00021,CC-100 Operaciones,Bruno Garcia 02 00001104
1738,2026-04-14,1180,IVA acreditable,2125.92,0.00,Registro factura INV-00015,INV-00015,CC-100 Operaciones,Elena Mora 05 00001104
1739,2026-06-16,2100,Cuentas por pagar,105650.48,0.00,Pago factura INV-00255,INV-00255,CC-100 Operaciones,Bruno Garcia 02 00001104
1740,2026-05-08,5000,Gastos operativos,89519.00,0.00,Registro factura INV-00199,INV-00199,CC-100 Operaciones,Carla Soto 09 00001104
1741,2026-06-01,1020,Bancos,0.00,71945.52,Pago factura INV-00347,INV-00347,CC-100 Operaciones,Bruno Garcia 02 00001104
1742,2026-02-09,1180,IVA acreditable,4442.72,0.00,Registro factura INV-00012,INV-00012,CC-100 Operaciones,Ana Ruiz 01 00001104
1743,2026-05-01,1020,Bancos,0.00,50436.80,Pago factura INV-00113,INV-00113,CC-100 Operaciones,Bruno Garcia 02 00001104
1744,2026-02-06,2100,Cuentas por pagar,0.00,91215.44,Registro factura INV-00290,INV-00290,CC-100 Operaciones,Diego Luna 04 00001104
1745,2026-06-21,1180,IVA acreditable,14768.00,0.00,Registro factura INV-00122,INV-00122,CC-100 Operaciones,Elena Mora 05 00001104
1746,2026-05-31,2100,Cuentas por pagar,66284.72,0.00,Pago factura INV-00104,INV-00104,CC-100 Operaciones,Bruno Garcia 02 00001104
1747,2026-02-24,2100,Cuentas por pagar,49563.32,0.00,Pago factura INV-00119,INV-00119,CC-100 Operaciones,Bruno Garcia 02 00001104
1748,2026-05-13,5000,Gastos operativos,53869.00,0.00,Registro factura INV-00079,INV-00079,CC-100 Operaciones,Bruno Garcia 02 00001104
1749,2026-06-01,1180,IVA acreditable,8467.52,0.00,Registro factura INV-00089,INV-00089,CC-100 Operaciones,Elena Mora 05 00001104
1750,2026-06-29,1180,IVA acreditable,4419.36,0.00,Registro factura INV-00094,INV-00094,CC-100 Operaciones,Ana Ruiz 07 00001104
1751,2026-04-23,2100,Cuentas por pagar,23619.92,0.00,Pago factura INV-00316,INV-00316,CC-100 Operaciones,Bruno Garcia 02 00001104
1752,2026-03-08,1020,Bancos,0.00,63866.12,Pago factura INV-00019,INV-00019,CC-100 Operaciones,Bruno Garcia 02 00001104
1753,2026-05-28,2100,Cuentas por pagar,37091.00,0.00,Pago factura INV-00116,INV-00116,CC-100 Operaciones,Bruno Garcia 02 00001104
1754,2026-04-11,5000,Gastos operativos,60049.00,0.00,Registro factura INV-00323,INV-00323,CC-100 Operaciones,Fabian Rios 06 00001104
1755,2026-02-25,2100,Cuentas por pagar,22957.56,0.00,Pago factura INV-00046,INV-00046,CC-100 Operaciones,Bruno Garcia 02 00001104
1756,2026-05-11,2100,Cuentas por pagar,0.00,44654.20,Registro factura INV-00100,INV-00100,CC-100 Operaciones,Diego Luna 10 00001104
1757,2026-03-25,5000,Gastos operativos,28629.00,0.00,Registro factura INV-00093,INV-00093,CC-100 Operaciones,Ana Ruiz 07 00001104
1758,2026-06-02,1020,Bancos,0.00,91681.76,Pago factura INV-00190,INV-00190,CC-100 Operaciones,Bruno Garcia 02 00001104
1759,2026-03-07,2100,Cuentas por pagar,97859.92,0.00,Pago factura INV-00304,INV-00304,CC-100 Operaciones,Bruno Garcia 02 00001104
1760,2026-05-10,2100,Cuentas por pagar,0.00,46055.48,Registro factura INV-00285,INV-00285,CC-100 Operaciones,Ana Ruiz 01 00001104
1761,2026-04-24,2100,Cuentas por pagar,0.00,56869.00,Registro factura INV-00358,INV-00358,CC-100 Operaciones,Ana Ruiz 01 00001104
1762,2026-05-25,5000,Gastos operativos,56222.00,0.00,Registro factura INV-00060,INV-00060,CC-100 Operaciones,Diego Luna 10 00001104
1763,2026-03-29,2100,Cuentas por pagar,0.00,109305.64,Registro factura INV-00134,INV-00134,CC-100 Operaciones,Ana Ruiz 01 00001104
1764,2026-03-18,1180,IVA acreditable,11380.00,0.00,Registro factura INV-00112,INV-00112,CC-100 Operaciones,Bruno Garcia 02 00001104
1765,2026-05-01,2100,Cuentas por pagar,50436.80,0.00,Pago factura INV-00113,INV-00113,CC-100 Operaciones,Bruno Garcia 02 00001104
1766,2026-02-16,2100,Cuentas por pagar,91215.44,0.00,Pago factura INV-00290,INV-00290,CC-100 Operaciones,Bruno Garcia 02 00001104
1767,2026-01-21,2100,Cuentas por pagar,0.00,89372.20,Registro factura INV-00136,INV-00136,CC-100 Operaciones,Diego Luna 10 00001104
1768,2026-02-23,2100,Cuentas por pagar,48479.88,0.00,Pago factura INV-00272,INV-00272,CC-100 Operaciones,Bruno Garcia 02 00001104
1769,2026-01-09,5000,Gastos operativos,25678.00,0.00,Registro factura INV-00357,INV-00357,CC-100 Operaciones,Diego Luna 10 00001104
1770,2026-04-16,2100,Cuentas por pagar,57031.40,0.00,Pago factura INV-00075,INV-00075,CC-100 Operaciones,Bruno Garcia 02 00001104
1771,2026-06-30,1020,Bancos,0.00,38928.44,Pago factura INV-00175,INV-00175,CC-100 Operaciones,Bruno Garcia 02 00001104
1772,2026-03-05,1180,IVA acreditable,7043.84,0.00,Registro factura INV-00343,INV-00343,CC-100 Operaciones,Ana Ruiz 07 00001104
1773,2026-03-24,5000,Gastos operativos,78531.00,0.00,Registro factura INV-00327,INV-00327,CC-100 Operaciones,Diego Luna 10 00001104
1774,2026-02-04,1180,IVA acreditable,14944.48,0.00,Registro factura INV-00289,INV-00289,CC-100 Operaciones,Diego Luna 10 00001104
1775,2026-06-03,2100,Cuentas por pagar,70102.28,0.00,Pago factura INV-00053,INV-00053,CC-100 Operaciones,Bruno Garcia 02 00001104
1776,2026-05-05,2100,Cuentas por pagar,0.00,32252.64,Registro factura INV-00313,INV-00313,CC-100 Operaciones,Bruno Garcia 02 00001104
1777,2026-04-15,2100,Cuentas por pagar,33423.08,0.00,Pago factura INV-00154,INV-00154,CC-100 Operaciones,Bruno Garcia 02 00001104
1778,2026-05-04,2100,Cuentas por pagar,56869.00,0.00,Pago factura INV-00358,INV-00358,CC-100 Operaciones,Bruno Garcia 02 00001104
1779,2026-04-06,1180,IVA acreditable,7866.40,0.00,Registro factura INV-00075,INV-00075,CC-100 Operaciones,Elena Mora 05 00001104
1780,2026-05-07,2100,Cuentas por pagar,0.00,96489.96,Registro factura INV-00306,INV-00306,CC-100 Operaciones,Bruno Garcia 02 00001104
1781,2026-01-09,1180,IVA acreditable,10573.92,0.00,Registro factura INV-00218,INV-00218,CC-100 Operaciones,Bruno Garcia 02 00001104
1782,2026-06-12,1180,IVA acreditable,2539.84,0.00,Registro factura INV-00361,INV-00361,CC-100 Operaciones,Fabian Rios 06 00001104
1783,2026-01-13,5000,Gastos operativos,84883.00,0.00,Registro factura INV-00317,INV-00317,CC-100 Operaciones,Fabian Rios 06 00001104
1784,2026-05-17,2100,Cuentas por pagar,96489.96,0.00,Pago factura INV-00306,INV-00306,CC-100 Operaciones,Bruno Garcia 02 00001104
1785,2026-04-11,2100,Cuentas por pagar,77104.04,0.00,Pago factura INV-00207,INV-00207,CC-100 Operaciones,Bruno Garcia 02 00001104
1786,2026-04-01,1020,Bancos,0.00,79320.80,Pago factura INV-00143,INV-00143,CC-100 Operaciones,Bruno Garcia 02 00001104
1787,2026-06-29,5000,Gastos operativos,27621.00,0.00,Registro factura INV-00094,INV-00094,CC-100 Operaciones,Ana Ruiz 07 00001104
1788,2026-06-28,1020,Bancos,0.00,53757.88,Pago factura INV-00052,INV-00052,CC-100 Operaciones,Bruno Garcia 02 00001104
1789,2026-05-12,1020,Bancos,0.00,44872.28,Pago factura INV-00293,INV-00293,CC-100 Operaciones,Bruno Garcia 02 00001104
1790,2026-06-04,1020,Bancos,0.00,101950.08,Pago factura INV-00229,INV-00229,CC-100 Operaciones,Bruno Garcia 02 00001104
1791,2026-04-19,2100,Cuentas por pagar,0.00,78202.56,Registro factura INV-00235,INV-00235,CC-100 Operaciones,Bruno Garcia 08 00001104
1792,2026-05-20,5000,Gastos operativos,36707.00,0.00,Registro factura INV-00268,INV-00268,CC-100 Operaciones,Carla Soto 09 00001104
1793,2026-03-31,2100,Cuentas por pagar,0.00,71946.68,Registro factura INV-00028,INV-00028,CC-100 Operaciones,Carla Soto 03 00001104
1794,2026-06-15,2100,Cuentas por pagar,0.00,39225.40,Registro factura INV-00363,INV-00363,CC-100 Operaciones,Elena Mora 05 00001104
1795,2026-05-20,5000,Gastos operativos,25328.00,0.00,Registro factura INV-00072,INV-00072,CC-100 Operaciones,Ana Ruiz 07 00001104
1796,2026-06-20,1180,IVA acreditable,4514.40,0.00,Registro factura INV-00184,INV-00184,CC-100 Operaciones,Fabian Rios 06 00001104
1797,2026-04-27,1180,IVA acreditable,3171.04,0.00,Registro factura INV-00002,INV-00002,CC-100 Operaciones,Diego Luna 10 00001104
1798,2026-06-09,5000,Gastos operativos,94910.00,0.00,Registro factura INV-00258,INV-00258,CC-100 Operaciones,Ana Ruiz 07 00001104
1799,2026-02-22,2100,Cuentas por pagar,0.00,72433.88,Registro factura INV-00039,INV-00039,CC-100 Operaciones,Diego Luna 04 00001104
1800,2026-01-28,2100,Cuentas por pagar,100965.24,0.00,Pago factura INV-00213,INV-00213,CC-100 Operaciones,Bruno Garcia 02 00001104
1801,2026-03-31,1180,IVA acreditable,9923.68,0.00,Registro factura INV-00028,INV-00028,CC-100 Operaciones,Carla Soto 03 00001104
1802,2026-06-13,1180,IVA acreditable,2572.32,0.00,Registro factura INV-00244,INV-00244,CC-100 Operaciones,Carla Soto 03 00001104
1803,2026-04-01,5000,Gastos operativos,66469.00,0.00,Registro factura INV-00207,INV-00207,CC-100 Operaciones,Bruno Garcia 02 00001104
1804,2026-01-30,2100,Cuentas por pagar,0.00,70160.28,Registro factura INV-00126,INV-00126,CC-100 Operaciones,Ana Ruiz 07 00001104
1805,2026-04-10,1180,IVA acreditable,9945.12,0.00,Registro factura INV-00177,INV-00177,CC-100 Operaciones,Ana Ruiz 01 00001104
1806,2026-03-03,1180,IVA acreditable,5927.04,0.00,Registro factura INV-00241,INV-00241,CC-100 Operaciones,Elena Mora 05 00001104
1807,2026-04-16,2100,Cuentas por pagar,0.00,46999.72,Registro factura INV-00173,INV-00173,CC-100 Operaciones,Carla Soto 09 00001104
1808,2026-05-29,2100,Cuentas por pagar,0.00,43462.88,Registro factura INV-00080,INV-00080,CC-100 Operaciones,Diego Luna 04 00001104
1809,2026-05-05,2100,Cuentas por pagar,0.00,33423.08,Registro factura INV-00270,INV-00270,CC-100 Operaciones,Bruno Garcia 08 00001104
1810,2026-04-27,2100,Cuentas por pagar,80731.36,0.00,Pago factura INV-00026,INV-00026,CC-100 Operaciones,Bruno Garcia 02 00001104
1811,2026-03-29,5000,Gastos operativos,94229.00,0.00,Registro factura INV-00134,INV-00134,CC-100 Operaciones,Ana Ruiz 01 00001104
1812,2026-02-11,2100,Cuentas por pagar,44086.96,0.00,Pago factura INV-00219,INV-00219,CC-100 Operaciones,Bruno Garcia 02 00001104
1813,2026-02-11,5000,Gastos operativos,39340.00,0.00,Registro factura INV-00109,INV-00109,CC-100 Operaciones,Elena Mora 05 00001104
1814,2026-02-23,1020,Bancos,0.00,52807.84,Pago factura INV-00203,INV-00203,CC-100 Operaciones,Bruno Garcia 02 00001104
1815,2026-02-15,2100,Cuentas por pagar,70891.08,0.00,Pago factura INV-00157,INV-00157,CC-100 Operaciones,Bruno Garcia 02 00001104
1816,2026-02-14,2100,Cuentas por pagar,0.00,49563.32,Registro factura INV-00119,INV-00119,CC-100 Operaciones,Diego Luna 04 00001104
1817,2026-01-14,2100,Cuentas por pagar,0.00,74119.36,Registro factura INV-00021,INV-00021,CC-100 Operaciones,Elena Mora 05 00001104
1818,2026-03-11,1180,IVA acreditable,9500.48,0.00,Registro factura INV-00186,INV-00186,CC-100 Operaciones,Ana Ruiz 07 00001104
1819,2026-06-09,1020,Bancos,0.00,79982.00,Pago factura INV-00200,INV-00200,CC-100 Operaciones,Bruno Garcia 02 00001104
1820,2026-02-27,2100,Cuentas por pagar,0.00,20964.68,Registro factura INV-00182,INV-00182,CC-100 Operaciones,Ana Ruiz 07 00001104
1821,2026-02-28,5000,Gastos operativos,34416.00,0.00,Registro factura INV-00260,INV-00260,CC-100 Operaciones,Fabian Rios 06 00001104
1822,2026-01-05,2100,Cuentas por pagar,0.00,30530.04,Registro factura INV-00014,INV-00014,CC-100 Operaciones,Bruno Garcia 02 00001104
1823,2026-04-15,1180,IVA acreditable,8343.36,0.00,Registro factura INV-00247,INV-00247,CC-100 Operaciones,Diego Luna 10 00001104
1824,2026-01-27,1180,IVA acreditable,12242.08,0.00,Registro factura INV-00029,INV-00029,CC-100 Operaciones,Bruno Garcia 08 00001104
1825,2026-02-17,1020,Bancos,0.00,92158.52,Pago factura INV-00284,INV-00284,CC-100 Operaciones,Bruno Garcia 02 00001104
1826,2026-03-19,2100,Cuentas por pagar,0.00,24133.80,Registro factura INV-00087,INV-00087,CC-100 Operaciones,Ana Ruiz 07 00001104
1827,2026-02-11,2100,Cuentas por pagar,80094.52,0.00,Pago factura INV-00227,INV-00227,CC-100 Operaciones,Bruno Garcia 02 00001104
1828,2026-03-28,2100,Cuentas por pagar,0.00,96560.72,Registro factura INV-00282,INV-00282,CC-100 Operaciones,Fabian Rios 06 00001104
1829,2026-01-14,5000,Gastos operativos,63896.00,0.00,Registro factura INV-00021,INV-00021,CC-100 Operaciones,Elena Mora 05 00001104
1830,2026-02-14,5000,Gastos operativos,45975.00,0.00,Registro factura INV-00168,INV-00168,CC-100 Operaciones,Fabian Rios 06 00001104
1831,2026-05-23,1020,Bancos,0.00,12901.06,Pago factura INV-00313,INV-00313,CC-100 Operaciones,Bruno Garcia 02 00001104
1832,2026-04-12,1180,IVA acreditable,9410.56,0.00,Registro factura INV-00152,INV-00152,CC-100 Operaciones,Carla Soto 03 00001104
1833,2026-05-14,2100,Cuentas por pagar,88372.28,0.00,Pago factura INV-00254,INV-00254,CC-100 Operaciones,Bruno Garcia 02 00001104
1834,2026-05-30,2100,Cuentas por pagar,0.00,79982.00,Registro factura INV-00200,INV-00200,CC-100 Operaciones,Ana Ruiz 01 00001104
