entry_id,date,account_code,account_name,debit,credit,description,invoice_uuid,cost_center,approver
1,2026-05-24,1020,Bancos,0.00,79991.28,Pago factura INV-00173,INV-00173,CC-100 Operaciones,Bruno Garcia 02 00001001
2,2026-06-28,5000,Gastos operativos,51400.00,0.00,Registro factura INV-00219,INV-00219,CC-100 Operaciones,Diego Luna 10 00001001
3,2026-01-14,2100,Cuentas por pagar,0.00,85514.04,Registro factura INV-00267,INV-00267,CC-100 Operaciones,Elena Mora 05 00001001
4,2026-05-04,1020,Bancos,0.00,65400.80,Pago factura INV-00130,INV-00130,CC-100 Operaciones,Bruno Garcia 02 00001001
5,2026-04-22,2100,Cuentas por pagar,93101.60,0.00,Pago factura INV-00237,INV-00237,CC-100 Operaciones,Bruno Garcia 02 00001001
6,2026-05-02,5000,Gastos operativos,70725.00,0.00,Registro factura INV-00212,INV-00212,CC-100 Operaciones,Ana Ruiz 01 00001001
7,2026-06-02,2100,Cuentas por pagar,0.00,82009.68,Registro factura INV-00187,INV-00187,CC-100 Operaciones,Bruno Garcia 02 00001001
8,2026-06-16,1180,IVA acreditable,13308.32,0.00,Registro factura INV-00028,INV-00028,CC-100 Operaciones,Diego Luna 10 00001001
9,2026-04-15,2100,Cuentas por pagar,51160.64,0.00,Pago factura INV-00319,INV-00319,CC-100 Operaciones,Bruno Garcia 02 00001001
10,2026-04-12,2100,Cuentas por pagar,0.00,82647.68,Registro factura INV-00306,INV-00306,CC-100 Operaciones,Ana Ruiz 01 00001001
11,2026-04-06,1020,Bancos,0.00,43341.08,Pago factura INV-00323,INV-00323,CC-100 Operaciones,Bruno Garcia 02 00001001
12,2026-06-11,1020,Bancos,0.00,18577.40,Pago factura INV-00352,INV-00352,CC-100 Operaciones,Bruno Garcia 02 00001001
13,2026-03-19,2100,Cuentas por pagar,0.00,55425.96,Registro factura INV-00179,INV-00179,CC-100 Operaciones,Carla Soto 09 00001001
14,2026-03-08,2100,Cuentas por pagar,105479.96,0.00,Pago factura INV-00350,INV-00350,CC-100 Operaciones,Bruno Garcia 02 00001001
15,2026-01-12,2100,Cuentas por pagar,13865.01,0.00,Pago factura INV-00284,INV-00284,CC-100 Operaciones,Bruno Garcia 02 00001001
16,2026-06-30,2100,Cuentas por pagar,53234.72,0.00,Pago factura INV-00308,INV-00308,CC-100 Operaciones,Bruno Garcia 02 00001001
17,2026-05-05,1020,Bancos,0.00,54783.32,Pago factura INV-00120,INV-00120,CC-100 Operaciones,Bruno Garcia 02 00001001
18,2026-04-06,5000,Gastos operativos,55627.00,0.00,Registro factura INV-00248,INV-00248,CC-100 Operaciones,Carla Soto 03 00001001
19,2026-02-26,5000,Gastos operativos,14489.00,0.00,Registro factura INV-00280,INV-00280,CC-100 Operaciones,Diego Luna 10 00001001
20,2026-02-04,1020,Bancos,0.00,28125.36,Pago factura INV-00205,INV-00205,CC-100 Operaciones,Bruno Garcia 02 00001001
21,2026-03-13,2100,Cuentas por pagar,0.00,54663.84,Registro factura INV-00141,INV-00141,CC-100 Operaciones,Carla Soto 09 00001001
22,2026-03-03,1020,Bancos,0.00,88448.84,Pago factura INV-00158,INV-00158,CC-100 Operaciones,Bruno Garcia 02 00001001
23,2026-01-29,5000,Gastos operativos,24158.00,0.00,Registro factura INV-00244,INV-00244,CC-100 Operaciones,Bruno Garcia 02 00001001
24,2026-01-23,2100,Cuentas por pagar,0.00,81262.64,Registro factura INV-00007,INV-00007,CC-100 Operaciones,Bruno Garcia 02 00001001
25,2026-01-29,2100,Cuentas por pagar,75319.96,0.00,Pago factura INV-00225,INV-00225,CC-100 Operaciones,Bruno Garcia 02 00001001
26,2026-01-31,2100,Cuentas por pagar,45201.72,0.00,Pago factura INV-00021,INV-00021,CC-100 Operaciones,Bruno Garcia 02 00001001
27,2026-06-27,1020,Bancos,0.00,54161.56,Pago factura INV-00305,INV-00305,CC-100 Operaciones,Bruno Garcia 02 00001001
28,2026-02-23,1180,IVA acreditable,6492.32,0.00,Registro factura INV-00110,INV-00110,CC-100 Operaciones,Ana Ruiz 01 00001001
29,2026-05-24,2100,Cuentas por pagar,0.00,57780.76,Registro factura INV-00095,INV-00095,CC-100 Operaciones,Elena Mora 05 00001001
30,2026-06-03,2100,Cuentas por pagar,57780.76,0.00,Pago factura INV-00095,INV-00095,CC-100 Operaciones,Bruno Garcia 02 00001001
31,2026-04-05,2100,Cuentas por pagar,0.00,51160.64,Registro factura INV-00319,INV-00319,CC-100 Operaciones,Elena Mora 05 00001001
32,2026-03-05,2100,Cuentas por pagar,0.00,92064.56,Registro factura INV-00347,INV-00347,CC-100 Operaciones,Ana Ruiz 07 00001001
33,2026-06-07,1180,IVA acreditable,11140.00,0.00,Registro factura INV-00062,INV-00062,CC-100 Operaciones,Elena Mora 05 00001001
34,2026-03-22,5000,Gastos operativos,22046.00,0.00,Registro factura INV-00197,INV-00197,CC-100 Operaciones,Bruno Garcia 08 00001001
35,2026-02-24,1020,Bancos,0.00,35252.40,Pago factura INV-00026,INV-00026,CC-100 Operaciones,Bruno Garcia 02 00001001
36,2026-04-27,5000,Gastos operativos,34217.00,0.00,Registro factura INV-00317,INV-00317,CC-100 Operaciones,Diego Luna 10 00001001
37,2026-03-02,2100,Cuentas por pagar,109811.40,0.00,Pago factura INV-00344,INV-00344,CC-100 Operaciones,Bruno Garcia 02 00001001
38,2026-03-11,5000,Gastos operativos,51899.00,0.00,Registro factura INV-00318,INV-00318,CC-100 Operaciones,Elena Mora 05 00001001
39,2026-04-08,1020,Bancos,0.00,59806.12,Pago factura INV-00019,INV-00019,CC-100 Operaciones,Bruno Garcia 02 00001001
40,2026-06-24,1020,Bancos,0.00,33105.24,Pago factura INV-00220,INV-00220,CC-100 Operaciones,Bruno Garcia 02 00001001
41,2026-05-20,1020,Bancos,0.00,106330.24,Pago factura INV-00121,INV-00121,CC-100 Operaciones,Bruno Garcia 02 00001001
42,2026-06-09,1180,IVA acreditable,14070.24,0.00,Registro factura INV-00218,INV-00218,CC-100 Operaciones,Elena Mora 05 00001001
43,2026-02-17,1180,IVA acreditable,12594.72,0.00,Registro factura INV-00348,INV-00348,CC-100 Operaciones,Elena Mora 05 00001001
44,2026-01-10,1180,IVA acreditable,10781.76,0.00,Registro factura INV-00075,INV-00075,CC-100 Operaciones,Carla Soto 09 00001001
45,2026-02-08,2100,Cuentas por pagar,0.00,60538.08,Registro factura INV-00072,INV-00072,CC-100 Operaciones,Diego Luna 04 00001001
46,2026-01-15,2100,Cuentas por pagar,0.00,97089.68,Registro factura INV-00216,INV-00216,CC-100 Operaciones,Bruno Garcia 02 00001001
47,2026-04-08,2100,Cuentas por pagar,109526.04,0.00,Pago factura INV-00012,INV-00012,CC-100 Operaciones,Bruno Garcia 02 00001001
48,2026-05-08,1180,IVA acreditable,3347.52,0.00,Registro factura INV-00010,INV-00010,CC-100 Operaciones,Carla Soto 09 00001001
49,2026-04-25,1020,Bancos,0.00,28334.16,Pago factura INV-00321,INV-00321,CC-100 Operaciones,Bruno Garcia 02 00001001
50,2026-06-27,5000,Gastos operativos,49619.00,0.00,Registro factura INV-00083,INV-00083,CC-100 Operaciones,Carla Soto 03 00001001
51,2026-06-20,1020,Bancos,0.00,30316.60,Pago factura INV-00151,INV-00151,CC-100 Operaciones,Bruno Garcia 02 00001001
52,2026-02-22,1020,Bancos,0.00,81374.00,Pago factura INV-00184,INV-00184,CC-100 Operaciones,Bruno Garcia 02 00001001
53,2026-03-12,1020,Bancos,0.00,30696.38,Pago factura INV-00087,INV-00087,CC-100 Operaciones,Bruno Garcia 02 00001001
54,2026-04-18,1180,IVA acreditable,5093.76,0.00,Registro factura INV-00154,INV-00154,CC-100 Operaciones,Ana Ruiz 01 00001001
55,2026-05-16,1180,IVA acreditable,6226.08,0.00,Registro factura INV-00290,INV-00290,CC-100 Operaciones,Carla Soto 03 00001001
56,2026-03-05,5000,Gastos operativos,42924.00,0.00,Registro factura INV-00167,INV-00167,CC-100 Operaciones,Fabian Rios 06 00001001
57,2026-06-24,1180,IVA acreditable,2784.48,0.00,Registro factura INV-00004,INV-00004,CC-100 Operaciones,Bruno Garcia 02 00001001
58,2026-03-02,1180,IVA acreditable,13042.08,0.00,Registro factura INV-00343,INV-00343,CC-100 Operaciones,Bruno Garcia 08 00001001
59,2026-03-15,2100,Cuentas por pagar,75752.64,0.00,Pago factura INV-00076,INV-00076,CC-100 Operaciones,Bruno Garcia 02 00001001
60,2026-05-10,1180,IVA acreditable,2268.80,0.00,Registro factura INV-00106,INV-00106,CC-100 Operaciones,Carla Soto 03 00001001
61,2026-03-23,2100,Cuentas por pagar,9243.35,0.00,Pago factura INV-00102,INV-00102,CC-100 Operaciones,Bruno Garcia 02 00001001
62,2026-06-18,1180,IVA acreditable,14891.84,0.00,Registro factura INV-00134,INV-00134,CC-100 Operaciones,Fabian Rios 06 00001001
63,2026-04-23,2100,Cuentas por pagar,31325.80,0.00,Pago factura INV-00295,INV-00295,CC-100 Operaciones,Bruno Garcia 02 00001001
64,2026-04-20,2100,Cuentas por pagar,0.00,41421.28,Registro factura INV-00287,INV-00287,CC-100 Operaciones,Elena Mora 05 00001001
65,2026-02-12,2100,Cuentas por pagar,0.00,81374.00,Registro factura INV-00184,INV-00184,CC-100 Operaciones,Diego Luna 10 00001001
66,2026-02-28,2100,Cuentas por pagar,0.00,16968.48,Registro factura INV-00107,INV-00107,CC-100 Operaciones,Fabian Rios 06 00001001
67,2026-05-19,2100,Cuentas por pagar,0.00,59047.48,Registro factura INV-00073,INV-00073,CC-100 Operaciones,Bruno Garcia 02 00001001
68,2026-03-05,1180,IVA acreditable,7056.64,0.00,Registro factura INV-00087,INV-00087,CC-100 Operaciones,Diego Luna 04 00001001
69,2026-04-12,2100,Cuentas por pagar,98902.76,0.00,Pago factura INV-00283,INV-00283,CC-100 Operaciones,Bruno Garcia 02 00001001
70,2026-04-13,2100,Cuentas por pagar,28861.96,0.00,Pago factura INV-00114,INV-00114,CC-100 Operaciones,Bruno Garcia 02 00001001
71,2026-03-11,2100,Cuentas por pagar,0.00,50843.96,Registro factura INV-00229,INV-00229,CC-100 Operaciones,Ana Ruiz 07 00001001
72,2026-06-30,1020,Bancos,0.00,87187.92,Pago factura INV-00113,INV-00113,CC-100 Operaciones,Bruno Garcia 02 00001001
73,2026-06-02,2100,Cuentas por pagar,90279.32,0.00,Pago factura INV-00030,INV-00030,CC-100 Operaciones,Bruno Garcia 02 00001001
74,2026-03-08,1180,IVA acreditable,3236.96,0.00,Registro factura INV-00190,INV-00190,CC-100 Operaciones,Fabian Rios 06 00001001
75,2026-01-20,2100,Cuentas por pagar,44416.40,0.00,Pago factura INV-00111,INV-00111,CC-100 Operaciones,Bruno Garcia 02 00001001
76,2026-02-26,2100,Cuentas por pagar,41152.16,0.00,Pago factura INV-00241,INV-00241,CC-100 Operaciones,Bruno Garcia 02 00001001
77,2026-04-13,2100,Cuentas por pagar,0.00,31325.80,Registro factura INV-00295,INV-00295,CC-100 Operaciones,Bruno Garcia 08 00001001
78,2026-05-21,1020,Bancos,0.00,23501.60,Pago factura INV-00253,INV-00253,CC-100 Operaciones,Bruno Garcia 02 00001001
79,2026-04-07,5000,Gastos operativos,83088.00,0.00,Registro factura INV-00131,INV-00131,CC-100 Operaciones,Diego Luna 10 00001001
80,2026-03-10,2100,Cuentas por pagar,16968.48,0.00,Pago factura INV-00107,INV-00107,CC-100 Operaciones,Bruno Garcia 02 00001001
81,2026-03-05,2100,Cuentas por pagar,0.00,49791.84,Registro factura INV-00167,INV-00167,CC-100 Operaciones,Fabian Rios 06 00001001
82,2026-01-21,1020,Bancos,0.00,86159.00,Pago factura INV-00255,INV-00255,CC-100 Operaciones,Bruno Garcia 02 00001001
83,2026-03-18,2100,Cuentas por pagar,23467.96,0.00,Pago factura INV-00190,INV-00190,CC-100 Operaciones,Bruno Garcia 02 00001001
84,2026-04-09,2100,Cuentas por pagar,0.00,18446.32,Registro factura INV-00296,INV-00296,CC-100 Operaciones,Diego Luna 04 00001001
85,2026-05-15,1020,Bancos,0.00,26834.28,Pago factura INV-00357,INV-00357,CC-100 Operaciones,Bruno Garcia 02 00001001
86,2026-02-22,1020,Bancos,0.00,83279.88,Pago factura INV-00057,INV-00057,CC-100 Operaciones,Bruno Garcia 02 00001001
87,2026-04-27,2100,Cuentas por pagar,46744.52,0.00,Pago factura INV-00108,INV-00108,CC-100 Operaciones,Bruno Garcia 02 00001001
88,2026-04-18,2100,Cuentas por pagar,91991.48,0.00,Pago factura INV-00092,INV-00092,CC-100 Operaciones,Bruno Garcia 02 00001001
89,2026-05-18,5000,Gastos operativos,12742.00,0.00,Registro factura INV-00049,INV-00049,CC-100 Operaciones,Carla Soto 03 00001001
90,2026-06-23,5000,Gastos operativos,92324.00,0.00,Registro factura INV-00142,INV-00142,CC-100 Operaciones,Elena Mora 05 00001001
91,2026-01-28,5000,Gastos operativos,23700.00,0.00,Registro factura INV-00157,INV-00157,CC-100 Operaciones,Carla Soto 03 00001001
92,2026-02-06,5000,Gastos operativos,76647.00,0.00,Registro factura INV-00232,INV-00232,CC-100 Operaciones,Diego Luna 04 00001001
93,2026-04-29,2100,Cuentas por pagar,0.00,44187.88,Registro factura INV-00038,INV-00038,CC-100 Operaciones,Diego Luna 10 00001001
94,2026-04-28,1180,IVA acreditable,12420.48,0.00,Registro factura INV-00055,INV-00055,CC-100 Operaciones,Elena Mora 05 00001001
95,2026-04-14,2100,Cuentas por pagar,67558.40,0.00,Pago factura INV-00292,INV-00292,CC-100 Operaciones,Bruno Garcia 02 00001001
96,2026-05-22,1180,IVA acreditable,2027.52,0.00,Registro factura INV-00127,INV-00127,CC-100 Operaciones,Ana Ruiz 01 00001001
97,2026-04-01,5000,Gastos operativos,14802.00,0.00,Registro factura INV-00122,INV-00122,CC-100 Operaciones,Diego Luna 10 00001001
98,2026-04-08,1180,IVA acreditable,12688.48,0.00,Registro factura INV-00092,INV-00092,CC-100 Operaciones,Ana Ruiz 07 00001001
99,2026-01-26,2100,Cuentas por pagar,0.00,25042.08,Registro factura INV-00033,INV-00033,CC-100 Operaciones,Ana Ruiz 01 00001001
100,2026-01-25,5000,Gastos operativos,23692.00,0.00,Registro factura INV-00025,INV-00025,CC-100 Operaciones,Diego Luna 04 00001001
101,2026-02-15,2100,Cuentas por pagar,107632.92,0.00,Pago factura INV-00160,INV-00160,CC-100 Operaciones,Bruno Garcia 02 00001001
102,2026-05-23,1180,IVA acreditable,3996.00,0.00,Registro factura INV-00129,INV-00129,CC-100 Operaciones,Fabian Rios 06 00001001
103,2026-02-05,1180,IVA acreditable,3187.36,0.00,Registro factura INV-00146,INV-00146,CC-100 Operaciones,Carla Soto 09 00001001
104,2026-02-28,2100,Cuentas por pagar,18434.72,0.00,Pago factura INV-00202,INV-00202,CC-100 Operaciones,Bruno Garcia 02 00001001
105,2026-03-23,5000,Gastos operativos,28451.00,0.00,Registro factura INV-00006,INV-00006,CC-100 Operaciones,Carla Soto 03 00001001
106,2026-05-10,2100,Cuentas por pagar,81520.16,0.00,Pago factura INV-00090,INV-00090,CC-100 Operaciones,Bruno Garcia 02 00001001
107,2026-03-09,1020,Bancos,0.00,20964.68,Pago factura INV-00245,INV-00245,CC-100 Operaciones,Bruno Garcia 02 00001001
108,2026-01-12,1020,Bancos,0.00,13865.01,Pago factura INV-00284,INV-00284,CC-100 Operaciones,Bruno Garcia 02 00001001
109,2026-05-13,1020,Bancos,0.00,61309.48,Pago factura INV-00262,INV-00262,CC-100 Operaciones,Bruno Garcia 02 00001001
110,2026-04-30,1020,Bancos,0.00,41421.28,Pago factura INV-00287,INV-00287,CC-100 Operaciones,Bruno Garcia 02 00001001
111,2026-04-06,5000,Gastos operativos,13808.00,0.00,Registro factura INV-00354,INV-00354,CC-100 Operaciones,Elena Mora 05 00001001
112,2026-04-15,1020,Bancos,0.00,49791.84,Pago factura INV-00152,INV-00152,CC-100 Operaciones,Bruno Garcia 02 00001001
113,2026-06-10,2100,Cuentas por pagar,0.00,94285.96,Registro factura INV-00339,INV-00339,CC-100 Operaciones,Bruno Garcia 02 00001001
114,2026-03-28,2100,Cuentas por pagar,0.00,75371.00,Registro factura INV-00008,INV-00008,CC-100 Operaciones,Fabian Rios 06 00001001
115,2026-01-27,1180,IVA acreditable,10542.08,0.00,Registro factura INV-00301,INV-00301,CC-100 Operaciones,Bruno Garcia 08 00001001
116,2026-06-20,2100,Cuentas por pagar,30316.60,0.00,Pago factura INV-00151,INV-00151,CC-100 Operaciones,Bruno Garcia 02 00001001
117,2026-03-03,1180,IVA acreditable,4751.52,0.00,Registro factura INV-00206,INV-00206,CC-100 Operaciones,Elena Mora 05 00001001
118,2026-03-09,5000,Gastos operativos,85906.00,0.00,Registro factura INV-00337,INV-00337,CC-100 Operaciones,Ana Ruiz 01 00001001
119,2026-05-20,2100,Cuentas por pagar,0.00,43569.60,Registro factura INV-00089,INV-00089,CC-100 Operaciones,Carla Soto 09 00001001
120,2026-01-29,1020,Bancos,0.00,75319.96,Pago factura INV-00225,INV-00225,CC-100 Operaciones,Bruno Garcia 02 00001001
121,2026-01-11,1180,IVA acreditable,11884.00,0.00,Registro factura INV-00255,INV-00255,CC-100 Operaciones,Diego Luna 04 00001001
122,2026-04-26,1180,IVA acreditable,4522.08,0.00,Registro factura INV-00014,INV-00014,CC-100 Operaciones,Carla Soto 03 00001001
123,2026-02-16,2100,Cuentas por pagar,88910.52,0.00,Pago factura INV-00232,INV-00232,CC-100 Operaciones,Bruno Garcia 02 00001001
124,2026-05-04,2100,Cuentas por pagar,0.00,66701.16,Registro factura INV-00213,INV-00213,CC-100 Operaciones,Elena Mora 05 00001001
125,2026-06-21,2100,Cuentas por pagar,82727.72,0.00,Pago factura INV-00270,INV-00270,CC-100 Operaciones,Bruno Garcia 02 00001001
126,2026-03-03,5000,Gastos operativos,29697.00,0.00,Registro factura INV-00206,INV-00206,CC-100 Operaciones,Elena Mora 05 00001001
127,2026-03-13,1180,IVA acreditable,10303.68,0.00,Registro factura INV-00277,INV-00277,CC-100 Operaciones,Ana Ruiz 07 00001001
128,2026-05-05,2100,Cuentas por pagar,54783.32,0.00,Pago factura INV-00120,INV-00120,CC-100 Operaciones,Bruno Garcia 02 00001001
129,2026-01-05,2100,Cuentas por pagar,0.00,23108.36,Registro factura INV-00284,INV-00284,CC-100 Operaciones,Bruno Garcia 08 00001001
130,2026-02-09,2100,Cuentas por pagar,94412.40,0.00,Pago factura INV-00039,INV-00039,CC-100 Operaciones,Bruno Garcia 02 00001001
131,2026-06-01,2100,Cuentas por pagar,14699.52,0.00,Pago factura INV-00127,INV-00127,CC-100 Operaciones,Bruno Garcia 02 00001001
132,2026-02-21,2100,Cuentas por pagar,71286.64,0.00,Pago factura INV-00058,INV-00058,CC-100 Operaciones,Bruno Garcia 02 00001001
133,2026-01-25,5000,Gastos operativos,24246.00,0.00,Registro factura INV-00205,INV-00205,CC-100 Operaciones,Fabian Rios 06 00001001
134,2026-01-10,2100,Cuentas por pagar,0.00,44416.40,Registro factura INV-00111,INV-00111,CC-100 Operaciones,Ana Ruiz 07 00001001
135,2026-06-29,2100,Cuentas por pagar,69601.16,0.00,Pago factura INV-00341,INV-00341,CC-100 Operaciones,Bruno Garcia 02 00001001
136,2026-02-02,5000,Gastos operativos,85882.00,0.00,Registro factura INV-00222,INV-00222,CC-100 Operaciones,Bruno Garcia 08 00001001
137,2026-02-10,1180,IVA acreditable,13996.64,0.00,Registro factura INV-00331,INV-00331,CC-100 Operaciones,Bruno Garcia 08 00001001
138,2026-02-14,1180,IVA acreditable,11838.72,0.00,Registro factura INV-00067,INV-00067,CC-100 Operaciones,Fabian Rios 06 00001001
139,2026-05-23,2100,Cuentas por pagar,20464.26,0.00,Pago factura INV-00266,INV-00266,CC-100 Operaciones,Bruno Garcia 02 00001001
140,2026-02-27,1020,Bancos,0.00,91311.72,Pago factura INV-00348,INV-00348,CC-100 Operaciones,Bruno Garcia 02 00001001
141,2026-04-11,2100,Cuentas por pagar,21678.08,0.00,Pago factura INV-00263,INV-00263,CC-100 Operaciones,Bruno Garcia 02 00001001
142,2026-02-05,2100,Cuentas por pagar,25042.08,0.00,Pago factura INV-00033,INV-00033,CC-100 Operaciones,Bruno Garcia 02 00001001
143,2026-05-02,2100,Cuentas por pagar,15081.16,0.00,Pago factura INV-00353,INV-00353,CC-100 Operaciones,Bruno Garcia 02 00001001
144,2026-05-23,2100,Cuentas por pagar,110186.08,0.00,Pago factura INV-00359,INV-00359,CC-100 Operaciones,Bruno Garcia 02 00001001
145,2026-01-19,2100,Cuentas por pagar,97430.72,0.00,Pago factura INV-00015,INV-00015,CC-100 Operaciones,Bruno Garcia 02 00001001
146,2026-04-07,1020,Bancos,0.00,75371.00,Pago factura INV-00008,INV-00008,CC-100 Operaciones,Bruno Garcia 02 00001001
147,2026-04-06,1180,IVA acreditable,2209.28,0.00,Registro factura INV-00354,INV-00354,CC-100 Operaciones,Elena Mora 05 00001001
148,2026-02-25,2100,Cuentas por pagar,0.00,104596.04,Registro factura INV-00094,INV-00094,CC-100 Operaciones,Elena Mora 05 00001001
149,2026-01-23,1180,IVA acreditable,13708.80,0.00,Registro factura INV-00310,INV-00310,CC-100 Operaciones,Diego Luna 04 00001001
150,2026-06-16,5000,Gastos operativos,64335.00,0.00,Registro factura INV-00186,INV-00186,CC-100 Operaciones,Bruno Garcia 02 00001001
151,2026-01-26,1180,IVA acreditable,3454.08,0.00,Registro factura INV-00033,INV-00033,CC-100 Operaciones,Ana Ruiz 01 00001001
152,2026-03-02,1020,Bancos,0.00,109811.40,Pago factura INV-00344,INV-00344,CC-100 Operaciones,Bruno Garcia 02 00001001
153,2026-04-05,2100,Cuentas por pagar,0.00,92957.76,Registro factura INV-00261,INV-00261,CC-100 Operaciones,Fabian Rios 06 00001001
154,2026-02-16,2100,Cuentas por pagar,0.00,92812.76,Registro factura INV-00070,INV-00070,CC-100 Operaciones,Fabian Rios 06 00001001
155,2026-02-21,1020,Bancos,0.00,71286.64,Pago factura INV-00058,INV-00058,CC-100 Operaciones,Bruno Garcia 02 00001001
156,2026-04-05,5000,Gastos operativos,75533.00,0.00,Registro factura INV-00150,INV-00150,CC-100 Operaciones,Bruno Garcia 08 00001001
157,2026-04-02,2100,Cuentas por pagar,0.00,98902.76,Registro factura INV-00283,INV-00283,CC-100 Operaciones,Carla Soto 09 00001001
158,2026-05-04,1180,IVA acreditable,9200.16,0.00,Registro factura INV-00213,INV-00213,CC-100 Operaciones,Elena Mora 05 00001001
159,2026-03-30,5000,Gastos operativos,48729.00,0.00,Registro factura INV-00302,INV-00302,CC-100 Operaciones,Bruno Garcia 08 00001001
160,2026-02-08,1020,Bancos,0.00,18453.28,Pago factura INV-00027,INV-00027,CC-100 Operaciones,Bruno Garcia 02 00001001
161,2026-06-04,1020,Bancos,0.00,81848.44,Pago factura INV-00176,INV-00176,CC-100 Operaciones,Bruno Garcia 02 00001001
162,2026-02-17,2100,Cuentas por pagar,84822.68,0.00,Pago factura INV-00227,INV-00227,CC-100 Operaciones,Bruno Garcia 02 00001001
163,2026-03-20,5000,Gastos operativos,60665.00,0.00,Registro factura INV-00334,INV-00334,CC-100 Operaciones,Diego Luna 04 00001001
164,2026-04-15,1180,IVA acreditable,3908.16,0.00,Registro factura INV-00321,INV-00321,CC-100 Operaciones,Diego Luna 10 00001001
165,2026-02-24,2100,Cuentas por pagar,35252.40,0.00,Pago factura INV-00026,INV-00026,CC-100 Operaciones,Bruno Garcia 02 00001001
166,2026-02-09,1020,Bancos,0.00,107469.36,Pago factura INV-00203,INV-00203,CC-100 Operaciones,Bruno Garcia 02 00001001
167,2026-02-11,2100,Cuentas por pagar,0.00,85198.52,Registro factura INV-00247,INV-00247,CC-100 Operaciones,Elena Mora 05 00001001
168,2026-04-10,5000,Gastos operativos,92845.00,0.00,Registro factura INV-00236,INV-00236,CC-100 Operaciones,Carla Soto 09 00001001
169,2026-03-04,2100,Cuentas por pagar,0.00,83960.80,Registro factura INV-00285,INV-00285,CC-100 Operaciones,Diego Luna 10 00001001
170,2026-05-26,2100,Cuentas por pagar,0.00,32367.48,Registro factura INV-00333,INV-00333,CC-100 Operaciones,Elena Mora 05 00001001
171,2026-06-22,1180,IVA acreditable,11249.44,0.00,Registro factura INV-00085,INV-00085,CC-100 Operaciones,Bruno Garcia 02 00001001
172,2026-05-22,2100,Cuentas por pagar,47025.24,0.00,Pago factura INV-00060,INV-00060,CC-100 Operaciones,Bruno Garcia 02 00001001
173,2026-05-31,2100,Cuentas por pagar,54163.88,0.00,Pago factura INV-00258,INV-00258,CC-100 Operaciones,Bruno Garcia 02 00001001
174,2026-03-04,5000,Gastos operativos,93333.00,0.00,Registro factura INV-00214,INV-00214,CC-100 Operaciones,Bruno Garcia 02 00001001
175,2026-05-16,2100,Cuentas por pagar,46347.80,0.00,Pago factura INV-00307,INV-00307,CC-100 Operaciones,Bruno Garcia 02 00001001
176,2026-01-30,2100,Cuentas por pagar,27797.08,0.00,Pago factura INV-00035,INV-00035,CC-100 Operaciones,Bruno Garcia 02 00001001
177,2026-04-16,2100,Cuentas por pagar,16017.28,0.00,Pago factura INV-00354,INV-00354,CC-100 Operaciones,Bruno Garcia 02 00001001
178,2026-02-25,1180,IVA acreditable,5335.36,0.00,Registro factura INV-00279,INV-00279,CC-100 Operaciones,Ana Ruiz 07 00001001
179,2026-05-15,5000,Gastos operativos,38622.00,0.00,Registro factura INV-00183,INV-00183,CC-100 Operaciones,Fabian Rios 06 00001001
180,2026-05-30,1180,IVA acreditable,8801.60,0.00,Registro factura INV-00037,INV-00037,CC-100 Operaciones,Ana Ruiz 01 00001001
181,2026-02-27,2100,Cuentas por pagar,91311.72,0.00,Pago factura INV-00348,INV-00348,CC-100 Operaciones,Bruno Garcia 02 00001001
182,2026-05-03,5000,Gastos operativos,45265.00,0.00,Registro factura INV-00011,INV-00011,CC-100 Operaciones,Fabian Rios 06 00001001
183,2026-04-19,2100,Cuentas por pagar,90310.64,0.00,Pago factura INV-00063,INV-00063,CC-100 Operaciones,Bruno Garcia 02 00001001
184,2026-04-16,1020,Bancos,0.00,64527.32,Pago factura INV-00248,INV-00248,CC-100 Operaciones,Bruno Garcia 02 00001001
185,2026-06-05,1180,IVA acreditable,3498.72,0.00,Registro factura INV-00311,INV-00311,CC-100 Operaciones,Carla Soto 09 00001001
186,2026-05-30,5000,Gastos operativos,91223.00,0.00,Registro factura INV-00274,INV-00274,CC-100 Operaciones,Carla Soto 03 00001001
187,2026-04-15,5000,Gastos operativos,24426.00,0.00,Registro factura INV-00321,INV-00321,CC-100 Operaciones,Diego Luna 10 00001001
188,2026-03-01,5000,Gastos operativos,70599.00,0.00,Registro factura INV-00084,INV-00084,CC-100 Operaciones,Carla Soto 03 00001001
189,2026-05-15,2100,Cuentas por pagar,0.00,44801.52,Registro factura INV-00183,INV-00183,CC-100 Operaciones,Fabian Rios 06 00001001
190,2026-06-01,2100,Cuentas por pagar,0.00,73259.80,Registro factura INV-00351,INV-00351,CC-100 Operaciones,Elena Mora 05 00001001
191,2026-01-10,1180,IVA acreditable,6126.40,0.00,Registro factura INV-00111,INV-00111,CC-100 Operaciones,Ana Ruiz 07 00001001
192,2026-01-28,2100,Cuentas por pagar,104055.48,0.00,Pago factura INV-00233,INV-00233,CC-100 Operaciones,Bruno Garcia 02 00001001
193,2026-05-20,5000,Gastos operativos,20464.00,0.00,Registro factura INV-00204,INV-00204,CC-100 Operaciones,Ana Ruiz 07 00001001
194,2026-05-17,1020,Bancos,0.00,46045.04,Pago factura INV-00315,INV-00315,CC-100 Operaciones,Bruno Garcia 02 00001001
195,2026-06-15,2100,Cuentas por pagar,23108.36,0.00,Pago factura INV-00313,INV-00313,CC-100 Operaciones,Bruno Garcia 02 00001001
196,2026-05-14,1180,IVA acreditable,11033.28,0.00,Registro factura INV-00173,INV-00173,CC-100 Operaciones,Ana Ruiz 07 00001001
197,2026-06-10,5000,Gastos operativos,81281.00,0.00,Registro factura INV-00339,INV-00339,CC-100 Operaciones,Bruno Garcia 02 00001001
198,2026-03-30,2100,Cuentas por pagar,0.00,56525.64,Registro factura INV-00302,INV-00302,CC-100 Operaciones,Bruno Garcia 08 00001001
199,2026-03-15,1180,IVA acreditable,3174.24,0.00,Registro factura INV-00119,INV-00119,CC-100 Operaciones,Ana Ruiz 01 00001001
200,2026-04-19,1180,IVA acreditable,14066.72,0.00,Registro factura INV-00342,INV-00342,CC-100 Operaciones,Bruno Garcia 08 00001001
201,2026-06-17,5000,Gastos operativos,46691.00,0.00,Registro factura INV-00305,INV-00305,CC-100 Operaciones,Ana Ruiz 07 00001001
202,2026-06-30,2100,Cuentas por pagar,98529.24,0.00,Pago factura INV-00003,INV-00003,CC-100 Operaciones,Bruno Garcia 02 00001001
203,2026-04-06,2100,Cuentas por pagar,43341.08,0.00,Pago factura INV-00323,INV-00323,CC-100 Operaciones,Bruno Garcia 02 00001001
204,2026-04-09,1020,Bancos,0.00,56525.64,Pago factura INV-00302,INV-00302,CC-100 Operaciones,Bruno Garcia 02 00001001
205,2026-04-03,2100,Cuentas por pagar,19314.00,0.00,Pago factura INV-00116,INV-00116,CC-100 Operaciones,Bruno Garcia 02 00001001
206,2026-04-09,1180,IVA acreditable,2544.32,0.00,Registro factura INV-00296,INV-00296,CC-100 Operaciones,Diego Luna 04 00001001
207,2026-03-05,5000,Gastos operativos,79366.00,0.00,Registro factura INV-00347,INV-00347,CC-100 Operaciones,Ana Ruiz 07 00001001
208,2026-01-25,1020,Bancos,0.00,41903.84,Pago factura INV-00231,INV-00231,CC-100 Operaciones,Bruno Garcia 02 00001001
209,2026-04-26,2100,Cuentas por pagar,0.00,106330.24,Registro factura INV-00077,INV-00077,CC-100 Operaciones,Ana Ruiz 01 00001001
210,2026-05-12,1180,IVA acreditable,6486.24,0.00,Registro factura INV-00060,INV-00060,CC-100 Operaciones,Elena Mora 05 00001001
211,2026-04-11,1180,IVA acreditable,4637.44,0.00,Registro factura INV-00223,INV-00223,CC-100 Operaciones,Diego Luna 04 00001001
212,2026-03-08,2100,Cuentas por pagar,0.00,94211.72,Registro factura INV-00153,INV-00153,CC-100 Operaciones,Bruno Garcia 08 00001001
213,2026-01-19,1180,IVA acreditable,14227.36,0.00,Registro factura INV-00145,INV-00145,CC-100 Operaciones,Bruno Garcia 08 00001001
214,2026-05-12,1020,Bancos,0.00,13865.01,Pago factura INV-00169,INV-00169,CC-100 Operaciones,Bruno Garcia 02 00001001
215,2026-06-17,1180,IVA acreditable,7470.56,0.00,Registro factura INV-00305,INV-00305,CC-100 Operaciones,Ana Ruiz 07 00001001
216,2026-01-18,5000,Gastos operativos,24625.00,0.00,Registro factura INV-00117,INV-00117,CC-100 Operaciones,Carla Soto 09 00001001
217,2026-03-09,2100,Cuentas por pagar,103763.16,0.00,Pago factura INV-00246,INV-00246,CC-100 Operaciones,Bruno Garcia 02 00001001
218,2026-03-17,5000,Gastos operativos,17045.00,0.00,Registro factura INV-00024,INV-00024,CC-100 Operaciones,Carla Soto 03 00001001
219,2026-02-14,5000,Gastos operativos,30390.00,0.00,Registro factura INV-00026,INV-00026,CC-100 Operaciones,Diego Luna 04 00001001
220,2026-04-14,5000,Gastos operativos,80732.00,0.00,Registro factura INV-00269,INV-00269,CC-100 Operaciones,Elena Mora 05 00001001
221,2026-03-31,1180,IVA acreditable,10447.68,0.00,Registro factura INV-00265,INV-00265,CC-100 Operaciones,Carla Soto 03 00001001
222,2026-06-21,2100,Cuentas por pagar,101437.36,0.00,Pago factura INV-00300,INV-00300,CC-100 Operaciones,Bruno Garcia 02 00001001
223,2026-06-09,2100,Cuentas por pagar,0.00,102009.24,Registro factura INV-00218,INV-00218,CC-100 Operaciones,Elena Mora 05 00001001
224,2026-05-29,2100,Cuentas por pagar,0.00,79769.72,Registro factura INV-00036,INV-00036,CC-100 Operaciones,Diego Luna 04 00001001
225,2026-05-25,1020,Bancos,0.00,44801.52,Pago factura INV-00183,INV-00183,CC-100 Operaciones,Bruno Garcia 02 00001001
226,2026-05-06,2100,Cuentas por pagar,32785.08,0.00,Pago factura INV-00014,INV-00014,CC-100 Operaciones,Bruno Garcia 02 00001001
227,2026-06-16,5000,Gastos operativos,83177.00,0.00,Registro factura INV-00028,INV-00028,CC-100 Operaciones,Diego Luna 10 00001001
228,2026-06-30,1020,Bancos,0.00,58786.48,Pago factura INV-00299,INV-00299,CC-100 Operaciones,Bruno Garcia 02 00001001
229,2026-01-31,2100,Cuentas por pagar,34870.76,0.00,Pago factura INV-00048,INV-00048,CC-100 Operaciones,Bruno Garcia 02 00001001
230,2026-05-07,1180,IVA acreditable,14944.80,0.00,Registro factura INV-00125,INV-00125,CC-100 Operaciones,Diego Luna 04 00001001
231,2026-01-24,2100,Cuentas por pagar,0.00,90242.20,Registro factura INV-00171,INV-00171,CC-100 Operaciones,Ana Ruiz 07 00001001
232,2026-05-12,1020,Bancos,0.00,29875.10,Pago factura INV-00273,INV-00273,CC-100 Operaciones,Bruno Garcia 02 00001001
233,2026-03-10,5000,Gastos operativos,25704.00,0.00,Registro factura INV-00286,INV-00286,CC-100 Operaciones,Diego Luna 10 00001001
234,2026-02-01,2100,Cuentas por pagar,18207.36,0.00,Pago factura INV-00195,INV-00195,CC-100 Operaciones,Bruno Garcia 02 00001001
235,2026-03-23,1180,IVA acreditable,4552.16,0.00,Registro factura INV-00006,INV-00006,CC-100 Operaciones,Carla Soto 03 00001001
236,2026-06-16,1180,IVA acreditable,10293.60,0.00,Registro factura INV-00186,INV-00186,CC-100 Operaciones,Bruno Garcia 02 00001001
237,2026-03-18,5000,Gastos operativos,38406.00,0.00,Registro factura INV-00148,INV-00148,CC-100 Operaciones,Bruno Garcia 02 00001001
238,2026-03-19,5000,Gastos operativos,55558.00,0.00,Registro factura INV-00326,INV-00326,CC-100 Operaciones,Ana Ruiz 07 00001001
239,2026-05-19,2100,Cuentas por pagar,0.00,106820.92,Registro factura INV-00322,INV-00322,CC-100 Operaciones,Diego Luna 10 00001001
240,2026-03-19,1180,IVA acreditable,7644.96,0.00,Registro factura INV-00179,INV-00179,CC-100 Operaciones,Carla Soto 09 00001001
241,2026-05-19,2100,Cuentas por pagar,90271.20,0.00,Pago factura INV-00159,INV-00159,CC-100 Operaciones,Bruno Garcia 02 00001001
242,2026-03-21,1020,Bancos,0.00,50843.96,Pago factura INV-00229,INV-00229,CC-100 Operaciones,Bruno Garcia 02 00001001
243,2026-06-04,2100,Cuentas por pagar,0.00,87510.40,Registro factura INV-00332,INV-00332,CC-100 Operaciones,Diego Luna 04 00001001
244,2026-03-06,2100,Cuentas por pagar,72382.84,0.00,Pago factura INV-00013,INV-00013,CC-100 Operaciones,Bruno Garcia 02 00001001
245,2026-05-03,1020,Bancos,0.00,41968.80,Pago factura INV-00066,INV-00066,CC-100 Operaciones,Bruno Garcia 02 00001001
246,2026-05-05,5000,Gastos operativos,42924.00,0.00,Registro factura INV-00273,INV-00273,CC-100 Operaciones,Bruno Garcia 08 00001001
247,2026-05-03,2100,Cuentas por pagar,0.00,61309.48,Registro factura INV-00262,INV-00262,CC-100 Operaciones,Bruno Garcia 08 00001001
248,2026-02-12,5000,Gastos operativos,70150.00,0.00,Registro factura INV-00184,INV-00184,CC-100 Operaciones,Diego Luna 10 00001001
249,2026-05-13,2100,Cuentas por pagar,0.00,103463.88,Registro factura INV-00356,INV-00356,CC-100 Operaciones,Diego Luna 04 00001001
250,2026-02-10,5000,Gastos operativos,87479.00,0.00,Registro factura INV-00331,INV-00331,CC-100 Operaciones,Bruno Garcia 08 00001001
251,2026-06-30,2100,Cuentas por pagar,50541.20,0.00,Pago factura INV-00143,INV-00143,CC-100 Operaciones,Bruno Garcia 02 00001001
252,2026-01-13,2100,Cuentas por pagar,0.00,107170.08,Registro factura INV-00194,INV-00194,CC-100 Operaciones,Bruno Garcia 08 00001001
253,2026-04-17,2100,Cuentas por pagar,0.00,94295.24,Registro factura INV-00198,INV-00198,CC-100 Operaciones,Diego Luna 04 00001001
254,2026-01-20,1180,IVA acreditable,12963.36,0.00,Registro factura INV-00140,INV-00140,CC-100 Operaciones,Carla Soto 03 00001001
255,2026-02-05,1020,Bancos,0.00,104323.44,Pago factura INV-00238,INV-00238,CC-100 Operaciones,Bruno Garcia 02 00001001
256,2026-03-20,2100,Cuentas por pagar,0.00,29274.92,Registro factura INV-00224,INV-00224,CC-100 Operaciones,Bruno Garcia 02 00001001
257,2026-05-15,1020,Bancos,0.00,26837.76,Pago factura INV-00254,INV-00254,CC-100 Operaciones,Bruno Garcia 02 00001001
258,2026-05-07,5000,Gastos operativos,39694.00,0.00,Registro factura INV-00315,INV-00315,CC-100 Operaciones,Bruno Garcia 02 00001001
259,2026-06-06,2100,Cuentas por pagar,23694.16,0.00,Pago factura INV-00298,INV-00298,CC-100 Operaciones,Bruno Garcia 02 00001001
260,2026-06-30,2100,Cuentas por pagar,29379.32,0.00,Pago factura INV-00105,INV-00105,CC-100 Operaciones,Bruno Garcia 02 00001001
261,2026-05-27,2100,Cuentas por pagar,28734.36,0.00,Pago factura INV-00172,INV-00172,CC-100 Operaciones,Bruno Garcia 02 00001001
262,2026-05-30,5000,Gastos operativos,55010.00,0.00,Registro factura INV-00037,INV-00037,CC-100 Operaciones,Ana Ruiz 01 00001001
263,2026-02-19,5000,Gastos operativos,14331.00,0.00,Registro factura INV-00097,INV-00097,CC-100 Operaciones,Ana Ruiz 07 00001001
264,2026-03-07,2100,Cuentas por pagar,104596.04,0.00,Pago factura INV-00094,INV-00094,CC-100 Operaciones,Bruno Garcia 02 00001001
265,2026-04-06,1020,Bancos,0.00,99705.48,Pago factura INV-00293,INV-00293,CC-100 Operaciones,Bruno Garcia 02 00001001
266,2026-05-13,5000,Gastos operativos,94988.00,0.00,Registro factura INV-00359,INV-00359,CC-100 Operaciones,Bruno Garcia 02 00001001
267,2026-05-20,2100,Cuentas por pagar,16448.80,0.00,Pago factura INV-00106,INV-00106,CC-100 Operaciones,Bruno Garcia 02 00001001
268,2026-03-26,2100,Cuentas por pagar,0.00,76608.72,Registro factura INV-00175,INV-00175,CC-100 Operaciones,Diego Luna 04 00001001
269,2026-02-16,5000,Gastos operativos,35476.00,0.00,Registro factura INV-00241,INV-00241,CC-100 Operaciones,Bruno Garcia 08 00001001
270,2026-05-09,1180,IVA acreditable,12451.20,0.00,Registro factura INV-00159,INV-00159,CC-100 Operaciones,Bruno Garcia 08 00001001
271,2026-03-28,1020,Bancos,0.00,73323.60,Pago factura INV-00294,INV-00294,CC-100 Operaciones,Bruno Garcia 02 00001001
272,2026-03-23,1020,Bancos,0.00,19916.74,Pago factura INV-00167,INV-00167,CC-100 Operaciones,Bruno Garcia 02 00001001
273,2026-05-21,2100,Cuentas por pagar,23501.60,0.00,Pago factura INV-00253,INV-00253,CC-100 Operaciones,Bruno Garcia 02 00001001
274,2026-01-25,2100,Cuentas por pagar,0.00,27482.72,Registro factura INV-00025,INV-00025,CC-100 Operaciones,Diego Luna 04 00001001
275,2026-02-15,1020,Bancos,0.00,23108.36,Pago factura INV-00146,INV-00146,CC-100 Operaciones,Bruno Garcia 02 00001001
276,2026-06-01,2100,Cuentas por pagar,67579.28,0.00,Pago factura INV-00137,INV-00137,CC-100 Operaciones,Bruno Garcia 02 00001001
277,2026-06-12,5000,Gastos operativos,12290.00,0.00,Registro factura INV-00182,INV-00182,CC-100 Operaciones,Fabian Rios 06 00001001
278,2026-03-04,2100,Cuentas por pagar,39334.44,0.00,Pago factura INV-00281,INV-00281,CC-100 Operaciones,Bruno Garcia 02 00001001
279,2026-02-06,1180,IVA acreditable,6423.04,0.00,Registro factura INV-00257,INV-00257,CC-100 Operaciones,Bruno Garcia 02 00001001
280,2026-06-09,1180,IVA acreditable,10742.40,0.00,Registro factura INV-00207,INV-00207,CC-100 Operaciones,Ana Ruiz 07 00001001
281,2026-03-25,1020,Bancos,0.00,23013.24,Pago factura INV-00119,INV-00119,CC-100 Operaciones,Bruno Garcia 02 00001001
282,2026-04-05,1180,IVA acreditable,6867.84,0.00,Registro factura INV-00152,INV-00152,CC-100 Operaciones,Ana Ruiz 07 00001001
283,2026-06-13,1020,Bancos,0.00,60869.84,Pago factura INV-00009,INV-00009,CC-100 Operaciones,Bruno Garcia 02 00001001
284,2026-03-05,1020,Bancos,0.00,32090.24,Pago factura INV-00018,INV-00018,CC-100 Operaciones,Bruno Garcia 02 00001001
285,2026-02-09,5000,Gastos operativos,16348.00,0.00,Registro factura INV-00032,INV-00032,CC-100 Operaciones,Carla Soto 03 00001001
286,2026-05-12,1020,Bancos,0.00,30696.38,Pago factura INV-00266,INV-00266,CC-100 Operaciones,Bruno Garcia 02 00001001
287,2026-03-17,5000,Gastos operativos,43946.00,0.00,Registro factura INV-00211,INV-00211,CC-100 Operaciones,Elena Mora 05 00001001
288,2026-01-18,2100,Cuentas por pagar,0.00,28565.00,Registro factura INV-00117,INV-00117,CC-100 Operaciones,Carla Soto 09 00001001
289,2026-01-10,2100,Cuentas por pagar,0.00,78167.76,Registro factura INV-00075,INV-00075,CC-100 Operaciones,Carla Soto 09 00001001
290,2026-01-14,1180,IVA acreditable,11795.04,0.00,Registro factura INV-00267,INV-00267,CC-100 Operaciones,Elena Mora 05 00001001
291,2026-05-03,1020,Bancos,0.00,22276.64,Pago factura INV-00081,INV-00081,CC-100 Operaciones,Bruno Garcia 02 00001001
292,2026-04-17,1180,IVA acreditable,13006.24,0.00,Registro factura INV-00198,INV-00198,CC-100 Operaciones,Diego Luna 04 00001001
293,2026-02-06,2100,Cuentas por pagar,0.00,46567.04,Registro factura INV-00257,INV-00257,CC-100 Operaciones,Bruno Garcia 02 00001001
294,2026-02-18,2100,Cuentas por pagar,0.00,54264.80,Registro factura INV-00215,INV-00215,CC-100 Operaciones,Bruno Garcia 02 00001001
295,2026-01-16,1180,IVA acreditable,7958.24,0.00,Registro factura INV-00047,INV-00047,CC-100 Operaciones,Ana Ruiz 07 00001001
296,2026-02-27,2100,Cuentas por pagar,0.00,103763.16,Registro factura INV-00246,INV-00246,CC-100 Operaciones,Ana Ruiz 07 00001001
297,2026-01-12,1020,Bancos,0.00,30696.38,Pago factura INV-00071,INV-00071,CC-100 Operaciones,Bruno Garcia 02 00001001
298,2026-03-08,1020,Bancos,0.00,16807.24,Pago factura INV-00280,INV-00280,CC-100 Operaciones,Bruno Garcia 02 00001001
299,2026-06-08,5000,Gastos operativos,90628.00,0.00,Registro factura INV-00082,INV-00082,CC-100 Operaciones,Diego Luna 10 00001001
300,2026-04-08,5000,Gastos operativos,60538.00,0.00,Registro factura INV-00165,INV-00165,CC-100 Operaciones,Elena Mora 05 00001001
301,2026-01-11,5000,Gastos operativos,81521.00,0.00,Registro factura INV-00260,INV-00260,CC-100 Operaciones,Fabian Rios 06 00001001
302,2026-03-02,1020,Bancos,0.00,31557.80,Pago factura INV-00200,INV-00200,CC-100 Operaciones,Bruno Garcia 02 00001001
303,2026-06-01,2100,Cuentas por pagar,0.00,18577.40,Registro factura INV-00352,INV-00352,CC-100 Operaciones,Carla Soto 03 00001001
304,2026-06-15,2100,Cuentas por pagar,0.00,31755.00,Registro factura INV-00288,INV-00288,CC-100 Operaciones,Elena Mora 05 00001001
305,2026-02-02,5000,Gastos operativos,73137.00,0.00,Registro factura INV-00080,INV-00080,CC-100 Operaciones,Fabian Rios 06 00001001
306,2026-06-20,1020,Bancos,0.00,94285.96,Pago factura INV-00339,INV-00339,CC-100 Operaciones,Bruno Garcia 02 00001001
307,2026-05-22,2100,Cuentas por pagar,0.00,14699.52,Registro factura INV-00127,INV-00127,CC-100 Operaciones,Ana Ruiz 01 00001001
308,2026-04-11,5000,Gastos operativos,28984.00,0.00,Registro factura INV-00223,INV-00223,CC-100 Operaciones,Diego Luna 04 00001001
309,2026-04-05,2100,Cuentas por pagar,0.00,87618.28,Registro factura INV-00150,INV-00150,CC-100 Operaciones,Bruno Garcia 08 00001001
310,2026-06-26,2100,Cuentas por pagar,0.00,58786.48,Registro factura INV-00299,INV-00299,CC-100 Operaciones,Bruno Garcia 08 00001001
311,2026-04-21,2100,Cuentas por pagar,33621.44,0.00,Pago factura INV-00223,INV-00223,CC-100 Operaciones,Bruno Garcia 02 00001001
312,2026-03-07,2100,Cuentas por pagar,38681.36,0.00,Pago factura INV-00279,INV-00279,CC-100 Operaciones,Bruno Garcia 02 00001001
313,2026-06-14,1180,IVA acreditable,4056.48,0.00,Registro factura INV-00264,INV-00264,CC-100 Operaciones,Diego Luna 10 00001001
314,2026-02-16,1020,Bancos,0.00,88910.52,Pago factura INV-00232,INV-00232,CC-100 Operaciones,Bruno Garcia 02 00001001
315,2026-05-20,1180,IVA acreditable,6009.60,0.00,Registro factura INV-00089,INV-00089,CC-100 Operaciones,Carla Soto 09 00001001
316,2026-03-09,1020,Bancos,0.00,103763.16,Pago factura INV-00246,INV-00246,CC-100 Operaciones,Bruno Garcia 02 00001001
317,2026-06-01,5000,Gastos operativos,63155.00,0.00,Registro factura INV-00351,INV-00351,CC-100 Operaciones,Elena Mora 05 00001001
318,2026-03-08,5000,Gastos operativos,81217.00,0.00,Registro factura INV-00153,INV-00153,CC-100 Operaciones,Bruno Garcia 08 00001001
319,2026-04-23,1180,IVA acreditable,3072.64,0.00,Registro factura INV-00081,INV-00081,CC-100 Operaciones,Bruno Garcia 02 00001001
320,2026-01-05,1180,IVA acreditable,3187.36,0.00,Registro factura INV-00284,INV-00284,CC-100 Operaciones,Bruno Garcia 08 00001001
321,2026-02-28,1180,IVA acreditable,13596.16,0.00,Registro factura INV-00209,INV-00209,CC-100 Operaciones,Diego Luna 04 00001001
322,2026-06-25,2100,Cuentas por pagar,31755.00,0.00,Pago factura INV-00288,INV-00288,CC-100 Operaciones,Bruno Garcia 02 00001001
323,2026-05-09,1020,Bancos,0.00,44187.88,Pago factura INV-00038,INV-00038,CC-100 Operaciones,Bruno Garcia 02 00001001
324,2026-05-11,2100,Cuentas por pagar,85962.96,0.00,Pago factura INV-00162,INV-00162,CC-100 Operaciones,Bruno Garcia 02 00001001
325,2026-05-19,1020,Bancos,0.00,90271.20,Pago factura INV-00159,INV-00159,CC-100 Operaciones,Bruno Garcia 02 00001001
326,2026-06-04,2100,Cuentas por pagar,0.00,34384.72,Registro factura INV-00124,INV-00124,CC-100 Operaciones,Fabian Rios 06 00001001
327,2026-02-08,1180,IVA acreditable,6517.12,0.00,Registro factura INV-00180,INV-00180,CC-100 Operaciones,Fabian Rios 06 00001001
328,2026-03-23,2100,Cuentas por pagar,0.00,14636.88,Registro factura INV-00282,INV-00282,CC-100 Operaciones,Elena Mora 05 00001001
329,2026-02-26,1020,Bancos,0.00,92812.76,Pago factura INV-00070,INV-00070,CC-100 Operaciones,Bruno Garcia 02 00001001
330,2026-06-05,2100,Cuentas por pagar,0.00,25365.72,Registro factura INV-00311,INV-00311,CC-100 Operaciones,Carla Soto 09 00001001
331,2026-06-30,1020,Bancos,0.00,44801.52,Pago factura INV-00061,INV-00061,CC-100 Operaciones,Bruno Garcia 02 00001001
332,2026-03-05,1180,IVA acreditable,3187.36,0.00,Registro factura INV-00102,INV-00102,CC-100 Operaciones,Diego Luna 10 00001001
333,2026-06-26,1180,IVA acreditable,8108.48,0.00,Registro factura INV-00299,INV-00299,CC-100 Operaciones,Bruno Garcia 08 00001001
334,2026-01-28,5000,Gastos operativos,34244.00,0.00,Registro factura INV-00239,INV-00239,CC-100 Operaciones,Elena Mora 05 00001001
335,2026-06-22,2100,Cuentas por pagar,0.00,81558.44,Registro factura INV-00085,INV-00085,CC-100 Operaciones,Bruno Garcia 02 00001001
336,2026-03-10,2100,Cuentas por pagar,0.00,29816.64,Registro factura INV-00286,INV-00286,CC-100 Operaciones,Diego Luna 10 00001001
337,2026-05-26,1180,IVA acreditable,14876.96,0.00,Registro factura INV-00126,INV-00126,CC-100 Operaciones,Ana Ruiz 07 00001001
338,2026-05-06,1020,Bancos,0.00,32785.08,Pago factura INV-00014,INV-00014,CC-100 Operaciones,Bruno Garcia 02 00001001
339,2026-02-27,1180,IVA acreditable,14312.16,0.00,Registro factura INV-00246,INV-00246,CC-100 Operaciones,Ana Ruiz 07 00001001
340,2026-02-16,4000,Ingresos por servicios,0.00,61500.00,Registro venta INV-00112,INV-00112,CC-100 Operaciones,Bruno Garcia 02 00001001
341,2026-03-24,5000,Gastos operativos,16650.00,0.00,Registro factura INV-00116,INV-00116,CC-100 Operaciones,Bruno Garcia 08 00001001
342,2026-04-21,5000,Gastos operativos,63523.00,0.00,Registro factura INV-00196,INV-00196,CC-100 Operaciones,Bruno Garcia 02 00001001
343,2026-06-23,5000,Gastos operativos,27530.00,0.00,Registro factura INV-00068,INV-00068,CC-100 Operaciones,Ana Ruiz 07 00001001
344,2026-03-25,1180,IVA acreditable,13604.64,0.00,Registro factura INV-00022,INV-00022,CC-100 Operaciones,Elena Mora 05 00001001
345,2026-04-24,1020,Bancos,0.00,93649.12,Pago factura INV-00269,INV-00269,CC-100 Operaciones,Bruno Garcia 02 00001001
346,2026-02-08,2100,Cuentas por pagar,28023.28,0.00,Pago factura INV-00244,INV-00244,CC-100 Operaciones,Bruno Garcia 02 00001001
347,2026-06-15,1020,Bancos,0.00,23108.36,Pago factura INV-00313,INV-00313,CC-100 Operaciones,Bruno Garcia 02 00001001
348,2026-03-14,5000,Gastos operativos,38396.00,0.00,Registro factura INV-00051,INV-00051,CC-100 Operaciones,Diego Luna 04 00001001
349,2026-04-30,2100,Cuentas por pagar,96235.92,0.00,Pago factura INV-00309,INV-00309,CC-100 Operaciones,Bruno Garcia 02 00001001
350,2026-04-10,1020,Bancos,0.00,75745.68,Pago factura INV-00265,INV-00265,CC-100 Operaciones,Bruno Garcia 02 00001001
351,2026-01-28,2100,Cuentas por pagar,0.00,39723.04,Registro factura INV-00239,INV-00239,CC-100 Operaciones,Elena Mora 05 00001001
352,2026-03-03,2100,Cuentas por pagar,0.00,34448.52,Registro factura INV-00206,INV-00206,CC-100 Operaciones,Elena Mora 05 00001001
353,2026-06-16,1020,Bancos,0.00,86134.64,Pago factura INV-00193,INV-00193,CC-100 Operaciones,Bruno Garcia 02 00001001
354,2026-04-12,1020,Bancos,0.00,30840.92,Pago factura INV-00147,INV-00147,CC-100 Operaciones,Bruno Garcia 02 00001001
355,2026-03-13,2100,Cuentas por pagar,87692.52,0.00,Pago factura INV-00002,INV-00002,CC-100 Operaciones,Bruno Garcia 02 00001001
356,2026-03-06,5000,Gastos operativos,93672.00,0.00,Registro factura INV-00133,INV-00133,CC-100 Operaciones,Diego Luna 04 00001001
357,2026-05-10,1020,Bancos,0.00,81520.16,Pago factura INV-00090,INV-00090,CC-100 Operaciones,Bruno Garcia 02 00001001
358,2026-05-31,5000,Gastos operativos,20318.00,0.00,Registro factura INV-00045,INV-00045,CC-100 Operaciones,Bruno Garcia 08 00001001
359,2026-01-23,2100,Cuentas por pagar,19916.74,0.00,Pago factura INV-00181,INV-00181,CC-100 Operaciones,Bruno Garcia 02 00001001
360,2026-03-25,1020,Bancos,0.00,62529.80,Pago factura INV-00251,INV-00251,CC-100 Operaciones,Bruno Garcia 02 00001001
361,2026-04-04,2100,Cuentas por pagar,98633.64,0.00,Pago factura INV-00022,INV-00022,CC-100 Operaciones,Bruno Garcia 02 00001001
362,2026-05-07,2100,Cuentas por pagar,30315.44,0.00,Pago factura INV-00345,INV-00345,CC-100 Operaciones,Bruno Garcia 02 00001001
363,2026-06-19,1020,Bancos,0.00,77882.40,Pago factura INV-00207,INV-00207,CC-100 Operaciones,Bruno Garcia 02 00001001
364,2026-02-26,2100,Cuentas por pagar,92812.76,0.00,Pago factura INV-00070,INV-00070,CC-100 Operaciones,Bruno Garcia 02 00001001
365,2026-04-15,2100,Cuentas por pagar,49791.84,0.00,Pago factura INV-00152,INV-00152,CC-100 Operaciones,Bruno Garcia 02 00001001
366,2026-05-13,2100,Cuentas por pagar,61309.48,0.00,Pago factura INV-00262,INV-00262,CC-100 Operaciones,Bruno Garcia 02 00001001
367,2026-01-16,1180,IVA acreditable,7818.72,0.00,Registro factura INV-00178,INV-00178,CC-100 Operaciones,Carla Soto 09 00001001
368,2026-03-01,1180,IVA acreditable,11295.84,0.00,Registro factura INV-00084,INV-00084,CC-100 Operaciones,Carla Soto 03 00001001
369,2026-02-04,1180,IVA acreditable,14744.80,0.00,Registro factura INV-00340,INV-00340,CC-100 Operaciones,Bruno Garcia 08 00001001
370,2026-03-25,2100,Cuentas por pagar,62529.80,0.00,Pago factura INV-00251,INV-00251,CC-100 Operaciones,Bruno Garcia 02 00001001
371,2026-04-03,5000,Gastos operativos,73949.00,0.00,Registro factura INV-00191,INV-00191,CC-100 Operaciones,Diego Luna 04 00001001
372,2026-05-25,1180,IVA acreditable,14353.12,0.00,Registro factura INV-00149,INV-00149,CC-100 Operaciones,Bruno Garcia 08 00001001
373,2026-04-15,2100,Cuentas por pagar,0.00,28334.16,Registro factura INV-00321,INV-00321,CC-100 Operaciones,Diego Luna 10 00001001
374,2026-03-24,1180,IVA acreditable,2664.00,0.00,Registro factura INV-00116,INV-00116,CC-100 Operaciones,Bruno Garcia 08 00001001
375,2026-02-07,5000,Gastos operativos,35133.00,0.00,Registro factura INV-00192,INV-00192,CC-100 Operaciones,Ana Ruiz 01 00001001
376,2026-05-29,5000,Gastos operativos,68767.00,0.00,Registro factura INV-00036,INV-00036,CC-100 Operaciones,Diego Luna 04 00001001
377,2026-02-11,5000,Gastos operativos,61454.00,0.00,Registro factura INV-00058,INV-00058,CC-100 Operaciones,Carla Soto 03 00001001
378,2026-02-21,2100,Cuentas por pagar,0.00,32520.60,Registro factura INV-00046,INV-00046,CC-100 Operaciones,Carla Soto 09 00001001
379,2026-05-23,1020,Bancos,0.00,20464.26,Pago factura INV-00266,INV-00266,CC-100 Operaciones,Bruno Garcia 02 00001001
380,2026-04-04,1020,Bancos,0.00,98633.64,Pago factura INV-00022,INV-00022,CC-100 Operaciones,Bruno Garcia 02 00001001
381,2026-06-07,2100,Cuentas por pagar,92252.48,0.00,Pago factura INV-00291,INV-00291,CC-100 Operaciones,Bruno Garcia 02 00001001
382,2026-06-15,5000,Gastos operativos,27375.00,0.00,Registro factura INV-00288,INV-00288,CC-100 Operaciones,Elena Mora 05 00001001
383,2026-06-25,1020,Bancos,0.00,31755.00,Pago factura INV-00288,INV-00288,CC-100 Operaciones,Bruno Garcia 02 00001001
384,2026-06-13,2100,Cuentas por pagar,0.00,46966.08,Registro factura INV-00289,INV-00289,CC-100 Operaciones,Ana Ruiz 01 00001001
385,2026-02-25,2100,Cuentas por pagar,60032.32,0.00,Pago factura INV-00050,INV-00050,CC-100 Operaciones,Bruno Garcia 02 00001001
386,2026-06-20,5000,Gastos operativos,38622.00,0.00,Registro factura INV-00061,INV-00061,CC-100 Operaciones,Bruno Garcia 08 00001001
387,2026-06-30,1020,Bancos,0.00,20187.48,Pago factura INV-00004,INV-00004,CC-100 Operaciones,Bruno Garcia 02 00001001
388,2026-06-19,2100,Cuentas por pagar,0.00,69601.16,Registro factura INV-00341,INV-00341,CC-100 Operaciones,Ana Ruiz 01 00001001
389,2026-04-17,2100,Cuentas por pagar,96382.08,0.00,Pago factura INV-00131,INV-00131,CC-100 Operaciones,Bruno Garcia 02 00001001
390,2026-06-22,1020,Bancos,0.00,14256.40,Pago factura INV-00182,INV-00182,CC-100 Operaciones,Bruno Garcia 02 00001001
391,2026-05-31,5000,Gastos operativos,38063.00,0.00,Registro factura INV-00346,INV-00346,CC-100 Operaciones,Diego Luna 10 00001001
392,2026-02-05,5000,Gastos operativos,44104.00,0.00,Registro factura INV-00064,INV-00064,CC-100 Operaciones,Carla Soto 03 00001001
393,2026-04-14,2100,Cuentas por pagar,0.00,74851.32,Registro factura INV-00079,INV-00079,CC-100 Operaciones,Ana Ruiz 07 00001001
394,2026-04-15,1180,IVA acreditable,11724.48,0.00,Registro factura INV-00256,INV-00256,CC-100 Operaciones,Bruno Garcia 02 00001001
395,2026-06-19,5000,Gastos operativos,60001.00,0.00,Registro factura INV-00341,INV-00341,CC-100 Operaciones,Ana Ruiz 01 00001001
396,2026-02-01,2100,Cuentas por pagar,0.00,95826.44,Registro factura INV-00118,INV-00118,CC-100 Operaciones,Carla Soto 09 00001001
397,2026-04-04,2100,Cuentas por pagar,28148.56,0.00,Pago factura INV-00093,INV-00093,CC-100 Operaciones,Bruno Garcia 02 00001001
398,2026-06-22,1020,Bancos,0.00,88893.12,Pago factura INV-00330,INV-00330,CC-100 Operaciones,Bruno Garcia 02 00001001
399,2026-03-30,1020,Bancos,0.00,29274.92,Pago factura INV-00224,INV-00224,CC-100 Operaciones,Bruno Garcia 02 00001001
400,2026-02-19,1020,Bancos,0.00,48008.92,Pago factura INV-00017,INV-00017,CC-100 Operaciones,Bruno Garcia 02 00001001
401,2026-04-26,1020,Bancos,0.00,66722.04,Pago factura INV-00328,INV-00328,CC-100 Operaciones,Bruno Garcia 02 00001001
402,2026-04-04,5000,Gastos operativos,31541.00,0.00,Registro factura INV-00208,INV-00208,CC-100 Operaciones,Carla Soto 09 00001001
403,2026-02-15,2100,Cuentas por pagar,51160.64,0.00,Pago factura INV-00064,INV-00064,CC-100 Operaciones,Bruno Garcia 02 00001001
404,2026-06-01,5000,Gastos operativos,16015.00,0.00,Registro factura INV-00352,INV-00352,CC-100 Operaciones,Carla Soto 03 00001001
405,2026-03-14,2100,Cuentas por pagar,108266.28,0.00,Pago factura INV-00214,INV-00214,CC-100 Operaciones,Bruno Garcia 02 00001001
406,2026-02-21,1020,Bancos,0.00,85198.52,Pago factura INV-00247,INV-00247,CC-100 Operaciones,Bruno Garcia 02 00001001
407,2026-06-30,2100,Cuentas por pagar,31934.80,0.00,Pago factura INV-00068,INV-00068,CC-100 Operaciones,Bruno Garcia 02 00001001
408,2026-06-07,1180,IVA acreditable,6136.16,0.00,Registro factura INV-00052,INV-00052,CC-100 Operaciones,Carla Soto 03 00001001
409,2026-01-26,5000,Gastos operativos,89934.00,0.00,Registro factura INV-00238,INV-00238,CC-100 Operaciones,Carla Soto 03 00001001
410,2026-01-14,5000,Gastos operativos,73719.00,0.00,Registro factura INV-00267,INV-00267,CC-100 Operaciones,Elena Mora 05 00001001
411,2026-04-05,5000,Gastos operativos,44104.00,0.00,Registro factura INV-00319,INV-00319,CC-100 Operaciones,Elena Mora 05 00001001
412,2026-02-24,1180,IVA acreditable,9983.84,0.00,Registro factura INV-00013,INV-00013,CC-100 Operaciones,Diego Luna 10 00001001
413,2026-03-18,1180,IVA acreditable,10113.60,0.00,Registro factura INV-00294,INV-00294,CC-100 Operaciones,Diego Luna 10 00001001
414,2026-05-27,2100,Cuentas por pagar,0.00,101887.44,Registro factura INV-00329,INV-00329,CC-100 Operaciones,Diego Luna 04 00001001
415,2026-01-23,2100,Cuentas por pagar,107170.08,0.00,Pago factura INV-00194,INV-00194,CC-100 Operaciones,Bruno Garcia 02 00001001
416,2026-04-15,2100,Cuentas por pagar,0.00,85002.48,Registro factura INV-00256,INV-00256,CC-100 Operaciones,Bruno Garcia 02 00001001
417,2026-02-03,1020,Bancos,0.00,90242.20,Pago factura INV-00171,INV-00171,CC-100 Operaciones,Bruno Garcia 02 00001001
418,2026-02-21,5000,Gastos operativos,76249.00,0.00,Registro factura INV-00158,INV-00158,CC-100 Operaciones,Ana Ruiz 01 00001001
419,2026-01-12,2100,Cuentas por pagar,0.00,30098.52,Registro factura INV-00335,INV-00335,CC-100 Operaciones,Carla Soto 03 00001001
420,2026-04-03,1180,IVA acreditable,3980.96,0.00,Registro factura INV-00114,INV-00114,CC-100 Operaciones,Fabian Rios 06 00001001
421,2026-02-02,1020,Bancos,0.00,99388.80,Pago factura INV-00310,INV-00310,CC-100 Operaciones,Bruno Garcia 02 00001001
422,2026-01-25,2100,Cuentas por pagar,0.00,28125.36,Registro factura INV-00205,INV-00205,CC-100 Operaciones,Fabian Rios 06 00001001
423,2026-06-21,1180,IVA acreditable,12025.92,0.00,Registro factura INV-00113,INV-00113,CC-100 Operaciones,Elena Mora 05 00001001
424,2026-05-01,1020,Bancos,0.00,73686.68,Pago factura INV-00196,INV-00196,CC-100 Operaciones,Bruno Garcia 02 00001001
425,2026-01-25,2100,Cuentas por pagar,41903.84,0.00,Pago factura INV-00231,INV-00231,CC-100 Operaciones,Bruno Garcia 02 00001001
426,2026-03-25,5000,Gastos operativos,24266.00,0.00,Registro factura INV-00093,INV-00093,CC-100 Operaciones,Ana Ruiz 07 00001001
427,2026-05-23,1020,Bancos,0.00,19916.74,Pago factura INV-00273,INV-00273,CC-100 Operaciones,Bruno Garcia 02 00001001
428,2026-03-19,1020,Bancos,0.00,52377.48,Pago factura INV-00252,INV-00252,CC-100 Operaciones,Bruno Garcia 02 00001001
429,2026-06-04,5000,Gastos operativos,75440.00,0.00,Registro factura INV-00332,INV-00332,CC-100 Operaciones,Diego Luna 04 00001001
430,2026-06-06,1020,Bancos,0.00,23694.16,Pago factura INV-00298,INV-00298,CC-100 Operaciones,Bruno Garcia 02 00001001
431,2026-04-25,2100,Cuentas por pagar,28334.16,0.00,Pago factura INV-00321,INV-00321,CC-100 Operaciones,Bruno Garcia 02 00001001
432,2026-03-29,2100,Cuentas por pagar,0.00,59806.12,Registro factura INV-00019,INV-00019,CC-100 Operaciones,Ana Ruiz 01 00001001
433,2026-01-24,5000,Gastos operativos,83347.00,0.00,Registro factura INV-00242,INV-00242,CC-100 Operaciones,Carla Soto 09 00001001
434,2026-02-11,1020,Bancos,0.00,68558.32,Pago factura INV-00132,INV-00132,CC-100 Operaciones,Bruno Garcia 02 00001001
435,2026-01-23,2100,Cuentas por pagar,42433.96,0.00,Pago factura INV-00349,INV-00349,CC-100 Operaciones,Bruno Garcia 02 00001001
436,2026-05-25,1020,Bancos,0.00,36328.88,Pago factura INV-00043,INV-00043,CC-100 Operaciones,Bruno Garcia 02 00001001
437,2026-04-01,2100,Cuentas por pagar,23455.20,0.00,Pago factura INV-00164,INV-00164,CC-100 Operaciones,Bruno Garcia 02 00001001
438,2026-02-02,2100,Cuentas por pagar,0.00,99623.12,Registro factura INV-00222,INV-00222,CC-100 Operaciones,Bruno Garcia 08 00001001
439,2026-01-22,1180,IVA acreditable,8039.52,0.00,Registro factura INV-00144,INV-00144,CC-100 Operaciones,Ana Ruiz 07 00001001
440,2026-06-03,2100,Cuentas por pagar,25459.68,0.00,Pago factura INV-00336,INV-00336,CC-100 Operaciones,Bruno Garcia 02 00001001
441,2026-06-15,1020,Bancos,0.00,51160.64,Pago factura INV-00189,INV-00189,CC-100 Operaciones,Bruno Garcia 02 00001001
442,2026-06-30,1020,Bancos,0.00,84917.80,Pago factura INV-00338,INV-00338,CC-100 Operaciones,Bruno Garcia 02 00001001
443,2026-04-25,5000,Gastos operativos,47227.00,0.00,Registro factura INV-00120,INV-00120,CC-100 Operaciones,Fabian Rios 06 00001001
444,2026-04-28,1020,Bancos,0.00,36929.76,Pago factura INV-00154,INV-00154,CC-100 Operaciones,Bruno Garcia 02 00001001
445,2026-02-08,1050,Cuentas por cobrar,0.00,44080.00,Cobro factura INV-00101,INV-00101,CC-100 Operaciones,Bruno Garcia 02 00001001
446,2026-06-30,1020,Bancos,0.00,53234.72,Pago factura INV-00308,INV-00308,CC-100 Operaciones,Bruno Garcia 02 00001001
447,2026-06-30,2100,Cuentas por pagar,57558.04,0.00,Pago factura INV-00083,INV-00083,CC-100 Operaciones,Bruno Garcia 02 00001001
448,2026-03-24,2100,Cuentas por pagar,44539.36,0.00,Pago factura INV-00051,INV-00051,CC-100 Operaciones,Bruno Garcia 02 00001001
449,2026-02-03,1180,IVA acreditable,7768.48,0.00,Registro factura INV-00312,INV-00312,CC-100 Operaciones,Elena Mora 05 00001001
450,2026-05-27,5000,Gastos operativos,20426.00,0.00,Registro factura INV-00298,INV-00298,CC-100 Operaciones,Bruno Garcia 02 00001001
451,2026-03-12,5000,Gastos operativos,82648.00,0.00,Registro factura INV-00086,INV-00086,CC-100 Operaciones,Diego Luna 04 00001001
452,2026-03-24,2100,Cuentas por pagar,41580.20,0.00,Pago factura INV-00099,INV-00099,CC-100 Operaciones,Bruno Garcia 02 00001001
453,2026-05-28,2100,Cuentas por pagar,0.00,92252.48,Registro factura INV-00291,INV-00291,CC-100 Operaciones,Carla Soto 09 00001001
454,2026-04-27,1180,IVA acreditable,4181.44,0.00,Registro factura INV-00345,INV-00345,CC-100 Operaciones,Bruno Garcia 08 00001001
455,2026-06-11,5000,Gastos operativos,71317.00,0.00,Registro factura INV-00270,INV-00270,CC-100 Operaciones,Carla Soto 09 00001001
456,2026-03-20,5000,Gastos operativos,25237.00,0.00,Registro factura INV-00224,INV-00224,CC-100 Operaciones,Bruno Garcia 02 00001001
457,2026-05-09,1020,Bancos,0.00,56436.32,Pago factura INV-00135,INV-00135,CC-100 Operaciones,Bruno Garcia 02 00001001
458,2026-05-31,1020,Bancos,0.00,54163.88,Pago factura INV-00258,INV-00258,CC-100 Operaciones,Bruno Garcia 02 00001001
459,2026-06-30,2100,Cuentas por pagar,52996.92,0.00,Pago factura INV-00199,INV-00199,CC-100 Operaciones,Bruno Garcia 02 00001001
460,2026-05-10,1180,IVA acreditable,14666.24,0.00,Registro factura INV-00121,INV-00121,CC-100 Operaciones,Ana Ruiz 01 00001001
461,2026-06-15,2100,Cuentas por pagar,25365.72,0.00,Pago factura INV-00311,INV-00311,CC-100 Operaciones,Bruno Garcia 02 00001001
462,2026-02-13,1180,IVA acreditable,7204.16,0.00,Registro factura INV-00053,INV-00053,CC-100 Operaciones,Ana Ruiz 07 00001001
463,2026-05-06,2100,Cuentas por pagar,0.00,46347.80,Registro factura INV-00307,INV-00307,CC-100 Operaciones,Ana Ruiz 07 00001001
464,2026-06-26,1020,Bancos,0.00,74628.60,Pago factura INV-00186,INV-00186,CC-100 Operaciones,Bruno Garcia 02 00001001
465,2026-04-05,2100,Cuentas por pagar,0.00,49791.84,Registro factura INV-00152,INV-00152,CC-100 Operaciones,Ana Ruiz 07 00001001
466,2026-03-31,1020,Bancos,0.00,85292.48,Pago factura INV-00327,INV-00327,CC-100 Operaciones,Bruno Garcia 02 00001001
467,2026-02-11,2100,Cuentas por pagar,0.00,71286.64,Registro factura INV-00058,INV-00058,CC-100 Operaciones,Carla Soto 03 00001001
468,2026-03-23,1020,Bancos,0.00,74701.68,Pago factura INV-00277,INV-00277,CC-100 Operaciones,Bruno Garcia 02 00001001
469,2026-03-01,2100,Cuentas por pagar,16623.96,0.00,Pago factura INV-00097,INV-00097,CC-100 Operaciones,Bruno Garcia 02 00001001
470,2026-02-24,5000,Gastos operativos,62399.00,0.00,Registro factura INV-00013,INV-00013,CC-100 Operaciones,Diego Luna 10 00001001
471,2026-05-30,2100,Cuentas por pagar,43569.60,0.00,Pago factura INV-00089,INV-00089,CC-100 Operaciones,Bruno Garcia 02 00001001
472,2026-05-09,2100,Cuentas por pagar,0.00,19274.56,Registro factura INV-00054,INV-00054,CC-100 Operaciones,Fabian Rios 06 00001001
473,2026-04-29,2100,Cuentas por pagar,79878.76,0.00,Pago factura INV-00271,INV-00271,CC-100 Operaciones,Bruno Garcia 02 00001001
474,2026-04-10,2100,Cuentas por pagar,0.00,107700.20,Registro factura INV-00236,INV-00236,CC-100 Operaciones,Carla Soto 09 00001001
475,2026-01-20,2100,Cuentas por pagar,0.00,93984.36,Registro factura INV-00140,INV-00140,CC-100 Operaciones,Carla Soto 03 00001001
476,2026-06-11,2100,Cuentas por pagar,18577.40,0.00,Pago factura INV-00352,INV-00352,CC-100 Operaciones,Bruno Garcia 02 00001001
477,2026-03-07,1020,Bancos,0.00,104596.04,Pago factura INV-00094,INV-00094,CC-100 Operaciones,Bruno Garcia 02 00001001
478,2026-02-09,1020,Bancos,0.00,94412.40,Pago factura INV-00039,INV-00039,CC-100 Operaciones,Bruno Garcia 02 00001001
479,2026-01-19,2100,Cuentas por pagar,0.00,103148.36,Registro factura INV-00145,INV-00145,CC-100 Operaciones,Bruno Garcia 08 00001001
480,2026-06-02,1180,IVA acreditable,11311.68,0.00,Registro factura INV-00187,INV-00187,CC-100 Operaciones,Bruno Garcia 02 00001001
481,2026-05-11,2100,Cuentas por pagar,0.00,31418.60,Registro factura INV-00161,INV-00161,CC-100 Operaciones,Bruno Garcia 08 00001001
482,2026-04-04,1180,IVA acreditable,5046.56,0.00,Registro factura INV-00208,INV-00208,CC-100 Operaciones,Carla Soto 09 00001001
483,2026-03-05,5000,Gastos operativos,44104.00,0.00,Registro factura INV-00087,INV-00087,CC-100 Operaciones,Diego Luna 04 00001001
484,2026-02-08,1180,IVA acreditable,8350.08,0.00,Registro factura INV-00072,INV-00072,CC-100 Operaciones,Diego Luna 04 00001001
485,2026-04-25,2100,Cuentas por pagar,85002.48,0.00,Pago factura INV-00256,INV-00256,CC-100 Operaciones,Bruno Garcia 02 00001001
486,2026-06-24,5000,Gastos operativos,25327.00,0.00,Registro factura INV-00105,INV-00105,CC-100 Operaciones,Diego Luna 04 00001001
487,2026-06-02,1180,IVA acreditable,12990.24,0.00,Registro factura INV-00023,INV-00023,CC-100 Operaciones,Diego Luna 10 00001001
488,2026-06-05,1180,IVA acreditable,7056.64,0.00,Registro factura INV-00189,INV-00189,CC-100 Operaciones,Ana Ruiz 07 00001001
489,2026-06-30,1020,Bancos,0.00,98529.24,Pago factura INV-00003,INV-00003,CC-100 Operaciones,Bruno Garcia 02 00001001
490,2026-01-22,2100,Cuentas por pagar,0.00,18207.36,Registro factura INV-00195,INV-00195,CC-100 Operaciones,Elena Mora 05 00001001
491,2026-01-26,1180,IVA acreditable,14389.44,0.00,Registro factura INV-00238,INV-00238,CC-100 Operaciones,Carla Soto 03 00001001
492,2026-04-19,5000,Gastos operativos,68861.00,0.00,Registro factura INV-00271,INV-00271,CC-100 Operaciones,Fabian Rios 06 00001001
493,2026-06-01,1180,IVA acreditable,2562.40,0.00,Registro factura INV-00352,INV-00352,CC-100 Operaciones,Carla Soto 03 00001001
494,2026-01-12,5000,Gastos operativos,38585.00,0.00,Registro factura INV-00275,INV-00275,CC-100 Operaciones,Ana Ruiz 01 00001001
495,2026-03-09,5000,Gastos operativos,45153.00,0.00,Registro factura INV-00252,INV-00252,CC-100 Operaciones,Carla Soto 03 00001001
496,2026-06-30,1020,Bancos,0.00,107095.84,Pago factura INV-00142,INV-00142,CC-100 Operaciones,Bruno Garcia 02 00001001
497,2026-03-11,1180,IVA acreditable,8303.84,0.00,Registro factura INV-00318,INV-00318,CC-100 Operaciones,Elena Mora 05 00001001
498,2026-06-23,2100,Cuentas por pagar,46966.08,0.00,Pago factura INV-00289,INV-00289,CC-100 Operaciones,Bruno Garcia 02 00001001
499,2026-03-31,5000,Gastos operativos,22534.00,0.00,Registro factura INV-00168,INV-00168,CC-100 Operaciones,Elena Mora 05 00001001
500,2026-05-14,2100,Cuentas por pagar,0.00,90606.44,Registro factura INV-00100,INV-00100,CC-100 Operaciones,Carla Soto 09 00001001
501,2026-03-02,2100,Cuentas por pagar,0.00,39180.16,Registro factura INV-00185,INV-00185,CC-100 Operaciones,Fabian Rios 06 00001001
502,2026-02-19,2100,Cuentas por pagar,0.00,66919.24,Registro factura INV-00188,INV-00188,CC-100 Operaciones,Elena Mora 05 00001001
503,2026-02-07,2100,Cuentas por pagar,0.00,40754.28,Registro factura INV-00192,INV-00192,CC-100 Operaciones,Ana Ruiz 01 00001001
504,2026-01-21,2100,Cuentas por pagar,94564.36,0.00,Pago factura INV-00260,INV-00260,CC-100 Operaciones,Bruno Garcia 02 00001001
505,2026-01-29,1180,IVA acreditable,2545.28,0.00,Registro factura INV-00027,INV-00027,CC-100 Operaciones,Diego Luna 10 00001001
506,2026-01-10,5000,Gastos operativos,67386.00,0.00,Registro factura INV-00075,INV-00075,CC-100 Operaciones,Carla Soto 09 00001001
507,2026-03-12,1020,Bancos,0.00,39180.16,Pago factura INV-00185,INV-00185,CC-100 Operaciones,Bruno Garcia 02 00001001
508,2026-06-23,1180,IVA acreditable,14771.84,0.00,Registro factura INV-00142,INV-00142,CC-100 Operaciones,Elena Mora 05 00001001
509,2026-05-07,2100,Cuentas por pagar,0.00,108349.80,Registro factura INV-00125,INV-00125,CC-100 Operaciones,Diego Luna 04 00001001
510,2026-03-12,2100,Cuentas por pagar,0.00,80269.68,Registro factura INV-00041,INV-00041,CC-100 Operaciones,Bruno Garcia 02 00001001
511,2026-04-13,2100,Cuentas por pagar,0.00,25371.52,Registro factura INV-00325,INV-00325,CC-100 Operaciones,Diego Luna 10 00001001
512,2026-03-30,2100,Cuentas por pagar,70371.40,0.00,Pago factura INV-00334,INV-00334,CC-100 Operaciones,Bruno Garcia 02 00001001
513,2026-02-26,5000,Gastos operativos,90931.00,0.00,Registro factura INV-00350,INV-00350,CC-100 Operaciones,Bruno Garcia 02 00001001
514,2026-04-02,2100,Cuentas por pagar,0.00,30840.92,Registro factura INV-00147,INV-00147,CC-100 Operaciones,Ana Ruiz 07 00001001
515,2026-01-09,1180,IVA acreditable,13438.72,0.00,Registro factura INV-00015,INV-00015,CC-100 Operaciones,Bruno Garcia 02 00001001
516,2026-01-30,1050,Cuentas por cobrar,44080.00,0.00,Registro venta INV-00101,INV-00101,CC-100 Operaciones,Bruno Garcia 02 00001001
517,2026-04-21,5000,Gastos operativos,51363.00,0.00,Registro factura INV-00360,INV-00360,CC-100 Operaciones,Diego Luna 10 00001001
518,2026-04-16,1180,IVA acreditable,9203.04,0.00,Registro factura INV-00328,INV-00328,CC-100 Operaciones,Carla Soto 09 00001001
519,2026-06-30,2100,Cuentas por pagar,44801.52,0.00,Pago factura INV-00061,INV-00061,CC-100 Operaciones,Bruno Garcia 02 00001001
520,2026-03-04,1020,Bancos,0.00,39334.44,Pago factura INV-00281,INV-00281,CC-100 Operaciones,Bruno Garcia 02 00001001
521,2026-05-17,5000,Gastos operativos,24771.00,0.00,Registro factura INV-00172,INV-00172,CC-100 Operaciones,Bruno Garcia 08 00001001
522,2026-02-19,1180,IVA acreditable,9230.24,0.00,Registro factura INV-00188,INV-00188,CC-100 Operaciones,Elena Mora 05 00001001
523,2026-05-29,5000,Gastos operativos,93353.00,0.00,Registro factura INV-00166,INV-00166,CC-100 Operaciones,Fabian Rios 06 00001001
524,2026-05-29,1020,Bancos,0.00,59047.48,Pago factura INV-00073,INV-00073,CC-100 Operaciones,Bruno Garcia 02 00001001
525,2026-06-13,5000,Gastos operativos,40488.00,0.00,Registro factura INV-00289,INV-00289,CC-100 Operaciones,Ana Ruiz 01 00001001
526,2026-05-18,2100,Cuentas por pagar,63702.56,0.00,Pago factura INV-00163,INV-00163,CC-100 Operaciones,Bruno Garcia 02 00001001
527,2026-06-13,1180,IVA acreditable,15054.40,0.00,Registro factura INV-00221,INV-00221,CC-100 Operaciones,Carla Soto 03 00001001
528,2026-04-24,2100,Cuentas por pagar,0.00,28421.16,Registro factura INV-00276,INV-00276,CC-100 Operaciones,Carla Soto 09 00001001
529,2026-03-16,2100,Cuentas por pagar,0.00,70855.12,Registro factura INV-00170,INV-00170,CC-100 Operaciones,Fabian Rios 06 00001001
530,2026-03-09,2100,Cuentas por pagar,0.00,52377.48,Registro factura INV-00252,INV-00252,CC-100 Operaciones,Carla Soto 03 00001001
531,2026-01-26,2100,Cuentas por pagar,0.00,104323.44,Registro factura INV-00238,INV-00238,CC-100 Operaciones,Carla Soto 03 00001001
532,2026-04-07,1180,IVA acreditable,13294.08,0.00,Registro factura INV-00131,INV-00131,CC-100 Operaciones,Diego Luna 10 00001001
533,2026-06-25,2100,Cuentas por pagar,0.00,90446.36,Registro factura INV-00034,INV-00034,CC-100 Operaciones,Carla Soto 09 00001001
534,2026-03-22,2100,Cuentas por pagar,0.00,25573.36,Registro factura INV-00197,INV-00197,CC-100 Operaciones,Bruno Garcia 08 00001001
535,2026-05-09,5000,Gastos operativos,77820.00,0.00,Registro factura INV-00159,INV-00159,CC-100 Operaciones,Bruno Garcia 08 00001001
536,2026-05-24,1180,IVA acreditable,3511.68,0.00,Registro factura INV-00336,INV-00336,CC-100 Operaciones,Carla Soto 03 00001001
537,2026-04-07,2100,Cuentas por pagar,75371.00,0.00,Pago factura INV-00008,INV-00008,CC-100 Operaciones,Bruno Garcia 02 00001001
538,2026-04-19,2100,Cuentas por pagar,0.00,101983.72,Registro factura INV-00342,INV-00342,CC-100 Operaciones,Bruno Garcia 08 00001001
539,2026-03-20,1020,Bancos,0.00,68560.64,Pago factura INV-00029,INV-00029,CC-100 Operaciones,Bruno Garcia 02 00001001
540,2026-01-17,5000,Gastos operativos,89896.00,0.00,Registro factura INV-00088,INV-00088,CC-100 Operaciones,Diego Luna 04 00001001
541,2026-01-28,1180,IVA acreditable,3792.00,0.00,Registro factura INV-00157,INV-00157,CC-100 Operaciones,Carla Soto 03 00001001
542,2026-02-27,5000,Gastos operativos,18073.00,0.00,Registro factura INV-00245,INV-00245,CC-100 Operaciones,Carla Soto 09 00001001
543,2026-01-18,1180,IVA acreditable,14352.48,0.00,Registro factura INV-00233,INV-00233,CC-100 Operaciones,Ana Ruiz 01 00001001
544,2026-06-12,2100,Cuentas por pagar,0.00,88893.12,Registro factura INV-00330,INV-00330,CC-100 Operaciones,Diego Luna 04 00001001
545,2026-04-02,5000,Gastos operativos,85261.00,0.00,Registro factura INV-00283,INV-00283,CC-100 Operaciones,Carla Soto 09 00001001
546,2026-04-07,2100,Cuentas por pagar,0.00,74876.84,Registro factura INV-00320,INV-00320,CC-100 Operaciones,Bruno Garcia 08 00001001
547,2026-06-03,5000,Gastos operativos,27610.00,0.00,Registro factura INV-00201,INV-00201,CC-100 Operaciones,Carla Soto 09 00001001
548,2026-02-08,2100,Cuentas por pagar,0.00,47249.12,Registro factura INV-00180,INV-00180,CC-100 Operaciones,Fabian Rios 06 00001001
549,2026-03-23,2100,Cuentas por pagar,19916.74,0.00,Pago factura INV-00167,INV-00167,CC-100 Operaciones,Bruno Garcia 02 00001001
550,2026-06-11,2100,Cuentas por pagar,0.00,101437.36,Registro factura INV-00300,INV-00300,CC-100 Operaciones,Ana Ruiz 01 00001001
551,2026-05-16,5000,Gastos operativos,38913.00,0.00,Registro factura INV-00290,INV-00290,CC-100 Operaciones,Carla Soto 03 00001001
552,2026-05-27,1180,IVA acreditable,3268.16,0.00,Registro factura INV-00298,INV-00298,CC-100 Operaciones,Bruno Garcia 02 00001001
553,2026-04-25,1180,IVA acreditable,7556.32,0.00,Registro factura INV-00120,INV-00120,CC-100 Operaciones,Fabian Rios 06 00001001
554,2026-06-05,5000,Gastos operativos,21867.00,0.00,Registro factura INV-00311,INV-00311,CC-100 Operaciones,Carla Soto 09 00001001
555,2026-05-10,2100,Cuentas por pagar,0.00,16448.80,Registro factura INV-00106,INV-00106,CC-100 Operaciones,Carla Soto 03 00001001
556,2026-04-28,2100,Cuentas por pagar,36929.76,0.00,Pago factura INV-00154,INV-00154,CC-100 Operaciones,Bruno Garcia 02 00001001
557,2026-02-22,5000,Gastos operativos,33000.00,0.00,Registro factura INV-00177,INV-00177,CC-100 Operaciones,Diego Luna 04 00001001
558,2026-05-18,2100,Cuentas por pagar,24269.52,0.00,Pago factura INV-00010,INV-00010,CC-100 Operaciones,Bruno Garcia 02 00001001
559,2026-01-12,1180,IVA acreditable,4151.52,0.00,Registro factura INV-00335,INV-00335,CC-100 Operaciones,Carla Soto 03 00001001
560,2026-05-23,5000,Gastos operativos,77827.00,0.00,Registro factura INV-00030,INV-00030,CC-100 Operaciones,Bruno Garcia 08 00001001
561,2026-01-27,2100,Cuentas por pagar,0.00,21507.56,Registro factura INV-00138,INV-00138,CC-100 Operaciones,Diego Luna 10 00001001
562,2026-02-17,2100,Cuentas por pagar,0.00,52470.28,Registro factura INV-00031,INV-00031,CC-100 Operaciones,Carla Soto 03 00001001
563,2026-03-02,1180,IVA acreditable,5404.16,0.00,Registro factura INV-00185,INV-00185,CC-100 Operaciones,Fabian Rios 06 00001001
564,2026-02-15,1180,IVA acreditable,8280.32,0.00,Registro factura INV-00050,INV-00050,CC-100 Operaciones,Ana Ruiz 01 00001001
565,2026-02-15,1180,IVA acreditable,5037.28,0.00,Registro factura INV-00234,INV-00234,CC-100 Operaciones,Carla Soto 09 00001001
566,2026-05-11,1180,IVA acreditable,3241.60,0.00,Registro factura INV-00253,INV-00253,CC-100 Operaciones,Diego Luna 10 00001001
567,2026-04-30,5000,Gastos operativos,70276.00,0.00,Registro factura INV-00090,INV-00090,CC-100 Operaciones,Carla Soto 09 00001001
568,2026-03-19,1020,Bancos,0.00,99650.96,Pago factura INV-00337,INV-00337,CC-100 Operaciones,Bruno Garcia 02 00001001
569,2026-03-05,2100,Cuentas por pagar,47069.32,0.00,Pago factura INV-00110,INV-00110,CC-100 Operaciones,Bruno Garcia 02 00001001
570,2026-04-17,5000,Gastos operativos,40297.00,0.00,Registro factura INV-00108,INV-00108,CC-100 Operaciones,Fabian Rios 06 00001001
571,2026-04-14,1020,Bancos,0.00,67558.40,Pago factura INV-00292,INV-00292,CC-100 Operaciones,Bruno Garcia 02 00001001
572,2026-02-18,1020,Bancos,0.00,47249.12,Pago factura INV-00180,INV-00180,CC-100 Operaciones,Bruno Garcia 02 00001001
573,2026-06-23,2100,Cuentas por pagar,109144.40,0.00,Pago factura INV-00221,INV-00221,CC-100 Operaciones,Bruno Garcia 02 00001001
574,2026-05-17,2100,Cuentas por pagar,0.00,28734.36,Registro factura INV-00172,INV-00172,CC-100 Operaciones,Bruno Garcia 08 00001001
575,2026-02-13,1180,IVA acreditable,10373.92,0.00,Registro factura INV-00226,INV-00226,CC-100 Operaciones,Carla Soto 09 00001001
576,2026-01-13,5000,Gastos operativos,92388.00,0.00,Registro factura INV-00194,INV-00194,CC-100 Operaciones,Bruno Garcia 08 00001001
577,2026-05-14,5000,Gastos operativos,68958.00,0.00,Registro factura INV-00173,INV-00173,CC-100 Operaciones,Ana Ruiz 07 00001001
578,2026-02-20,5000,Gastos operativos,94665.00,0.00,Registro factura INV-00344,INV-00344,CC-100 Operaciones,Diego Luna 04 00001001
579,2026-06-14,1020,Bancos,0.00,34384.72,Pago factura INV-00124,INV-00124,CC-100 Operaciones,Bruno Garcia 02 00001001
580,2026-02-25,2100,Cuentas por pagar,36520.28,0.00,Pago factura INV-00234,INV-00234,CC-100 Operaciones,Bruno Garcia 02 00001001
581,2026-06-30,1020,Bancos,0.00,61641.24,Pago factura INV-00235,INV-00235,CC-100 Operaciones,Bruno Garcia 02 00001001
582,2026-03-22,2100,Cuentas por pagar,80269.68,0.00,Pago factura INV-00041,INV-00041,CC-100 Operaciones,Bruno Garcia 02 00001001
583,2026-06-03,1180,IVA acreditable,8395.84,0.00,Registro factura INV-00009,INV-00009,CC-100 Operaciones,Ana Ruiz 07 00001001
584,2026-06-14,2100,Cuentas por pagar,0.00,33105.24,Registro factura INV-00220,INV-00220,CC-100 Operaciones,Bruno Garcia 08 00001001
585,2026-02-19,2100,Cuentas por pagar,18963.68,0.00,Pago factura INV-00032,INV-00032,CC-100 Operaciones,Bruno Garcia 02 00001001
586,2026-06-13,1180,IVA acreditable,6478.08,0.00,Registro factura INV-00289,INV-00289,CC-100 Operaciones,Ana Ruiz 01 00001001
587,2026-06-05,2100,Cuentas por pagar,0.00,41804.08,Registro factura INV-00136,INV-00136,CC-100 Operaciones,Ana Ruiz 01 00001001
588,2026-06-10,1180,IVA acreditable,4181.60,0.00,Registro factura INV-00151,INV-00151,CC-100 Operaciones,Diego Luna 04 00001001
589,2026-05-05,5000,Gastos operativos,23136.00,0.00,Registro factura INV-00254,INV-00254,CC-100 Operaciones,Bruno Garcia 02 00001001
590,2026-03-17,2100,Cuentas por pagar,54159.24,0.00,Pago factura INV-00044,INV-00044,CC-100 Operaciones,Bruno Garcia 02 00001001
591,2026-02-13,5000,Gastos operativos,45026.00,0.00,Registro factura INV-00053,INV-00053,CC-100 Operaciones,Ana Ruiz 07 00001001
592,2026-05-05,5000,Gastos operativos,19921.00,0.00,Registro factura INV-00169,INV-00169,CC-100 Operaciones,Bruno Garcia 02 00001001
593,2026-05-09,5000,Gastos operativos,16616.00,0.00,Registro factura INV-00054,INV-00054,CC-100 Operaciones,Fabian Rios 06 00001001
594,2026-02-26,2100,Cuentas por pagar,0.00,16807.24,Registro factura INV-00280,INV-00280,CC-100 Operaciones,Diego Luna 10 00001001
595,2026-04-11,2100,Cuentas por pagar,0.00,99280.92,Registro factura INV-00250,INV-00250,CC-100 Operaciones,Fabian Rios 06 00001001
596,2026-05-22,1020,Bancos,0.00,34483.32,Pago factura INV-00228,INV-00228,CC-100 Operaciones,Bruno Garcia 02 00001001
597,2026-06-27,1180,IVA acreditable,7939.04,0.00,Registro factura INV-00083,INV-00083,CC-100 Operaciones,Carla Soto 03 00001001
598,2026-01-24,1020,Bancos,0.00,85514.04,Pago factura INV-00267,INV-00267,CC-100 Operaciones,Bruno Garcia 02 00001001
599,2026-03-26,1020,Bancos,0.00,70855.12,Pago factura INV-00170,INV-00170,CC-100 Operaciones,Bruno Garcia 02 00001001
600,2026-06-16,2100,Cuentas por pagar,0.00,74628.60,Registro factura INV-00186,INV-00186,CC-100 Operaciones,Bruno Garcia 02 00001001
601,2026-01-12,5000,Gastos operativos,25947.00,0.00,Registro factura INV-00335,INV-00335,CC-100 Operaciones,Carla Soto 03 00001001
602,2026-01-31,1020,Bancos,0.00,45201.72,Pago factura INV-00021,INV-00021,CC-100 Operaciones,Bruno Garcia 02 00001001
603,2026-05-01,2100,Cuentas por pagar,59581.08,0.00,Pago factura INV-00360,INV-00360,CC-100 Operaciones,Bruno Garcia 02 00001001
604,2026-06-26,2100,Cuentas por pagar,0.00,52996.92,Registro factura INV-00199,INV-00199,CC-100 Operaciones,Fabian Rios 06 00001001
605,2026-04-30,1180,IVA acreditable,5741.44,0.00,Registro factura INV-00040,INV-00040,CC-100 Operaciones,Ana Ruiz 07 00001001
606,2026-06-03,1180,IVA acreditable,4417.60,0.00,Registro factura INV-00201,INV-00201,CC-100 Operaciones,Carla Soto 09 00001001
607,2026-01-20,2100,Cuentas por pagar,78167.76,0.00,Pago factura INV-00075,INV-00075,CC-100 Operaciones,Bruno Garcia 02 00001001
608,2026-05-04,1180,IVA acreditable,4614.24,0.00,Registro factura INV-00240,INV-00240,CC-100 Operaciones,Carla Soto 03 00001001
609,2026-01-19,1020,Bancos,0.00,44028.96,Pago factura INV-00020,INV-00020,CC-100 Operaciones,Bruno Garcia 02 00001001
610,2026-04-22,1180,IVA acreditable,4009.92,0.00,Registro factura INV-00104,INV-00104,CC-100 Operaciones,Elena Mora 05 00001001
611,2026-05-13,2100,Cuentas por pagar,52507.40,0.00,Pago factura INV-00011,INV-00011,CC-100 Operaciones,Bruno Garcia 02 00001001
612,2026-06-15,5000,Gastos operativos,58240.00,0.00,Registro factura INV-00001,INV-00001,CC-100 Operaciones,Ana Ruiz 07 00001001
613,2026-03-14,2100,Cuentas por pagar,0.00,44539.36,Registro factura INV-00051,INV-00051,CC-100 Operaciones,Diego Luna 04 00001001
614,2026-04-01,2100,Cuentas por pagar,0.00,17170.32,Registro factura INV-00122,INV-00122,CC-100 Operaciones,Diego Luna 10 00001001
615,2026-03-22,2100,Cuentas por pagar,95871.68,0.00,Pago factura INV-00086,INV-00086,CC-100 Operaciones,Bruno Garcia 02 00001001
616,2026-01-21,5000,Gastos operativos,0.00,22500.00,Reversion de factura cancelada INV-00249,INV-00249,CC-100 Operaciones,Bruno Garcia 02 00001001
617,2026-02-01,2100,Cuentas por pagar,58286.52,0.00,Pago factura INV-00144,INV-00144,CC-100 Operaciones,Bruno Garcia 02 00001001
618,2026-04-02,1180,IVA acreditable,13641.76,0.00,Registro factura INV-00283,INV-00283,CC-100 Operaciones,Carla Soto 09 00001001
619,2026-01-21,2100,Cuentas por pagar,0.00,45201.72,Registro factura INV-00021,INV-00021,CC-100 Operaciones,Diego Luna 10 00001001
620,2026-01-21,2100,Cuentas por pagar,86159.00,0.00,Pago factura INV-00255,INV-00255,CC-100 Operaciones,Bruno Garcia 02 00001001
621,2026-04-14,1180,IVA acreditable,10324.32,0.00,Registro factura INV-00079,INV-00079,CC-100 Operaciones,Ana Ruiz 07 00001001
622,2026-04-07,2100,Cuentas por pagar,22903.04,0.00,Pago factura INV-00174,INV-00174,CC-100 Operaciones,Bruno Garcia 02 00001001
623,2026-06-29,1020,Bancos,0.00,69601.16,Pago factura INV-00341,INV-00341,CC-100 Operaciones,Bruno Garcia 02 00001001
624,2026-03-20,1020,Bancos,0.00,29816.64,Pago factura INV-00286,INV-00286,CC-100 Operaciones,Bruno Garcia 02 00001001
625,2026-03-11,2100,Cuentas por pagar,0.00,60202.84,Registro factura INV-00318,INV-00318,CC-100 Operaciones,Elena Mora 05 00001001
626,2026-06-04,5000,Gastos operativos,29642.00,0.00,Registro factura INV-00124,INV-00124,CC-100 Operaciones,Fabian Rios 06 00001001
627,2026-04-03,2100,Cuentas por pagar,0.00,85780.84,Registro factura INV-00191,INV-00191,CC-100 Operaciones,Diego Luna 04 00001001
628,2026-04-22,1180,IVA acreditable,2080.16,0.00,Registro factura INV-00353,INV-00353,CC-100 Operaciones,Ana Ruiz 07 00001001
629,2026-03-30,1020,Bancos,0.00,70371.40,Pago factura INV-00334,INV-00334,CC-100 Operaciones,Bruno Garcia 02 00001001
630,2026-06-26,2100,Cuentas por pagar,96485.32,0.00,Pago factura INV-00028,INV-00028,CC-100 Operaciones,Bruno Garcia 02 00001001
631,2026-05-28,2100,Cuentas por pagar,21223.36,0.00,Pago factura INV-00074,INV-00074,CC-100 Operaciones,Bruno Garcia 02 00001001
632,2026-04-12,1180,IVA acreditable,12841.60,0.00,Registro factura INV-00237,INV-00237,CC-100 Operaciones,Carla Soto 03 00001001
633,2026-03-21,1020,Bancos,0.00,60202.84,Pago factura INV-00318,INV-00318,CC-100 Operaciones,Bruno Garcia 02 00001001
634,2026-06-21,1020,Bancos,0.00,101437.36,Pago factura INV-00300,INV-00300,CC-100 Operaciones,Bruno Garcia 02 00001001
635,2026-04-11,2100,Cuentas por pagar,17170.32,0.00,Pago factura INV-00122,INV-00122,CC-100 Operaciones,Bruno Garcia 02 00001001
636,2026-02-26,2100,Cuentas por pagar,0.00,105479.96,Registro factura INV-00350,INV-00350,CC-100 Operaciones,Bruno Garcia 02 00001001
637,2026-01-19,2100,Cuentas por pagar,0.00,26100.00,Registro factura INV-00249,INV-00249,CC-100 Operaciones,Carla Soto 09 00001001
638,2026-03-19,2100,Cuentas por pagar,99650.96,0.00,Pago factura INV-00337,INV-00337,CC-100 Operaciones,Bruno Garcia 02 00001001
639,2026-05-12,1180,IVA acreditable,4756.32,0.00,Registro factura INV-00228,INV-00228,CC-100 Operaciones,Ana Ruiz 07 00001001
640,2026-01-19,5000,Gastos operativos,22500.00,0.00,Registro factura INV-00249,INV-00249,CC-100 Operaciones,Carla Soto 09 00001001
641,2026-05-03,2100,Cuentas por pagar,41968.80,0.00,Pago factura INV-00066,INV-00066,CC-100 Operaciones,Bruno Garcia 02 00001001
642,2026-02-07,1020,Bancos,0.00,27492.00,Pago factura INV-00157,INV-00157,CC-100 Operaciones,Bruno Garcia 02 00001001
643,2026-05-14,1020,Bancos,0.00,66701.16,Pago factura INV-00213,INV-00213,CC-100 Operaciones,Bruno Garcia 02 00001001
644,2026-05-01,1180,IVA acreditable,11856.96,0.00,Registro factura INV-00162,INV-00162,CC-100 Operaciones,Fabian Rios 06 00001001
645,2026-04-24,2100,Cuentas por pagar,74851.32,0.00,Pago factura INV-00079,INV-00079,CC-100 Operaciones,Bruno Garcia 02 00001001
646,2026-04-14,5000,Gastos operativos,64527.00,0.00,Registro factura INV-00079,INV-00079,CC-100 Operaciones,Ana Ruiz 07 00001001
647,2026-05-04,2100,Cuentas por pagar,65400.80,0.00,Pago factura INV-00130,INV-00130,CC-100 Operaciones,Bruno Garcia 02 00001001
648,2026-06-30,2100,Cuentas por pagar,81558.44,0.00,Pago factura INV-00085,INV-00085,CC-100 Operaciones,Bruno Garcia 02 00001001
649,2026-05-04,1020,Bancos,0.00,28421.16,Pago factura INV-00276,INV-00276,CC-100 Operaciones,Bruno Garcia 02 00001001
650,2026-05-23,1020,Bancos,0.00,103463.88,Pago factura INV-00356,INV-00356,CC-100 Operaciones,Bruno Garcia 02 00001001
651,2026-04-17,2100,Cuentas por pagar,0.00,46744.52,Registro factura INV-00108,INV-00108,CC-100 Operaciones,Fabian Rios 06 00001001
652,2026-05-05,5000,Gastos operativos,23133.00,0.00,Registro factura INV-00357,INV-00357,CC-100 Operaciones,Diego Luna 10 00001001
653,2026-05-29,2100,Cuentas por pagar,59047.48,0.00,Pago factura INV-00073,INV-00073,CC-100 Operaciones,Bruno Garcia 02 00001001
654,2026-05-27,1020,Bancos,0.00,28734.36,Pago factura INV-00172,INV-00172,CC-100 Operaciones,Bruno Garcia 02 00001001
655,2026-04-19,1020,Bancos,0.00,18446.32,Pago factura INV-00296,INV-00296,CC-100 Operaciones,Bruno Garcia 02 00001001
656,2026-05-03,2100,Cuentas por pagar,22276.64,0.00,Pago factura INV-00081,INV-00081,CC-100 Operaciones,Bruno Garcia 02 00001001
657,2026-06-06,5000,Gastos operativos,74254.00,0.00,Registro factura INV-00193,INV-00193,CC-100 Operaciones,Fabian Rios 06 00001001
658,2026-06-25,1180,IVA acreditable,12475.36,0.00,Registro factura INV-00034,INV-00034,CC-100 Operaciones,Carla Soto 09 00001001
659,2026-04-13,5000,Gastos operativos,27005.00,0.00,Registro factura INV-00295,INV-00295,CC-100 Operaciones,Bruno Garcia 08 00001001
660,2026-03-04,2100,Cuentas por pagar,38280.00,0.00,Pago factura INV-00177,INV-00177,CC-100 Operaciones,Bruno Garcia 02 00001001
661,2026-02-16,2100,Cuentas por pagar,0.00,41152.16,Registro factura INV-00241,INV-00241,CC-100 Operaciones,Bruno Garcia 08 00001001
662,2026-02-23,2100,Cuentas por pagar,75210.92,0.00,Pago factura INV-00226,INV-00226,CC-100 Operaciones,Bruno Garcia 02 00001001
663,2026-03-11,5000,Gastos operativos,43831.00,0.00,Registro factura INV-00229,INV-00229,CC-100 Operaciones,Ana Ruiz 07 00001001
664,2026-06-03,1020,Bancos,0.00,25459.68,Pago factura INV-00336,INV-00336,CC-100 Operaciones,Bruno Garcia 02 00001001
665,2026-02-05,5000,Gastos operativos,19921.00,0.00,Registro factura INV-00146,INV-00146,CC-100 Operaciones,Carla Soto 09 00001001
666,2026-05-18,5000,Gastos operativos,18296.00,0.00,Registro factura INV-00074,INV-00074,CC-100 Operaciones,Elena Mora 05 00001001
667,2026-03-15,5000,Gastos operativos,53905.00,0.00,Registro factura INV-00251,INV-00251,CC-100 Operaciones,Carla Soto 03 00001001
668,2026-01-29,2100,Cuentas por pagar,0.00,28023.28,Registro factura INV-00244,INV-00244,CC-100 Operaciones,Bruno Garcia 02 00001001
669,2026-04-24,1180,IVA acreditable,3920.16,0.00,Registro factura INV-00276,INV-00276,CC-100 Operaciones,Carla Soto 09 00001001
670,2026-03-28,1020,Bancos,0.00,44550.96,Pago factura INV-00148,INV-00148,CC-100 Operaciones,Bruno Garcia 02 00001001
671,2026-04-18,2100,Cuentas por pagar,0.00,36929.76,Registro factura INV-00154,INV-00154,CC-100 Operaciones,Ana Ruiz 01 00001001
672,2026-04-05,5000,Gastos operativos,19921.00,0.00,Registro factura INV-00109,INV-00109,CC-100 Operaciones,Ana Ruiz 01 00001001
673,2026-02-24,2100,Cuentas por pagar,0.00,64117.84,Registro factura INV-00078,INV-00078,CC-100 Operaciones,Bruno Garcia 08 00001001
674,2026-04-25,5000,Gastos operativos,21818.00,0.00,Registro factura INV-00316,INV-00316,CC-100 Operaciones,Bruno Garcia 08 00001001
675,2026-04-20,1020,Bancos,0.00,30070.68,Pago factura INV-00324,INV-00324,CC-100 Operaciones,Bruno Garcia 02 00001001
676,2026-06-10,1180,IVA acreditable,13004.96,0.00,Registro factura INV-00339,INV-00339,CC-100 Operaciones,Bruno Garcia 02 00001001
677,2026-04-01,2100,Cuentas por pagar,25573.36,0.00,Pago factura INV-00197,INV-00197,CC-100 Operaciones,Bruno Garcia 02 00001001
678,2026-05-26,1020,Bancos,0.00,45139.08,Pago factura INV-00290,INV-00290,CC-100 Operaciones,Bruno Garcia 02 00001001
679,2026-06-10,1020,Bancos,0.00,23568.88,Pago factura INV-00045,INV-00045,CC-100 Operaciones,Bruno Garcia 02 00001001
680,2026-04-15,2100,Cuentas por pagar,87618.28,0.00,Pago factura INV-00150,INV-00150,CC-100 Operaciones,Bruno Garcia 02 00001001
681,2026-05-19,5000,Gastos operativos,92087.00,0.00,Registro factura INV-00322,INV-00322,CC-100 Operaciones,Diego Luna 10 00001001
682,2026-05-21,5000,Gastos operativos,18648.00,0.00,Registro factura INV-00303,INV-00303,CC-100 Operaciones,Bruno Garcia 02 00001001
683,2026-04-17,5000,Gastos operativos,81289.00,0.00,Registro factura INV-00198,INV-00198,CC-100 Operaciones,Diego Luna 04 00001001
684,2026-04-10,5000,Gastos operativos,25923.00,0.00,Registro factura INV-00324,INV-00324,CC-100 Operaciones,Ana Ruiz 01 00001001
685,2026-03-26,1180,IVA acreditable,6323.52,0.00,Registro factura INV-00098,INV-00098,CC-100 Operaciones,Bruno Garcia 02 00001001
686,2026-04-14,1020,Bancos,0.00,36587.56,Pago factura INV-00208,INV-00208,CC-100 Operaciones,Bruno Garcia 02 00001001
687,2026-02-16,2100,Cuentas por pagar,46567.04,0.00,Pago factura INV-00257,INV-00257,CC-100 Operaciones,Bruno Garcia 02 00001001
688,2026-01-05,1180,IVA acreditable,7056.64,0.00,Registro factura INV-00071,INV-00071,CC-100 Operaciones,Bruno Garcia 02 00001001
689,2026-03-12,2100,Cuentas por pagar,29875.10,0.00,Pago factura INV-00167,INV-00167,CC-100 Operaciones,Bruno Garcia 02 00001001
690,2026-03-06,1020,Bancos,0.00,64117.84,Pago factura INV-00078,INV-00078,CC-100 Operaciones,Bruno Garcia 02 00001001
691,2026-01-22,1020,Bancos,0.00,30098.52,Pago factura INV-00335,INV-00335,CC-100 Operaciones,Bruno Garcia 02 00001001
692,2026-06-14,1180,IVA acreditable,4566.24,0.00,Registro factura INV-00220,INV-00220,CC-100 Operaciones,Bruno Garcia 08 00001001
693,2026-04-29,2100,Cuentas por pagar,101983.72,0.00,Pago factura INV-00342,INV-00342,CC-100 Operaciones,Bruno Garcia 02 00001001
694,2026-06-11,2100,Cuentas por pagar,73259.80,0.00,Pago factura INV-00351,INV-00351,CC-100 Operaciones,Bruno Garcia 02 00001001
695,2026-05-05,1180,IVA acreditable,6867.84,0.00,Registro factura INV-00273,INV-00273,CC-100 Operaciones,Bruno Garcia 08 00001001
696,2026-02-08,1020,Bancos,44080.00,0.00,Cobro factura INV-00101,INV-00101,CC-100 Operaciones,Bruno Garcia 02 00001001
697,2026-03-29,5000,Gastos operativos,51557.00,0.00,Registro factura INV-00019,INV-00019,CC-100 Operaciones,Ana Ruiz 01 00001001
698,2026-05-11,5000,Gastos operativos,20260.00,0.00,Registro factura INV-00253,INV-00253,CC-100 Operaciones,Diego Luna 10 00001001
699,2026-05-30,1180,IVA acreditable,14595.68,0.00,Registro factura INV-00274,INV-00274,CC-100 Operaciones,Carla Soto 03 00001001
700,2026-02-15,5000,Gastos operativos,31483.00,0.00,Registro factura INV-00234,INV-00234,CC-100 Operaciones,Carla Soto 09 00001001
701,2026-05-21,5000,Gastos operativos,46693.00,0.00,Registro factura INV-00258,INV-00258,CC-100 Operaciones,Diego Luna 04 00001001
702,2026-01-22,2100,Cuentas por pagar,0.00,58286.52,Registro factura INV-00144,INV-00144,CC-100 Operaciones,Ana Ruiz 07 00001001
703,2026-02-17,2100,Cuentas por pagar,0.00,91311.72,Registro factura INV-00348,INV-00348,CC-100 Operaciones,Elena Mora 05 00001001
704,2026-02-28,2100,Cuentas por pagar,0.00,98572.16,Registro factura INV-00209,INV-00209,CC-100 Operaciones,Diego Luna 04 00001001
705,2026-03-29,2100,Cuentas por pagar,55425.96,0.00,Pago factura INV-00179,INV-00179,CC-100 Operaciones,Bruno Garcia 02 00001001
706,2026-04-29,5000,Gastos operativos,38093.00,0.00,Registro factura INV-00038,INV-00038,CC-100 Operaciones,Diego Luna 10 00001001
707,2026-03-27,2100,Cuentas por pagar,0.00,99705.48,Registro factura INV-00293,INV-00293,CC-100 Operaciones,Ana Ruiz 07 00001001
708,2026-05-05,2100,Cuentas por pagar,0.00,49791.84,Registro factura INV-00273,INV-00273,CC-100 Operaciones,Bruno Garcia 08 00001001
709,2026-02-06,5000,Gastos operativos,40144.00,0.00,Registro factura INV-00257,INV-00257,CC-100 Operaciones,Bruno Garcia 02 00001001
710,2026-06-29,1180,IVA acreditable,11712.80,0.00,Registro factura INV-00338,INV-00338,CC-100 Operaciones,Elena Mora 05 00001001
711,2026-05-17,1020,Bancos,0.00,108349.80,Pago factura INV-00125,INV-00125,CC-100 Operaciones,Bruno Garcia 02 00001001
712,2026-02-14,1180,IVA acreditable,4862.40,0.00,Registro factura INV-00026,INV-00026,CC-100 Operaciones,Diego Luna 04 00001001
713,2026-02-20,1180,IVA acreditable,4352.80,0.00,Registro factura INV-00200,INV-00200,CC-100 Operaciones,Bruno Garcia 02 00001001
714,2026-03-24,1020,Bancos,0.00,44539.36,Pago factura INV-00051,INV-00051,CC-100 Operaciones,Bruno Garcia 02 00001001
715,2026-05-20,2100,Cuentas por pagar,106330.24,0.00,Pago factura INV-00121,INV-00121,CC-100 Operaciones,Bruno Garcia 02 00001001
716,2026-05-12,2100,Cuentas por pagar,13865.01,0.00,Pago factura INV-00169,INV-00169,CC-100 Operaciones,Bruno Garcia 02 00001001
717,2026-06-08,1020,Bancos,0.00,108289.48,Pago factura INV-00166,INV-00166,CC-100 Operaciones,Bruno Garcia 02 00001001
718,2026-04-21,1180,IVA acreditable,10163.68,0.00,Registro factura INV-00196,INV-00196,CC-100 Operaciones,Bruno Garcia 02 00001001
719,2026-06-25,1180,IVA acreditable,8620.96,0.00,Registro factura INV-00259,INV-00259,CC-100 Operaciones,Ana Ruiz 01 00001001
720,2026-06-19,1020,Bancos,0.00,102009.24,Pago factura INV-00218,INV-00218,CC-100 Operaciones,Bruno Garcia 02 00001001
721,2026-06-15,2100,Cuentas por pagar,41804.08,0.00,Pago factura INV-00136,INV-00136,CC-100 Operaciones,Bruno Garcia 02 00001001
722,2026-03-01,2100,Cuentas por pagar,0.00,81894.84,Registro factura INV-00084,INV-00084,CC-100 Operaciones,Carla Soto 03 00001001
723,2026-03-16,2100,Cuentas por pagar,101219.28,0.00,Pago factura INV-00272,INV-00272,CC-100 Operaciones,Bruno Garcia 02 00001001
724,2026-03-08,1180,IVA acreditable,12994.72,0.00,Registro factura INV-00153,INV-00153,CC-100 Operaciones,Bruno Garcia 08 00001001
725,2026-04-03,5000,Gastos operativos,24881.00,0.00,Registro factura INV-00114,INV-00114,CC-100 Operaciones,Fabian Rios 06 00001001
726,2026-04-06,2100,Cuentas por pagar,0.00,16017.28,Registro factura INV-00354,INV-00354,CC-100 Operaciones,Elena Mora 05 00001001
727,2026-02-10,2100,Cuentas por pagar,87292.32,0.00,Pago factura INV-00304,INV-00304,CC-100 Operaciones,Bruno Garcia 02 00001001
728,2026-05-25,2100,Cuentas por pagar,0.00,81848.44,Registro factura INV-00176,INV-00176,CC-100 Operaciones,Diego Luna 10 00001001
729,2026-04-18,5000,Gastos operativos,31836.00,0.00,Registro factura INV-00154,INV-00154,CC-100 Operaciones,Ana Ruiz 01 00001001
730,2026-06-18,1020,Bancos,0.00,105128.48,Pago factura INV-00082,INV-00082,CC-100 Operaciones,Bruno Garcia 02 00001001
731,2026-06-30,1020,Bancos,0.00,65211.72,Pago factura INV-00065,INV-00065,CC-100 Operaciones,Bruno Garcia 02 00001001
732,2026-02-24,2100,Cuentas por pagar,85830.72,0.00,Pago factura INV-00067,INV-00067,CC-100 Operaciones,Bruno Garcia 02 00001001
733,2026-02-21,2100,Cuentas por pagar,85198.52,0.00,Pago factura INV-00247,INV-00247,CC-100 Operaciones,Bruno Garcia 02 00001001
734,2026-04-16,1020,Bancos,0.00,16017.28,Pago factura INV-00354,INV-00354,CC-100 Operaciones,Bruno Garcia 02 00001001
735,2026-03-19,2100,Cuentas por pagar,0.00,64447.28,Registro factura INV-00326,INV-00326,CC-100 Operaciones,Ana Ruiz 07 00001001
736,2026-03-21,1180,IVA acreditable,11764.48,0.00,Registro factura INV-00327,INV-00327,CC-100 Operaciones,Carla Soto 09 00001001
737,2026-05-19,5000,Gastos operativos,50903.00,0.00,Registro factura INV-00073,INV-00073,CC-100 Operaciones,Bruno Garcia 02 00001001
738,2026-02-08,5000,Gastos operativos,40732.00,0.00,Registro factura INV-00180,INV-00180,CC-100 Operaciones,Fabian Rios 06 00001001
739,2026-01-21,1180,IVA acreditable,6234.72,0.00,Registro factura INV-00021,INV-00021,CC-100 Operaciones,Diego Luna 10 00001001
740,2026-01-23,2100,Cuentas por pagar,9243.35,0.00,Pago factura INV-00284,INV-00284,CC-100 Operaciones,Bruno Garcia 02 00001001
741,2026-04-10,1180,IVA acreditable,4147.68,0.00,Registro factura INV-00324,INV-00324,CC-100 Operaciones,Ana Ruiz 01 00001001
742,2026-03-25,1180,IVA acreditable,3882.56,0.00,Registro factura INV-00093,INV-00093,CC-100 Operaciones,Ana Ruiz 07 00001001
743,2026-01-26,5000,Gastos operativos,21588.00,0.00,Registro factura INV-00033,INV-00033,CC-100 Operaciones,Ana Ruiz 01 00001001
744,2026-06-05,1020,Bancos,0.00,107857.96,Pago factura INV-00126,INV-00126,CC-100 Operaciones,Bruno Garcia 02 00001001
745,2026-02-14,2100,Cuentas por pagar,106899.80,0.00,Pago factura INV-00340,INV-00340,CC-100 Operaciones,Bruno Garcia 02 00001001
746,2026-06-08,2100,Cuentas por pagar,108289.48,0.00,Pago factura INV-00166,INV-00166,CC-100 Operaciones,Bruno Garcia 02 00001001
747,2026-01-28,2100,Cuentas por pagar,28565.00,0.00,Pago factura INV-00117,INV-00117,CC-100 Operaciones,Bruno Garcia 02 00001001
748,2026-04-01,5000,Gastos operativos,18688.00,0.00,Registro factura INV-00263,INV-00263,CC-100 Operaciones,Bruno Garcia 02 00001001
749,2026-05-07,1020,Bancos,0.00,30315.44,Pago factura INV-00345,INV-00345,CC-100 Operaciones,Bruno Garcia 02 00001001
750,2026-02-01,5000,Gastos operativos,82609.00,0.00,Registro factura INV-00118,INV-00118,CC-100 Operaciones,Carla Soto 09 00001001
751,2026-01-31,1180,IVA acreditable,13571.52,0.00,Registro factura INV-00278,INV-00278,CC-100 Operaciones,Bruno Garcia 02 00001001
752,2026-01-17,5000,Gastos operativos,63382.00,0.00,Registro factura INV-00115,INV-00115,CC-100 Operaciones,Bruno Garcia 02 00001001
753,2026-05-16,5000,Gastos operativos,44500.00,0.00,Registro factura INV-00056,INV-00056,CC-100 Operaciones,Ana Ruiz 01 00001001
754,2026-06-30,1020,Bancos,0.00,90446.36,Pago factura INV-00034,INV-00034,CC-100 Operaciones,Bruno Garcia 02 00001001
755,2026-04-26,2100,Cuentas por pagar,0.00,32785.08,Registro factura INV-00014,INV-00014,CC-100 Operaciones,Carla Soto 03 00001001
756,2026-01-21,5000,Gastos operativos,38967.00,0.00,Registro factura INV-00021,INV-00021,CC-100 Operaciones,Diego Luna 10 00001001
757,2026-05-23,2100,Cuentas por pagar,103463.88,0.00,Pago factura INV-00356,INV-00356,CC-100 Operaciones,Bruno Garcia 02 00001001
758,2026-05-03,2100,Cuentas por pagar,0.00,52507.40,Registro factura INV-00011,INV-00011,CC-100 Operaciones,Fabian Rios 06 00001001
759,2026-03-28,5000,Gastos operativos,19744.00,0.00,Registro factura INV-00174,INV-00174,CC-100 Operaciones,Diego Luna 04 00001001
760,2026-05-05,1180,IVA acreditable,3701.28,0.00,Registro factura INV-00357,INV-00357,CC-100 Operaciones,Diego Luna 10 00001001
761,2026-04-27,2100,Cuentas por pagar,0.00,39691.72,Registro factura INV-00317,INV-00317,CC-100 Operaciones,Diego Luna 10 00001001
762,2026-02-25,1020,Bancos,0.00,36520.28,Pago factura INV-00234,INV-00234,CC-100 Operaciones,Bruno Garcia 02 00001001
763,2026-05-06,5000,Gastos operativos,39955.00,0.00,Registro factura INV-00307,INV-00307,CC-100 Operaciones,Ana Ruiz 07 00001001
764,2026-02-19,5000,Gastos operativos,57689.00,0.00,Registro factura INV-00188,INV-00188,CC-100 Operaciones,Elena Mora 05 00001001
765,2026-04-20,5000,Gastos operativos,82962.00,0.00,Registro factura INV-00309,INV-00309,CC-100 Operaciones,Carla Soto 03 00001001
766,2026-06-29,5000,Gastos operativos,73205.00,0.00,Registro factura INV-00338,INV-00338,CC-100 Operaciones,Elena Mora 05 00001001
767,2026-04-27,2100,Cuentas por pagar,94295.24,0.00,Pago factura INV-00198,INV-00198,CC-100 Operaciones,Bruno Garcia 02 00001001
768,2026-05-21,2100,Cuentas por pagar,0.00,21631.68,Registro factura INV-00303,INV-00303,CC-100 Operaciones,Bruno Garcia 02 00001001
769,2026-03-16,2100,Cuentas por pagar,108659.52,0.00,Pago factura INV-00133,INV-00133,CC-100 Operaciones,Bruno Garcia 02 00001001
770,2026-02-12,2100,Cuentas por pagar,0.00,83279.88,Registro factura INV-00057,INV-00057,CC-100 Operaciones,Bruno Garcia 02 00001001
771,2026-06-23,2100,Cuentas por pagar,0.00,31934.80,Registro factura INV-00068,INV-00068,CC-100 Operaciones,Ana Ruiz 07 00001001
772,2026-05-06,1020,Bancos,0.00,106330.24,Pago factura INV-00077,INV-00077,CC-100 Operaciones,Bruno Garcia 02 00001001
773,2026-03-28,2100,Cuentas por pagar,73323.60,0.00,Pago factura INV-00294,INV-00294,CC-100 Operaciones,Bruno Garcia 02 00001001
774,2026-06-06,1020,Bancos,0.00,101887.44,Pago factura INV-00329,INV-00329,CC-100 Operaciones,Bruno Garcia 02 00001001
775,2026-06-09,1020,Bancos,0.00,63811.60,Pago factura INV-00037,INV-00037,CC-100 Operaciones,Bruno Garcia 02 00001001
776,2026-02-03,1180,IVA acreditable,5049.44,0.00,Registro factura INV-00210,INV-00210,CC-100 Operaciones,Carla Soto 03 00001001
777,2026-04-27,1020,Bancos,0.00,46744.52,Pago factura INV-00108,INV-00108,CC-100 Operaciones,Bruno Garcia 02 00001001
778,2026-02-06,2100,Cuentas por pagar,76430.08,0.00,Pago factura INV-00301,INV-00301,CC-100 Operaciones,Bruno Garcia 02 00001001
779,2026-04-20,1180,IVA acreditable,5713.28,0.00,Registro factura INV-00287,INV-00287,CC-100 Operaciones,Elena Mora 05 00001001
780,2026-06-23,1020,Bancos,0.00,109144.40,Pago factura INV-00221,INV-00221,CC-100 Operaciones,Bruno Garcia 02 00001001
781,2026-01-27,1180,IVA acreditable,2966.56,0.00,Registro factura INV-00138,INV-00138,CC-100 Operaciones,Diego Luna 10 00001001
782,2026-05-08,2100,Cuentas por pagar,97493.36,0.00,Pago factura INV-00243,INV-00243,CC-100 Operaciones,Bruno Garcia 02 00001001
783,2026-06-29,5000,Gastos operativos,88038.00,0.00,Registro factura INV-00096,INV-00096,CC-100 Operaciones,Ana Ruiz 07 00001001
784,2026-03-20,2100,Cuentas por pagar,68560.64,0.00,Pago factura INV-00029,INV-00029,CC-100 Operaciones,Bruno Garcia 02 00001001
785,2026-02-03,1020,Bancos,0.00,96682.52,Pago factura INV-00242,INV-00242,CC-100 Operaciones,Bruno Garcia 02 00001001
786,2026-04-12,2100,Cuentas por pagar,30840.92,0.00,Pago factura INV-00147,INV-00147,CC-100 Operaciones,Bruno Garcia 02 00001001
787,2026-04-12,1180,IVA acreditable,11399.68,0.00,Registro factura INV-00306,INV-00306,CC-100 Operaciones,Ana Ruiz 01 00001001
788,2026-03-15,2100,Cuentas por pagar,92064.56,0.00,Pago factura INV-00347,INV-00347,CC-100 Operaciones,Bruno Garcia 02 00001001
789,2026-01-11,2100,Cuentas por pagar,0.00,94564.36,Registro factura INV-00260,INV-00260,CC-100 Operaciones,Fabian Rios 06 00001001
790,2026-02-15,5000,Gastos operativos,51752.00,0.00,Registro factura INV-00050,INV-00050,CC-100 Operaciones,Ana Ruiz 01 00001001
791,2026-02-14,1020,Bancos,0.00,106899.80,Pago factura INV-00340,INV-00340,CC-100 Operaciones,Bruno Garcia 02 00001001
792,2026-06-07,5000,Gastos operativos,69625.00,0.00,Registro factura INV-00062,INV-00062,CC-100 Operaciones,Elena Mora 05 00001001
793,2026-04-29,5000,Gastos operativos,48652.00,0.00,Registro factura INV-00135,INV-00135,CC-100 Operaciones,Bruno Garcia 02 00001001
794,2026-03-07,1180,IVA acreditable,7470.24,0.00,Registro factura INV-00044,INV-00044,CC-100 Operaciones,Ana Ruiz 01 00001001
795,2026-01-09,1180,IVA acreditable,6072.96,0.00,Registro factura INV-00020,INV-00020,CC-100 Operaciones,Diego Luna 10 00001001
796,2026-03-18,1180,IVA acreditable,6144.96,0.00,Registro factura INV-00148,INV-00148,CC-100 Operaciones,Bruno Garcia 02 00001001
797,2026-04-09,1180,IVA acreditable,12456.64,0.00,Registro factura INV-00063,INV-00063,CC-100 Operaciones,Bruno Garcia 02 00001001
798,2026-03-23,1020,Bancos,0.00,54663.84,Pago factura INV-00141,INV-00141,CC-100 Operaciones,Bruno Garcia 02 00001001
799,2026-01-05,5000,Gastos operativos,19921.00,0.00,Registro factura INV-00284,INV-00284,CC-100 Operaciones,Bruno Garcia 08 00001001
800,2026-03-31,5000,Gastos operativos,65298.00,0.00,Registro factura INV-00265,INV-00265,CC-100 Operaciones,Carla Soto 03 00001001
801,2026-06-02,2100,Cuentas por pagar,28971.00,0.00,Pago factura INV-00129,INV-00129,CC-100 Operaciones,Bruno Garcia 02 00001001
802,2026-05-09,2100,Cuentas por pagar,0.00,90271.20,Registro factura INV-00159,INV-00159,CC-100 Operaciones,Bruno Garcia 08 00001001
803,2026-01-21,2100,Cuentas por pagar,26100.00,0.00,Reversion de factura cancelada INV-00249,INV-00249,CC-100 Operaciones,Bruno Garcia 02 00001001
804,2026-04-18,1180,IVA acreditable,13917.92,0.00,Registro factura INV-00139,INV-00139,CC-100 Operaciones,Carla Soto 09 00001001
805,2026-03-27,5000,Gastos operativos,37363.00,0.00,Registro factura INV-00323,INV-00323,CC-100 Operaciones,Carla Soto 09 00001001
806,2026-04-13,1180,IVA acreditable,3499.52,0.00,Registro factura INV-00325,INV-00325,CC-100 Operaciones,Diego Luna 10 00001001
807,2026-02-25,1180,IVA acreditable,14427.04,0.00,Registro factura INV-00094,INV-00094,CC-100 Operaciones,Elena Mora 05 00001001
808,2026-02-25,5000,Gastos operativos,90169.00,0.00,Registro factura INV-00094,INV-00094,CC-100 Operaciones,Elena Mora 05 00001001
809,2026-05-25,2100,Cuentas por pagar,44801.52,0.00,Pago factura INV-00183,INV-00183,CC-100 Operaciones,Bruno Garcia 02 00001001
810,2026-05-29,2100,Cuentas por pagar,106820.92,0.00,Pago factura INV-00322,INV-00322,CC-100 Operaciones,Bruno Garcia 02 00001001
811,2026-05-04,2100,Cuentas por pagar,0.00,33453.24,Registro factura INV-00240,INV-00240,CC-100 Operaciones,Carla Soto 03 00001001
812,2026-06-30,1020,Bancos,0.00,52996.92,Pago factura INV-00199,INV-00199,CC-100 Operaciones,Bruno Garcia 02 00001001
813,2026-06-16,2100,Cuentas por pagar,86134.64,0.00,Pago factura INV-00193,INV-00193,CC-100 Operaciones,Bruno Garcia 02 00001001
814,2026-04-13,5000,Gastos operativos,21872.00,0.00,Registro factura INV-00325,INV-00325,CC-100 Operaciones,Diego Luna 10 00001001
815,2026-02-23,2100,Cuentas por pagar,0.00,47069.32,Registro factura INV-00110,INV-00110,CC-100 Operaciones,Ana Ruiz 01 00001001
816,2026-04-14,2100,Cuentas por pagar,0.00,93649.12,Registro factura INV-00269,INV-00269,CC-100 Operaciones,Elena Mora 05 00001001
817,2026-04-22,5000,Gastos operativos,25062.00,0.00,Registro factura INV-00104,INV-00104,CC-100 Operaciones,Elena Mora 05 00001001
818,2026-01-20,5000,Gastos operativos,23963.00,0.00,Registro factura INV-00035,INV-00035,CC-100 Operaciones,Ana Ruiz 01 00001001
819,2026-04-25,2100,Cuentas por pagar,0.00,54783.32,Registro factura INV-00120,INV-00120,CC-100 Operaciones,Fabian Rios 06 00001001
820,2026-04-19,2100,Cuentas por pagar,18446.32,0.00,Pago factura INV-00296,INV-00296,CC-100 Operaciones,Bruno Garcia 02 00001001
821,2026-03-23,1020,Bancos,0.00,9243.35,Pago factura INV-00102,INV-00102,CC-100 Operaciones,Bruno Garcia 02 00001001
822,2026-06-05,1020,Bancos,0.00,32367.48,Pago factura INV-00333,INV-00333,CC-100 Operaciones,Bruno Garcia 02 00001001
823,2026-06-17,1020,Bancos,0.00,80765.00,Pago factura INV-00062,INV-00062,CC-100 Operaciones,Bruno Garcia 02 00001001
824,2026-03-14,2100,Cuentas por pagar,83960.80,0.00,Pago factura INV-00285,INV-00285,CC-100 Operaciones,Bruno Garcia 02 00001001
825,2026-04-28,5000,Gastos operativos,84046.00,0.00,Registro factura INV-00243,INV-00243,CC-100 Operaciones,Ana Ruiz 07 00001001
826,2026-06-22,1180,IVA acreditable,6971.20,0.00,Registro factura INV-00143,INV-00143,CC-100 Operaciones,Diego Luna 10 00001001
827,2026-05-27,2100,Cuentas por pagar,0.00,23694.16,Registro factura INV-00298,INV-00298,CC-100 Operaciones,Bruno Garcia 02 00001001
828,2026-02-26,1180,IVA acreditable,2318.24,0.00,Registro factura INV-00280,INV-00280,CC-100 Operaciones,Diego Luna 10 00001001
829,2026-05-07,2100,Cuentas por pagar,0.00,46045.04,Registro factura INV-00315,INV-00315,CC-100 Operaciones,Bruno Garcia 02 00001001
830,2026-05-26,2100,Cuentas por pagar,0.00,107857.96,Registro factura INV-00126,INV-00126,CC-100 Operaciones,Ana Ruiz 07 00001001
831,2026-05-29,1180,IVA acreditable,14936.48,0.00,Registro factura INV-00166,INV-00166,CC-100 Operaciones,Fabian Rios 06 00001001
832,2026-06-13,5000,Gastos operativos,94090.00,0.00,Registro factura INV-00221,INV-00221,CC-100 Operaciones,Carla Soto 03 00001001
833,2026-03-14,1180,IVA acreditable,6143.36,0.00,Registro factura INV-00051,INV-00051,CC-100 Operaciones,Diego Luna 04 00001001
834,2026-05-24,2100,Cuentas por pagar,0.00,25459.68,Registro factura INV-00336,INV-00336,CC-100 Operaciones,Carla Soto 03 00001001
835,2026-04-02,1020,Bancos,0.00,33003.16,Pago factura INV-00006,INV-00006,CC-100 Operaciones,Bruno Garcia 02 00001001
836,2026-06-02,1020,Bancos,0.00,28971.00,Pago factura INV-00129,INV-00129,CC-100 Operaciones,Bruno Garcia 02 00001001
837,2026-05-16,2100,Cuentas por pagar,0.00,45139.08,Registro factura INV-00290,INV-00290,CC-100 Operaciones,Carla Soto 03 00001001
838,2026-06-19,2100,Cuentas por pagar,77882.40,0.00,Pago factura INV-00207,INV-00207,CC-100 Operaciones,Bruno Garcia 02 00001001
839,2026-03-10,5000,Gastos operativos,59104.00,0.00,Registro factura INV-00029,INV-00029,CC-100 Operaciones,Bruno Garcia 08 00001001
840,2026-06-28,1020,Bancos,0.00,91854.60,Pago factura INV-00128,INV-00128,CC-100 Operaciones,Bruno Garcia 02 00001001
841,2026-03-14,2100,Cuentas por pagar,0.00,41580.20,Registro factura INV-00099,INV-00099,CC-100 Operaciones,Fabian Rios 06 00001001
842,2026-03-05,2100,Cuentas por pagar,32090.24,0.00,Pago factura INV-00018,INV-00018,CC-100 Operaciones,Bruno Garcia 02 00001001
843,2026-03-23,5000,Gastos operativos,12618.00,0.00,Registro factura INV-00282,INV-00282,CC-100 Operaciones,Elena Mora 05 00001001
844,2026-02-23,2100,Cuentas por pagar,0.00,32090.24,Registro factura INV-00018,INV-00018,CC-100 Operaciones,Carla Soto 03 00001001
845,2026-02-09,2100,Cuentas por pagar,107469.36,0.00,Pago factura INV-00203,INV-00203,CC-100 Operaciones,Bruno Garcia 02 00001001
846,2026-01-22,5000,Gastos operativos,50247.00,0.00,Registro factura INV-00144,INV-00144,CC-100 Operaciones,Ana Ruiz 07 00001001
847,2026-05-05,2100,Cuentas por pagar,0.00,26834.28,Registro factura INV-00357,INV-00357,CC-100 Operaciones,Diego Luna 10 00001001
848,2026-06-06,2100,Cuentas por pagar,0.00,86134.64,Registro factura INV-00193,INV-00193,CC-100 Operaciones,Fabian Rios 06 00001001
849,2026-06-30,2100,Cuentas por pagar,61641.24,0.00,Pago factura INV-00235,INV-00235,CC-100 Operaciones,Bruno Garcia 02 00001001
850,2026-01-10,5000,Gastos operativos,38290.00,0.00,Registro factura INV-00111,INV-00111,CC-100 Operaciones,Ana Ruiz 07 00001001
851,2026-03-30,1180,IVA acreditable,5334.72,0.00,Registro factura INV-00217,INV-00217,CC-100 Operaciones,Diego Luna 10 00001001
852,2026-06-23,1020,Bancos,0.00,46966.08,Pago factura INV-00289,INV-00289,CC-100 Operaciones,Bruno Garcia 02 00001001
853,2026-02-04,5000,Gastos operativos,92155.00,0.00,Registro factura INV-00340,INV-00340,CC-100 Operaciones,Bruno Garcia 08 00001001
854,2026-01-16,2100,Cuentas por pagar,0.00,57697.24,Registro factura INV-00047,INV-00047,CC-100 Operaciones,Ana Ruiz 07 00001001
855,2026-03-11,1180,IVA acreditable,7012.96,0.00,Registro factura INV-00229,INV-00229,CC-100 Operaciones,Ana Ruiz 07 00001001
856,2026-05-15,1180,IVA acreditable,5010.88,0.00,Registro factura INV-00043,INV-00043,CC-100 Operaciones,Diego Luna 04 00001001
857,2026-02-06,1180,IVA acreditable,12263.52,0.00,Registro factura INV-00232,INV-00232,CC-100 Operaciones,Diego Luna 04 00001001
858,2026-04-09,5000,Gastos operativos,15902.00,0.00,Registro factura INV-00296,INV-00296,CC-100 Operaciones,Diego Luna 04 00001001
859,2026-02-02,2100,Cuentas por pagar,0.00,84838.92,Registro factura INV-00080,INV-00080,CC-100 Operaciones,Fabian Rios 06 00001001
860,2026-02-15,2100,Cuentas por pagar,49791.84,0.00,Pago factura INV-00042,INV-00042,CC-100 Operaciones,Bruno Garcia 02 00001001
861,2026-03-29,1180,IVA acreditable,8249.12,0.00,Registro factura INV-00019,INV-00019,CC-100 Operaciones,Ana Ruiz 01 00001001
862,2026-05-05,2100,Cuentas por pagar,0.00,26837.76,Registro factura INV-00254,INV-00254,CC-100 Operaciones,Bruno Garcia 02 00001001
863,2026-06-03,1020,Bancos,0.00,57780.76,Pago factura INV-00095,INV-00095,CC-100 Operaciones,Bruno Garcia 02 00001001
864,2026-04-30,2100,Cuentas por pagar,0.00,81520.16,Registro factura INV-00090,INV-00090,CC-100 Operaciones,Carla Soto 09 00001001
865,2026-04-20,2100,Cuentas por pagar,0.00,96235.92,Registro factura INV-00309,INV-00309,CC-100 Operaciones,Carla Soto 03 00001001
866,2026-05-09,1180,IVA acreditable,2658.56,0.00,Registro factura INV-00054,INV-00054,CC-100 Operaciones,Fabian Rios 06 00001001
867,2026-04-07,2100,Cuentas por pagar,0.00,96382.08,Registro factura INV-00131,INV-00131,CC-100 Operaciones,Diego Luna 10 00001001
868,2026-05-24,5000,Gastos operativos,21948.00,0.00,Registro factura INV-00336,INV-00336,CC-100 Operaciones,Carla Soto 03 00001001
869,2026-04-08,2100,Cuentas por pagar,59806.12,0.00,Pago factura INV-00019,INV-00019,CC-100 Operaciones,Bruno Garcia 02 00001001
870,2026-04-03,2100,Cuentas por pagar,73671.60,0.00,Pago factura INV-00297,INV-00297,CC-100 Operaciones,Bruno Garcia 02 00001001
871,2026-05-02,1020,Bancos,0.00,15081.16,Pago factura INV-00353,INV-00353,CC-100 Operaciones,Bruno Garcia 02 00001001
872,2026-05-13,1180,IVA acreditable,15198.08,0.00,Registro factura INV-00359,INV-00359,CC-100 Operaciones,Bruno Garcia 02 00001001
873,2026-05-17,1180,IVA acreditable,3963.36,0.00,Registro factura INV-00172,INV-00172,CC-100 Operaciones,Bruno Garcia 08 00001001
874,2026-03-17,1020,Bancos,0.00,88350.24,Pago factura INV-00059,INV-00059,CC-100 Operaciones,Bruno Garcia 02 00001001
875,2026-03-11,1020,Bancos,0.00,39532.80,Pago factura INV-00016,INV-00016,CC-100 Operaciones,Bruno Garcia 02 00001001
876,2026-02-12,1020,Bancos,0.00,84838.92,Pago factura INV-00080,INV-00080,CC-100 Operaciones,Bruno Garcia 02 00001001
877,2026-02-05,2100,Cuentas por pagar,0.00,107632.92,Registro factura INV-00160,INV-00160,CC-100 Operaciones,Ana Ruiz 07 00001001
878,2026-06-30,1020,Bancos,0.00,102124.08,Pago factura INV-00096,INV-00096,CC-100 Operaciones,Bruno Garcia 02 00001001
879,2026-06-08,1020,Bancos,0.00,79769.72,Pago factura INV-00036,INV-00036,CC-100 Operaciones,Bruno Garcia 02 00001001
880,2026-03-29,1020,Bancos,0.00,64447.28,Pago factura INV-00326,INV-00326,CC-100 Operaciones,Bruno Garcia 02 00001001
881,2026-06-03,2100,Cuentas por pagar,0.00,60869.84,Registro factura INV-00009,INV-00009,CC-100 Operaciones,Ana Ruiz 07 00001001
882,2026-06-30,1020,Bancos,0.00,62501.96,Pago factura INV-00259,INV-00259,CC-100 Operaciones,Bruno Garcia 02 00001001
883,2026-05-31,1180,IVA acreditable,6090.08,0.00,Registro factura INV-00346,INV-00346,CC-100 Operaciones,Diego Luna 10 00001001
884,2026-03-16,1180,IVA acreditable,9773.12,0.00,Registro factura INV-00170,INV-00170,CC-100 Operaciones,Fabian Rios 06 00001001
885,2026-03-24,2100,Cuentas por pagar,0.00,19314.00,Registro factura INV-00116,INV-00116,CC-100 Operaciones,Bruno Garcia 08 00001001
886,2026-01-23,5000,Gastos operativos,70054.00,0.00,Registro factura INV-00007,INV-00007,CC-100 Operaciones,Bruno Garcia 02 00001001
887,2026-01-13,5000,Gastos operativos,36581.00,0.00,Registro factura INV-00349,INV-00349,CC-100 Operaciones,Fabian Rios 06 00001001
888,2026-03-13,1020,Bancos,0.00,34448.52,Pago factura INV-00206,INV-00206,CC-100 Operaciones,Bruno Garcia 02 00001001
889,2026-03-08,2100,Cuentas por pagar,0.00,23467.96,Registro factura INV-00190,INV-00190,CC-100 Operaciones,Fabian Rios 06 00001001
890,2026-04-01,1180,IVA acreditable,2990.08,0.00,Registro factura INV-00263,INV-00263,CC-100 Operaciones,Bruno Garcia 02 00001001
891,2026-05-13,2100,Cuentas por pagar,0.00,110186.08,Registro factura INV-00359,INV-00359,CC-100 Operaciones,Bruno Garcia 02 00001001
892,2026-01-31,5000,Gastos operativos,75252.00,0.00,Registro factura INV-00304,INV-00304,CC-100 Operaciones,Diego Luna 04 00001001
893,2026-02-27,2100,Cuentas por pagar,0.00,20964.68,Registro factura INV-00245,INV-00245,CC-100 Operaciones,Carla Soto 09 00001001
894,2026-03-10,1180,IVA acreditable,9456.64,0.00,Registro factura INV-00029,INV-00029,CC-100 Operaciones,Bruno Garcia 08 00001001
895,2026-02-05,1180,IVA acreditable,14845.92,0.00,Registro factura INV-00160,INV-00160,CC-100 Operaciones,Ana Ruiz 07 00001001
896,2026-06-24,2100,Cuentas por pagar,0.00,20187.48,Registro factura INV-00004,INV-00004,CC-100 Operaciones,Bruno Garcia 02 00001001
897,2026-04-26,2100,Cuentas por pagar,66722.04,0.00,Pago factura INV-00328,INV-00328,CC-100 Operaciones,Bruno Garcia 02 00001001
898,2026-02-09,1180,IVA acreditable,6621.92,0.00,Registro factura INV-00017,INV-00017,CC-100 Operaciones,Ana Ruiz 01 00001001
899,2026-04-26,1180,IVA acreditable,14666.24,0.00,Registro factura INV-00077,INV-00077,CC-100 Operaciones,Ana Ruiz 01 00001001
900,2026-03-28,2100,Cuentas por pagar,44550.96,0.00,Pago factura INV-00148,INV-00148,CC-100 Operaciones,Bruno Garcia 02 00001001
901,2026-01-09,5000,Gastos operativos,83992.00,0.00,Registro factura INV-00015,INV-00015,CC-100 Operaciones,Bruno Garcia 02 00001001
902,2026-04-08,1180,IVA acreditable,9686.08,0.00,Registro factura INV-00165,INV-00165,CC-100 Operaciones,Elena Mora 05 00001001
903,2026-01-31,1020,Bancos,0.00,34870.76,Pago factura INV-00048,INV-00048,CC-100 Operaciones,Bruno Garcia 02 00001001
904,2026-04-29,1020,Bancos,0.00,79878.76,Pago factura INV-00271,INV-00271,CC-100 Operaciones,Bruno Garcia 02 00001001
905,2026-06-15,2100,Cuentas por pagar,0.00,67558.40,Registro factura INV-00001,INV-00001,CC-100 Operaciones,Ana Ruiz 07 00001001
906,2026-03-20,1180,IVA acreditable,4037.92,0.00,Registro factura INV-00224,INV-00224,CC-100 Operaciones,Bruno Garcia 02 00001001
907,2026-03-20,1180,IVA acreditable,9706.40,0.00,Registro factura INV-00334,INV-00334,CC-100 Operaciones,Diego Luna 04 00001001
908,2026-02-28,1020,Bancos,0.00,54264.80,Pago factura INV-00215,INV-00215,CC-100 Operaciones,Bruno Garcia 02 00001001
909,2026-03-09,2100,Cuentas por pagar,20964.68,0.00,Pago factura INV-00245,INV-00245,CC-100 Operaciones,Bruno Garcia 02 00001001
910,2026-06-29,2100,Cuentas por pagar,0.00,102124.08,Registro factura INV-00096,INV-00096,CC-100 Operaciones,Ana Ruiz 07 00001001
911,2026-03-13,1180,IVA acreditable,7539.84,0.00,Registro factura INV-00141,INV-00141,CC-100 Operaciones,Carla Soto 09 00001001
912,2026-02-18,1180,IVA acreditable,7484.80,0.00,Registro factura INV-00215,INV-00215,CC-100 Operaciones,Bruno Garcia 02 00001001
913,2026-02-15,1020,Bancos,0.00,107632.92,Pago factura INV-00160,INV-00160,CC-100 Operaciones,Bruno Garcia 02 00001001
914,2026-04-11,1020,Bancos,0.00,17170.32,Pago factura INV-00122,INV-00122,CC-100 Operaciones,Bruno Garcia 02 00001001
915,2026-04-22,1020,Bancos,0.00,82647.68,Pago factura INV-00306,INV-00306,CC-100 Operaciones,Bruno Garcia 02 00001001
916,2026-03-16,5000,Gastos operativos,61082.00,0.00,Registro factura INV-00170,INV-00170,CC-100 Operaciones,Fabian Rios 06 00001001
917,2026-06-12,1020,Bancos,0.00,82009.68,Pago factura INV-00187,INV-00187,CC-100 Operaciones,Bruno Garcia 02 00001001
918,2026-02-16,2080,IVA trasladado,0.00,9840.00,Registro venta INV-00112,INV-00112,CC-100 Operaciones,Bruno Garcia 02 00001001
919,2026-02-20,2100,Cuentas por pagar,0.00,109811.40,Registro factura INV-00344,INV-00344,CC-100 Operaciones,Diego Luna 04 00001001
920,2026-05-28,1180,IVA acreditable,12724.48,0.00,Registro factura INV-00291,INV-00291,CC-100 Operaciones,Carla Soto 09 00001001
921,2026-06-18,2100,Cuentas por pagar,0.00,107965.84,Registro factura INV-00134,INV-00134,CC-100 Operaciones,Fabian Rios 06 00001001
922,2026-06-03,2100,Cuentas por pagar,0.00,32027.60,Registro factura INV-00201,INV-00201,CC-100 Operaciones,Carla Soto 09 00001001
923,2026-01-24,1020,Bancos,0.00,107309.28,Pago factura INV-00005,INV-00005,CC-100 Operaciones,Bruno Garcia 02 00001001
924,2026-05-25,5000,Gastos operativos,70559.00,0.00,Registro factura INV-00176,INV-00176,CC-100 Operaciones,Diego Luna 10 00001001
925,2026-03-10,1020,Bancos,0.00,16968.48,Pago factura INV-00107,INV-00107,CC-100 Operaciones,Bruno Garcia 02 00001001
926,2026-02-16,5000,Gastos operativos,80011.00,0.00,Registro factura INV-00070,INV-00070,CC-100 Operaciones,Fabian Rios 06 00001001
927,2026-01-20,2100,Cuentas por pagar,0.00,27797.08,Registro factura INV-00035,INV-00035,CC-100 Operaciones,Ana Ruiz 01 00001001
928,2026-04-10,1020,Bancos,0.00,26139.44,Pago factura INV-00168,INV-00168,CC-100 Operaciones,Bruno Garcia 02 00001001
929,2026-04-05,1180,IVA acreditable,7056.64,0.00,Registro factura INV-00319,INV-00319,CC-100 Operaciones,Elena Mora 05 00001001
930,2026-04-05,5000,Gastos operativos,80136.00,0.00,Registro factura INV-00261,INV-00261,CC-100 Operaciones,Fabian Rios 06 00001001
931,2026-03-25,2100,Cuentas por pagar,23013.24,0.00,Pago factura INV-00119,INV-00119,CC-100 Operaciones,Bruno Garcia 02 00001001
932,2026-06-24,5000,Gastos operativos,17403.00,0.00,Registro factura INV-00004,INV-00004,CC-100 Operaciones,Bruno Garcia 02 00001001
933,2026-05-12,2100,Cuentas por pagar,82041.00,0.00,Pago factura INV-00212,INV-00212,CC-100 Operaciones,Bruno Garcia 02 00001001
934,2026-06-15,2100,Cuentas por pagar,51160.64,0.00,Pago factura INV-00189,INV-00189,CC-100 Operaciones,Bruno Garcia 02 00001001
935,2026-03-26,2100,Cuentas por pagar,37882.12,0.00,Pago factura INV-00069,INV-00069,CC-100 Operaciones,Bruno Garcia 02 00001001
936,2026-03-17,1180,IVA acreditable,7031.36,0.00,Registro factura INV-00211,INV-00211,CC-100 Operaciones,Elena Mora 05 00001001
937,2026-02-18,2100,Cuentas por pagar,47249.12,0.00,Pago factura INV-00180,INV-00180,CC-100 Operaciones,Bruno Garcia 02 00001001
938,2026-05-05,2100,Cuentas por pagar,0.00,23108.36,Registro factura INV-00169,INV-00169,CC-100 Operaciones,Bruno Garcia 02 00001001
939,2026-03-05,5000,Gastos operativos,65304.00,0.00,Registro factura INV-00076,INV-00076,CC-100 Operaciones,Elena Mora 05 00001001
940,2026-05-30,1020,Bancos,0.00,23738.24,Pago factura INV-00204,INV-00204,CC-100 Operaciones,Bruno Garcia 02 00001001
941,2026-02-11,2100,Cuentas por pagar,68558.32,0.00,Pago factura INV-00132,INV-00132,CC-100 Operaciones,Bruno Garcia 02 00001001
942,2026-04-15,1020,Bancos,0.00,87618.28,Pago factura INV-00150,INV-00150,CC-100 Operaciones,Bruno Garcia 02 00001001
943,2026-02-14,5000,Gastos operativos,73992.00,0.00,Registro factura INV-00067,INV-00067,CC-100 Operaciones,Fabian Rios 06 00001001
944,2026-05-30,2100,Cuentas por pagar,23738.24,0.00,Pago factura INV-00204,INV-00204,CC-100 Operaciones,Bruno Garcia 02 00001001
945,2026-05-26,5000,Gastos operativos,92981.00,0.00,Registro factura INV-00126,INV-00126,CC-100 Operaciones,Ana Ruiz 07 00001001
946,2026-06-12,1180,IVA acreditable,1966.40,0.00,Registro factura INV-00182,INV-00182,CC-100 Operaciones,Fabian Rios 06 00001001
947,2026-04-10,2100,Cuentas por pagar,26139.44,0.00,Pago factura INV-00168,INV-00168,CC-100 Operaciones,Bruno Garcia 02 00001001
948,2026-03-31,2100,Cuentas por pagar,0.00,75745.68,Registro factura INV-00265,INV-00265,CC-100 Operaciones,Carla Soto 03 00001001
949,2026-05-02,2100,Cuentas por pagar,29071.92,0.00,Pago factura INV-00104,INV-00104,CC-100 Operaciones,Bruno Garcia 02 00001001
950,2026-01-22,5000,Gastos operativos,15696.00,0.00,Registro factura INV-00195,INV-00195,CC-100 Operaciones,Elena Mora 05 00001001
951,2026-04-07,1180,IVA acreditable,10327.84,0.00,Registro factura INV-00320,INV-00320,CC-100 Operaciones,Bruno Garcia 08 00001001
952,2026-05-08,2100,Cuentas por pagar,0.00,63702.56,Registro factura INV-00163,INV-00163,CC-100 Operaciones,Ana Ruiz 01 00001001
953,2026-01-28,1020,Bancos,0.00,104055.48,Pago factura INV-00233,INV-00233,CC-100 Operaciones,Bruno Garcia 02 00001001
954,2026-04-02,5000,Gastos operativos,26587.00,0.00,Registro factura INV-00147,INV-00147,CC-100 Operaciones,Ana Ruiz 07 00001001
955,2026-02-25,1020,Bancos,71340.00,0.00,Cobro factura INV-00112,INV-00112,CC-100 Operaciones,Bruno Garcia 02 00001001
956,2026-03-01,5000,Gastos operativos,34080.00,0.00,Registro factura INV-00016,INV-00016,CC-100 Operaciones,Ana Ruiz 01 00001001
957,2026-06-04,1180,IVA acreditable,12070.40,0.00,Registro factura INV-00332,INV-00332,CC-100 Operaciones,Diego Luna 04 00001001
958,2026-02-13,5000,Gastos operativos,64837.00,0.00,Registro factura INV-00226,INV-00226,CC-100 Operaciones,Carla Soto 09 00001001
959,2026-02-12,1020,Bancos,0.00,99623.12,Pago factura INV-00222,INV-00222,CC-100 Operaciones,Bruno Garcia 02 00001001
960,2026-06-16,2100,Cuentas por pagar,0.00,96485.32,Registro factura INV-00028,INV-00028,CC-100 Operaciones,Diego Luna 10 00001001
961,2026-03-16,1020,Bancos,0.00,101219.28,Pago factura INV-00272,INV-00272,CC-100 Operaciones,Bruno Garcia 02 00001001
962,2026-03-22,1020,Bancos,0.00,80269.68,Pago factura INV-00041,INV-00041,CC-100 Operaciones,Bruno Garcia 02 00001001
963,2026-04-22,2100,Cuentas por pagar,0.00,29071.92,Registro factura INV-00104,INV-00104,CC-100 Operaciones,Elena Mora 05 00001001
964,2026-06-30,2100,Cuentas por pagar,65211.72,0.00,Pago factura INV-00065,INV-00065,CC-100 Operaciones,Bruno Garcia 02 00001001
965,2026-03-28,1180,IVA acreditable,3159.04,0.00,Registro factura INV-00174,INV-00174,CC-100 Operaciones,Diego Luna 04 00001001
966,2026-01-05,5000,Gastos operativos,42924.00,0.00,Registro factura INV-00181,INV-00181,CC-100 Operaciones,Diego Luna 04 00001001
967,2026-06-17,1020,Bancos,0.00,44487.16,Pago factura INV-00052,INV-00052,CC-100 Operaciones,Bruno Garcia 02 00001001
968,2026-04-26,1020,Bancos,0.00,70435.20,Pago factura INV-00123,INV-00123,CC-100 Operaciones,Bruno Garcia 02 00001001
969,2026-03-27,2100,Cuentas por pagar,0.00,43341.08,Registro factura INV-00323,INV-00323,CC-100 Operaciones,Carla Soto 09 00001001
970,2026-02-05,1180,IVA acreditable,6826.56,0.00,Registro factura INV-00355,INV-00355,CC-100 Operaciones,Elena Mora 05 00001001
971,2026-05-01,2100,Cuentas por pagar,0.00,85962.96,Registro factura INV-00162,INV-00162,CC-100 Operaciones,Fabian Rios 06 00001001
972,2026-06-11,1180,IVA acreditable,13991.36,0.00,Registro factura INV-00300,INV-00300,CC-100 Operaciones,Ana Ruiz 01 00001001
973,2026-01-23,1020,Bancos,0.00,19916.74,Pago factura INV-00181,INV-00181,CC-100 Operaciones,Bruno Garcia 02 00001001
974,2026-03-12,1180,IVA acreditable,13223.68,0.00,Registro factura INV-00086,INV-00086,CC-100 Operaciones,Diego Luna 04 00001001
975,2026-01-31,2100,Cuentas por pagar,0.00,87292.32,Registro factura INV-00304,INV-00304,CC-100 Operaciones,Diego Luna 04 00001001
976,2026-06-05,5000,Gastos operativos,19921.00,0.00,Registro factura INV-00313,INV-00313,CC-100 Operaciones,Carla Soto 03 00001001
977,2026-04-15,1020,Bancos,0.00,23108.36,Pago factura INV-00109,INV-00109,CC-100 Operaciones,Bruno Garcia 02 00001001
978,2026-03-30,2100,Cuentas por pagar,0.00,38676.72,Registro factura INV-00217,INV-00217,CC-100 Operaciones,Diego Luna 10 00001001
979,2026-05-06,2100,Cuentas por pagar,106330.24,0.00,Pago factura INV-00077,INV-00077,CC-100 Operaciones,Bruno Garcia 02 00001001
980,2026-06-26,5000,Gastos operativos,45687.00,0.00,Registro factura INV-00199,INV-00199,CC-100 Operaciones,Fabian Rios 06 00001001
981,2026-01-12,1020,Bancos,0.00,29875.10,Pago factura INV-00181,INV-00181,CC-100 Operaciones,Bruno Garcia 02 00001001
982,2026-04-20,1020,Bancos,0.00,107700.20,Pago factura INV-00236,INV-00236,CC-100 Operaciones,Bruno Garcia 02 00001001
983,2026-06-11,1180,IVA acreditable,11410.72,0.00,Registro factura INV-00270,INV-00270,CC-100 Operaciones,Carla Soto 09 00001001
984,2026-02-02,2100,Cuentas por pagar,99388.80,0.00,Pago factura INV-00310,INV-00310,CC-100 Operaciones,Bruno Garcia 02 00001001
985,2026-01-27,2100,Cuentas por pagar,0.00,76430.08,Registro factura INV-00301,INV-00301,CC-100 Operaciones,Bruno Garcia 08 00001001
986,2026-06-11,2100,Cuentas por pagar,0.00,82727.72,Registro factura INV-00270,INV-00270,CC-100 Operaciones,Carla Soto 09 00001001
987,2026-05-18,1020,Bancos,0.00,63702.56,Pago factura INV-00163,INV-00163,CC-100 Operaciones,Bruno Garcia 02 00001001
988,2026-04-17,1020,Bancos,0.00,96382.08,Pago factura INV-00131,INV-00131,CC-100 Operaciones,Bruno Garcia 02 00001001
989,2026-04-16,2100,Cuentas por pagar,0.00,66722.04,Registro factura INV-00328,INV-00328,CC-100 Operaciones,Carla Soto 09 00001001
990,2026-03-09,1180,IVA acreditable,13744.96,0.00,Registro factura INV-00337,INV-00337,CC-100 Operaciones,Ana Ruiz 01 00001001
991,2026-02-21,5000,Gastos operativos,28035.00,0.00,Registro factura INV-00046,INV-00046,CC-100 Operaciones,Carla Soto 09 00001001
992,2026-03-12,2100,Cuentas por pagar,30696.38,0.00,Pago factura INV-00087,INV-00087,CC-100 Operaciones,Bruno Garcia 02 00001001
993,2026-04-22,2100,Cuentas por pagar,0.00,15081.16,Registro factura INV-00353,INV-00353,CC-100 Operaciones,Ana Ruiz 07 00001001
994,2026-01-30,2100,Cuentas por pagar,0.00,94412.40,Registro factura INV-00039,INV-00039,CC-100 Operaciones,Ana Ruiz 07 00001001
995,2026-02-08,2100,Cuentas por pagar,18453.28,0.00,Pago factura INV-00027,INV-00027,CC-100 Operaciones,Bruno Garcia 02 00001001
996,2026-06-15,1020,Bancos,0.00,41804.08,Pago factura INV-00136,INV-00136,CC-100 Operaciones,Bruno Garcia 02 00001001
997,2026-01-24,1180,IVA acreditable,13335.52,0.00,Registro factura INV-00242,INV-00242,CC-100 Operaciones,Carla Soto 09 00001001
998,2026-04-20,2100,Cuentas por pagar,30070.68,0.00,Pago factura INV-00324,INV-00324,CC-100 Operaciones,Bruno Garcia 02 00001001
999,2026-05-13,1180,IVA acreditable,14270.88,0.00,Registro factura INV-00356,INV-00356,CC-100 Operaciones,Diego Luna 04 00001001
1000,2026-05-10,2100,Cuentas por pagar,0.00,106330.24,Registro factura INV-00121,INV-00121,CC-100 Operaciones,Ana Ruiz 01 00001001
1001,2026-05-30,1020,Bancos,0.00,43569.60,Pago factura INV-00089,INV-00089,CC-100 Operaciones,Bruno Garcia 02 00001001
1002,2026-06-22,2100,Cuentas por pagar,0.00,50541.20,Registro factura INV-00143,INV-00143,CC-100 Operaciones,Diego Luna 10 00001001
1003,2026-06-18,2100,Cuentas por pagar,0.00,91854.60,Registro factura INV-00128,INV-00128,CC-100 Operaciones,Diego Luna 04 00001001
1004,2026-04-19,2100,Cuentas por pagar,0.00,79878.76,Registro factura INV-00271,INV-00271,CC-100 Operaciones,Fabian Rios 06 00001001
1005,2026-05-02,2100,Cuentas por pagar,0.00,95776.56,Registro factura INV-00314,INV-00314,CC-100 Operaciones,Carla Soto 03 00001001
1006,2026-05-10,2100,Cuentas por pagar,41625.44,0.00,Pago factura INV-00040,INV-00040,CC-100 Operaciones,Bruno Garcia 02 00001001
1007,2026-02-06,2100,Cuentas por pagar,0.00,88910.52,Registro factura INV-00232,INV-00232,CC-100 Operaciones,Diego Luna 04 00001001
1008,2026-02-10,1020,Bancos,0.00,98393.52,Pago factura INV-00278,INV-00278,CC-100 Operaciones,Bruno Garcia 02 00001001
1009,2026-04-01,1020,Bancos,0.00,25573.36,Pago factura INV-00197,INV-00197,CC-100 Operaciones,Bruno Garcia 02 00001001
1010,2026-03-09,1180,IVA acreditable,7224.48,0.00,Registro factura INV-00252,INV-00252,CC-100 Operaciones,Carla Soto 03 00001001
1011,2026-03-31,2100,Cuentas por pagar,0.00,26139.44,Registro factura INV-00168,INV-00168,CC-100 Operaciones,Elena Mora 05 00001001
1012,2026-06-10,5000,Gastos operativos,26135.00,0.00,Registro factura INV-00151,INV-00151,CC-100 Operaciones,Diego Luna 04 00001001
1013,2026-06-15,1180,IVA acreditable,4380.00,0.00,Registro factura INV-00288,INV-00288,CC-100 Operaciones,Elena Mora 05 00001001
1014,2026-04-28,2100,Cuentas por pagar,0.00,90048.48,Registro factura INV-00055,INV-00055,CC-100 Operaciones,Elena Mora 05 00001001
1015,2026-05-01,1180,IVA acreditable,8900.16,0.00,Registro factura INV-00155,INV-00155,CC-100 Operaciones,Diego Luna 04 00001001
1016,2026-03-24,1180,IVA acreditable,10161.60,0.00,Registro factura INV-00297,INV-00297,CC-100 Operaciones,Diego Luna 10 00001001
1017,2026-03-30,5000,Gastos operativos,33342.00,0.00,Registro factura INV-00217,INV-00217,CC-100 Operaciones,Diego Luna 10 00001001
1018,2026-04-05,2100,Cuentas por pagar,0.00,23108.36,Registro factura INV-00109,INV-00109,CC-100 Operaciones,Ana Ruiz 01 00001001
1019,2026-02-13,2100,Cuentas por pagar,0.00,52230.16,Registro factura INV-00053,INV-00053,CC-100 Operaciones,Ana Ruiz 07 00001001
1020,2026-06-04,2100,Cuentas por pagar,81848.44,0.00,Pago factura INV-00176,INV-00176,CC-100 Operaciones,Bruno Garcia 02 00001001
1021,2026-06-14,5000,Gastos operativos,28539.00,0.00,Registro factura INV-00220,INV-00220,CC-100 Operaciones,Bruno Garcia 08 00001001
1022,2026-06-10,2100,Cuentas por pagar,23568.88,0.00,Pago factura INV-00045,INV-00045,CC-100 Operaciones,Bruno Garcia 02 00001001
1023,2026-02-09,1180,IVA acreditable,2615.68,0.00,Registro factura INV-00032,INV-00032,CC-100 Operaciones,Carla Soto 03 00001001
1024,2026-02-14,2100,Cuentas por pagar,82756.72,0.00,Pago factura INV-00230,INV-00230,CC-100 Operaciones,Bruno Garcia 02 00001001
1025,2026-02-28,1020,Bancos,0.00,18434.72,Pago factura INV-00202,INV-00202,CC-100 Operaciones,Bruno Garcia 02 00001001
1026,2026-03-17,1020,Bancos,0.00,54159.24,Pago factura INV-00044,INV-00044,CC-100 Operaciones,Bruno Garcia 02 00001001
1027,2026-03-04,1180,IVA acreditable,11580.80,0.00,Registro factura INV-00285,INV-00285,CC-100 Operaciones,Diego Luna 10 00001001
1028,2026-02-11,1020,Bancos,0.00,95826.44,Pago factura INV-00118,INV-00118,CC-100 Operaciones,Bruno Garcia 02 00001001
1029,2026-02-24,5000,Gastos operativos,55274.00,0.00,Registro factura INV-00078,INV-00078,CC-100 Operaciones,Bruno Garcia 08 00001001
1030,2026-04-21,2100,Cuentas por pagar,0.00,59581.08,Registro factura INV-00360,INV-00360,CC-100 Operaciones,Diego Luna 10 00001001
1031,2026-03-07,2100,Cuentas por pagar,0.00,54159.24,Registro factura INV-00044,INV-00044,CC-100 Operaciones,Ana Ruiz 01 00001001
1032,2026-06-12,2100,Cuentas por pagar,0.00,14256.40,Registro factura INV-00182,INV-00182,CC-100 Operaciones,Fabian Rios 06 00001001
1033,2026-05-09,2100,Cuentas por pagar,44187.88,0.00,Pago factura INV-00038,INV-00038,CC-100 Operaciones,Bruno Garcia 02 00001001
1034,2026-01-19,5000,Gastos operativos,88921.00,0.00,Registro factura INV-00145,INV-00145,CC-100 Operaciones,Bruno Garcia 08 00001001
1035,2026-04-23,1020,Bancos,0.00,31325.80,Pago factura INV-00295,INV-00295,CC-100 Operaciones,Bruno Garcia 02 00001001
1036,2026-05-02,2100,Cuentas por pagar,0.00,82041.00,Registro factura INV-00212,INV-00212,CC-100 Operaciones,Ana Ruiz 01 00001001
1037,2026-04-15,1020,Bancos,0.00,92957.76,Pago factura INV-00261,INV-00261,CC-100 Operaciones,Bruno Garcia 02 00001001
1038,2026-02-28,1180,IVA acreditable,2340.48,0.00,Registro factura INV-00107,INV-00107,CC-100 Operaciones,Fabian Rios 06 00001001
1039,2026-02-17,1180,IVA acreditable,7237.28,0.00,Registro factura INV-00031,INV-00031,CC-100 Operaciones,Carla Soto 03 00001001
1040,2026-05-02,1180,IVA acreditable,13210.56,0.00,Registro factura INV-00314,INV-00314,CC-100 Operaciones,Carla Soto 03 00001001
1041,2026-03-07,1020,Bancos,0.00,38681.36,Pago factura INV-00279,INV-00279,CC-100 Operaciones,Bruno Garcia 02 00001001
1042,2026-02-10,2100,Cuentas por pagar,0.00,17607.64,Registro factura INV-00156,INV-00156,CC-100 Operaciones,Diego Luna 10 00001001
1043,2026-04-17,1020,Bancos,0.00,74876.84,Pago factura INV-00320,INV-00320,CC-100 Operaciones,Bruno Garcia 02 00001001
1044,2026-06-20,2100,Cuentas por pagar,94285.96,0.00,Pago factura INV-00339,INV-00339,CC-100 Operaciones,Bruno Garcia 02 00001001
1045,2026-02-07,1180,IVA acreditable,11699.68,0.00,Registro factura INV-00227,INV-00227,CC-100 Operaciones,Carla Soto 09 00001001
1046,2026-01-24,2100,Cuentas por pagar,107309.28,0.00,Pago factura INV-00005,INV-00005,CC-100 Operaciones,Bruno Garcia 02 00001001
1047,2026-05-19,2100,Cuentas por pagar,19274.56,0.00,Pago factura INV-00054,INV-00054,CC-100 Operaciones,Bruno Garcia 02 00001001
1048,2026-06-14,2100,Cuentas por pagar,34384.72,0.00,Pago factura INV-00124,INV-00124,CC-100 Operaciones,Bruno Garcia 02 00001001
1049,2026-06-13,1020,Bancos,0.00,32027.60,Pago factura INV-00201,INV-00201,CC-100 Operaciones,Bruno Garcia 02 00001001
1050,2026-05-10,1020,Bancos,0.00,41625.44,Pago factura INV-00040,INV-00040,CC-100 Operaciones,Bruno Garcia 02 00001001
1051,2026-01-28,1180,IVA acreditable,5479.04,0.00,Registro factura INV-00239,INV-00239,CC-100 Operaciones,Elena Mora 05 00001001
1052,2026-04-26,5000,Gastos operativos,28263.00,0.00,Registro factura INV-00014,INV-00014,CC-100 Operaciones,Carla Soto 03 00001001
1053,2026-01-23,1020,Bancos,0.00,20464.26,Pago factura INV-00071,INV-00071,CC-100 Operaciones,Bruno Garcia 02 00001001
1054,2026-04-25,1180,IVA acreditable,3490.88,0.00,Registro factura INV-00316,INV-00316,CC-100 Operaciones,Bruno Garcia 08 00001001
1055,2026-02-22,5000,Gastos operativos,33909.00,0.00,Registro factura INV-00281,INV-00281,CC-100 Operaciones,Fabian Rios 06 00001001
1056,2026-05-26,1020,Bancos,0.00,51620.00,Pago factura INV-00056,INV-00056,CC-100 Operaciones,Bruno Garcia 02 00001001
1057,2026-03-13,1020,Bancos,0.00,87692.52,Pago factura INV-00002,INV-00002,CC-100 Operaciones,Bruno Garcia 02 00001001
1058,2026-02-01,1180,IVA acreditable,9456.32,0.00,Registro factura INV-00132,INV-00132,CC-100 Operaciones,Ana Ruiz 01 00001001
1059,2026-06-28,2100,Cuentas por pagar,107965.84,0.00,Pago factura INV-00134,INV-00134,CC-100 Operaciones,Bruno Garcia 02 00001001
1060,2026-06-06,5000,Gastos operativos,21094.00,0.00,Registro factura INV-00091,INV-00091,CC-100 Operaciones,Bruno Garcia 08 00001001
1061,2026-06-15,1020,Bancos,0.00,49791.84,Pago factura INV-00358,INV-00358,CC-100 Operaciones,Bruno Garcia 02 00001001
1062,2026-03-29,2100,Cuentas por pagar,0.00,109526.04,Registro factura INV-00012,INV-00012,CC-100 Operaciones,Carla Soto 03 00001001
1063,2026-02-27,5000,Gastos operativos,89451.00,0.00,Registro factura INV-00246,INV-00246,CC-100 Operaciones,Ana Ruiz 07 00001001
1064,2026-05-12,2100,Cuentas por pagar,0.00,47025.24,Registro factura INV-00060,INV-00060,CC-100 Operaciones,Elena Mora 05 00001001
1065,2026-05-05,1180,IVA acreditable,3701.76,0.00,Registro factura INV-00254,INV-00254,CC-100 Operaciones,Bruno Garcia 02 00001001
1066,2026-02-19,1180,IVA acreditable,2292.96,0.00,Registro factura INV-00097,INV-00097,CC-100 Operaciones,Ana Ruiz 07 00001001
1067,2026-04-30,1180,IVA acreditable,11244.16,0.00,Registro factura INV-00090,INV-00090,CC-100 Operaciones,Carla Soto 09 00001001
1068,2026-06-23,2100,Cuentas por pagar,0.00,107095.84,Registro factura INV-00142,INV-00142,CC-100 Operaciones,Elena Mora 05 00001001
1069,2026-06-13,2100,Cuentas por pagar,32027.60,0.00,Pago factura INV-00201,INV-00201,CC-100 Operaciones,Bruno Garcia 02 00001001
1070,2026-03-11,1020,Bancos,0.00,81894.84,Pago factura INV-00084,INV-00084,CC-100 Operaciones,Bruno Garcia 02 00001001
1071,2026-05-20,2100,Cuentas por pagar,0.00,23738.24,Registro factura INV-00204,INV-00204,CC-100 Operaciones,Ana Ruiz 07 00001001
1072,2026-06-30,1020,Bancos,0.00,59624.00,Pago factura INV-00219,INV-00219,CC-100 Operaciones,Bruno Garcia 02 00001001
1073,2026-03-02,2100,Cuentas por pagar,31557.80,0.00,Pago factura INV-00200,INV-00200,CC-100 Operaciones,Bruno Garcia 02 00001001
1074,2026-02-17,5000,Gastos operativos,78717.00,0.00,Registro factura INV-00348,INV-00348,CC-100 Operaciones,Elena Mora 05 00001001
1075,2026-02-12,2100,Cuentas por pagar,99623.12,0.00,Pago factura INV-00222,INV-00222,CC-100 Operaciones,Bruno Garcia 02 00001001
1076,2026-06-10,1020,Bancos,0.00,44153.08,Pago factura INV-00346,INV-00346,CC-100 Operaciones,Bruno Garcia 02 00001001
1077,2026-03-26,5000,Gastos operativos,66042.00,0.00,Registro factura INV-00175,INV-00175,CC-100 Operaciones,Diego Luna 04 00001001
1078,2026-06-21,2100,Cuentas por pagar,0.00,87187.92,Registro factura INV-00113,INV-00113,CC-100 Operaciones,Elena Mora 05 00001001
1079,2026-01-19,1180,IVA acreditable,3600.00,0.00,Registro factura INV-00249,INV-00249,CC-100 Operaciones,Carla Soto 09 00001001
1080,2026-03-01,1020,Bancos,0.00,16623.96,Pago factura INV-00097,INV-00097,CC-100 Operaciones,Bruno Garcia 02 00001001
1081,2026-01-25,1020,Bancos,0.00,97089.68,Pago factura INV-00216,INV-00216,CC-100 Operaciones,Bruno Garcia 02 00001001
1082,2026-03-11,2100,Cuentas por pagar,39532.80,0.00,Pago factura INV-00016,INV-00016,CC-100 Operaciones,Bruno Garcia 02 00001001
1083,2026-04-19,5000,Gastos operativos,87917.00,0.00,Registro factura INV-00342,INV-00342,CC-100 Operaciones,Bruno Garcia 08 00001001
1084,2026-06-30,2100,Cuentas por pagar,90446.36,0.00,Pago factura INV-00034,INV-00034,CC-100 Operaciones,Bruno Garcia 02 00001001
1085,2026-05-14,2100,Cuentas por pagar,33453.24,0.00,Pago factura INV-00240,INV-00240,CC-100 Operaciones,Bruno Garcia 02 00001001
1086,2026-04-04,1020,Bancos,0.00,28148.56,Pago factura INV-00093,INV-00093,CC-100 Operaciones,Bruno Garcia 02 00001001
1087,2026-01-14,2100,Cuentas por pagar,0.00,107309.28,Registro factura INV-00005,INV-00005,CC-100 Operaciones,Carla Soto 03 00001001
1088,2026-04-18,1020,Bancos,0.00,91991.48,Pago factura INV-00092,INV-00092,CC-100 Operaciones,Bruno Garcia 02 00001001
1089,2026-02-21,1180,IVA acreditable,4485.60,0.00,Registro factura INV-00046,INV-00046,CC-100 Operaciones,Carla Soto 09 00001001
1090,2026-03-01,1020,Bancos,0.00,66919.24,Pago factura INV-00188,INV-00188,CC-100 Operaciones,Bruno Garcia 02 00001001
1091,2026-01-13,1180,IVA acreditable,14782.08,0.00,Registro factura INV-00194,INV-00194,CC-100 Operaciones,Bruno Garcia 08 00001001
1092,2026-04-21,1020,Bancos,0.00,99280.92,Pago factura INV-00250,INV-00250,CC-100 Operaciones,Bruno Garcia 02 00001001
1093,2026-02-25,5000,Gastos operativos,33346.00,0.00,Registro factura INV-00279,INV-00279,CC-100 Operaciones,Ana Ruiz 07 00001001
1094,2026-05-04,5000,Gastos operativos,57501.00,0.00,Registro factura INV-00213,INV-00213,CC-100 Operaciones,Elena Mora 05 00001001
1095,2026-03-22,1020,Bancos,0.00,95871.68,Pago factura INV-00086,INV-00086,CC-100 Operaciones,Bruno Garcia 02 00001001
1096,2026-03-19,5000,Gastos operativos,47781.00,0.00,Registro factura INV-00179,INV-00179,CC-100 Operaciones,Carla Soto 09 00001001
1097,2026-05-10,5000,Gastos operativos,91664.00,0.00,Registro factura INV-00121,INV-00121,CC-100 Operaciones,Ana Ruiz 01 00001001
1098,2026-01-22,2100,Cuentas por pagar,44758.60,0.00,Pago factura INV-00275,INV-00275,CC-100 Operaciones,Bruno Garcia 02 00001001
1099,2026-04-30,5000,Gastos operativos,35884.00,0.00,Registro factura INV-00040,INV-00040,CC-100 Operaciones,Ana Ruiz 07 00001001
1100,2026-06-22,5000,Gastos operativos,43570.00,0.00,Registro factura INV-00143,INV-00143,CC-100 Operaciones,Diego Luna 10 00001001
1101,2026-01-13,1180,IVA acreditable,5852.96,0.00,Registro factura INV-00349,INV-00349,CC-100 Operaciones,Fabian Rios 06 00001001
1102,2026-02-07,1020,Bancos,0.00,39723.04,Pago factura INV-00239,INV-00239,CC-100 Operaciones,Bruno Garcia 02 00001001
1103,2026-01-09,5000,Gastos operativos,37956.00,0.00,Registro factura INV-00020,INV-00020,CC-100 Operaciones,Diego Luna 10 00001001
1104,2026-02-16,1180,IVA acreditable,5676.16,0.00,Registro factura INV-00241,INV-00241,CC-100 Operaciones,Bruno Garcia 08 00001001
1105,2026-01-20,1020,Bancos,0.00,78167.76,Pago factura INV-00075,INV-00075,CC-100 Operaciones,Bruno Garcia 02 00001001
1106,2026-02-20,2100,Cuentas por pagar,0.00,31557.80,Registro factura INV-00200,INV-00200,CC-100 Operaciones,Bruno Garcia 02 00001001
1107,2026-02-01,1020,Bancos,0.00,58286.52,Pago factura INV-00144,INV-00144,CC-100 Operaciones,Bruno Garcia 02 00001001
1108,2026-06-25,2100,Cuentas por pagar,67558.40,0.00,Pago factura INV-00001,INV-00001,CC-100 Operaciones,Bruno Garcia 02 00001001
1109,2026-05-18,2100,Cuentas por pagar,0.00,14780.72,Registro factura INV-00049,INV-00049,CC-100 Operaciones,Carla Soto 03 00001001
1110,2026-03-24,2100,Cuentas por pagar,0.00,73671.60,Registro factura INV-00297,INV-00297,CC-100 Operaciones,Diego Luna 10 00001001
1111,2026-01-26,1020,Bancos,0.00,56685.72,Pago factura INV-00178,INV-00178,CC-100 Operaciones,Bruno Garcia 02 00001001
1112,2026-04-08,2100,Cuentas por pagar,0.00,91991.48,Registro factura INV-00092,INV-00092,CC-100 Operaciones,Ana Ruiz 07 00001001
1113,2026-05-26,2100,Cuentas por pagar,51620.00,0.00,Pago factura INV-00056,INV-00056,CC-100 Operaciones,Bruno Garcia 02 00001001
1114,2026-06-05,2100,Cuentas por pagar,32367.48,0.00,Pago factura INV-00333,INV-00333,CC-100 Operaciones,Bruno Garcia 02 00001001
1115,2026-02-07,2100,Cuentas por pagar,0.00,84822.68,Registro factura INV-00227,INV-00227,CC-100 Operaciones,Carla Soto 09 00001001
1116,2026-06-17,2100,Cuentas por pagar,44487.16,0.00,Pago factura INV-00052,INV-00052,CC-100 Operaciones,Bruno Garcia 02 00001001
1117,2026-04-27,2100,Cuentas por pagar,0.00,30315.44,Registro factura INV-00345,INV-00345,CC-100 Operaciones,Bruno Garcia 08 00001001
1118,2026-04-16,2100,Cuentas por pagar,0.00,70435.20,Registro factura INV-00123,INV-00123,CC-100 Operaciones,Ana Ruiz 07 00001001
1119,2026-03-03,1020,Bancos,0.00,32520.60,Pago factura INV-00046,INV-00046,CC-100 Operaciones,Bruno Garcia 02 00001001
1120,2026-01-30,2100,Cuentas por pagar,0.00,107469.36,Registro factura INV-00203,INV-00203,CC-100 Operaciones,Carla Soto 09 00001001
1121,2026-02-20,1020,Bancos,0.00,17607.64,Pago factura INV-00156,INV-00156,CC-100 Operaciones,Bruno Garcia 02 00001001
1122,2026-01-18,5000,Gastos operativos,89703.00,0.00,Registro factura INV-00233,INV-00233,CC-100 Operaciones,Ana Ruiz 01 00001001
1123,2026-06-26,5000,Gastos operativos,50678.00,0.00,Registro factura INV-00299,INV-00299,CC-100 Operaciones,Bruno Garcia 08 00001001
1124,2026-06-01,1020,Bancos,0.00,14699.52,Pago factura INV-00127,INV-00127,CC-100 Operaciones,Bruno Garcia 02 00001001
1125,2026-01-23,1020,Bancos,0.00,107170.08,Pago factura INV-00194,INV-00194,CC-100 Operaciones,Bruno Garcia 02 00001001
1126,2026-03-14,1020,Bancos,0.00,108266.28,Pago factura INV-00214,INV-00214,CC-100 Operaciones,Bruno Garcia 02 00001001
1127,2026-03-10,1180,IVA acreditable,4112.64,0.00,Registro factura INV-00286,INV-00286,CC-100 Operaciones,Diego Luna 10 00001001
1128,2026-04-11,5000,Gastos operativos,85587.00,0.00,Registro factura INV-00250,INV-00250,CC-100 Operaciones,Fabian Rios 06 00001001
1129,2026-01-17,2100,Cuentas por pagar,0.00,73523.12,Registro factura INV-00115,INV-00115,CC-100 Operaciones,Bruno Garcia 02 00001001
1130,2026-04-11,2100,Cuentas por pagar,0.00,33621.44,Registro factura INV-00223,INV-00223,CC-100 Operaciones,Diego Luna 04 00001001
1131,2026-03-05,1020,Bancos,0.00,47069.32,Pago factura INV-00110,INV-00110,CC-100 Operaciones,Bruno Garcia 02 00001001
1132,2026-04-25,2100,Cuentas por pagar,0.00,25308.88,Registro factura INV-00316,INV-00316,CC-100 Operaciones,Bruno Garcia 08 00001001
1133,2026-04-18,2100,Cuentas por pagar,0.00,100904.92,Registro factura INV-00139,INV-00139,CC-100 Operaciones,Carla Soto 09 00001001
1134,2026-04-01,1180,IVA acreditable,2368.32,0.00,Registro factura INV-00122,INV-00122,CC-100 Operaciones,Diego Luna 10 00001001
1135,2026-05-16,1020,Bancos,0.00,46347.80,Pago factura INV-00307,INV-00307,CC-100 Operaciones,Bruno Garcia 02 00001001
1136,2026-03-12,1020,Bancos,0.00,29875.10,Pago factura INV-00167,INV-00167,CC-100 Operaciones,Bruno Garcia 02 00001001
1137,2026-03-17,2100,Cuentas por pagar,0.00,50977.36,Registro factura INV-00211,INV-00211,CC-100 Operaciones,Elena Mora 05 00001001
1138,2026-03-06,5000,Gastos operativos,87258.00,0.00,Registro factura INV-00272,INV-00272,CC-100 Operaciones,Bruno Garcia 02 00001001
1139,2026-06-25,1020,Bancos,0.00,67558.40,Pago factura INV-00001,INV-00001,CC-100 Operaciones,Bruno Garcia 02 00001001
1140,2026-02-07,2100,Cuentas por pagar,39723.04,0.00,Pago factura INV-00239,INV-00239,CC-100 Operaciones,Bruno Garcia 02 00001001
1141,2026-02-16,1050,Cuentas por cobrar,71340.00,0.00,Registro venta INV-00112,INV-00112,CC-100 Operaciones,Bruno Garcia 02 00001001
1142,2026-06-09,5000,Gastos operativos,87939.00,0.00,Registro factura INV-00218,INV-00218,CC-100 Operaciones,Elena Mora 05 00001001
1143,2026-04-23,2100,Cuentas por pagar,25371.52,0.00,Pago factura INV-00325,INV-00325,CC-100 Operaciones,Bruno Garcia 02 00001001
1144,2026-05-25,2100,Cuentas por pagar,36328.88,0.00,Pago factura INV-00043,INV-00043,CC-100 Operaciones,Bruno Garcia 02 00001001
1145,2026-04-23,2100,Cuentas por pagar,0.00,22276.64,Registro factura INV-00081,INV-00081,CC-100 Operaciones,Bruno Garcia 02 00001001
1146,2026-03-03,1180,IVA acreditable,12095.52,0.00,Registro factura INV-00002,INV-00002,CC-100 Operaciones,Carla Soto 03 00001001
1147,2026-04-20,1180,IVA acreditable,13273.92,0.00,Registro factura INV-00309,INV-00309,CC-100 Operaciones,Carla Soto 03 00001001
1148,2026-02-10,1180,IVA acreditable,2428.64,0.00,Registro factura INV-00156,INV-00156,CC-100 Operaciones,Diego Luna 10 00001001
1149,2026-02-03,2100,Cuentas por pagar,90242.20,0.00,Pago factura INV-00171,INV-00171,CC-100 Operaciones,Bruno Garcia 02 00001001
1150,2026-03-04,1020,Bancos,0.00,38280.00,Pago factura INV-00177,INV-00177,CC-100 Operaciones,Bruno Garcia 02 00001001
1151,2026-02-23,5000,Gastos operativos,27664.00,0.00,Registro factura INV-00018,INV-00018,CC-100 Operaciones,Carla Soto 03 00001001
1152,2026-05-07,1020,Bancos,0.00,39691.72,Pago factura INV-00317,INV-00317,CC-100 Operaciones,Bruno Garcia 02 00001001
1153,2026-03-23,2100,Cuentas por pagar,74701.68,0.00,Pago factura INV-00277,INV-00277,CC-100 Operaciones,Bruno Garcia 02 00001001
1154,2026-04-05,1180,IVA acreditable,3187.36,0.00,Registro factura INV-00109,INV-00109,CC-100 Operaciones,Ana Ruiz 01 00001001
1155,2026-03-17,2100,Cuentas por pagar,88350.24,0.00,Pago factura INV-00059,INV-00059,CC-100 Operaciones,Bruno Garcia 02 00001001
1156,2026-02-11,5000,Gastos operativos,73447.00,0.00,Registro factura INV-00247,INV-00247,CC-100 Operaciones,Elena Mora 05 00001001
1157,2026-06-20,5000,Gastos operativos,56217.00,0.00,Registro factura INV-00065,INV-00065,CC-100 Operaciones,Fabian Rios 06 00001001
1158,2026-03-27,2100,Cuentas por pagar,50977.36,0.00,Pago factura INV-00211,INV-00211,CC-100 Operaciones,Bruno Garcia 02 00001001
1159,2026-03-24,1020,Bancos,0.00,41580.20,Pago factura INV-00099,INV-00099,CC-100 Operaciones,Bruno Garcia 02 00001001
1160,2026-06-18,5000,Gastos operativos,93074.00,0.00,Registro factura INV-00134,INV-00134,CC-100 Operaciones,Fabian Rios 06 00001001
1161,2026-06-13,2100,Cuentas por pagar,60869.84,0.00,Pago factura INV-00009,INV-00009,CC-100 Operaciones,Bruno Garcia 02 00001001
1162,2026-05-06,1180,IVA acreditable,6392.80,0.00,Registro factura INV-00307,INV-00307,CC-100 Operaciones,Ana Ruiz 07 00001001
1163,2026-04-23,5000,Gastos operativos,19204.00,0.00,Registro factura INV-00081,INV-00081,CC-100 Operaciones,Bruno Garcia 02 00001001
1164,2026-01-26,2100,Cuentas por pagar,56685.72,0.00,Pago factura INV-00178,INV-00178,CC-100 Operaciones,Bruno Garcia 02 00001001
1165,2026-02-24,1020,Bancos,0.00,85830.72,Pago factura INV-00067,INV-00067,CC-100 Operaciones,Bruno Garcia 02 00001001
1166,2026-02-17,5000,Gastos operativos,45233.00,0.00,Registro factura INV-00031,INV-00031,CC-100 Operaciones,Carla Soto 03 00001001
1167,2026-02-15,1020,Bancos,0.00,49791.84,Pago factura INV-00042,INV-00042,CC-100 Operaciones,Bruno Garcia 02 00001001
1168,2026-03-01,1180,IVA acreditable,5452.80,0.00,Registro factura INV-00016,INV-00016,CC-100 Operaciones,Ana Ruiz 01 00001001
1169,2026-04-18,5000,Gastos operativos,86987.00,0.00,Registro factura INV-00139,INV-00139,CC-100 Operaciones,Carla Soto 09 00001001
1170,2026-04-30,1020,Bancos,0.00,96235.92,Pago factura INV-00309,INV-00309,CC-100 Operaciones,Bruno Garcia 02 00001001
1171,2026-05-23,5000,Gastos operativos,24975.00,0.00,Registro factura INV-00129,INV-00129,CC-100 Operaciones,Fabian Rios 06 00001001
1172,2026-02-11,1180,IVA acreditable,11751.52,0.00,Registro factura INV-00247,INV-00247,CC-100 Operaciones,Elena Mora 05 00001001
1173,2026-02-04,1020,Bancos,0.00,27482.72,Pago factura INV-00025,INV-00025,CC-100 Operaciones,Bruno Garcia 02 00001001
1174,2026-04-22,2100,Cuentas por pagar,82647.68,0.00,Pago factura INV-00306,INV-00306,CC-100 Operaciones,Bruno Garcia 02 00001001
1175,2026-04-18,2100,Cuentas por pagar,70224.08,0.00,Pago factura INV-00165,INV-00165,CC-100 Operaciones,Bruno Garcia 02 00001001
1176,2026-02-05,2100,Cuentas por pagar,0.00,49492.56,Registro factura INV-00355,INV-00355,CC-100 Operaciones,Elena Mora 05 00001001
1177,2026-03-30,1180,IVA acreditable,7796.64,0.00,Registro factura INV-00302,INV-00302,CC-100 Operaciones,Bruno Garcia 08 00001001
1178,2026-01-30,4000,Ingresos por servicios,0.00,38000.00,Registro venta INV-00101,INV-00101,CC-100 Operaciones,Bruno Garcia 02 00001001
1179,2026-03-10,2100,Cuentas por pagar,98572.16,0.00,Pago factura INV-00209,INV-00209,CC-100 Operaciones,Bruno Garcia 02 00001001
1180,2026-05-23,2100,Cuentas por pagar,9243.35,0.00,Pago factura INV-00169,INV-00169,CC-100 Operaciones,Bruno Garcia 02 00001001
1181,2026-04-22,5000,Gastos operativos,13001.00,0.00,Registro factura INV-00353,INV-00353,CC-100 Operaciones,Ana Ruiz 07 00001001
1182,2026-02-08,1020,Bancos,0.00,28023.28,Pago factura INV-00244,INV-00244,CC-100 Operaciones,Bruno Garcia 02 00001001
1183,2026-05-24,1180,IVA acreditable,7969.76,0.00,Registro factura INV-00095,INV-00095,CC-100 Operaciones,Elena Mora 05 00001001
1184,2026-02-20,5000,Gastos operativos,27205.00,0.00,Registro factura INV-00200,INV-00200,CC-100 Operaciones,Bruno Garcia 02 00001001
1185,2026-05-28,1020,Bancos,0.00,21223.36,Pago factura INV-00074,INV-00074,CC-100 Operaciones,Bruno Garcia 02 00001001
1186,2026-05-21,2100,Cuentas por pagar,0.00,54163.88,Registro factura INV-00258,INV-00258,CC-100 Operaciones,Diego Luna 04 00001001
1187,2026-01-23,2100,Cuentas por pagar,0.00,99388.80,Registro factura INV-00310,INV-00310,CC-100 Operaciones,Diego Luna 04 00001001
1188,2026-05-30,2100,Cuentas por pagar,0.00,105818.68,Registro factura INV-00274,INV-00274,CC-100 Operaciones,Carla Soto 03 00001001
1189,2026-06-16,1020,Bancos,0.00,24469.04,Pago factura INV-00091,INV-00091,CC-100 Operaciones,Bruno Garcia 02 00001001
1190,2026-01-28,1020,Bancos,0.00,28565.00,Pago factura INV-00117,INV-00117,CC-100 Operaciones,Bruno Garcia 02 00001001
1191,2026-02-03,5000,Gastos operativos,31559.00,0.00,Registro factura INV-00210,INV-00210,CC-100 Operaciones,Carla Soto 03 00001001
1192,2026-06-28,1020,Bancos,0.00,107965.84,Pago factura INV-00134,INV-00134,CC-100 Operaciones,Bruno Garcia 02 00001001
1193,2026-01-15,5000,Gastos operativos,83698.00,0.00,Registro factura INV-00216,INV-00216,CC-100 Operaciones,Bruno Garcia 02 00001001
1194,2026-02-28,5000,Gastos operativos,14628.00,0.00,Registro factura INV-00107,INV-00107,CC-100 Operaciones,Fabian Rios 06 00001001
1195,2026-05-25,5000,Gastos operativos,89707.00,0.00,Registro factura INV-00149,INV-00149,CC-100 Operaciones,Bruno Garcia 08 00001001
1196,2026-04-24,2100,Cuentas por pagar,0.00,65400.80,Registro factura INV-00130,INV-00130,CC-100 Operaciones,Ana Ruiz 01 00001001
1197,2026-03-19,2100,Cuentas por pagar,52377.48,0.00,Pago factura INV-00252,INV-00252,CC-100 Operaciones,Bruno Garcia 02 00001001
1198,2026-05-28,1020,Bancos,0.00,14780.72,Pago factura INV-00049,INV-00049,CC-100 Operaciones,Bruno Garcia 02 00001001
1199,2026-02-13,1020,Bancos,0.00,56321.48,Pago factura INV-00312,INV-00312,CC-100 Operaciones,Bruno Garcia 02 00001001
1200,2026-01-21,2100,Cuentas por pagar,0.00,34870.76,Registro factura INV-00048,INV-00048,CC-100 Operaciones,Bruno Garcia 08 00001001
1201,2026-03-29,1180,IVA acreditable,15107.04,0.00,Registro factura INV-00012,INV-00012,CC-100 Operaciones,Carla Soto 03 00001001
1202,2026-03-18,5000,Gastos operativos,63210.00,0.00,Registro factura INV-00294,INV-00294,CC-100 Operaciones,Diego Luna 10 00001001
1203,2026-05-21,1180,IVA acreditable,7470.88,0.00,Registro factura INV-00258,INV-00258,CC-100 Operaciones,Diego Luna 04 00001001
1204,2026-06-04,1180,IVA acreditable,4742.72,0.00,Registro factura INV-00124,INV-00124,CC-100 Operaciones,Fabian Rios 06 00001001
1205,2026-05-05,1180,IVA acreditable,3187.36,0.00,Registro factura INV-00169,INV-00169,CC-100 Operaciones,Bruno Garcia 02 00001001
1206,2026-06-22,2100,Cuentas por pagar,14256.40,0.00,Pago factura INV-00182,INV-00182,CC-100 Operaciones,Bruno Garcia 02 00001001
1207,2026-04-17,1180,IVA acreditable,6447.52,0.00,Registro factura INV-00108,INV-00108,CC-100 Operaciones,Fabian Rios 06 00001001
1208,2026-02-17,1020,Bancos,0.00,84822.68,Pago factura INV-00227,INV-00227,CC-100 Operaciones,Bruno Garcia 02 00001001
1209,2026-02-20,1180,IVA acreditable,15146.40,0.00,Registro factura INV-00344,INV-00344,CC-100 Operaciones,Diego Luna 04 00001001
1210,2026-06-21,1020,Bancos,0.00,82727.72,Pago factura INV-00270,INV-00270,CC-100 Operaciones,Bruno Garcia 02 00001001
1211,2026-06-26,2100,Cuentas por pagar,74628.60,0.00,Pago factura INV-00186,INV-00186,CC-100 Operaciones,Bruno Garcia 02 00001001
1212,2026-02-03,2100,Cuentas por pagar,0.00,36608.44,Registro factura INV-00210,INV-00210,CC-100 Operaciones,Carla Soto 03 00001001
1213,2026-01-30,5000,Gastos operativos,81390.00,0.00,Registro factura INV-00039,INV-00039,CC-100 Operaciones,Ana Ruiz 07 00001001
1214,2026-06-05,5000,Gastos operativos,42924.00,0.00,Registro factura INV-00358,INV-00358,CC-100 Operaciones,Carla Soto 09 00001001
1215,2026-04-12,1020,Bancos,0.00,98902.76,Pago factura INV-00283,INV-00283,CC-100 Operaciones,Bruno Garcia 02 00001001
1216,2026-03-21,2100,Cuentas por pagar,60202.84,0.00,Pago factura INV-00318,INV-00318,CC-100 Operaciones,Bruno Garcia 02 00001001
1217,2026-04-21,2100,Cuentas por pagar,0.00,73686.68,Registro factura INV-00196,INV-00196,CC-100 Operaciones,Bruno Garcia 02 00001001
1218,2026-03-15,1180,IVA acreditable,8624.80,0.00,Registro factura INV-00251,INV-00251,CC-100 Operaciones,Carla Soto 03 00001001
1219,2026-03-08,2100,Cuentas por pagar,16807.24,0.00,Pago factura INV-00280,INV-00280,CC-100 Operaciones,Bruno Garcia 02 00001001
1220,2026-02-05,1180,IVA acreditable,6867.84,0.00,Registro factura INV-00042,INV-00042,CC-100 Operaciones,Elena Mora 05 00001001
1221,2026-03-21,1180,IVA acreditable,9332.00,0.00,Registro factura INV-00103,INV-00103,CC-100 Operaciones,Ana Ruiz 01 00001001
1222,2026-06-12,2100,Cuentas por pagar,94179.24,0.00,Pago factura INV-00023,INV-00023,CC-100 Operaciones,Bruno Garcia 02 00001001
1223,2026-03-22,1180,IVA acreditable,3235.20,0.00,Registro factura INV-00164,INV-00164,CC-100 Operaciones,Fabian Rios 06 00001001
1224,2026-05-23,2100,Cuentas por pagar,0.00,28971.00,Registro factura INV-00129,INV-00129,CC-100 Operaciones,Fabian Rios 06 00001001
1225,2026-01-21,5000,Gastos operativos,30061.00,0.00,Registro factura INV-00048,INV-00048,CC-100 Operaciones,Bruno Garcia 08 00001001
1226,2026-04-05,1020,Bancos,0.00,45845.52,Pago factura INV-00098,INV-00098,CC-100 Operaciones,Bruno Garcia 02 00001001
1227,2026-02-18,1180,IVA acreditable,2542.72,0.00,Registro factura INV-00202,INV-00202,CC-100 Operaciones,Diego Luna 10 00001001
1228,2026-03-12,2100,Cuentas por pagar,13865.01,0.00,Pago factura INV-00102,INV-00102,CC-100 Operaciones,Bruno Garcia 02 00001001
1229,2026-04-10,2100,Cuentas por pagar,75745.68,0.00,Pago factura INV-00265,INV-00265,CC-100 Operaciones,Bruno Garcia 02 00001001
1230,2026-03-16,1180,IVA acreditable,5225.12,0.00,Registro factura INV-00069,INV-00069,CC-100 Operaciones,Bruno Garcia 08 00001001
1231,2026-03-12,1180,IVA acreditable,11071.68,0.00,Registro factura INV-00041,INV-00041,CC-100 Operaciones,Bruno Garcia 02 00001001
1232,2026-05-02,5000,Gastos operativos,82566.00,0.00,Registro factura INV-00314,INV-00314,CC-100 Operaciones,Carla Soto 03 00001001
1233,2026-05-15,2100,Cuentas por pagar,26837.76,0.00,Pago factura INV-00254,INV-00254,CC-100 Operaciones,Bruno Garcia 02 00001001
1234,2026-01-23,2100,Cuentas por pagar,20464.26,0.00,Pago factura INV-00071,INV-00071,CC-100 Operaciones,Bruno Garcia 02 00001001
1235,2026-06-20,2100,Cuentas por pagar,0.00,65211.72,Registro factura INV-00065,INV-00065,CC-100 Operaciones,Fabian Rios 06 00001001
1236,2026-01-26,1020,Bancos,0.00,57697.24,Pago factura INV-00047,INV-00047,CC-100 Operaciones,Bruno Garcia 02 00001001
1237,2026-06-17,2100,Cuentas por pagar,0.00,54161.56,Registro factura INV-00305,INV-00305,CC-100 Operaciones,Ana Ruiz 07 00001001
1238,2026-06-15,1180,IVA acreditable,9318.40,0.00,Registro factura INV-00001,INV-00001,CC-100 Operaciones,Ana Ruiz 07 00001001
1239,2026-05-31,2100,Cuentas por pagar,0.00,44153.08,Registro factura INV-00346,INV-00346,CC-100 Operaciones,Diego Luna 10 00001001
1240,2026-06-28,2100,Cuentas por pagar,0.00,53234.72,Registro factura INV-00308,INV-00308,CC-100 Operaciones,Bruno Garcia 08 00001001
1241,2026-01-15,1180,IVA acreditable,13391.68,0.00,Registro factura INV-00216,INV-00216,CC-100 Operaciones,Bruno Garcia 02 00001001
1242,2026-02-25,2100,Cuentas por pagar,0.00,38681.36,Registro factura INV-00279,INV-00279,CC-100 Operaciones,Ana Ruiz 07 00001001
1243,2026-03-28,2100,Cuentas por pagar,0.00,22903.04,Registro factura INV-00174,INV-00174,CC-100 Operaciones,Diego Luna 04 00001001
1244,2026-03-12,1020,Bancos,0.00,94555.08,Pago factura INV-00343,INV-00343,CC-100 Operaciones,Bruno Garcia 02 00001001
1245,2026-04-24,5000,Gastos operativos,24501.00,0.00,Registro factura INV-00276,INV-00276,CC-100 Operaciones,Carla Soto 09 00001001
1246,2026-06-24,1020,Bancos,0.00,29409.48,Pago factura INV-00264,INV-00264,CC-100 Operaciones,Bruno Garcia 02 00001001
1247,2026-06-25,5000,Gastos operativos,53881.00,0.00,Registro factura INV-00259,INV-00259,CC-100 Operaciones,Ana Ruiz 01 00001001
1248,2026-06-30,2100,Cuentas por pagar,20187.48,0.00,Pago factura INV-00004,INV-00004,CC-100 Operaciones,Bruno Garcia 02 00001001
1249,2026-06-30,2100,Cuentas por pagar,107095.84,0.00,Pago factura INV-00142,INV-00142,CC-100 Operaciones,Bruno Garcia 02 00001001
1250,2026-02-15,2100,Cuentas por pagar,0.00,60032.32,Registro factura INV-00050,INV-00050,CC-100 Operaciones,Ana Ruiz 01 00001001
1251,2026-04-08,5000,Gastos operativos,79303.00,0.00,Registro factura INV-00092,INV-00092,CC-100 Operaciones,Ana Ruiz 07 00001001
1252,2026-05-01,5000,Gastos operativos,55626.00,0.00,Registro factura INV-00155,INV-00155,CC-100 Operaciones,Diego Luna 04 00001001
1253,2026-03-15,2100,Cuentas por pagar,0.00,23013.24,Registro factura INV-00119,INV-00119,CC-100 Operaciones,Ana Ruiz 01 00001001
1254,2026-03-27,2100,Cuentas por pagar,19772.20,0.00,Pago factura INV-00024,INV-00024,CC-100 Operaciones,Bruno Garcia 02 00001001
1255,2026-05-08,5000,Gastos operativos,54916.00,0.00,Registro factura INV-00163,INV-00163,CC-100 Operaciones,Ana Ruiz 01 00001001
1256,2026-05-18,1180,IVA acreditable,2038.72,0.00,Registro factura INV-00049,INV-00049,CC-100 Operaciones,Carla Soto 03 00001001
1257,2026-01-24,1180,IVA acreditable,12447.20,0.00,Registro factura INV-00171,INV-00171,CC-100 Operaciones,Ana Ruiz 07 00001001
1258,2026-03-10,1020,Bancos,0.00,98572.16,Pago factura INV-00209,INV-00209,CC-100 Operaciones,Bruno Garcia 02 00001001
1259,2026-02-25,1020,Bancos,0.00,60032.32,Pago factura INV-00050,INV-00050,CC-100 Operaciones,Bruno Garcia 02 00001001
1260,2026-06-10,2100,Cuentas por pagar,44153.08,0.00,Pago factura INV-00346,INV-00346,CC-100 Operaciones,Bruno Garcia 02 00001001
1261,2026-01-29,2100,Cuentas por pagar,0.00,18453.28,Registro factura INV-00027,INV-00027,CC-100 Operaciones,Diego Luna 10 00001001
1262,2026-06-27,5000,Gastos operativos,84939.00,0.00,Registro factura INV-00003,INV-00003,CC-100 Operaciones,Ana Ruiz 01 00001001
1263,2026-01-09,2100,Cuentas por pagar,0.00,44028.96,Registro factura INV-00020,INV-00020,CC-100 Operaciones,Diego Luna 10 00001001
1264,2026-02-07,5000,Gastos operativos,73123.00,0.00,Registro factura INV-00227,INV-00227,CC-100 Operaciones,Carla Soto 09 00001001
1265,2026-05-19,1180,IVA acreditable,8144.48,0.00,Registro factura INV-00073,INV-00073,CC-100 Operaciones,Bruno Garcia 02 00001001
1266,2026-06-30,2100,Cuentas por pagar,102124.08,0.00,Pago factura INV-00096,INV-00096,CC-100 Operaciones,Bruno Garcia 02 00001001
1267,2026-01-24,5000,Gastos operativos,77795.00,0.00,Registro factura INV-00171,INV-00171,CC-100 Operaciones,Ana Ruiz 07 00001001
1268,2026-02-04,2100,Cuentas por pagar,28125.36,0.00,Pago factura INV-00205,INV-00205,CC-100 Operaciones,Bruno Garcia 02 00001001
1269,2026-05-13,1020,Bancos,0.00,52507.40,Pago factura INV-00011,INV-00011,CC-100 Operaciones,Bruno Garcia 02 00001001
1270,2026-06-05,1180,IVA acreditable,6867.84,0.00,Registro factura INV-00358,INV-00358,CC-100 Operaciones,Carla Soto 09 00001001
1271,2026-02-19,2100,Cuentas por pagar,0.00,16623.96,Registro factura INV-00097,INV-00097,CC-100 Operaciones,Ana Ruiz 07 00001001
1272,2026-01-31,5000,Gastos operativos,84822.00,0.00,Registro factura INV-00278,INV-00278,CC-100 Operaciones,Bruno Garcia 02 00001001
1273,2026-03-18,2100,Cuentas por pagar,0.00,44550.96,Registro factura INV-00148,INV-00148,CC-100 Operaciones,Bruno Garcia 02 00001001
1274,2026-06-19,1180,IVA acreditable,9600.16,0.00,Registro factura INV-00341,INV-00341,CC-100 Operaciones,Ana Ruiz 01 00001001
1275,2026-02-09,2100,Cuentas por pagar,0.00,18963.68,Registro factura INV-00032,INV-00032,CC-100 Operaciones,Carla Soto 03 00001001
1276,2026-01-05,1180,IVA acreditable,6867.84,0.00,Registro factura INV-00181,INV-00181,CC-100 Operaciones,Diego Luna 04 00001001
1277,2026-02-18,5000,Gastos operativos,15892.00,0.00,Registro factura INV-00202,INV-00202,CC-100 Operaciones,Diego Luna 10 00001001
1278,2026-01-29,2100,Cuentas por pagar,103148.36,0.00,Pago factura INV-00145,INV-00145,CC-100 Operaciones,Bruno Garcia 02 00001001
1279,2026-04-28,1020,Bancos,0.00,100904.92,Pago factura INV-00139,INV-00139,CC-100 Operaciones,Bruno Garcia 02 00001001
1280,2026-05-04,2100,Cuentas por pagar,28421.16,0.00,Pago factura INV-00276,INV-00276,CC-100 Operaciones,Bruno Garcia 02 00001001
1281,2026-06-10,2100,Cuentas por pagar,0.00,30316.60,Registro factura INV-00151,INV-00151,CC-100 Operaciones,Diego Luna 04 00001001
1282,2026-05-26,5000,Gastos operativos,27903.00,0.00,Registro factura INV-00333,INV-00333,CC-100 Operaciones,Elena Mora 05 00001001
1283,2026-06-30,1020,Bancos,0.00,31934.80,Pago factura INV-00068,INV-00068,CC-100 Operaciones,Bruno Garcia 02 00001001
1284,2026-03-15,1020,Bancos,0.00,92064.56,Pago factura INV-00347,INV-00347,CC-100 Operaciones,Bruno Garcia 02 00001001
1285,2026-04-07,5000,Gastos operativos,64549.00,0.00,Registro factura INV-00320,INV-00320,CC-100 Operaciones,Bruno Garcia 08 00001001
1286,2026-04-06,1180,IVA acreditable,8900.32,0.00,Registro factura INV-00248,INV-00248,CC-100 Operaciones,Carla Soto 03 00001001
1287,2026-01-26,2100,Cuentas por pagar,57697.24,0.00,Pago factura INV-00047,INV-00047,CC-100 Operaciones,Bruno Garcia 02 00001001
1288,2026-06-05,5000,Gastos operativos,36038.00,0.00,Registro factura INV-00136,INV-00136,CC-100 Operaciones,Ana Ruiz 01 00001001
1289,2026-03-12,2100,Cuentas por pagar,39180.16,0.00,Pago factura INV-00185,INV-00185,CC-100 Operaciones,Bruno Garcia 02 00001001
1290,2026-03-14,1020,Bancos,0.00,83960.80,Pago factura INV-00285,INV-00285,CC-100 Operaciones,Bruno Garcia 02 00001001
1291,2026-06-05,2100,Cuentas por pagar,0.00,49791.84,Registro factura INV-00358,INV-00358,CC-100 Operaciones,Carla Soto 09 00001001
1292,2026-02-10,5000,Gastos operativos,15179.00,0.00,Registro factura INV-00156,INV-00156,CC-100 Operaciones,Diego Luna 10 00001001
1293,2026-03-12,1020,Bancos,0.00,13865.01,Pago factura INV-00102,INV-00102,CC-100 Operaciones,Bruno Garcia 02 00001001
1294,2026-03-05,1180,IVA acreditable,6867.84,0.00,Registro factura INV-00167,INV-00167,CC-100 Operaciones,Fabian Rios 06 00001001
1295,2026-05-11,1180,IVA acreditable,4333.60,0.00,Registro factura INV-00161,INV-00161,CC-100 Operaciones,Bruno Garcia 08 00001001
1296,2026-03-28,5000,Gastos operativos,64975.00,0.00,Registro factura INV-00008,INV-00008,CC-100 Operaciones,Fabian Rios 06 00001001
1297,2026-05-16,1180,IVA acreditable,7120.00,0.00,Registro factura INV-00056,INV-00056,CC-100 Operaciones,Ana Ruiz 01 00001001
1298,2026-03-06,2100,Cuentas por pagar,64117.84,0.00,Pago factura INV-00078,INV-00078,CC-100 Operaciones,Bruno Garcia 02 00001001
1299,2026-05-22,1020,Bancos,0.00,47025.24,Pago factura INV-00060,INV-00060,CC-100 Operaciones,Bruno Garcia 02 00001001
1300,2026-06-30,2100,Cuentas por pagar,59624.00,0.00,Pago factura INV-00219,INV-00219,CC-100 Operaciones,Bruno Garcia 02 00001001
1301,2026-06-12,1020,Bancos,0.00,94179.24,Pago factura INV-00023,INV-00023,CC-100 Operaciones,Bruno Garcia 02 00001001
1302,2026-06-17,2100,Cuentas por pagar,0.00,98299.56,Registro factura INV-00268,INV-00268,CC-100 Operaciones,Carla Soto 09 00001001
1303,2026-04-26,2100,Cuentas por pagar,70435.20,0.00,Pago factura INV-00123,INV-00123,CC-100 Operaciones,Bruno Garcia 02 00001001
1304,2026-04-24,5000,Gastos operativos,56380.00,0.00,Registro factura INV-00130,INV-00130,CC-100 Operaciones,Ana Ruiz 01 00001001
1305,2026-03-20,2100,Cuentas por pagar,0.00,70371.40,Registro factura INV-00334,INV-00334,CC-100 Operaciones,Diego Luna 04 00001001
1306,2026-05-11,1020,Bancos,0.00,85962.96,Pago factura INV-00162,INV-00162,CC-100 Operaciones,Bruno Garcia 02 00001001
1307,2026-01-12,1180,IVA acreditable,6173.60,0.00,Registro factura INV-00275,INV-00275,CC-100 Operaciones,Ana Ruiz 01 00001001
1308,2026-02-22,1180,IVA acreditable,5425.44,0.00,Registro factura INV-00281,INV-00281,CC-100 Operaciones,Fabian Rios 06 00001001
1309,2026-01-27,5000,Gastos operativos,65888.00,0.00,Registro factura INV-00301,INV-00301,CC-100 Operaciones,Bruno Garcia 08 00001001
1310,2026-05-11,1020,Bancos,0.00,64526.16,Pago factura INV-00155,INV-00155,CC-100 Operaciones,Bruno Garcia 02 00001001
1311,2026-02-04,1180,IVA acreditable,11414.72,0.00,Registro factura INV-00230,INV-00230,CC-100 Operaciones,Diego Luna 10 00001001
1312,2026-03-23,1180,IVA acreditable,2018.88,0.00,Registro factura INV-00282,INV-00282,CC-100 Operaciones,Elena Mora 05 00001001
1313,2026-04-09,2100,Cuentas por pagar,38676.72,0.00,Pago factura INV-00217,INV-00217,CC-100 Operaciones,Bruno Garcia 02 00001001
1314,2026-03-16,2100,Cuentas por pagar,0.00,37882.12,Registro factura INV-00069,INV-00069,CC-100 Operaciones,Bruno Garcia 08 00001001
1315,2026-02-16,1180,IVA acreditable,12801.76,0.00,Registro factura INV-00070,INV-00070,CC-100 Operaciones,Fabian Rios 06 00001001
1316,2026-01-15,2100,Cuentas por pagar,0.00,41903.84,Registro factura INV-00231,INV-00231,CC-100 Operaciones,Diego Luna 10 00001001
1317,2026-06-14,2100,Cuentas por pagar,87510.40,0.00,Pago factura INV-00332,INV-00332,CC-100 Operaciones,Bruno Garcia 02 00001001
1318,2026-03-16,1020,Bancos,0.00,108659.52,Pago factura INV-00133,INV-00133,CC-100 Operaciones,Bruno Garcia 02 00001001
1319,2026-05-15,2100,Cuentas por pagar,26834.28,0.00,Pago factura INV-00357,INV-00357,CC-100 Operaciones,Bruno Garcia 02 00001001
1320,2026-04-29,1020,Bancos,0.00,101983.72,Pago factura INV-00342,INV-00342,CC-100 Operaciones,Bruno Garcia 02 00001001
1321,2026-03-17,1180,IVA acreditable,2727.20,0.00,Registro factura INV-00024,INV-00024,CC-100 Operaciones,Carla Soto 03 00001001
1322,2026-01-23,5000,Gastos operativos,85680.00,0.00,Registro factura INV-00310,INV-00310,CC-100 Operaciones,Diego Luna 04 00001001
1323,2026-05-22,5000,Gastos operativos,12672.00,0.00,Registro factura INV-00127,INV-00127,CC-100 Operaciones,Ana Ruiz 01 00001001
1324,2026-01-29,1180,IVA acreditable,3865.28,0.00,Registro factura INV-00244,INV-00244,CC-100 Operaciones,Bruno Garcia 02 00001001
1325,2026-06-16,2100,Cuentas por pagar,24469.04,0.00,Pago factura INV-00091,INV-00091,CC-100 Operaciones,Bruno Garcia 02 00001001
1326,2026-04-14,2100,Cuentas por pagar,36587.56,0.00,Pago factura INV-00208,INV-00208,CC-100 Operaciones,Bruno Garcia 02 00001001
1327,2026-02-17,2100,Cuentas por pagar,40754.28,0.00,Pago factura INV-00192,INV-00192,CC-100 Operaciones,Bruno Garcia 02 00001001
1328,2026-02-23,1020,Bancos,0.00,75210.92,Pago factura INV-00226,INV-00226,CC-100 Operaciones,Bruno Garcia 02 00001001
1329,2026-06-04,1020,Bancos,0.00,104060.12,Pago factura INV-00149,INV-00149,CC-100 Operaciones,Bruno Garcia 02 00001001
1330,2026-05-19,1180,IVA acreditable,14733.92,0.00,Registro factura INV-00322,INV-00322,CC-100 Operaciones,Diego Luna 10 00001001
1331,2026-03-31,1180,IVA acreditable,3605.44,0.00,Registro factura INV-00168,INV-00168,CC-100 Operaciones,Elena Mora 05 00001001
1332,2026-03-26,5000,Gastos operativos,39522.00,0.00,Registro factura INV-00098,INV-00098,CC-100 Operaciones,Bruno Garcia 02 00001001
1333,2026-02-12,1180,IVA acreditable,11224.00,0.00,Registro factura INV-00184,INV-00184,CC-100 Operaciones,Diego Luna 10 00001001
1334,2026-01-19,1020,Bancos,0.00,97430.72,Pago factura INV-00015,INV-00015,CC-100 Operaciones,Bruno Garcia 02 00001001
1335,2026-02-02,1180,IVA acreditable,11701.92,0.00,Registro factura INV-00080,INV-00080,CC-100 Operaciones,Fabian Rios 06 00001001
1336,2026-02-12,5000,Gastos operativos,71793.00,0.00,Registro factura INV-00057,INV-00057,CC-100 Operaciones,Bruno Garcia 02 00001001
1337,2026-05-27,5000,Gastos operativos,87834.00,0.00,Registro factura INV-00329,INV-00329,CC-100 Operaciones,Diego Luna 04 00001001
1338,2026-05-30,2100,Cuentas por pagar,0.00,63811.60,Registro factura INV-00037,INV-00037,CC-100 Operaciones,Ana Ruiz 01 00001001
1339,2026-01-25,1180,IVA acreditable,3879.36,0.00,Registro factura INV-00205,INV-00205,CC-100 Operaciones,Fabian Rios 06 00001001
1340,2026-05-17,2100,Cuentas por pagar,46045.04,0.00,Pago factura INV-00315,INV-00315,CC-100 Operaciones,Bruno Garcia 02 00001001
1341,2026-03-25,5000,Gastos operativos,85029.00,0.00,Registro factura INV-00022,INV-00022,CC-100 Operaciones,Elena Mora 05 00001001
1342,2026-06-11,1020,Bancos,0.00,73259.80,Pago factura INV-00351,INV-00351,CC-100 Operaciones,Bruno Garcia 02 00001001
1343,2026-06-30,2100,Cuentas por pagar,84917.80,0.00,Pago factura INV-00338,INV-00338,CC-100 Operaciones,Bruno Garcia 02 00001001
1344,2026-02-04,2100,Cuentas por pagar,0.00,82756.72,Registro factura INV-00230,INV-00230,CC-100 Operaciones,Diego Luna 10 00001001
1345,2026-02-05,2100,Cuentas por pagar,0.00,49791.84,Registro factura INV-00042,INV-00042,CC-100 Operaciones,Elena Mora 05 00001001
1346,2026-03-20,2100,Cuentas por pagar,29816.64,0.00,Pago factura INV-00286,INV-00286,CC-100 Operaciones,Bruno Garcia 02 00001001
1347,2026-05-23,2100,Cuentas por pagar,0.00,90279.32,Registro factura INV-00030,INV-00030,CC-100 Operaciones,Bruno Garcia 08 00001001
1348,2026-06-02,2100,Cuentas por pagar,0.00,94179.24,Registro factura INV-00023,INV-00023,CC-100 Operaciones,Diego Luna 10 00001001
1349,2026-01-12,2100,Cuentas por pagar,0.00,44758.60,Registro factura INV-00275,INV-00275,CC-100 Operaciones,Ana Ruiz 01 00001001
1350,2026-06-09,2100,Cuentas por pagar,0.00,77882.40,Registro factura INV-00207,INV-00207,CC-100 Operaciones,Ana Ruiz 07 00001001
1351,2026-04-03,1020,Bancos,0.00,19314.00,Pago factura INV-00116,INV-00116,CC-100 Operaciones,Bruno Garcia 02 00001001
1352,2026-05-20,1020,Bancos,0.00,16448.80,Pago factura INV-00106,INV-00106,CC-100 Operaciones,Bruno Garcia 02 00001001
1353,2026-03-23,2100,Cuentas por pagar,54663.84,0.00,Pago factura INV-00141,INV-00141,CC-100 Operaciones,Bruno Garcia 02 00001001
1354,2026-01-29,5000,Gastos operativos,15908.00,0.00,Registro factura INV-00027,INV-00027,CC-100 Operaciones,Diego Luna 10 00001001
1355,2026-04-16,5000,Gastos operativos,57519.00,0.00,Registro factura INV-00328,INV-00328,CC-100 Operaciones,Carla Soto 09 00001001
1356,2026-05-23,1180,IVA acreditable,12452.32,0.00,Registro factura INV-00030,INV-00030,CC-100 Operaciones,Bruno Garcia 08 00001001
1357,2026-02-19,1020,Bancos,0.00,18963.68,Pago factura INV-00032,INV-00032,CC-100 Operaciones,Bruno Garcia 02 00001001
1358,2026-05-26,1180,IVA acreditable,4464.48,0.00,Registro factura INV-00333,INV-00333,CC-100 Operaciones,Elena Mora 05 00001001
1359,2026-06-14,1020,Bancos,0.00,87510.40,Pago factura INV-00332,INV-00332,CC-100 Operaciones,Bruno Garcia 02 00001001
1360,2026-01-18,1180,IVA acreditable,3940.00,0.00,Registro factura INV-00117,INV-00117,CC-100 Operaciones,Carla Soto 09 00001001
1361,2026-02-08,5000,Gastos operativos,52188.00,0.00,Registro factura INV-00072,INV-00072,CC-100 Operaciones,Diego Luna 04 00001001
1362,2026-05-01,2100,Cuentas por pagar,73686.68,0.00,Pago factura INV-00196,INV-00196,CC-100 Operaciones,Bruno Garcia 02 00001001
1363,2026-03-28,1180,IVA acreditable,10396.00,0.00,Registro factura INV-00008,INV-00008,CC-100 Operaciones,Fabian Rios 06 00001001
1364,2026-04-04,2100,Cuentas por pagar,0.00,67558.40,Registro factura INV-00292,INV-00292,CC-100 Operaciones,Ana Ruiz 01 00001001
1365,2026-05-01,2100,Cuentas por pagar,0.00,64526.16,Registro factura INV-00155,INV-00155,CC-100 Operaciones,Diego Luna 04 00001001
1366,2026-03-15,2100,Cuentas por pagar,0.00,62529.80,Registro factura INV-00251,INV-00251,CC-100 Operaciones,Carla Soto 03 00001001
1367,2026-03-03,2100,Cuentas por pagar,32520.60,0.00,Pago factura INV-00046,INV-00046,CC-100 Operaciones,Bruno Garcia 02 00001001
1368,2026-01-17,1180,IVA acreditable,10141.12,0.00,Registro factura INV-00115,INV-00115,CC-100 Operaciones,Bruno Garcia 02 00001001
1369,2026-04-30,2100,Cuentas por pagar,0.00,41625.44,Registro factura INV-00040,INV-00040,CC-100 Operaciones,Ana Ruiz 07 00001001
1370,2026-06-18,1180,IVA acreditable,12669.60,0.00,Registro factura INV-00128,INV-00128,CC-100 Operaciones,Diego Luna 04 00001001
1371,2026-02-20,2100,Cuentas por pagar,101475.64,0.00,Pago factura INV-00331,INV-00331,CC-100 Operaciones,Bruno Garcia 02 00001001
1372,2026-06-27,2100,Cuentas por pagar,0.00,57558.04,Registro factura INV-00083,INV-00083,CC-100 Operaciones,Carla Soto 03 00001001
1373,2026-05-29,1180,IVA acreditable,11002.72,0.00,Registro factura INV-00036,INV-00036,CC-100 Operaciones,Diego Luna 04 00001001
1374,2026-03-13,2100,Cuentas por pagar,0.00,74701.68,Registro factura INV-00277,INV-00277,CC-100 Operaciones,Ana Ruiz 07 00001001
1375,2026-02-11,1180,IVA acreditable,9832.64,0.00,Registro factura INV-00058,INV-00058,CC-100 Operaciones,Carla Soto 03 00001001
1376,2026-03-27,1180,IVA acreditable,5978.08,0.00,Registro factura INV-00323,INV-00323,CC-100 Operaciones,Carla Soto 09 00001001
1377,2026-01-19,2100,Cuentas por pagar,0.00,75319.96,Registro factura INV-00225,INV-00225,CC-100 Operaciones,Fabian Rios 06 00001001
1378,2026-01-23,1180,IVA acreditable,11208.64,0.00,Registro factura INV-00007,INV-00007,CC-100 Operaciones,Bruno Garcia 02 00001001
1379,2026-02-27,2100,Cuentas por pagar,52470.28,0.00,Pago factura INV-00031,INV-00031,CC-100 Operaciones,Bruno Garcia 02 00001001
1380,2026-04-21,1180,IVA acreditable,8218.08,0.00,Registro factura INV-00360,INV-00360,CC-100 Operaciones,Diego Luna 10 00001001
1381,2026-05-25,1180,IVA acreditable,11289.44,0.00,Registro factura INV-00176,INV-00176,CC-100 Operaciones,Diego Luna 10 00001001
1382,2026-05-29,2100,Cuentas por pagar,0.00,108289.48,Registro factura INV-00166,INV-00166,CC-100 Operaciones,Fabian Rios 06 00001001
1383,2026-05-05,1020,Bancos,0.00,25308.88,Pago factura INV-00316,INV-00316,CC-100 Operaciones,Bruno Garcia 02 00001001
1384,2026-06-12,5000,Gastos operativos,76632.00,0.00,Registro factura INV-00330,INV-00330,CC-100 Operaciones,Diego Luna 04 00001001
1385,2026-01-21,1180,IVA acreditable,4809.76,0.00,Registro factura INV-00048,INV-00048,CC-100 Operaciones,Bruno Garcia 08 00001001
1386,2026-03-06,1180,IVA acreditable,13961.28,0.00,Registro factura INV-00272,INV-00272,CC-100 Operaciones,Bruno Garcia 02 00001001
1387,2026-05-28,2100,Cuentas por pagar,14780.72,0.00,Pago factura INV-00049,INV-00049,CC-100 Operaciones,Bruno Garcia 02 00001001
1388,2026-05-22,1180,IVA acreditable,9321.28,0.00,Registro factura INV-00137,INV-00137,CC-100 Operaciones,Carla Soto 09 00001001
1389,2026-01-11,2100,Cuentas por pagar,0.00,86159.00,Registro factura INV-00255,INV-00255,CC-100 Operaciones,Diego Luna 04 00001001
1390,2026-06-09,1020,Bancos,0.00,105818.68,Pago factura INV-00274,INV-00274,CC-100 Operaciones,Bruno Garcia 02 00001001
1391,2026-05-03,5000,Gastos operativos,52853.00,0.00,Registro factura INV-00262,INV-00262,CC-100 Operaciones,Bruno Garcia 08 00001001
1392,2026-04-21,2100,Cuentas por pagar,99280.92,0.00,Pago factura INV-00250,INV-00250,CC-100 Operaciones,Bruno Garcia 02 00001001
1393,2026-03-23,2100,Cuentas por pagar,0.00,33003.16,Registro factura INV-00006,INV-00006,CC-100 Operaciones,Carla Soto 03 00001001
1394,2026-01-11,5000,Gastos operativos,74275.00,0.00,Registro factura INV-00255,INV-00255,CC-100 Operaciones,Diego Luna 04 00001001
1395,2026-06-30,2100,Cuentas por pagar,62501.96,0.00,Pago factura INV-00259,INV-00259,CC-100 Operaciones,Bruno Garcia 02 00001001
1396,2026-03-21,2100,Cuentas por pagar,50843.96,0.00,Pago factura INV-00229,INV-00229,CC-100 Operaciones,Bruno Garcia 02 00001001
1397,2026-03-26,1020,Bancos,0.00,37882.12,Pago factura INV-00069,INV-00069,CC-100 Operaciones,Bruno Garcia 02 00001001
1398,2026-05-12,5000,Gastos operativos,40539.00,0.00,Registro factura INV-00060,INV-00060,CC-100 Operaciones,Elena Mora 05 00001001
1399,2026-06-12,2100,Cuentas por pagar,82009.68,0.00,Pago factura INV-00187,INV-00187,CC-100 Operaciones,Bruno Garcia 02 00001001
1400,2026-02-15,1020,Bancos,0.00,51160.64,Pago factura INV-00064,INV-00064,CC-100 Operaciones,Bruno Garcia 02 00001001
1401,2026-01-23,1020,Bancos,0.00,42433.96,Pago factura INV-00349,INV-00349,CC-100 Operaciones,Bruno Garcia 02 00001001
1402,2026-05-04,5000,Gastos operativos,28839.00,0.00,Registro factura INV-00240,INV-00240,CC-100 Operaciones,Carla Soto 03 00001001
1403,2026-02-18,1020,Bancos,0.00,60538.08,Pago factura INV-00072,INV-00072,CC-100 Operaciones,Bruno Garcia 02 00001001
1404,2026-03-21,2100,Cuentas por pagar,0.00,67657.00,Registro factura INV-00103,INV-00103,CC-100 Operaciones,Ana Ruiz 01 00001001
1405,2026-06-06,1180,IVA acreditable,11880.64,0.00,Registro factura INV-00193,INV-00193,CC-100 Operaciones,Fabian Rios 06 00001001
1406,2026-02-27,1180,IVA acreditable,2891.68,0.00,Registro factura INV-00245,INV-00245,CC-100 Operaciones,Carla Soto 09 00001001
1407,2026-06-15,1020,Bancos,0.00,25365.72,Pago factura INV-00311,INV-00311,CC-100 Operaciones,Bruno Garcia 02 00001001
1408,2026-04-10,2100,Cuentas por pagar,0.00,30070.68,Registro factura INV-00324,INV-00324,CC-100 Operaciones,Ana Ruiz 01 00001001
1409,2026-04-29,1180,IVA acreditable,7784.32,0.00,Registro factura INV-00135,INV-00135,CC-100 Operaciones,Bruno Garcia 02 00001001
1410,2026-02-13,2100,Cuentas por pagar,0.00,75210.92,Registro factura INV-00226,INV-00226,CC-100 Operaciones,Carla Soto 09 00001001
1411,2026-06-20,1180,IVA acreditable,6179.52,0.00,Registro factura INV-00061,INV-00061,CC-100 Operaciones,Bruno Garcia 08 00001001
1412,2026-03-06,2100,Cuentas por pagar,0.00,101219.28,Registro factura INV-00272,INV-00272,CC-100 Operaciones,Bruno Garcia 02 00001001
1413,2026-01-05,5000,Gastos operativos,44104.00,0.00,Registro factura INV-00071,INV-00071,CC-100 Operaciones,Bruno Garcia 02 00001001
1414,2026-03-29,2100,Cuentas por pagar,64447.28,0.00,Pago factura INV-00326,INV-00326,CC-100 Operaciones,Bruno Garcia 02 00001001
1415,2026-02-24,2100,Cuentas por pagar,0.00,72382.84,Registro factura INV-00013,INV-00013,CC-100 Operaciones,Diego Luna 10 00001001
1416,2026-04-02,1020,Bancos,0.00,14636.88,Pago factura INV-00282,INV-00282,CC-100 Operaciones,Bruno Garcia 02 00001001
1417,2026-02-05,5000,Gastos operativos,92787.00,0.00,Registro factura INV-00160,INV-00160,CC-100 Operaciones,Ana Ruiz 07 00001001
1418,2026-01-30,5000,Gastos operativos,92646.00,0.00,Registro factura INV-00203,INV-00203,CC-100 Operaciones,Carla Soto 09 00001001
1419,2026-05-11,2100,Cuentas por pagar,0.00,23501.60,Registro factura INV-00253,INV-00253,CC-100 Operaciones,Diego Luna 10 00001001
1420,2026-03-07,5000,Gastos operativos,46689.00,0.00,Registro factura INV-00044,INV-00044,CC-100 Operaciones,Ana Ruiz 01 00001001
1421,2026-06-28,1180,IVA acreditable,8224.00,0.00,Registro factura INV-00219,INV-00219,CC-100 Operaciones,Diego Luna 10 00001001
1422,2026-01-09,2100,Cuentas por pagar,0.00,97430.72,Registro factura INV-00015,INV-00015,CC-100 Operaciones,Bruno Garcia 02 00001001
1423,2026-05-09,2100,Cuentas por pagar,56436.32,0.00,Pago factura INV-00135,INV-00135,CC-100 Operaciones,Bruno Garcia 02 00001001
1424,2026-04-04,5000,Gastos operativos,58240.00,0.00,Registro factura INV-00292,INV-00292,CC-100 Operaciones,Ana Ruiz 01 00001001
1425,2026-05-10,5000,Gastos operativos,14180.00,0.00,Registro factura INV-00106,INV-00106,CC-100 Operaciones,Carla Soto 03 00001001
1426,2026-03-01,2100,Cuentas por pagar,66919.24,0.00,Pago factura INV-00188,INV-00188,CC-100 Operaciones,Bruno Garcia 02 00001001
1427,2026-02-18,2100,Cuentas por pagar,60538.08,0.00,Pago factura INV-00072,INV-00072,CC-100 Operaciones,Bruno Garcia 02 00001001
1428,2026-01-17,2100,Cuentas por pagar,0.00,104279.36,Registro factura INV-00088,INV-00088,CC-100 Operaciones,Diego Luna 04 00001001
1429,2026-03-29,5000,Gastos operativos,94419.00,0.00,Registro factura INV-00012,INV-00012,CC-100 Operaciones,Carla Soto 03 00001001
1430,2026-06-05,5000,Gastos operativos,44104.00,0.00,Registro factura INV-00189,INV-00189,CC-100 Operaciones,Ana Ruiz 07 00001001
1431,2026-06-29,2100,Cuentas por pagar,0.00,84917.80,Registro factura INV-00338,INV-00338,CC-100 Operaciones,Elena Mora 05 00001001
1432,2026-06-30,2100,Cuentas por pagar,58786.48,0.00,Pago factura INV-00299,INV-00299,CC-100 Operaciones,Bruno Garcia 02 00001001
1433,2026-04-04,1180,IVA acreditable,9318.40,0.00,Registro factura INV-00292,INV-00292,CC-100 Operaciones,Ana Ruiz 01 00001001
1434,2026-01-27,1020,Bancos,0.00,104279.36,Pago factura INV-00088,INV-00088,CC-100 Operaciones,Bruno Garcia 02 00001001
1435,2026-02-11,2100,Cuentas por pagar,95826.44,0.00,Pago factura INV-00118,INV-00118,CC-100 Operaciones,Bruno Garcia 02 00001001
1436,2026-06-30,2100,Cuentas por pagar,87187.92,0.00,Pago factura INV-00113,INV-00113,CC-100 Operaciones,Bruno Garcia 02 00001001
1437,2026-06-30,1020,Bancos,0.00,29379.32,Pago factura INV-00105,INV-00105,CC-100 Operaciones,Bruno Garcia 02 00001001
1438,2026-04-05,1020,Bancos,0.00,76608.72,Pago factura INV-00175,INV-00175,CC-100 Operaciones,Bruno Garcia 02 00001001
1439,2026-06-24,2100,Cuentas por pagar,0.00,29379.32,Registro factura INV-00105,INV-00105,CC-100 Operaciones,Diego Luna 04 00001001
1440,2026-01-27,2100,Cuentas por pagar,104279.36,0.00,Pago factura INV-00088,INV-00088,CC-100 Operaciones,Bruno Garcia 02 00001001
1441,2026-02-01,5000,Gastos operativos,59102.00,0.00,Registro factura INV-00132,INV-00132,CC-100 Operaciones,Ana Ruiz 01 00001001
1442,2026-05-17,2100,Cuentas por pagar,108349.80,0.00,Pago factura INV-00125,INV-00125,CC-100 Operaciones,Bruno Garcia 02 00001001
1443,2026-06-09,2100,Cuentas por pagar,105818.68,0.00,Pago factura INV-00274,INV-00274,CC-100 Operaciones,Bruno Garcia 02 00001001
1444,2026-03-27,1180,IVA acreditable,13752.48,0.00,Registro factura INV-00293,INV-00293,CC-100 Operaciones,Ana Ruiz 07 00001001
1445,2026-04-28,1180,IVA acreditable,13447.36,0.00,Registro factura INV-00243,INV-00243,CC-100 Operaciones,Ana Ruiz 07 00001001
1446,2026-05-08,1020,Bancos,0.00,90048.48,Pago factura INV-00055,INV-00055,CC-100 Operaciones,Bruno Garcia 02 00001001
1447,2026-03-26,1180,IVA acreditable,10566.72,0.00,Registro factura INV-00175,INV-00175,CC-100 Operaciones,Diego Luna 04 00001001
1448,2026-01-16,2100,Cuentas por pagar,0.00,56685.72,Registro factura INV-00178,INV-00178,CC-100 Operaciones,Carla Soto 09 00001001
1449,2026-02-15,2100,Cuentas por pagar,0.00,36520.28,Registro factura INV-00234,INV-00234,CC-100 Operaciones,Carla Soto 09 00001001
1450,2026-02-13,2100,Cuentas por pagar,56321.48,0.00,Pago factura INV-00312,INV-00312,CC-100 Operaciones,Bruno Garcia 02 00001001
1451,2026-01-15,1180,IVA acreditable,5779.84,0.00,Registro factura INV-00231,INV-00231,CC-100 Operaciones,Diego Luna 10 00001001
1452,2026-02-06,1020,Bancos,0.00,21507.56,Pago factura INV-00138,INV-00138,CC-100 Operaciones,Bruno Garcia 02 00001001
1453,2026-02-07,1180,IVA acreditable,5621.28,0.00,Registro factura INV-00192,INV-00192,CC-100 Operaciones,Ana Ruiz 01 00001001
1454,2026-04-29,2100,Cuentas por pagar,0.00,56436.32,Registro factura INV-00135,INV-00135,CC-100 Operaciones,Bruno Garcia 02 00001001
1455,2026-04-02,1180,IVA acreditable,4253.92,0.00,Registro factura INV-00147,INV-00147,CC-100 Operaciones,Ana Ruiz 07 00001001
1456,2026-01-19,1180,IVA acreditable,10388.96,0.00,Registro factura INV-00225,INV-00225,CC-100 Operaciones,Fabian Rios 06 00001001
1457,2026-06-15,2100,Cuentas por pagar,49791.84,0.00,Pago factura INV-00358,INV-00358,CC-100 Operaciones,Bruno Garcia 02 00001001
1458,2026-06-06,1180,IVA acreditable,3375.04,0.00,Registro factura INV-00091,INV-00091,CC-100 Operaciones,Bruno Garcia 08 00001001
1459,2026-05-25,2100,Cuentas por pagar,0.00,104060.12,Registro factura INV-00149,INV-00149,CC-100 Operaciones,Bruno Garcia 08 00001001
1460,2026-05-14,5000,Gastos operativos,78109.00,0.00,Registro factura INV-00100,INV-00100,CC-100 Operaciones,Carla Soto 09 00001001
1461,2026-01-18,2100,Cuentas por pagar,0.00,104055.48,Registro factura INV-00233,INV-00233,CC-100 Operaciones,Ana Ruiz 01 00001001
1462,2026-02-23,1020,Bancos,0.00,52230.16,Pago factura INV-00053,INV-00053,CC-100 Operaciones,Bruno Garcia 02 00001001
1463,2026-02-20,1020,Bancos,0.00,101475.64,Pago factura INV-00331,INV-00331,CC-100 Operaciones,Bruno Garcia 02 00001001
1464,2026-02-01,1020,Bancos,0.00,18207.36,Pago factura INV-00195,INV-00195,CC-100 Operaciones,Bruno Garcia 02 00001001
1465,2026-02-15,2100,Cuentas por pagar,23108.36,0.00,Pago factura INV-00146,INV-00146,CC-100 Operaciones,Bruno Garcia 02 00001001
1466,2026-05-19,1020,Bancos,0.00,19274.56,Pago factura INV-00054,INV-00054,CC-100 Operaciones,Bruno Garcia 02 00001001
1467,2026-06-09,2100,Cuentas por pagar,63811.60,0.00,Pago factura INV-00037,INV-00037,CC-100 Operaciones,Bruno Garcia 02 00001001
1468,2026-05-31,1180,IVA acreditable,3250.88,0.00,Registro factura INV-00045,INV-00045,CC-100 Operaciones,Bruno Garcia 08 00001001
1469,2026-04-05,5000,Gastos operativos,42924.00,0.00,Registro factura INV-00152,INV-00152,CC-100 Operaciones,Ana Ruiz 07 00001001
1470,2026-01-25,1180,IVA acreditable,3790.72,0.00,Registro factura INV-00025,INV-00025,CC-100 Operaciones,Diego Luna 04 00001001
1471,2026-01-14,5000,Gastos operativos,92508.00,0.00,Registro factura INV-00005,INV-00005,CC-100 Operaciones,Carla Soto 03 00001001
1472,2026-04-05,2100,Cuentas por pagar,45845.52,0.00,Pago factura INV-00098,INV-00098,CC-100 Operaciones,Bruno Garcia 02 00001001
1473,2026-03-21,5000,Gastos operativos,58325.00,0.00,Registro factura INV-00103,INV-00103,CC-100 Operaciones,Ana Ruiz 01 00001001
1474,2026-01-20,1020,Bancos,0.00,44416.40,Pago factura INV-00111,INV-00111,CC-100 Operaciones,Bruno Garcia 02 00001001
1475,2026-01-20,1180,IVA acreditable,3834.08,0.00,Registro factura INV-00035,INV-00035,CC-100 Operaciones,Ana Ruiz 01 00001001
1476,2026-01-12,2100,Cuentas por pagar,30696.38,0.00,Pago factura INV-00071,INV-00071,CC-100 Operaciones,Bruno Garcia 02 00001001
1477,2026-05-24,5000,Gastos operativos,49811.00,0.00,Registro factura INV-00095,INV-00095,CC-100 Operaciones,Elena Mora 05 00001001
1478,2026-04-14,1180,IVA acreditable,12917.12,0.00,Registro factura INV-00269,INV-00269,CC-100 Operaciones,Elena Mora 05 00001001
1479,2026-05-05,2100,Cuentas por pagar,0.00,51160.64,Registro factura INV-00266,INV-00266,CC-100 Operaciones,Fabian Rios 06 00001001
1480,2026-03-05,1180,IVA acreditable,10448.64,0.00,Registro factura INV-00076,INV-00076,CC-100 Operaciones,Elena Mora 05 00001001
1481,2026-02-23,5000,Gastos operativos,40577.00,0.00,Registro factura INV-00110,INV-00110,CC-100 Operaciones,Ana Ruiz 01 00001001
1482,2026-03-18,2100,Cuentas por pagar,0.00,73323.60,Registro factura INV-00294,INV-00294,CC-100 Operaciones,Diego Luna 10 00001001
1483,2026-04-15,1020,Bancos,0.00,51160.64,Pago factura INV-00319,INV-00319,CC-100 Operaciones,Bruno Garcia 02 00001001
1484,2026-02-06,2100,Cuentas por pagar,21507.56,0.00,Pago factura INV-00138,INV-00138,CC-100 Operaciones,Bruno Garcia 02 00001001
1485,2026-04-20,2100,Cuentas por pagar,107700.20,0.00,Pago factura INV-00236,INV-00236,CC-100 Operaciones,Bruno Garcia 02 00001001
1486,2026-06-03,5000,Gastos operativos,52474.00,0.00,Registro factura INV-00009,INV-00009,CC-100 Operaciones,Ana Ruiz 07 00001001
1487,2026-04-27,1180,IVA acreditable,5474.72,0.00,Registro factura INV-00317,INV-00317,CC-100 Operaciones,Diego Luna 10 00001001
1488,2026-04-02,2100,Cuentas por pagar,14636.88,0.00,Pago factura INV-00282,INV-00282,CC-100 Operaciones,Bruno Garcia 02 00001001
1489,2026-06-27,1180,IVA acreditable,13590.24,0.00,Registro factura INV-00003,INV-00003,CC-100 Operaciones,Ana Ruiz 01 00001001
1490,2026-06-20,1180,IVA acreditable,8994.72,0.00,Registro factura INV-00065,INV-00065,CC-100 Operaciones,Fabian Rios 06 00001001
1491,2026-06-21,2100,Cuentas por pagar,0.00,61641.24,Registro factura INV-00235,INV-00235,CC-100 Operaciones,Carla Soto 03 00001001
1492,2026-05-11,5000,Gastos operativos,27085.00,0.00,Registro factura INV-00161,INV-00161,CC-100 Operaciones,Bruno Garcia 08 00001001
1493,2026-01-16,5000,Gastos operativos,48867.00,0.00,Registro factura INV-00178,INV-00178,CC-100 Operaciones,Carla Soto 09 00001001
1494,2026-02-04,5000,Gastos operativos,71342.00,0.00,Registro factura INV-00230,INV-00230,CC-100 Operaciones,Diego Luna 10 00001001
1495,2026-05-05,5000,Gastos operativos,44104.00,0.00,Registro factura INV-00266,INV-00266,CC-100 Operaciones,Fabian Rios 06 00001001
1496,2026-06-27,2100,Cuentas por pagar,98299.56,0.00,Pago factura INV-00268,INV-00268,CC-100 Operaciones,Bruno Garcia 02 00001001
1497,2026-05-02,1180,IVA acreditable,11316.00,0.00,Registro factura INV-00212,INV-00212,CC-100 Operaciones,Ana Ruiz 01 00001001
1498,2026-04-21,1020,Bancos,0.00,33621.44,Pago factura INV-00223,INV-00223,CC-100 Operaciones,Bruno Garcia 02 00001001
1499,2026-06-25,5000,Gastos operativos,77971.00,0.00,Registro factura INV-00034,INV-00034,CC-100 Operaciones,Carla Soto 09 00001001
1500,2026-01-22,2100,Cuentas por pagar,30098.52,0.00,Pago factura INV-00335,INV-00335,CC-100 Operaciones,Bruno Garcia 02 00001001
1501,2026-02-09,5000,Gastos operativos,41387.00,0.00,Registro factura INV-00017,INV-00017,CC-100 Operaciones,Ana Ruiz 01 00001001
1502,2026-05-14,1180,IVA acreditable,12497.44,0.00,Registro factura INV-00100,INV-00100,CC-100 Operaciones,Carla Soto 09 00001001
1503,2026-02-23,1180,IVA acreditable,4426.24,0.00,Registro factura INV-00018,INV-00018,CC-100 Operaciones,Carla Soto 03 00001001
1504,2026-05-31,1020,Bancos,0.00,21631.68,Pago factura INV-00303,INV-00303,CC-100 Operaciones,Bruno Garcia 02 00001001
1505,2026-05-21,2100,Cuentas por pagar,31418.60,0.00,Pago factura INV-00161,INV-00161,CC-100 Operaciones,Bruno Garcia 02 00001001
1506,2026-06-24,2100,Cuentas por pagar,33105.24,0.00,Pago factura INV-00220,INV-00220,CC-100 Operaciones,Bruno Garcia 02 00001001
1507,2026-05-22,2100,Cuentas por pagar,34483.32,0.00,Pago factura INV-00228,INV-00228,CC-100 Operaciones,Bruno Garcia 02 00001001
1508,2026-06-23,1180,IVA acreditable,4404.80,0.00,Registro factura INV-00068,INV-00068,CC-100 Operaciones,Ana Ruiz 07 00001001
1509,2026-03-18,1020,Bancos,0.00,23467.96,Pago factura INV-00190,INV-00190,CC-100 Operaciones,Bruno Garcia 02 00001001
1510,2026-05-01,5000,Gastos operativos,74106.00,0.00,Registro factura INV-00162,INV-00162,CC-100 Operaciones,Fabian Rios 06 00001001
1511,2026-01-23,1020,Bancos,0.00,9243.35,Pago factura INV-00284,INV-00284,CC-100 Operaciones,Bruno Garcia 02 00001001
1512,2026-02-05,1180,IVA acreditable,7056.64,0.00,Registro factura INV-00064,INV-00064,CC-100 Operaciones,Carla Soto 03 00001001
1513,2026-03-05,2100,Cuentas por pagar,0.00,75752.64,Registro factura INV-00076,INV-00076,CC-100 Operaciones,Elena Mora 05 00001001
1514,2026-02-13,1020,Bancos,0.00,36608.44,Pago factura INV-00210,INV-00210,CC-100 Operaciones,Bruno Garcia 02 00001001
1515,2026-05-01,1020,Bancos,0.00,59581.08,Pago factura INV-00360,INV-00360,CC-100 Operaciones,Bruno Garcia 02 00001001
1516,2026-06-08,2100,Cuentas por pagar,0.00,105128.48,Registro factura INV-00082,INV-00082,CC-100 Operaciones,Diego Luna 10 00001001
1517,2026-02-20,2100,Cuentas por pagar,17607.64,0.00,Pago factura INV-00156,INV-00156,CC-100 Operaciones,Bruno Garcia 02 00001001
1518,2026-01-27,1020,Bancos,0.00,73523.12,Pago factura INV-00115,INV-00115,CC-100 Operaciones,Bruno Garcia 02 00001001
1519,2026-03-23,1020,Bancos,0.00,20464.26,Pago factura INV-00087,INV-00087,CC-100 Operaciones,Bruno Garcia 02 00001001
1520,2026-05-18,1020,Bancos,0.00,24269.52,Pago factura INV-00010,INV-00010,CC-100 Operaciones,Bruno Garcia 02 00001001
1521,2026-05-26,2100,Cuentas por pagar,45139.08,0.00,Pago factura INV-00290,INV-00290,CC-100 Operaciones,Bruno Garcia 02 00001001
1522,2026-05-12,2100,Cuentas por pagar,0.00,34483.32,Registro factura INV-00228,INV-00228,CC-100 Operaciones,Ana Ruiz 07 00001001
1523,2026-06-11,5000,Gastos operativos,87446.00,0.00,Registro factura INV-00300,INV-00300,CC-100 Operaciones,Ana Ruiz 01 00001001
1524,2026-02-22,2100,Cuentas por pagar,83279.88,0.00,Pago factura INV-00057,INV-00057,CC-100 Operaciones,Bruno Garcia 02 00001001
1525,2026-06-19,2100,Cuentas por pagar,102009.24,0.00,Pago factura INV-00218,INV-00218,CC-100 Operaciones,Bruno Garcia 02 00001001
1526,2026-04-15,2100,Cuentas por pagar,92957.76,0.00,Pago factura INV-00261,INV-00261,CC-100 Operaciones,Bruno Garcia 02 00001001
1527,2026-02-19,2100,Cuentas por pagar,48008.92,0.00,Pago factura INV-00017,INV-00017,CC-100 Operaciones,Bruno Garcia 02 00001001
1528,2026-06-09,5000,Gastos operativos,67140.00,0.00,Registro factura INV-00207,INV-00207,CC-100 Operaciones,Ana Ruiz 07 00001001
1529,2026-06-22,5000,Gastos operativos,70309.00,0.00,Registro factura INV-00085,INV-00085,CC-100 Operaciones,Bruno Garcia 02 00001001
1530,2026-05-07,1180,IVA acreditable,6351.04,0.00,Registro factura INV-00315,INV-00315,CC-100 Operaciones,Bruno Garcia 02 00001001
1531,2026-03-22,5000,Gastos operativos,20220.00,0.00,Registro factura INV-00164,INV-00164,CC-100 Operaciones,Fabian Rios 06 00001001
1532,2026-05-07,2100,Cuentas por pagar,39691.72,0.00,Pago factura INV-00317,INV-00317,CC-100 Operaciones,Bruno Garcia 02 00001001
1533,2026-03-12,5000,Gastos operativos,69198.00,0.00,Registro factura INV-00041,INV-00041,CC-100 Operaciones,Bruno Garcia 02 00001001
1534,2026-06-17,5000,Gastos operativos,84741.00,0.00,Registro factura INV-00268,INV-00268,CC-100 Operaciones,Carla Soto 09 00001001
1535,2026-01-30,2080,IVA trasladado,0.00,6080.00,Registro venta INV-00101,INV-00101,CC-100 Operaciones,Bruno Garcia 02 00001001
1536,2026-03-04,1180,IVA acreditable,14933.28,0.00,Registro factura INV-00214,INV-00214,CC-100 Operaciones,Bruno Garcia 02 00001001
1537,2026-04-09,2100,Cuentas por pagar,0.00,90310.64,Registro factura INV-00063,INV-00063,CC-100 Operaciones,Bruno Garcia 02 00001001
1538,2026-04-09,5000,Gastos operativos,77854.00,0.00,Registro factura INV-00063,INV-00063,CC-100 Operaciones,Bruno Garcia 02 00001001
1539,2026-05-18,1180,IVA acreditable,2927.36,0.00,Registro factura INV-00074,INV-00074,CC-100 Operaciones,Elena Mora 05 00001001
1540,2026-06-14,2100,Cuentas por pagar,0.00,29409.48,Registro factura INV-00264,INV-00264,CC-100 Operaciones,Diego Luna 10 00001001
1541,2026-01-19,2100,Cuentas por pagar,44028.96,0.00,Pago factura INV-00020,INV-00020,CC-100 Operaciones,Bruno Garcia 02 00001001
1542,2026-03-19,1180,IVA acreditable,8889.28,0.00,Registro factura INV-00326,INV-00326,CC-100 Operaciones,Ana Ruiz 07 00001001
1543,2026-06-05,1180,IVA acreditable,3187.36,0.00,Registro factura INV-00313,INV-00313,CC-100 Operaciones,Carla Soto 03 00001001
1544,2026-01-11,1180,IVA acreditable,13043.36,0.00,Registro factura INV-00260,INV-00260,CC-100 Operaciones,Fabian Rios 06 00001001
1545,2026-03-18,2100,Cuentas por pagar,94211.72,0.00,Pago factura INV-00153,INV-00153,CC-100 Operaciones,Bruno Garcia 02 00001001
1546,2026-05-08,2100,Cuentas por pagar,0.00,24269.52,Registro factura INV-00010,INV-00010,CC-100 Operaciones,Carla Soto 09 00001001
1547,2026-04-29,1180,IVA acreditable,6094.88,0.00,Registro factura INV-00038,INV-00038,CC-100 Operaciones,Diego Luna 10 00001001
1548,2026-03-07,2100,Cuentas por pagar,0.00,88350.24,Registro factura INV-00059,INV-00059,CC-100 Operaciones,Carla Soto 09 00001001
1549,2026-03-03,2100,Cuentas por pagar,0.00,87692.52,Registro factura INV-00002,INV-00002,CC-100 Operaciones,Carla Soto 03 00001001
1550,2026-05-20,5000,Gastos operativos,37560.00,0.00,Registro factura INV-00089,INV-00089,CC-100 Operaciones,Carla Soto 09 00001001
1551,2026-01-14,1180,IVA acreditable,14801.28,0.00,Registro factura INV-00005,INV-00005,CC-100 Operaciones,Carla Soto 03 00001001
1552,2026-06-01,1180,IVA acreditable,10104.80,0.00,Registro factura INV-00351,INV-00351,CC-100 Operaciones,Elena Mora 05 00001001
1553,2026-02-15,1020,Bancos,0.00,49492.56,Pago factura INV-00355,INV-00355,CC-100 Operaciones,Bruno Garcia 02 00001001
1554,2026-04-27,1020,Bancos,0.00,94295.24,Pago factura INV-00198,INV-00198,CC-100 Operaciones,Bruno Garcia 02 00001001
1555,2026-02-24,1180,IVA acreditable,8843.84,0.00,Registro factura INV-00078,INV-00078,CC-100 Operaciones,Bruno Garcia 08 00001001
1556,2026-03-24,5000,Gastos operativos,63510.00,0.00,Registro factura INV-00297,INV-00297,CC-100 Operaciones,Diego Luna 10 00001001
1557,2026-04-13,1020,Bancos,0.00,28861.96,Pago factura INV-00114,INV-00114,CC-100 Operaciones,Bruno Garcia 02 00001001
1558,2026-04-28,2100,Cuentas por pagar,100904.92,0.00,Pago factura INV-00139,INV-00139,CC-100 Operaciones,Bruno Garcia 02 00001001
1559,2026-01-16,5000,Gastos operativos,49739.00,0.00,Registro factura INV-00047,INV-00047,CC-100 Operaciones,Ana Ruiz 07 00001001
1560,2026-06-24,2100,Cuentas por pagar,29409.48,0.00,Pago factura INV-00264,INV-00264,CC-100 Operaciones,Bruno Garcia 02 00001001
1561,2026-02-10,1020,Bancos,0.00,87292.32,Pago factura INV-00304,INV-00304,CC-100 Operaciones,Bruno Garcia 02 00001001
1562,2026-06-21,5000,Gastos operativos,53139.00,0.00,Registro factura INV-00235,INV-00235,CC-100 Operaciones,Carla Soto 03 00001001
1563,2026-06-12,1180,IVA acreditable,12261.12,0.00,Registro factura INV-00330,INV-00330,CC-100 Operaciones,Diego Luna 04 00001001
1564,2026-01-20,5000,Gastos operativos,81021.00,0.00,Registro factura INV-00140,INV-00140,CC-100 Operaciones,Carla Soto 03 00001001
1565,2026-03-23,2100,Cuentas por pagar,20464.26,0.00,Pago factura INV-00087,INV-00087,CC-100 Operaciones,Bruno Garcia 02 00001001
1566,2026-02-07,2100,Cuentas por pagar,27492.00,0.00,Pago factura INV-00157,INV-00157,CC-100 Operaciones,Bruno Garcia 02 00001001
1567,2026-03-22,2100,Cuentas por pagar,0.00,23455.20,Registro factura INV-00164,INV-00164,CC-100 Operaciones,Fabian Rios 06 00001001
1568,2026-06-02,5000,Gastos operativos,81189.00,0.00,Registro factura INV-00023,INV-00023,CC-100 Operaciones,Diego Luna 10 00001001
1569,2026-06-08,1180,IVA acreditable,14500.48,0.00,Registro factura INV-00082,INV-00082,CC-100 Operaciones,Diego Luna 10 00001001
1570,2026-01-21,1020,Bancos,0.00,94564.36,Pago factura INV-00260,INV-00260,CC-100 Operaciones,Bruno Garcia 02 00001001
1571,2026-01-05,2100,Cuentas por pagar,0.00,49791.84,Registro factura INV-00181,INV-00181,CC-100 Operaciones,Diego Luna 04 00001001
1572,2026-05-08,1180,IVA acreditable,8786.56,0.00,Registro factura INV-00163,INV-00163,CC-100 Operaciones,Ana Ruiz 01 00001001
1573,2026-06-02,5000,Gastos operativos,70698.00,0.00,Registro factura INV-00187,INV-00187,CC-100 Operaciones,Bruno Garcia 02 00001001
1574,2026-02-26,1020,Bancos,0.00,41152.16,Pago factura INV-00241,INV-00241,CC-100 Operaciones,Bruno Garcia 02 00001001
1575,2026-04-12,5000,Gastos operativos,80260.00,0.00,Registro factura INV-00237,INV-00237,CC-100 Operaciones,Carla Soto 03 00001001
1576,2026-02-02,2100,Cuentas por pagar,81262.64,0.00,Pago factura INV-00007,INV-00007,CC-100 Operaciones,Bruno Garcia 02 00001001
1577,2026-02-05,5000,Gastos operativos,42666.00,0.00,Registro factura INV-00355,INV-00355,CC-100 Operaciones,Elena Mora 05 00001001
1578,2026-03-27,5000,Gastos operativos,85953.00,0.00,Registro factura INV-00293,INV-00293,CC-100 Operaciones,Ana Ruiz 07 00001001
1579,2026-02-26,1180,IVA acreditable,14548.96,0.00,Registro factura INV-00350,INV-00350,CC-100 Operaciones,Bruno Garcia 02 00001001
1580,2026-05-15,2100,Cuentas por pagar,0.00,36328.88,Registro factura INV-00043,INV-00043,CC-100 Operaciones,Diego Luna 04 00001001
1581,2026-04-01,2100,Cuentas por pagar,0.00,21678.08,Registro factura INV-00263,INV-00263,CC-100 Operaciones,Bruno Garcia 02 00001001
1582,2026-04-24,1180,IVA acreditable,9020.80,0.00,Registro factura INV-00130,INV-00130,CC-100 Operaciones,Ana Ruiz 01 00001001
1583,2026-05-12,1020,Bancos,0.00,95776.56,Pago factura INV-00314,INV-00314,CC-100 Operaciones,Bruno Garcia 02 00001001
1584,2026-05-23,2100,Cuentas por pagar,19916.74,0.00,Pago factura INV-00273,INV-00273,CC-100 Operaciones,Bruno Garcia 02 00001001
1585,2026-04-08,1020,Bancos,0.00,109526.04,Pago factura INV-00012,INV-00012,CC-100 Operaciones,Bruno Garcia 02 00001001
1586,2026-03-10,2100,Cuentas por pagar,0.00,68560.64,Registro factura INV-00029,INV-00029,CC-100 Operaciones,Bruno Garcia 08 00001001
1587,2026-01-30,1020,Bancos,0.00,93984.36,Pago factura INV-00140,INV-00140,CC-100 Operaciones,Bruno Garcia 02 00001001
1588,2026-03-03,2100,Cuentas por pagar,88448.84,0.00,Pago factura INV-00158,INV-00158,CC-100 Operaciones,Bruno Garcia 02 00001001
1589,2026-04-13,1020,Bancos,0.00,85780.84,Pago factura INV-00191,INV-00191,CC-100 Operaciones,Bruno Garcia 02 00001001
1590,2026-03-26,2100,Cuentas por pagar,0.00,45845.52,Registro factura INV-00098,INV-00098,CC-100 Operaciones,Bruno Garcia 02 00001001
1591,2026-02-05,5000,Gastos operativos,42924.00,0.00,Registro factura INV-00042,INV-00042,CC-100 Operaciones,Elena Mora 05 00001001
1592,2026-03-18,1020,Bancos,0.00,94211.72,Pago factura INV-00153,INV-00153,CC-100 Operaciones,Bruno Garcia 02 00001001
1593,2026-02-25,1050,Cuentas por cobrar,0.00,71340.00,Cobro factura INV-00112,INV-00112,CC-100 Operaciones,Bruno Garcia 02 00001001
1594,2026-05-05,2100,Cuentas por pagar,25308.88,0.00,Pago factura INV-00316,INV-00316,CC-100 Operaciones,Bruno Garcia 02 00001001
1595,2026-01-12,2100,Cuentas por pagar,29875.10,0.00,Pago factura INV-00181,INV-00181,CC-100 Operaciones,Bruno Garcia 02 00001001
1596,2026-05-23,1020,Bancos,0.00,110186.08,Pago factura INV-00359,INV-00359,CC-100 Operaciones,Bruno Garcia 02 00001001
1597,2026-01-29,1020,Bancos,0.00,103148.36,Pago factura INV-00145,INV-00145,CC-100 Operaciones,Bruno Garcia 02 00001001
1598,2026-01-30,2100,Cuentas por pagar,93984.36,0.00,Pago factura INV-00140,INV-00140,CC-100 Operaciones,Bruno Garcia 02 00001001
1599,2026-01-17,1180,IVA acreditable,14383.36,0.00,Registro factura INV-00088,INV-00088,CC-100 Operaciones,Diego Luna 04 00001001
1600,2026-04-24,2100,Cuentas por pagar,93649.12,0.00,Pago factura INV-00269,INV-00269,CC-100 Operaciones,Bruno Garcia 02 00001001
1601,2026-02-01,2100,Cuentas por pagar,0.00,68558.32,Registro factura INV-00132,INV-00132,CC-100 Operaciones,Ana Ruiz 01 00001001
1602,2026-03-06,2100,Cuentas por pagar,0.00,108659.52,Registro factura INV-00133,INV-00133,CC-100 Operaciones,Diego Luna 04 00001001
1603,2026-04-23,1020,Bancos,0.00,25371.52,Pago factura INV-00325,INV-00325,CC-100 Operaciones,Bruno Garcia 02 00001001
1604,2026-05-16,2100,Cuentas por pagar,0.00,51620.00,Registro factura INV-00056,INV-00056,CC-100 Operaciones,Ana Ruiz 01 00001001
1605,2026-03-11,2100,Cuentas por pagar,81894.84,0.00,Pago factura INV-00084,INV-00084,CC-100 Operaciones,Bruno Garcia 02 00001001
1606,2026-01-27,5000,Gastos operativos,18541.00,0.00,Registro factura INV-00138,INV-00138,CC-100 Operaciones,Diego Luna 10 00001001
1607,2026-03-21,2100,Cuentas por pagar,0.00,85292.48,Registro factura INV-00327,INV-00327,CC-100 Operaciones,Carla Soto 09 00001001
1608,2026-06-27,2100,Cuentas por pagar,0.00,98529.24,Registro factura INV-00003,INV-00003,CC-100 Operaciones,Ana Ruiz 01 00001001
1609,2026-05-28,5000,Gastos operativos,79528.00,0.00,Registro factura INV-00291,INV-00291,CC-100 Operaciones,Carla Soto 09 00001001
1610,2026-03-29,1020,Bancos,0.00,55425.96,Pago factura INV-00179,INV-00179,CC-100 Operaciones,Bruno Garcia 02 00001001
1611,2026-02-05,2100,Cuentas por pagar,0.00,51160.64,Registro factura INV-00064,INV-00064,CC-100 Operaciones,Carla Soto 03 00001001
1612,2026-04-13,1180,IVA acreditable,4320.80,0.00,Registro factura INV-00295,INV-00295,CC-100 Operaciones,Bruno Garcia 08 00001001
1613,2026-03-27,1020,Bancos,0.00,50977.36,Pago factura INV-00211,INV-00211,CC-100 Operaciones,Bruno Garcia 02 00001001
1614,2026-06-07,2100,Cuentas por pagar,0.00,44487.16,Registro factura INV-00052,INV-00052,CC-100 Operaciones,Carla Soto 03 00001001
1615,2026-04-15,5000,Gastos operativos,73278.00,0.00,Registro factura INV-00256,INV-00256,CC-100 Operaciones,Bruno Garcia 02 00001001
1616,2026-02-23,2100,Cuentas por pagar,52230.16,0.00,Pago factura INV-00053,INV-00053,CC-100 Operaciones,Bruno Garcia 02 00001001
1617,2026-03-04,5000,Gastos operativos,72380.00,0.00,Registro factura INV-00285,INV-00285,CC-100 Operaciones,Diego Luna 10 00001001
1618,2026-05-12,1020,Bancos,0.00,82041.00,Pago factura INV-00212,INV-00212,CC-100 Operaciones,Bruno Garcia 02 00001001
1619,2026-06-05,2100,Cuentas por pagar,107857.96,0.00,Pago factura INV-00126,INV-00126,CC-100 Operaciones,Bruno Garcia 02 00001001
1620,2026-02-14,2100,Cuentas por pagar,0.00,35252.40,Registro factura INV-00026,INV-00026,CC-100 Operaciones,Diego Luna 04 00001001
1621,2026-03-13,5000,Gastos operativos,47124.00,0.00,Registro factura INV-00141,INV-00141,CC-100 Operaciones,Carla Soto 09 00001001
1622,2026-02-13,2100,Cuentas por pagar,36608.44,0.00,Pago factura INV-00210,INV-00210,CC-100 Operaciones,Bruno Garcia 02 00001001
1623,2026-03-09,2100,Cuentas por pagar,0.00,99650.96,Registro factura INV-00337,INV-00337,CC-100 Operaciones,Ana Ruiz 01 00001001
1624,2026-06-30,1020,Bancos,0.00,57558.04,Pago factura INV-00083,INV-00083,CC-100 Operaciones,Bruno Garcia 02 00001001
1625,2026-04-28,5000,Gastos operativos,77628.00,0.00,Registro factura INV-00055,INV-00055,CC-100 Operaciones,Elena Mora 05 00001001
1626,2026-01-24,2100,Cuentas por pagar,0.00,96682.52,Registro factura INV-00242,INV-00242,CC-100 Operaciones,Carla Soto 09 00001001
1627,2026-01-25,2100,Cuentas por pagar,97089.68,0.00,Pago factura INV-00216,INV-00216,CC-100 Operaciones,Bruno Garcia 02 00001001
1628,2026-01-31,2100,Cuentas por pagar,0.00,98393.52,Registro factura INV-00278,INV-00278,CC-100 Operaciones,Bruno Garcia 02 00001001
1629,2026-02-02,1180,IVA acreditable,13741.12,0.00,Registro factura INV-00222,INV-00222,CC-100 Operaciones,Bruno Garcia 08 00001001
1630,2026-06-22,2100,Cuentas por pagar,88893.12,0.00,Pago factura INV-00330,INV-00330,CC-100 Operaciones,Bruno Garcia 02 00001001
1631,2026-06-02,1020,Bancos,0.00,90279.32,Pago factura INV-00030,INV-00030,CC-100 Operaciones,Bruno Garcia 02 00001001
1632,2026-05-08,2100,Cuentas por pagar,90048.48,0.00,Pago factura INV-00055,INV-00055,CC-100 Operaciones,Bruno Garcia 02 00001001
1633,2026-06-26,1020,Bancos,0.00,96485.32,Pago factura INV-00028,INV-00028,CC-100 Operaciones,Bruno Garcia 02 00001001
1634,2026-04-05,1180,IVA acreditable,12085.28,0.00,Registro factura INV-00150,INV-00150,CC-100 Operaciones,Bruno Garcia 08 00001001
1635,2026-06-01,1020,Bancos,0.00,67579.28,Pago factura INV-00137,INV-00137,CC-100 Operaciones,Bruno Garcia 02 00001001
1636,2026-03-05,2100,Cuentas por pagar,0.00,51160.64,Registro factura INV-00087,INV-00087,CC-100 Operaciones,Diego Luna 04 00001001
1637,2026-02-02,1020,Bancos,0.00,81262.64,Pago factura INV-00007,INV-00007,CC-100 Operaciones,Bruno Garcia 02 00001001
1638,2026-05-20,1180,IVA acreditable,3274.24,0.00,Registro factura INV-00204,INV-00204,CC-100 Operaciones,Ana Ruiz 07 00001001
1639,2026-03-03,5000,Gastos operativos,75597.00,0.00,Registro factura INV-00002,INV-00002,CC-100 Operaciones,Carla Soto 03 00001001
1640,2026-06-28,2100,Cuentas por pagar,0.00,59624.00,Registro factura INV-00219,INV-00219,CC-100 Operaciones,Diego Luna 10 00001001
1641,2026-06-07,5000,Gastos operativos,38351.00,0.00,Registro factura INV-00052,INV-00052,CC-100 Operaciones,Carla Soto 03 00001001
1642,2026-01-05,2100,Cuentas por pagar,0.00,51160.64,Registro factura INV-00071,INV-00071,CC-100 Operaciones,Bruno Garcia 02 00001001
1643,2026-06-20,2100,Cuentas por pagar,0.00,44801.52,Registro factura INV-00061,INV-00061,CC-100 Operaciones,Bruno Garcia 08 00001001
1644,2026-05-29,1020,Bancos,0.00,106820.92,Pago factura INV-00322,INV-00322,CC-100 Operaciones,Bruno Garcia 02 00001001
1645,2026-06-28,1180,IVA acreditable,7342.72,0.00,Registro factura INV-00308,INV-00308,CC-100 Operaciones,Bruno Garcia 08 00001001
1646,2026-02-03,5000,Gastos operativos,48553.00,0.00,Registro factura INV-00312,INV-00312,CC-100 Operaciones,Elena Mora 05 00001001
1647,2026-02-03,2100,Cuentas por pagar,0.00,56321.48,Registro factura INV-00312,INV-00312,CC-100 Operaciones,Elena Mora 05 00001001
1648,2026-02-05,2100,Cuentas por pagar,104323.44,0.00,Pago factura INV-00238,INV-00238,CC-100 Operaciones,Bruno Garcia 02 00001001
1649,2026-02-28,5000,Gastos operativos,84976.00,0.00,Registro factura INV-00209,INV-00209,CC-100 Operaciones,Diego Luna 04 00001001
1650,2026-04-16,1180,IVA acreditable,9715.20,0.00,Registro factura INV-00123,INV-00123,CC-100 Operaciones,Ana Ruiz 07 00001001
1651,2026-04-28,2100,Cuentas por pagar,0.00,97493.36,Registro factura INV-00243,INV-00243,CC-100 Operaciones,Ana Ruiz 07 00001001
1652,2026-06-28,2100,Cuentas por pagar,91854.60,0.00,Pago factura INV-00128,INV-00128,CC-100 Operaciones,Bruno Garcia 02 00001001
1653,2026-06-26,1180,IVA acreditable,7309.92,0.00,Registro factura INV-00199,INV-00199,CC-100 Operaciones,Fabian Rios 06 00001001
1654,2026-03-07,1180,IVA acreditable,12186.24,0.00,Registro factura INV-00059,INV-00059,CC-100 Operaciones,Carla Soto 09 00001001
1655,2026-06-06,2100,Cuentas por pagar,101887.44,0.00,Pago factura INV-00329,INV-00329,CC-100 Operaciones,Bruno Garcia 02 00001001
1656,2026-05-24,2100,Cuentas por pagar,79991.28,0.00,Pago factura INV-00173,INV-00173,CC-100 Operaciones,Bruno Garcia 02 00001001
1657,2026-06-21,5000,Gastos operativos,75162.00,0.00,Registro factura INV-00113,INV-00113,CC-100 Operaciones,Elena Mora 05 00001001
1658,2026-01-21,1180,IVA acreditable,0.00,3600.00,Reversion de factura cancelada INV-00249,INV-00249,CC-100 Operaciones,Bruno Garcia 02 00001001
1659,2026-01-15,5000,Gastos operativos,36124.00,0.00,Registro factura INV-00231,INV-00231,CC-100 Operaciones,Diego Luna 10 00001001
1660,2026-04-23,1180,IVA acreditable,5788.80,0.00,Registro factura INV-00066,INV-00066,CC-100 Operaciones,Diego Luna 04 00001001
1661,2026-05-14,1020,Bancos,0.00,33453.24,Pago factura INV-00240,INV-00240,CC-100 Operaciones,Bruno Garcia 02 00001001
1662,2026-06-05,2100,Cuentas por pagar,0.00,23108.36,Registro factura INV-00313,INV-00313,CC-100 Operaciones,Carla Soto 03 00001001
1663,2026-03-26,2100,Cuentas por pagar,70855.12,0.00,Pago factura INV-00170,INV-00170,CC-100 Operaciones,Bruno Garcia 02 00001001
1664,2026-03-02,2100,Cuentas por pagar,0.00,94555.08,Registro factura INV-00343,INV-00343,CC-100 Operaciones,Bruno Garcia 08 00001001
1665,2026-05-12,5000,Gastos operativos,29727.00,0.00,Registro factura INV-00228,INV-00228,CC-100 Operaciones,Ana Ruiz 07 00001001
1666,2026-05-03,1180,IVA acreditable,8456.48,0.00,Registro factura INV-00262,INV-00262,CC-100 Operaciones,Bruno Garcia 08 00001001
1667,2026-06-07,2100,Cuentas por pagar,0.00,80765.00,Registro factura INV-00062,INV-00062,CC-100 Operaciones,Elena Mora 05 00001001
1668,2026-06-18,5000,Gastos operativos,79185.00,0.00,Registro factura INV-00128,INV-00128,CC-100 Operaciones,Diego Luna 04 00001001
1669,2026-02-21,1180,IVA acreditable,12199.84,0.00,Registro factura INV-00158,INV-00158,CC-100 Operaciones,Ana Ruiz 01 00001001
1670,2026-06-17,2100,Cuentas por pagar,80765.00,0.00,Pago factura INV-00062,INV-00062,CC-100 Operaciones,Bruno Garcia 02 00001001
1671,2026-02-21,2100,Cuentas por pagar,0.00,88448.84,Registro factura INV-00158,INV-00158,CC-100 Operaciones,Ana Ruiz 01 00001001
1672,2026-02-10,2100,Cuentas por pagar,98393.52,0.00,Pago factura INV-00278,INV-00278,CC-100 Operaciones,Bruno Garcia 02 00001001
1673,2026-02-04,2100,Cuentas por pagar,27482.72,0.00,Pago factura INV-00025,INV-00025,CC-100 Operaciones,Bruno Garcia 02 00001001
1674,2026-04-06,2100,Cuentas por pagar,0.00,64527.32,Registro factura INV-00248,INV-00248,CC-100 Operaciones,Carla Soto 03 00001001
1675,2026-05-27,1180,IVA acreditable,14053.44,0.00,Registro factura INV-00329,INV-00329,CC-100 Operaciones,Diego Luna 04 00001001
1676,2026-04-27,5000,Gastos operativos,26134.00,0.00,Registro factura INV-00345,INV-00345,CC-100 Operaciones,Bruno Garcia 08 00001001
1677,2026-04-11,1020,Bancos,0.00,21678.08,Pago factura INV-00263,INV-00263,CC-100 Operaciones,Bruno Garcia 02 00001001
1678,2026-04-06,2100,Cuentas por pagar,99705.48,0.00,Pago factura INV-00293,INV-00293,CC-100 Operaciones,Bruno Garcia 02 00001001
1679,2026-01-30,1020,Bancos,0.00,27797.08,Pago factura INV-00035,INV-00035,CC-100 Operaciones,Bruno Garcia 02 00001001
1680,2026-02-12,2100,Cuentas por pagar,84838.92,0.00,Pago factura INV-00080,INV-00080,CC-100 Operaciones,Bruno Garcia 02 00001001
1681,2026-04-05,2100,Cuentas por pagar,76608.72,0.00,Pago factura INV-00175,INV-00175,CC-100 Operaciones,Bruno Garcia 02 00001001
1682,2026-04-20,5000,Gastos operativos,35708.00,0.00,Registro factura INV-00287,INV-00287,CC-100 Operaciones,Elena Mora 05 00001001
1683,2026-04-19,1180,IVA acreditable,11017.76,0.00,Registro factura INV-00271,INV-00271,CC-100 Operaciones,Fabian Rios 06 00001001
1684,2026-02-01,1180,IVA acreditable,13217.44,0.00,Registro factura INV-00118,INV-00118,CC-100 Operaciones,Carla Soto 09 00001001
1685,2026-03-04,2100,Cuentas por pagar,0.00,108266.28,Registro factura INV-00214,INV-00214,CC-100 Operaciones,Bruno Garcia 02 00001001
1686,2026-03-13,5000,Gastos operativos,64398.00,0.00,Registro factura INV-00277,INV-00277,CC-100 Operaciones,Ana Ruiz 07 00001001
1687,2026-05-24,1020,Bancos,0.00,90606.44,Pago factura INV-00100,INV-00100,CC-100 Operaciones,Bruno Garcia 02 00001001
1688,2026-04-10,1180,IVA acreditable,14855.20,0.00,Registro factura INV-00236,INV-00236,CC-100 Operaciones,Carla Soto 09 00001001
1689,2026-03-27,1020,Bancos,0.00,19772.20,Pago factura INV-00024,INV-00024,CC-100 Operaciones,Bruno Garcia 02 00001001
1690,2026-06-13,2100,Cuentas por pagar,0.00,109144.40,Registro factura INV-00221,INV-00221,CC-100 Operaciones,Carla Soto 03 00001001
1691,2026-05-12,2100,Cuentas por pagar,30696.38,0.00,Pago factura INV-00266,INV-00266,CC-100 Operaciones,Bruno Garcia 02 00001001
1692,2026-03-21,5000,Gastos operativos,73528.00,0.00,Registro factura INV-00327,INV-00327,CC-100 Operaciones,Carla Soto 09 00001001
1693,2026-02-16,1020,Bancos,0.00,46567.04,Pago factura INV-00257,INV-00257,CC-100 Operaciones,Bruno Garcia 02 00001001
1694,2026-03-12,2100,Cuentas por pagar,94555.08,0.00,Pago factura INV-00343,INV-00343,CC-100 Operaciones,Bruno Garcia 02 00001001
1695,2026-06-06,2100,Cuentas por pagar,0.00,24469.04,Registro factura INV-00091,INV-00091,CC-100 Operaciones,Bruno Garcia 08 00001001
1696,2026-02-22,2100,Cuentas por pagar,0.00,38280.00,Registro factura INV-00177,INV-00177,CC-100 Operaciones,Diego Luna 04 00001001
1697,2026-05-31,2100,Cuentas por pagar,0.00,23568.88,Registro factura INV-00045,INV-00045,CC-100 Operaciones,Bruno Garcia 08 00001001
1698,2026-05-03,1180,IVA acreditable,7242.40,0.00,Registro factura INV-00011,INV-00011,CC-100 Operaciones,Fabian Rios 06 00001001
1699,2026-06-27,1020,Bancos,0.00,98299.56,Pago factura INV-00268,INV-00268,CC-100 Operaciones,Bruno Garcia 02 00001001
1700,2026-04-24,1020,Bancos,0.00,74851.32,Pago factura INV-00079,INV-00079,CC-100 Operaciones,Bruno Garcia 02 00001001
1701,2026-03-15,5000,Gastos operativos,19839.00,0.00,Registro factura INV-00119,INV-00119,CC-100 Operaciones,Ana Ruiz 01 00001001
1702,2026-04-03,1180,IVA acreditable,11831.84,0.00,Registro factura INV-00191,INV-00191,CC-100 Operaciones,Diego Luna 04 00001001
1703,2026-02-18,2100,Cuentas por pagar,0.00,18434.72,Registro factura INV-00202,INV-00202,CC-100 Operaciones,Diego Luna 10 00001001
1704,2026-02-18,5000,Gastos operativos,46780.00,0.00,Registro factura INV-00215,INV-00215,CC-100 Operaciones,Bruno Garcia 02 00001001
1705,2026-05-15,1180,IVA acreditable,6179.52,0.00,Registro factura INV-00183,INV-00183,CC-100 Operaciones,Fabian Rios 06 00001001
1706,2026-06-17,1180,IVA acreditable,13558.56,0.00,Registro factura INV-00268,INV-00268,CC-100 Operaciones,Carla Soto 09 00001001
1707,2026-04-02,2100,Cuentas por pagar,33003.16,0.00,Pago factura INV-00006,INV-00006,CC-100 Operaciones,Bruno Garcia 02 00001001
1708,2026-01-31,1180,IVA acreditable,12040.32,0.00,Registro factura INV-00304,INV-00304,CC-100 Operaciones,Diego Luna 04 00001001
1709,2026-01-13,2100,Cuentas por pagar,0.00,42433.96,Registro factura INV-00349,INV-00349,CC-100 Operaciones,Fabian Rios 06 00001001
1710,2026-04-01,1020,Bancos,0.00,23455.20,Pago factura INV-00164,INV-00164,CC-100 Operaciones,Bruno Garcia 02 00001001
1711,2026-02-22,2100,Cuentas por pagar,81374.00,0.00,Pago factura INV-00184,INV-00184,CC-100 Operaciones,Bruno Garcia 02 00001001
1712,2026-04-13,2100,Cuentas por pagar,85780.84,0.00,Pago factura INV-00191,INV-00191,CC-100 Operaciones,Bruno Garcia 02 00001001
1713,2026-02-10,2100,Cuentas por pagar,0.00,101475.64,Registro factura INV-00331,INV-00331,CC-100 Operaciones,Bruno Garcia 08 00001001
1714,2026-05-13,5000,Gastos operativos,89193.00,0.00,Registro factura INV-00356,INV-00356,CC-100 Operaciones,Diego Luna 04 00001001
1715,2026-05-14,2100,Cuentas por pagar,0.00,79991.28,Registro factura INV-00173,INV-00173,CC-100 Operaciones,Ana Ruiz 07 00001001
1716,2026-02-03,2100,Cuentas por pagar,96682.52,0.00,Pago factura INV-00242,INV-00242,CC-100 Operaciones,Bruno Garcia 02 00001001
1717,2026-02-05,2100,Cuentas por pagar,0.00,23108.36,Registro factura INV-00146,INV-00146,CC-100 Operaciones,Carla Soto 09 00001001
1718,2026-04-03,2100,Cuentas por pagar,0.00,28861.96,Registro factura INV-00114,INV-00114,CC-100 Operaciones,Fabian Rios 06 00001001
1719,2026-01-22,1020,Bancos,0.00,44758.60,Pago factura INV-00275,INV-00275,CC-100 Operaciones,Bruno Garcia 02 00001001
1720,2026-02-22,2100,Cuentas por pagar,0.00,39334.44,Registro factura INV-00281,INV-00281,CC-100 Operaciones,Fabian Rios 06 00001001
1721,2026-03-01,2100,Cuentas por pagar,0.00,39532.80,Registro factura INV-00016,INV-00016,CC-100 Operaciones,Ana Ruiz 01 00001001
1722,2026-05-02,1020,Bancos,0.00,29071.92,Pago factura INV-00104,INV-00104,CC-100 Operaciones,Bruno Garcia 02 00001001
1723,2026-05-08,5000,Gastos operativos,20922.00,0.00,Registro factura INV-00010,INV-00010,CC-100 Operaciones,Carla Soto 09 00001001
1724,2026-03-08,1020,Bancos,0.00,105479.96,Pago factura INV-00350,INV-00350,CC-100 Operaciones,Bruno Garcia 02 00001001
1725,2026-04-23,2100,Cuentas por pagar,0.00,41968.80,Registro factura INV-00066,INV-00066,CC-100 Operaciones,Diego Luna 04 00001001
1726,2026-05-07,5000,Gastos operativos,93405.00,0.00,Registro factura INV-00125,INV-00125,CC-100 Operaciones,Diego Luna 04 00001001
1727,2026-06-24,1180,IVA acreditable,4052.32,0.00,Registro factura INV-00105,INV-00105,CC-100 Operaciones,Diego Luna 04 00001001
1728,2026-02-14,1020,Bancos,0.00,82756.72,Pago factura INV-00230,INV-00230,CC-100 Operaciones,Bruno Garcia 02 00001001
1729,2026-04-09,1020,Bancos,0.00,38676.72,Pago factura INV-00217,INV-00217,CC-100 Operaciones,Bruno Garcia 02 00001001
1730,2026-03-31,2100,Cuentas por pagar,85292.48,0.00,Pago factura INV-00327,INV-00327,CC-100 Operaciones,Bruno Garcia 02 00001001
1731,2026-03-07,5000,Gastos operativos,76164.00,0.00,Registro factura INV-00059,INV-00059,CC-100 Operaciones,Carla Soto 09 00001001
1732,2026-05-24,2100,Cuentas por pagar,90606.44,0.00,Pago factura INV-00100,INV-00100,CC-100 Operaciones,Bruno Garcia 02 00001001
1733,2026-03-30,2100,Cuentas por pagar,29274.92,0.00,Pago factura INV-00224,INV-00224,CC-100 Operaciones,Bruno Garcia 02 00001001
1734,2026-03-06,1180,IVA acreditable,14987.52,0.00,Registro factura INV-00133,INV-00133,CC-100 Operaciones,Diego Luna 04 00001001
1735,2026-02-12,1180,IVA acreditable,11486.88,0.00,Registro factura INV-00057,INV-00057,CC-100 Operaciones,Bruno Garcia 02 00001001
1736,2026-03-14,5000,Gastos operativos,35845.00,0.00,Registro factura INV-00099,INV-00099,CC-100 Operaciones,Fabian Rios 06 00001001
1737,2026-06-29,1180,IVA acreditable,14086.08,0.00,Registro factura INV-00096,INV-00096,CC-100 Operaciones,Ana Ruiz 07 00001001
1738,2026-05-31,2100,Cuentas por pagar,21631.68,0.00,Pago factura INV-00303,INV-00303,CC-100 Operaciones,Bruno Garcia 02 00001001
1739,2026-05-05,1180,IVA acreditable,7056.64,0.00,Registro factura INV-00266,INV-00266,CC-100 Operaciones,Fabian Rios 06 00001001
1740,2026-03-02,5000,Gastos operativos,33776.00,0.00,Registro factura INV-00185,INV-00185,CC-100 Operaciones,Fabian Rios 06 00001001
1741,2026-04-17,2100,Cuentas por pagar,74876.84,0.00,Pago factura INV-00320,INV-00320,CC-100 Operaciones,Bruno Garcia 02 00001001
1742,2026-03-05,5000,Gastos operativos,19921.00,0.00,Registro factura INV-00102,INV-00102,CC-100 Operaciones,Diego Luna 10 00001001
1743,2026-05-12,2100,Cuentas por pagar,95776.56,0.00,Pago factura INV-00314,INV-00314,CC-100 Operaciones,Bruno Garcia 02 00001001
1744,2026-04-04,2100,Cuentas por pagar,0.00,36587.56,Registro factura INV-00208,INV-00208,CC-100 Operaciones,Carla Soto 09 00001001
1745,2026-02-17,1020,Bancos,0.00,40754.28,Pago factura INV-00192,INV-00192,CC-100 Operaciones,Bruno Garcia 02 00001001
1746,2026-04-16,5000,Gastos operativos,60720.00,0.00,Registro factura INV-00123,INV-00123,CC-100 Operaciones,Ana Ruiz 07 00001001
1747,2026-06-28,5000,Gastos operativos,45892.00,0.00,Registro factura INV-00308,INV-00308,CC-100 Operaciones,Bruno Garcia 08 00001001
1748,2026-02-14,2100,Cuentas por pagar,0.00,85830.72,Registro factura INV-00067,INV-00067,CC-100 Operaciones,Fabian Rios 06 00001001
1749,2026-04-25,1020,Bancos,0.00,85002.48,Pago factura INV-00256,INV-00256,CC-100 Operaciones,Bruno Garcia 02 00001001
1750,2026-03-05,2100,Cuentas por pagar,0.00,23108.36,Registro factura INV-00102,INV-00102,CC-100 Operaciones,Diego Luna 10 00001001
1751,2026-05-14,2100,Cuentas por pagar,66701.16,0.00,Pago factura INV-00213,INV-00213,CC-100 Operaciones,Bruno Garcia 02 00001001
1752,2026-02-04,2100,Cuentas por pagar,0.00,106899.80,Registro factura INV-00340,INV-00340,CC-100 Operaciones,Bruno Garcia 08 00001001
1753,2026-03-13,2100,Cuentas por pagar,34448.52,0.00,Pago factura INV-00206,INV-00206,CC-100 Operaciones,Bruno Garcia 02 00001001
1754,2026-02-05,1020,Bancos,0.00,25042.08,Pago factura INV-00033,INV-00033,CC-100 Operaciones,Bruno Garcia 02 00001001
1755,2026-03-31,2100,Cuentas por pagar,67657.00,0.00,Pago factura INV-00103,INV-00103,CC-100 Operaciones,Bruno Garcia 02 00001001
1756,2026-06-25,2100,Cuentas por pagar,0.00,62501.96,Registro factura INV-00259,INV-00259,CC-100 Operaciones,Ana Ruiz 01 00001001
1757,2026-06-08,2100,Cuentas por pagar,79769.72,0.00,Pago factura INV-00036,INV-00036,CC-100 Operaciones,Bruno Garcia 02 00001001
1758,2026-01-30,1180,IVA acreditable,13022.40,0.00,Registro factura INV-00039,INV-00039,CC-100 Operaciones,Ana Ruiz 07 00001001
1759,2026-04-18,1020,Bancos,0.00,70224.08,Pago factura INV-00165,INV-00165,CC-100 Operaciones,Bruno Garcia 02 00001001
1760,2026-02-27,1020,Bancos,0.00,52470.28,Pago factura INV-00031,INV-00031,CC-100 Operaciones,Bruno Garcia 02 00001001
1761,2026-01-30,1180,IVA acreditable,14823.36,0.00,Registro factura INV-00203,INV-00203,CC-100 Operaciones,Carla Soto 09 00001001
1762,2026-01-27,2100,Cuentas por pagar,73523.12,0.00,Pago factura INV-00115,INV-00115,CC-100 Operaciones,Bruno Garcia 02 00001001
1763,2026-05-11,2100,Cuentas por pagar,64526.16,0.00,Pago factura INV-00155,INV-00155,CC-100 Operaciones,Bruno Garcia 02 00001001
1764,2026-03-08,5000,Gastos operativos,20231.00,0.00,Registro factura INV-00190,INV-00190,CC-100 Operaciones,Fabian Rios 06 00001001
1765,2026-03-02,5000,Gastos operativos,81513.00,0.00,Registro factura INV-00343,INV-00343,CC-100 Operaciones,Bruno Garcia 08 00001001
1766,2026-03-05,1180,IVA acreditable,12698.56,0.00,Registro factura INV-00347,INV-00347,CC-100 Operaciones,Ana Ruiz 07 00001001
1767,2026-05-21,1020,Bancos,0.00,31418.60,Pago factura INV-00161,INV-00161,CC-100 Operaciones,Bruno Garcia 02 00001001
1768,2026-03-06,1020,Bancos,0.00,72382.84,Pago factura INV-00013,INV-00013,CC-100 Operaciones,Bruno Garcia 02 00001001
1769,2026-06-18,2100,Cuentas por pagar,105128.48,0.00,Pago factura INV-00082,INV-00082,CC-100 Operaciones,Bruno Garcia 02 00001001
1770,2026-06-07,1020,Bancos,0.00,92252.48,Pago factura INV-00291,INV-00291,CC-100 Operaciones,Bruno Garcia 02 00001001
1771,2026-04-23,5000,Gastos operativos,36180.00,0.00,Registro factura INV-00066,INV-00066,CC-100 Operaciones,Diego Luna 04 00001001
1772,2026-04-22,1020,Bancos,0.00,93101.60,Pago factura INV-00237,INV-00237,CC-100 Operaciones,Bruno Garcia 02 00001001
1773,2026-03-22,1180,IVA acreditable,3527.36,0.00,Registro factura INV-00197,INV-00197,CC-100 Operaciones,Bruno Garcia 08 00001001
1774,2026-06-30,1020,Bancos,0.00,81558.44,Pago factura INV-00085,INV-00085,CC-100 Operaciones,Bruno Garcia 02 00001001
1775,2026-03-17,2100,Cuentas por pagar,0.00,19772.20,Registro factura INV-00024,INV-00024,CC-100 Operaciones,Carla Soto 03 00001001
1776,2026-04-26,5000,Gastos operativos,91664.00,0.00,Registro factura INV-00077,INV-00077,CC-100 Operaciones,Ana Ruiz 01 00001001
1777,2026-04-30,2100,Cuentas por pagar,41421.28,0.00,Pago factura INV-00287,INV-00287,CC-100 Operaciones,Bruno Garcia 02 00001001
1778,2026-04-08,2100,Cuentas por pagar,0.00,70224.08,Registro factura INV-00165,INV-00165,CC-100 Operaciones,Elena Mora 05 00001001
1779,2026-05-23,1020,Bancos,0.00,9243.35,Pago factura INV-00169,INV-00169,CC-100 Operaciones,Bruno Garcia 02 00001001
1780,2026-03-25,2100,Cuentas por pagar,0.00,98633.64,Registro factura INV-00022,INV-00022,CC-100 Operaciones,Elena Mora 05 00001001
1781,2026-02-15,2100,Cuentas por pagar,49492.56,0.00,Pago factura INV-00355,INV-00355,CC-100 Operaciones,Bruno Garcia 02 00001001
1782,2026-01-22,1180,IVA acreditable,2511.36,0.00,Registro factura INV-00195,INV-00195,CC-100 Operaciones,Elena Mora 05 00001001
1783,2026-03-25,2100,Cuentas por pagar,0.00,28148.56,Registro factura INV-00093,INV-00093,CC-100 Operaciones,Ana Ruiz 07 00001001
1784,2026-04-15,2100,Cuentas por pagar,23108.36,0.00,Pago factura INV-00109,INV-00109,CC-100 Operaciones,Bruno Garcia 02 00001001
1785,2026-06-27,2100,Cuentas por pagar,54161.56,0.00,Pago factura INV-00305,INV-00305,CC-100 Operaciones,Bruno Garcia 02 00001001
1786,2026-06-14,5000,Gastos operativos,25353.00,0.00,Registro factura INV-00264,INV-00264,CC-100 Operaciones,Diego Luna 10 00001001
1787,2026-04-03,1020,Bancos,0.00,73671.60,Pago factura INV-00297,INV-00297,CC-100 Operaciones,Bruno Garcia 02 00001001
1788,2026-06-30,1020,Bancos,0.00,50541.20,Pago factura INV-00143,INV-00143,CC-100 Operaciones,Bruno Garcia 02 00001001
1789,2026-04-07,1020,Bancos,0.00,22903.04,Pago factura INV-00174,INV-00174,CC-100 Operaciones,Bruno Garcia 02 00001001
1790,2026-02-06,1020,Bancos,0.00,76430.08,Pago factura INV-00301,INV-00301,CC-100 Operaciones,Bruno Garcia 02 00001001
1791,2026-01-24,2100,Cuentas por pagar,85514.04,0.00,Pago factura INV-00267,INV-00267,CC-100 Operaciones,Bruno Garcia 02 00001001
1792,2026-05-18,2100,Cuentas por pagar,0.00,21223.36,Registro factura INV-00074,INV-00074,CC-100 Operaciones,Elena Mora 05 00001001
1793,2026-05-22,5000,Gastos operativos,58258.00,0.00,Registro factura INV-00137,INV-00137,CC-100 Operaciones,Carla Soto 09 00001001
1794,2026-05-15,5000,Gastos operativos,31318.00,0.00,Registro factura INV-00043,INV-00043,CC-100 Operaciones,Diego Luna 04 00001001
1795,2026-04-11,1180,IVA acreditable,13693.92,0.00,Registro factura INV-00250,INV-00250,CC-100 Operaciones,Fabian Rios 06 00001001
1796,2026-02-28,2100,Cuentas por pagar,54264.80,0.00,Pago factura INV-00215,INV-00215,CC-100 Operaciones,Bruno Garcia 02 00001001
1797,2026-01-19,5000,Gastos operativos,64931.00,0.00,Registro factura INV-00225,INV-00225,CC-100 Operaciones,Fabian Rios 06 00001001
1798,2026-04-09,2100,Cuentas por pagar,56525.64,0.00,Pago factura INV-00302,INV-00302,CC-100 Operaciones,Bruno Garcia 02 00001001
1799,2026-04-05,1180,IVA acreditable,12821.76,0.00,Registro factura INV-00261,INV-00261,CC-100 Operaciones,Fabian Rios 06 00001001
1800,2026-05-12,2100,Cuentas por pagar,29875.10,0.00,Pago factura INV-00273,INV-00273,CC-100 Operaciones,Bruno Garcia 02 00001001
1801,2026-04-12,5000,Gastos operativos,71248.00,0.00,Registro factura INV-00306,INV-00306,CC-100 Operaciones,Ana Ruiz 01 00001001
1802,2026-06-05,2100,Cuentas por pagar,0.00,51160.64,Registro factura INV-00189,INV-00189,CC-100 Operaciones,Ana Ruiz 07 00001001
1803,2026-04-12,2100,Cuentas por pagar,0.00,93101.60,Registro factura INV-00237,INV-00237,CC-100 Operaciones,Carla Soto 03 00001001
1804,2026-03-14,1180,IVA acreditable,5735.20,0.00,Registro factura INV-00099,INV-00099,CC-100 Operaciones,Fabian Rios 06 00001001
1805,2026-04-16,2100,Cuentas por pagar,64527.32,0.00,Pago factura INV-00248,INV-00248,CC-100 Operaciones,Bruno Garcia 02 00001001
1806,2026-02-09,2100,Cuentas por pagar,0.00,48008.92,Registro factura INV-00017,INV-00017,CC-100 Operaciones,Ana Ruiz 01 00001001
1807,2026-06-04,2100,Cuentas por pagar,104060.12,0.00,Pago factura INV-00149,INV-00149,CC-100 Operaciones,Bruno Garcia 02 00001001
1808,2026-04-19,1020,Bancos,0.00,90310.64,Pago factura INV-00063,INV-00063,CC-100 Operaciones,Bruno Garcia 02 00001001
1809,2026-02-22,1180,IVA acreditable,5280.00,0.00,Registro factura INV-00177,INV-00177,CC-100 Operaciones,Diego Luna 04 00001001
1810,2026-05-22,2100,Cuentas por pagar,0.00,67579.28,Registro factura INV-00137,INV-00137,CC-100 Operaciones,Carla Soto 09 00001001
1811,2026-03-16,5000,Gastos operativos,32657.00,0.00,Registro factura INV-00069,INV-00069,CC-100 Operaciones,Bruno Garcia 08 00001001
1812,2026-06-05,1180,IVA acreditable,5766.08,0.00,Registro factura INV-00136,INV-00136,CC-100 Operaciones,Ana Ruiz 01 00001001
1813,2026-03-31,1020,Bancos,0.00,67657.00,Pago factura INV-00103,INV-00103,CC-100 Operaciones,Bruno Garcia 02 00001001
1814,2026-03-15,1020,Bancos,0.00,75752.64,Pago factura INV-00076,INV-00076,CC-100 Operaciones,Bruno Garcia 02 00001001
1815,2026-05-21,1180,IVA acreditable,2983.68,0.00,Registro factura INV-00303,INV-00303,CC-100 Operaciones,Bruno Garcia 02 00001001
1816,2026-01-28,2100,Cuentas por pagar,0.00,27492.00,Registro factura INV-00157,INV-00157,CC-100 Operaciones,Carla Soto 03 00001001
1817,2026-06-21,1180,IVA acreditable,8502.24,0.00,Registro factura INV-00235,INV-00235,CC-100 Operaciones,Carla Soto 03 00001001
1818,2026-05-08,1020,Bancos,0.00,97493.36,Pago factura INV-00243,INV-00243,CC-100 Operaciones,Bruno Garcia 02 00001001
1819,2026-03-12,2100,Cuentas por pagar,0.00,95871.68,Registro factura INV-00086,INV-00086,CC-100 Operaciones,Diego Luna 04 00001001
