entry_id,date,account_code,account_name,debit,credit,description,invoice_uuid,cost_center,approver
1,2026-06-29,2100,Cuentas por pagar,0.00,85971.08,Registro factura INV-00172,INV-00172,CC-100 Operaciones,Elena Mora 05 00001102
2,2026-01-22,2100,Cuentas por pagar,0.00,17650.56,Registro factura INV-00107,INV-00107,CC-100 Operaciones,Ana Ruiz 07 00001102
3,2026-03-01,2100,Cuentas por pagar,0.00,29999.92,Registro factura INV-00354,INV-00354,CC-100 Operaciones,Ana Ruiz 01 00001102
4,2026-05-31,2100,Cuentas por pagar,84588.36,0.00,Pago factura INV-00206,INV-00206,CC-100 Operaciones,Bruno Garcia 02 00001102
5,2026-05-28,2100,Cuentas por pagar,24343.76,0.00,Pago factura INV-00328,INV-00328,CC-100 Operaciones,Bruno Garcia 02 00001102
6,2026-06-30,2100,Cuentas por pagar,100722.80,0.00,Pago factura INV-00311,INV-00311,CC-100 Operaciones,Bruno Garcia 02 00001102
7,2026-05-25,2100,Cuentas por pagar,0.00,108738.40,Registro factura INV-00191,INV-00191,CC-100 Operaciones,Diego Luna 10 00001102
8,2026-02-09,1180,IVA acreditable,7874.56,0.00,Registro factura INV-00076,INV-00076,CC-100 Operaciones,Ana Ruiz 01 00001102
9,2026-05-23,1020,Bancos,0.00,10356.95,Pago factura INV-00208,INV-00208,CC-100 Operaciones,Bruno Garcia 02 00001102
10,2026-05-29,5000,Gastos operativos,27248.00,0.00,Registro factura INV-00083,INV-00083,CC-100 Operaciones,Diego Luna 04 00001102
11,2026-05-07,1020,Bancos,0.00,48583.12,Pago factura INV-00224,INV-00224,CC-100 Operaciones,Bruno Garcia 02 00001102
12,2026-04-27,2100,Cuentas por pagar,0.00,48583.12,Registro factura INV-00224,INV-00224,CC-100 Operaciones,Bruno Garcia 08 00001102
13,2026-02-27,1020,Bancos,0.00,24605.92,Pago factura INV-00261,INV-00261,CC-100 Operaciones,Bruno Garcia 02 00001102
14,2026-06-04,1020,Bancos,0.00,45184.32,Pago factura INV-00015,INV-00015,CC-100 Operaciones,Bruno Garcia 02 00001102
15,2026-06-15,1020,Bancos,0.00,25892.36,Pago factura INV-00127,INV-00127,CC-100 Operaciones,Bruno Garcia 02 00001102
16,2026-02-07,5000,Gastos operativos,42796.00,0.00,Registro factura INV-00230,INV-00230,CC-100 Operaciones,Carla Soto 09 00001102
17,2026-06-12,2100,Cuentas por pagar,66905.32,0.00,Pago factura INV-00021,INV-00021,CC-100 Operaciones,Bruno Garcia 02 00001102
18,2026-04-24,2100,Cuentas por pagar,51120.04,0.00,Pago factura INV-00080,INV-00080,CC-100 Operaciones,Bruno Garcia 02 00001102
19,2026-04-04,2100,Cuentas por pagar,85530.28,0.00,Pago factura INV-00035,INV-00035,CC-100 Operaciones,Bruno Garcia 02 00001102
20,2026-04-06,1180,IVA acreditable,11416.32,0.00,Registro factura INV-00210,INV-00210,CC-100 Operaciones,Elena Mora 05 00001102
21,2026-06-15,2100,Cuentas por pagar,0.00,90115.76,Registro factura INV-00061,INV-00061,CC-100 Operaciones,Ana Ruiz 07 00001102
22,2026-02-23,5000,Gastos operativos,33936.00,0.00,Registro factura INV-00121,INV-00121,CC-100 Operaciones,Carla Soto 03 00001102
23,2026-02-23,5000,Gastos operativos,58308.00,0.00,Registro factura INV-00239,INV-00239,CC-100 Operaciones,Ana Ruiz 01 00001102
24,2026-06-10,1180,IVA acreditable,3738.72,0.00,Registro factura INV-00024,INV-00024,CC-100 Operaciones,Diego Luna 04 00001102
25,2026-02-25,1180,IVA acreditable,12035.36,0.00,Registro factura INV-00104,INV-00104,CC-100 Operaciones,Elena Mora 05 00001102
26,2026-03-22,2100,Cuentas por pagar,0.00,39083.88,Registro factura INV-00282,INV-00282,CC-100 Operaciones,Fabian Rios 06 00001102
27,2026-06-28,2100,Cuentas por pagar,0.00,105369.76,Registro factura INV-00204,INV-00204,CC-100 Operaciones,Diego Luna 10 00001102
28,2026-01-11,1180,IVA acreditable,10300.48,0.00,Registro factura INV-00012,INV-00012,CC-100 Operaciones,Diego Luna 04 00001102
29,2026-06-20,1020,Bancos,0.00,27105.72,Pago factura INV-00024,INV-00024,CC-100 Operaciones,Bruno Garcia 02 00001102
30,2026-06-20,5000,Gastos operativos,92175.00,0.00,Registro factura INV-00124,INV-00124,CC-100 Operaciones,Fabian Rios 06 00001102
31,2026-03-05,5000,Gastos operativos,19417.00,0.00,Registro factura INV-00163,INV-00163,CC-100 Operaciones,Ana Ruiz 07 00001102
32,2026-06-03,5000,Gastos operativos,90567.00,0.00,Registro factura INV-00002,INV-00002,CC-100 Operaciones,Ana Ruiz 07 00001102
33,2026-02-16,2100,Cuentas por pagar,0.00,78281.44,Registro factura INV-00060,INV-00060,CC-100 Operaciones,Bruno Garcia 08 00001102
34,2026-02-05,2100,Cuentas por pagar,0.00,57003.56,Registro factura INV-00342,INV-00342,CC-100 Operaciones,Elena Mora 05 00001102
35,2026-06-14,1180,IVA acreditable,3791.84,0.00,Registro factura INV-00241,INV-00241,CC-100 Operaciones,Bruno Garcia 08 00001102
36,2026-06-22,2100,Cuentas por pagar,20612.04,0.00,Pago factura INV-00033,INV-00033,CC-100 Operaciones,Bruno Garcia 02 00001102
37,2026-02-02,2100,Cuentas por pagar,0.00,48722.32,Registro factura INV-00001,INV-00001,CC-100 Operaciones,Bruno Garcia 08 00001102
38,2026-06-27,1180,IVA acreditable,2247.04,0.00,Registro factura INV-00063,INV-00063,CC-100 Operaciones,Carla Soto 03 00001102
39,2026-05-01,1020,Bancos,0.00,100394.52,Pago factura INV-00190,INV-00190,CC-100 Operaciones,Bruno Garcia 02 00001102
40,2026-03-13,2100,Cuentas por pagar,57576.60,0.00,Pago factura INV-00150,INV-00150,CC-100 Operaciones,Bruno Garcia 02 00001102
41,2026-05-27,2100,Cuentas por pagar,0.00,54836.68,Registro factura INV-00184,INV-00184,CC-100 Operaciones,Diego Luna 04 00001102
42,2026-02-26,5000,Gastos operativos,25898.00,0.00,Registro factura INV-00254,INV-00254,CC-100 Operaciones,Diego Luna 10 00001102
43,2026-02-18,1020,Bancos,0.00,101264.52,Pago factura INV-00359,INV-00359,CC-100 Operaciones,Bruno Garcia 02 00001102
44,2026-05-10,5000,Gastos operativos,72378.00,0.00,Registro factura INV-00071,INV-00071,CC-100 Operaciones,Ana Ruiz 01 00001102
45,2026-01-21,2100,Cuentas por pagar,92141.12,0.00,Pago factura INV-00072,INV-00072,CC-100 Operaciones,Bruno Garcia 02 00001102
46,2026-05-04,2100,Cuentas por pagar,0.00,69639.44,Registro factura INV-00110,INV-00110,CC-100 Operaciones,Carla Soto 03 00001102
47,2026-01-12,5000,Gastos operativos,15330.00,0.00,Registro factura INV-00257,INV-00257,CC-100 Operaciones,Carla Soto 03 00001102
48,2026-02-07,2100,Cuentas por pagar,19457.84,0.00,Pago factura INV-00019,INV-00019,CC-100 Operaciones,Bruno Garcia 02 00001102
49,2026-03-28,2100,Cuentas por pagar,0.00,61794.36,Registro factura INV-00309,INV-00309,CC-100 Operaciones,Diego Luna 04 00001102
50,2026-04-13,1180,IVA acreditable,12337.60,0.00,Registro factura INV-00243,INV-00243,CC-100 Operaciones,Diego Luna 10 00001102
51,2026-05-09,2100,Cuentas por pagar,0.00,77902.12,Registro factura INV-00302,INV-00302,CC-100 Operaciones,Bruno Garcia 08 00001102
52,2026-05-29,1020,Bancos,0.00,22008.68,Pago factura INV-00268,INV-00268,CC-100 Operaciones,Bruno Garcia 02 00001102
53,2026-05-26,2100,Cuentas por pagar,83768.24,0.00,Pago factura INV-00289,INV-00289,CC-100 Operaciones,Bruno Garcia 02 00001102
54,2026-06-24,2100,Cuentas por pagar,27490.84,0.00,Pago factura INV-00241,INV-00241,CC-100 Operaciones,Bruno Garcia 02 00001102
55,2026-05-01,2100,Cuentas por pagar,100394.52,0.00,Pago factura INV-00190,INV-00190,CC-100 Operaciones,Bruno Garcia 02 00001102
56,2026-06-13,2100,Cuentas por pagar,38902.92,0.00,Pago factura INV-00299,INV-00299,CC-100 Operaciones,Bruno Garcia 02 00001102
57,2026-01-25,2100,Cuentas por pagar,0.00,52367.04,Registro factura INV-00055,INV-00055,CC-100 Operaciones,Fabian Rios 06 00001102
58,2026-03-15,1180,IVA acreditable,9199.36,0.00,Registro factura INV-00129,INV-00129,CC-100 Operaciones,Ana Ruiz 01 00001102
59,2026-02-07,1180,IVA acreditable,6847.36,0.00,Registro factura INV-00230,INV-00230,CC-100 Operaciones,Carla Soto 09 00001102
60,2026-03-03,1020,Bancos,0.00,21398.52,Pago factura INV-00339,INV-00339,CC-100 Operaciones,Bruno Garcia 02 00001102
61,2026-02-02,1020,Bancos,0.00,47908.00,Pago factura INV-00341,INV-00341,CC-100 Operaciones,Bruno Garcia 02 00001102
62,2026-04-23,1020,Bancos,0.00,49907.84,Pago factura INV-00020,INV-00020,CC-100 Operaciones,Bruno Garcia 02 00001102
63,2026-06-02,1020,Bancos,0.00,43165.92,Pago factura INV-00313,INV-00313,CC-100 Operaciones,Bruno Garcia 02 00001102
64,2026-06-21,2100,Cuentas por pagar,0.00,33559.96,Registro factura INV-00345,INV-00345,CC-100 Operaciones,Carla Soto 03 00001102
65,2026-01-23,2100,Cuentas por pagar,31678.44,0.00,Pago factura INV-00223,INV-00223,CC-100 Operaciones,Bruno Garcia 02 00001102
66,2026-06-04,2100,Cuentas por pagar,0.00,53198.76,Registro factura INV-00336,INV-00336,CC-100 Operaciones,Fabian Rios 06 00001102
67,2026-04-09,5000,Gastos operativos,21769.00,0.00,Registro factura INV-00084,INV-00084,CC-100 Operaciones,Diego Luna 04 00001102
68,2026-05-02,2100,Cuentas por pagar,66227.88,0.00,Pago factura INV-00318,INV-00318,CC-100 Operaciones,Bruno Garcia 02 00001102
69,2026-03-23,5000,Gastos operativos,51617.00,0.00,Registro factura INV-00227,INV-00227,CC-100 Operaciones,Carla Soto 03 00001102
70,2026-04-24,2100,Cuentas por pagar,29897.84,0.00,Pago factura INV-00085,INV-00085,CC-100 Operaciones,Bruno Garcia 02 00001102
71,2026-04-06,2100,Cuentas por pagar,39564.12,0.00,Pago factura INV-00100,INV-00100,CC-100 Operaciones,Bruno Garcia 02 00001102
72,2026-05-13,5000,Gastos operativos,44907.00,0.00,Registro factura INV-00271,INV-00271,CC-100 Operaciones,Bruno Garcia 02 00001102
73,2026-03-19,1020,Bancos,0.00,32058.92,Pago factura INV-00113,INV-00113,CC-100 Operaciones,Bruno Garcia 02 00001102
74,2026-01-20,1180,IVA acreditable,12792.64,0.00,Registro factura INV-00094,INV-00094,CC-100 Operaciones,Ana Ruiz 01 00001102
75,2026-03-20,1180,IVA acreditable,12809.12,0.00,Registro factura INV-00235,INV-00235,CC-100 Operaciones,Diego Luna 04 00001102
76,2026-06-24,2100,Cuentas por pagar,0.00,107405.56,Registro factura INV-00175,INV-00175,CC-100 Operaciones,Diego Luna 04 00001102
77,2026-05-11,1020,Bancos,0.00,70456.08,Pago factura INV-00143,INV-00143,CC-100 Operaciones,Bruno Garcia 02 00001102
78,2026-01-30,1020,Bancos,0.00,93037.80,Pago factura INV-00145,INV-00145,CC-100 Operaciones,Bruno Garcia 02 00001102
79,2026-01-27,1180,IVA acreditable,4923.52,0.00,Registro factura INV-00352,INV-00352,CC-100 Operaciones,Bruno Garcia 08 00001102
80,2026-02-16,5000,Gastos operativos,67484.00,0.00,Registro factura INV-00060,INV-00060,CC-100 Operaciones,Bruno Garcia 08 00001102
81,2026-04-26,1020,Bancos,0.00,34261.76,Pago factura INV-00079,INV-00079,CC-100 Operaciones,Bruno Garcia 02 00001102
82,2026-05-09,5000,Gastos operativos,28550.00,0.00,Registro factura INV-00108,INV-00108,CC-100 Operaciones,Fabian Rios 06 00001102
83,2026-03-21,5000,Gastos operativos,92066.00,0.00,Registro factura INV-00067,INV-00067,CC-100 Operaciones,Ana Ruiz 01 00001102
84,2026-03-16,5000,Gastos operativos,62883.00,0.00,Registro factura INV-00161,INV-00161,CC-100 Operaciones,Bruno Garcia 08 00001102
85,2026-05-30,1020,Bancos,0.00,60541.56,Pago factura INV-00290,INV-00290,CC-100 Operaciones,Bruno Garcia 02 00001102
86,2026-04-16,1180,IVA acreditable,4725.76,0.00,Registro factura INV-00079,INV-00079,CC-100 Operaciones,Carla Soto 09 00001102
87,2026-02-01,5000,Gastos operativos,29670.00,0.00,Registro factura INV-00340,INV-00340,CC-100 Operaciones,Ana Ruiz 01 00001102
88,2026-02-26,1180,IVA acreditable,4143.68,0.00,Registro factura INV-00254,INV-00254,CC-100 Operaciones,Diego Luna 10 00001102
89,2026-02-08,5000,Gastos operativos,87297.00,0.00,Registro factura INV-00359,INV-00359,CC-100 Operaciones,Diego Luna 04 00001102
90,2026-05-16,1180,IVA acreditable,11554.24,0.00,Registro factura INV-00289,INV-00289,CC-100 Operaciones,Carla Soto 03 00001102
91,2026-03-26,1020,Bancos,0.00,72944.28,Pago factura INV-00161,INV-00161,CC-100 Operaciones,Bruno Garcia 02 00001102
92,2026-06-24,5000,Gastos operativos,92591.00,0.00,Registro factura INV-00175,INV-00175,CC-100 Operaciones,Diego Luna 04 00001102
93,2026-01-29,2100,Cuentas por pagar,0.00,71052.32,Registro factura INV-00126,INV-00126,CC-100 Operaciones,Diego Luna 10 00001102
94,2026-06-15,2100,Cuentas por pagar,25892.36,0.00,Pago factura INV-00127,INV-00127,CC-100 Operaciones,Bruno Garcia 02 00001102
95,2026-05-04,1020,Bancos,0.00,84276.32,Pago factura INV-00036,INV-00036,CC-100 Operaciones,Bruno Garcia 02 00001102
96,2026-02-10,1020,Bancos,0.00,76508.96,Pago factura INV-00130,INV-00130,CC-100 Operaciones,Bruno Garcia 02 00001102
97,2026-04-21,5000,Gastos operativos,77914.00,0.00,Registro factura INV-00277,INV-00277,CC-100 Operaciones,Bruno Garcia 02 00001102
98,2026-03-21,1180,IVA acreditable,14730.56,0.00,Registro factura INV-00067,INV-00067,CC-100 Operaciones,Ana Ruiz 01 00001102
99,2026-05-08,2100,Cuentas por pagar,52921.52,0.00,Pago factura INV-00086,INV-00086,CC-100 Operaciones,Bruno Garcia 02 00001102
100,2026-06-15,1020,Bancos,0.00,48645.76,Pago factura INV-00006,INV-00006,CC-100 Operaciones,Bruno Garcia 02 00001102
101,2026-03-31,2100,Cuentas por pagar,106796.56,0.00,Pago factura INV-00067,INV-00067,CC-100 Operaciones,Bruno Garcia 02 00001102
102,2026-05-08,2100,Cuentas por pagar,0.00,77535.56,Registro factura INV-00274,INV-00274,CC-100 Operaciones,Ana Ruiz 01 00001102
103,2026-03-07,2100,Cuentas por pagar,0.00,33990.32,Registro factura INV-00058,INV-00058,CC-100 Operaciones,Ana Ruiz 01 00001102
104,2026-03-11,2100,Cuentas por pagar,56677.60,0.00,Pago factura INV-00329,INV-00329,CC-100 Operaciones,Bruno Garcia 02 00001102
105,2026-05-17,1020,Bancos,0.00,33066.96,Pago factura INV-00149,INV-00149,CC-100 Operaciones,Bruno Garcia 02 00001102
106,2026-01-05,5000,Gastos operativos,41936.00,0.00,Registro factura INV-00029,INV-00029,CC-100 Operaciones,Bruno Garcia 02 00001102
107,2026-06-21,2100,Cuentas por pagar,15883.88,0.00,Pago factura INV-00212,INV-00212,CC-100 Operaciones,Bruno Garcia 02 00001102
108,2026-06-27,1020,Bancos,0.00,65821.88,Pago factura INV-00300,INV-00300,CC-100 Operaciones,Bruno Garcia 02 00001102
109,2026-05-27,1180,IVA acreditable,7563.68,0.00,Registro factura INV-00184,INV-00184,CC-100 Operaciones,Diego Luna 04 00001102
110,2026-05-23,1180,IVA acreditable,6330.56,0.00,Registro factura INV-00285,INV-00285,CC-100 Operaciones,Fabian Rios 06 00001102
111,2026-04-28,2100,Cuentas por pagar,0.00,52921.52,Registro factura INV-00086,INV-00086,CC-100 Operaciones,Elena Mora 05 00001102
112,2026-02-26,2100,Cuentas por pagar,0.00,65861.32,Registro factura INV-00327,INV-00327,CC-100 Operaciones,Bruno Garcia 02 00001102
113,2026-05-12,2100,Cuentas por pagar,95550.36,0.00,Pago factura INV-00205,INV-00205,CC-100 Operaciones,Bruno Garcia 02 00001102
114,2026-06-11,1180,IVA acreditable,8289.76,0.00,Registro factura INV-00047,INV-00047,CC-100 Operaciones,Carla Soto 09 00001102
115,2026-06-08,1020,Bancos,0.00,97663.88,Pago factura INV-00203,INV-00203,CC-100 Operaciones,Bruno Garcia 02 00001102
116,2026-04-19,2100,Cuentas por pagar,0.00,77624.88,Registro factura INV-00041,INV-00041,CC-100 Operaciones,Fabian Rios 06 00001102
117,2026-02-17,1020,Bancos,0.00,49643.36,Pago factura INV-00230,INV-00230,CC-100 Operaciones,Bruno Garcia 02 00001102
118,2026-03-20,2100,Cuentas por pagar,52537.56,0.00,Pago factura INV-00262,INV-00262,CC-100 Operaciones,Bruno Garcia 02 00001102
119,2026-06-18,2100,Cuentas por pagar,73252.84,0.00,Pago factura INV-00187,INV-00187,CC-100 Operaciones,Bruno Garcia 02 00001102
120,2026-03-11,1180,IVA acreditable,8808.80,0.00,Registro factura INV-00351,INV-00351,CC-100 Operaciones,Elena Mora 05 00001102
121,2026-04-02,1180,IVA acreditable,2654.72,0.00,Registro factura INV-00234,INV-00234,CC-100 Operaciones,Ana Ruiz 07 00001102
122,2026-06-19,1020,Bancos,0.00,64960.00,Pago factura INV-00075,INV-00075,CC-100 Operaciones,Bruno Garcia 02 00001102
123,2026-02-25,1020,Bancos,0.00,108651.40,Pago factura INV-00182,INV-00182,CC-100 Operaciones,Bruno Garcia 02 00001102
124,2026-03-29,1180,IVA acreditable,13703.52,0.00,Registro factura INV-00177,INV-00177,CC-100 Operaciones,Carla Soto 03 00001102
125,2026-03-20,5000,Gastos operativos,80057.00,0.00,Registro factura INV-00235,INV-00235,CC-100 Operaciones,Diego Luna 04 00001102
126,2026-03-12,1020,Bancos,0.00,20900.88,Pago factura INV-00148,INV-00148,CC-100 Operaciones,Bruno Garcia 02 00001102
127,2026-03-31,5000,Gastos operativos,16655.00,0.00,Registro factura INV-00005,INV-00005,CC-100 Operaciones,Carla Soto 03 00001102
128,2026-06-23,2100,Cuentas por pagar,0.00,53495.72,Registro factura INV-00062,INV-00062,CC-100 Operaciones,Elena Mora 05 00001102
129,2026-05-07,1180,IVA acreditable,4560.96,0.00,Registro factura INV-00149,INV-00149,CC-100 Operaciones,Diego Luna 04 00001102
130,2026-05-16,2100,Cuentas por pagar,88801.48,0.00,Pago factura INV-00201,INV-00201,CC-100 Operaciones,Bruno Garcia 02 00001102
131,2026-04-07,1180,IVA acreditable,3252.48,0.00,Registro factura INV-00117,INV-00117,CC-100 Operaciones,Diego Luna 10 00001102
132,2026-05-11,5000,Gastos operativos,15598.00,0.00,Registro factura INV-00068,INV-00068,CC-100 Operaciones,Diego Luna 10 00001102
133,2026-05-01,2100,Cuentas por pagar,0.00,37773.08,Registro factura INV-00296,INV-00296,CC-100 Operaciones,Diego Luna 04 00001102
134,2026-02-12,2100,Cuentas por pagar,48722.32,0.00,Pago factura INV-00001,INV-00001,CC-100 Operaciones,Bruno Garcia 02 00001102
135,2026-04-23,1180,IVA acreditable,7914.72,0.00,Registro factura INV-00017,INV-00017,CC-100 Operaciones,Bruno Garcia 02 00001102
136,2026-05-09,1180,IVA acreditable,10745.12,0.00,Registro factura INV-00302,INV-00302,CC-100 Operaciones,Bruno Garcia 08 00001102
137,2026-05-21,2100,Cuentas por pagar,95870.52,0.00,Pago factura INV-00297,INV-00297,CC-100 Operaciones,Bruno Garcia 02 00001102
138,2026-03-31,1180,IVA acreditable,2664.80,0.00,Registro factura INV-00005,INV-00005,CC-100 Operaciones,Carla Soto 03 00001102
139,2026-01-22,1180,IVA acreditable,2434.56,0.00,Registro factura INV-00107,INV-00107,CC-100 Operaciones,Ana Ruiz 07 00001102
140,2026-04-15,1020,Bancos,0.00,48645.76,Pago factura INV-00164,INV-00164,CC-100 Operaciones,Bruno Garcia 02 00001102
141,2026-04-09,1180,IVA acreditable,14680.96,0.00,Registro factura INV-00147,INV-00147,CC-100 Operaciones,Bruno Garcia 02 00001102
142,2026-06-16,2100,Cuentas por pagar,0.00,92007.72,Registro factura INV-00070,INV-00070,CC-100 Operaciones,Diego Luna 10 00001102
143,2026-03-09,2100,Cuentas por pagar,22029.56,0.00,Pago factura INV-00089,INV-00089,CC-100 Operaciones,Bruno Garcia 02 00001102
144,2026-03-07,5000,Gastos operativos,75386.00,0.00,Registro factura INV-00209,INV-00209,CC-100 Operaciones,Carla Soto 09 00001102
145,2026-02-23,1180,IVA acreditable,9329.28,0.00,Registro factura INV-00239,INV-00239,CC-100 Operaciones,Ana Ruiz 01 00001102
146,2026-04-20,1020,Bancos,0.00,80921.60,Pago factura INV-00333,INV-00333,CC-100 Operaciones,Bruno Garcia 02 00001102
147,2026-02-08,1180,IVA acreditable,13967.52,0.00,Registro factura INV-00359,INV-00359,CC-100 Operaciones,Diego Luna 04 00001102
148,2026-05-26,1180,IVA acreditable,4022.72,0.00,Registro factura INV-00022,INV-00022,CC-100 Operaciones,Elena Mora 05 00001102
149,2026-03-05,1180,IVA acreditable,3106.72,0.00,Registro factura INV-00163,INV-00163,CC-100 Operaciones,Ana Ruiz 07 00001102
150,2026-01-19,1180,IVA acreditable,5466.72,0.00,Registro factura INV-00317,INV-00317,CC-100 Operaciones,Bruno Garcia 08 00001102
151,2026-05-19,2100,Cuentas por pagar,0.00,78166.60,Registro factura INV-00332,INV-00332,CC-100 Operaciones,Diego Luna 10 00001102
152,2026-05-04,2100,Cuentas por pagar,79747.68,0.00,Pago factura INV-00353,INV-00353,CC-100 Operaciones,Bruno Garcia 02 00001102
153,2026-02-09,2100,Cuentas por pagar,19378.96,0.00,Pago factura INV-00144,INV-00144,CC-100 Operaciones,Bruno Garcia 02 00001102
154,2026-03-18,1020,Bancos,0.00,96899.44,Pago factura INV-00293,INV-00293,CC-100 Operaciones,Bruno Garcia 02 00001102
155,2026-02-08,2100,Cuentas por pagar,19326.76,0.00,Pago factura INV-00238,INV-00238,CC-100 Operaciones,Bruno Garcia 02 00001102
156,2026-06-22,2100,Cuentas por pagar,0.00,22127.00,Registro factura INV-00195,INV-00195,CC-100 Operaciones,Bruno Garcia 02 00001102
157,2026-05-10,1180,IVA acreditable,11580.48,0.00,Registro factura INV-00071,INV-00071,CC-100 Operaciones,Ana Ruiz 01 00001102
158,2026-06-16,1020,Bancos,0.00,60075.24,Pago factura INV-00128,INV-00128,CC-100 Operaciones,Bruno Garcia 02 00001102
159,2026-02-17,1180,IVA acreditable,3393.92,0.00,Registro factura INV-00261,INV-00261,CC-100 Operaciones,Elena Mora 05 00001102
160,2026-05-07,2100,Cuentas por pagar,85362.08,0.00,Pago factura INV-00034,INV-00034,CC-100 Operaciones,Bruno Garcia 02 00001102
161,2026-06-05,1180,IVA acreditable,3571.36,0.00,Registro factura INV-00127,INV-00127,CC-100 Operaciones,Carla Soto 09 00001102
162,2026-06-13,1020,Bancos,0.00,38902.92,Pago factura INV-00299,INV-00299,CC-100 Operaciones,Bruno Garcia 02 00001102
163,2026-05-22,2100,Cuentas por pagar,0.00,36463.44,Registro factura INV-00099,INV-00099,CC-100 Operaciones,Ana Ruiz 01 00001102
164,2026-01-23,2100,Cuentas por pagar,13944.36,0.00,Pago factura INV-00211,INV-00211,CC-100 Operaciones,Bruno Garcia 02 00001102
165,2026-02-21,2100,Cuentas por pagar,74255.08,0.00,Pago factura INV-00186,INV-00186,CC-100 Operaciones,Bruno Garcia 02 00001102
166,2026-02-24,1180,IVA acreditable,2771.52,0.00,Registro factura INV-00361,INV-00361,CC-100 Operaciones,Diego Luna 10 00001102
167,2026-01-12,5000,Gastos operativos,57784.00,0.00,Registro factura INV-00003,INV-00003,CC-100 Operaciones,Ana Ruiz 01 00001102
168,2026-03-04,5000,Gastos operativos,56912.00,0.00,Registro factura INV-00010,INV-00010,CC-100 Operaciones,Bruno Garcia 02 00001102
169,2026-04-26,2100,Cuentas por pagar,0.00,28523.24,Registro factura INV-00157,INV-00157,CC-100 Operaciones,Ana Ruiz 01 00001102
170,2026-06-04,5000,Gastos operativos,56170.00,0.00,Registro factura INV-00101,INV-00101,CC-100 Operaciones,Diego Luna 04 00001102
171,2026-02-14,1020,Bancos,0.00,19878.92,Pago factura INV-00168,INV-00168,CC-100 Operaciones,Bruno Garcia 02 00001102
172,2026-02-03,5000,Gastos operativos,87973.00,0.00,Registro factura INV-00355,INV-00355,CC-100 Operaciones,Elena Mora 05 00001102
173,2026-03-27,1180,IVA acreditable,7943.84,0.00,Registro factura INV-00051,INV-00051,CC-100 Operaciones,Carla Soto 09 00001102
174,2026-05-13,2100,Cuentas por pagar,58759.80,0.00,Pago factura INV-00140,INV-00140,CC-100 Operaciones,Bruno Garcia 02 00001102
175,2026-05-26,5000,Gastos operativos,46585.00,0.00,Registro factura INV-00092,INV-00092,CC-100 Operaciones,Ana Ruiz 07 00001102
176,2026-03-20,1020,Bancos,0.00,52537.56,Pago factura INV-00262,INV-00262,CC-100 Operaciones,Bruno Garcia 02 00001102
177,2026-06-05,5000,Gastos operativos,87796.00,0.00,Registro factura INV-00028,INV-00028,CC-100 Operaciones,Carla Soto 09 00001102
178,2026-06-13,2100,Cuentas por pagar,105057.72,0.00,Pago factura INV-00002,INV-00002,CC-100 Operaciones,Bruno Garcia 02 00001102
179,2026-04-27,2100,Cuentas por pagar,49025.08,0.00,Pago factura INV-00228,INV-00228,CC-100 Operaciones,Bruno Garcia 02 00001102
180,2026-02-28,1020,Bancos,0.00,19332.56,Pago factura INV-00025,INV-00025,CC-100 Operaciones,Bruno Garcia 02 00001102
181,2026-02-26,2100,Cuentas por pagar,46690.00,0.00,Pago factura INV-00169,INV-00169,CC-100 Operaciones,Bruno Garcia 02 00001102
182,2026-06-04,1180,IVA acreditable,7337.76,0.00,Registro factura INV-00336,INV-00336,CC-100 Operaciones,Fabian Rios 06 00001102
183,2026-03-22,5000,Gastos operativos,33693.00,0.00,Registro factura INV-00282,INV-00282,CC-100 Operaciones,Fabian Rios 06 00001102
184,2026-02-22,2100,Cuentas por pagar,72249.44,0.00,Pago factura INV-00052,INV-00052,CC-100 Operaciones,Bruno Garcia 02 00001102
185,2026-04-18,2100,Cuentas por pagar,15878.08,0.00,Pago factura INV-00246,INV-00246,CC-100 Operaciones,Bruno Garcia 02 00001102
186,2026-06-13,5000,Gastos operativos,20778.00,0.00,Registro factura INV-00134,INV-00134,CC-100 Operaciones,Ana Ruiz 01 00001102
187,2026-04-14,2100,Cuentas por pagar,81711.56,0.00,Pago factura INV-00348,INV-00348,CC-100 Operaciones,Bruno Garcia 02 00001102
188,2026-06-05,2100,Cuentas por pagar,0.00,94914.68,Registro factura INV-00109,INV-00109,CC-100 Operaciones,Ana Ruiz 01 00001102
189,2026-05-12,2100,Cuentas por pagar,15535.41,0.00,Pago factura INV-00208,INV-00208,CC-100 Operaciones,Bruno Garcia 02 00001102
190,2026-05-12,5000,Gastos operativos,24648.00,0.00,Registro factura INV-00199,INV-00199,CC-100 Operaciones,Elena Mora 05 00001102
191,2026-05-28,5000,Gastos operativos,41061.00,0.00,Registro factura INV-00253,INV-00253,CC-100 Operaciones,Carla Soto 09 00001102
192,2026-04-23,2100,Cuentas por pagar,89447.60,0.00,Pago factura INV-00243,INV-00243,CC-100 Operaciones,Bruno Garcia 02 00001102
193,2026-01-29,1180,IVA acreditable,9800.32,0.00,Registro factura INV-00126,INV-00126,CC-100 Operaciones,Diego Luna 10 00001102
194,2026-01-18,2100,Cuentas por pagar,0.00,67442.40,Registro factura INV-00260,INV-00260,CC-100 Operaciones,Ana Ruiz 01 00001102
195,2026-01-21,5000,Gastos operativos,27853.00,0.00,Registro factura INV-00288,INV-00288,CC-100 Operaciones,Bruno Garcia 08 00001102
196,2026-06-11,5000,Gastos operativos,13693.00,0.00,Registro factura INV-00212,INV-00212,CC-100 Operaciones,Ana Ruiz 01 00001102
197,2026-02-27,5000,Gastos operativos,29597.00,0.00,Registro factura INV-00218,INV-00218,CC-100 Operaciones,Ana Ruiz 07 00001102
198,2026-02-14,2100,Cuentas por pagar,101337.60,0.00,Pago factura INV-00358,INV-00358,CC-100 Operaciones,Bruno Garcia 02 00001102
199,2026-04-25,1180,IVA acreditable,7297.12,0.00,Registro factura INV-00082,INV-00082,CC-100 Operaciones,Fabian Rios 06 00001102
200,2026-01-28,1020,Bancos,0.00,67442.40,Pago factura INV-00260,INV-00260,CC-100 Operaciones,Bruno Garcia 02 00001102
201,2026-05-02,5000,Gastos operativos,49822.00,0.00,Registro factura INV-00037,INV-00037,CC-100 Operaciones,Carla Soto 03 00001102
202,2026-04-28,1180,IVA acreditable,7299.52,0.00,Registro factura INV-00086,INV-00086,CC-100 Operaciones,Elena Mora 05 00001102
203,2026-03-14,2100,Cuentas por pagar,66017.92,0.00,Pago factura INV-00010,INV-00010,CC-100 Operaciones,Bruno Garcia 02 00001102
204,2026-02-03,1020,Bancos,0.00,106549.48,Pago factura INV-00138,INV-00138,CC-100 Operaciones,Bruno Garcia 02 00001102
205,2026-06-26,2100,Cuentas por pagar,49737.32,0.00,Pago factura INV-00096,INV-00096,CC-100 Operaciones,Bruno Garcia 02 00001102
206,2026-05-15,1180,IVA acreditable,5698.08,0.00,Registro factura INV-00069,INV-00069,CC-100 Operaciones,Fabian Rios 06 00001102
207,2026-05-04,2100,Cuentas por pagar,84276.32,0.00,Pago factura INV-00036,INV-00036,CC-100 Operaciones,Bruno Garcia 02 00001102
208,2026-01-30,1050,Cuentas por cobrar,44080.00,0.00,Registro venta INV-00102,INV-00102,CC-100 Operaciones,Bruno Garcia 02 00001102
209,2026-04-12,1180,IVA acreditable,5914.72,0.00,Registro factura INV-00018,INV-00018,CC-100 Operaciones,Carla Soto 03 00001102
210,2026-05-31,1020,Bancos,0.00,59465.08,Pago factura INV-00174,INV-00174,CC-100 Operaciones,Bruno Garcia 02 00001102
211,2026-01-10,1180,IVA acreditable,2608.00,0.00,Registro factura INV-00320,INV-00320,CC-100 Operaciones,Ana Ruiz 07 00001102
212,2026-05-07,5000,Gastos operativos,81907.00,0.00,Registro factura INV-00265,INV-00265,CC-100 Operaciones,Bruno Garcia 02 00001102
213,2026-02-26,2100,Cuentas por pagar,78281.44,0.00,Pago factura INV-00060,INV-00060,CC-100 Operaciones,Bruno Garcia 02 00001102
214,2026-02-17,2100,Cuentas por pagar,0.00,19109.84,Registro factura INV-00281,INV-00281,CC-100 Operaciones,Carla Soto 03 00001102
215,2026-04-17,2100,Cuentas por pagar,52177.96,0.00,Pago factura INV-00023,INV-00023,CC-100 Operaciones,Bruno Garcia 02 00001102
216,2026-02-27,2100,Cuentas por pagar,0.00,22029.56,Registro factura INV-00089,INV-00089,CC-100 Operaciones,Carla Soto 09 00001102
217,2026-06-10,1020,Bancos,0.00,101466.36,Pago factura INV-00050,INV-00050,CC-100 Operaciones,Bruno Garcia 02 00001102
218,2026-03-10,2100,Cuentas por pagar,0.00,64425.24,Registro factura INV-00219,INV-00219,CC-100 Operaciones,Bruno Garcia 08 00001102
219,2026-06-30,1020,Bancos,0.00,16291.04,Pago factura INV-00063,INV-00063,CC-100 Operaciones,Bruno Garcia 02 00001102
220,2026-02-09,1020,Bancos,0.00,42572.00,Pago factura INV-00135,INV-00135,CC-100 Operaciones,Bruno Garcia 02 00001102
221,2026-03-04,1020,Bancos,0.00,38309.00,Pago factura INV-00030,INV-00030,CC-100 Operaciones,Bruno Garcia 02 00001102
222,2026-06-12,5000,Gastos operativos,17769.00,0.00,Registro factura INV-00033,INV-00033,CC-100 Operaciones,Fabian Rios 06 00001102
223,2026-06-17,1020,Bancos,0.00,25690.52,Pago factura INV-00225,INV-00225,CC-100 Operaciones,Bruno Garcia 02 00001102
224,2026-05-01,2100,Cuentas por pagar,0.00,70456.08,Registro factura INV-00143,INV-00143,CC-100 Operaciones,Fabian Rios 06 00001102
225,2026-06-03,1020,Bancos,0.00,70276.28,Pago factura INV-00180,INV-00180,CC-100 Operaciones,Bruno Garcia 02 00001102
226,2026-01-29,5000,Gastos operativos,61252.00,0.00,Registro factura INV-00126,INV-00126,CC-100 Operaciones,Diego Luna 10 00001102
227,2026-06-20,1180,IVA acreditable,5312.48,0.00,Registro factura INV-00344,INV-00344,CC-100 Operaciones,Bruno Garcia 08 00001102
228,2026-06-28,1180,IVA acreditable,14533.76,0.00,Registro factura INV-00204,INV-00204,CC-100 Operaciones,Diego Luna 10 00001102
229,2026-03-05,2100,Cuentas por pagar,0.00,25892.36,Registro factura INV-00258,INV-00258,CC-100 Operaciones,Fabian Rios 06 00001102
230,2026-02-20,1020,Bancos,0.00,141798.40,Pago factura INV-00031,INV-00031,CC-100 Operaciones,Bruno Garcia 02 00001102
231,2026-01-19,1020,Bancos,0.00,105468.36,Pago factura INV-00231,INV-00231,CC-100 Operaciones,Bruno Garcia 02 00001102
232,2026-05-05,1020,Bancos,0.00,52904.12,Pago factura INV-00082,INV-00082,CC-100 Operaciones,Bruno Garcia 02 00001102
233,2026-05-14,1180,IVA acreditable,12823.84,0.00,Registro factura INV-00026,INV-00026,CC-100 Operaciones,Carla Soto 09 00001102
234,2026-03-02,1180,IVA acreditable,12512.00,0.00,Registro factura INV-00179,INV-00179,CC-100 Operaciones,Fabian Rios 06 00001102
235,2026-02-20,1180,IVA acreditable,11158.56,0.00,Registro factura INV-00283,INV-00283,CC-100 Operaciones,Diego Luna 04 00001102
236,2026-04-30,1020,Bancos,0.00,96264.92,Pago factura INV-00114,INV-00114,CC-100 Operaciones,Bruno Garcia 02 00001102
237,2026-04-26,1180,IVA acreditable,3934.24,0.00,Registro factura INV-00157,INV-00157,CC-100 Operaciones,Ana Ruiz 01 00001102
238,2026-03-02,1020,Bancos,0.00,80899.56,Pago factura INV-00283,INV-00283,CC-100 Operaciones,Bruno Garcia 02 00001102
239,2026-01-15,1180,IVA acreditable,8860.64,0.00,Registro factura INV-00349,INV-00349,CC-100 Operaciones,Bruno Garcia 02 00001102
240,2026-06-30,2100,Cuentas por pagar,77465.96,0.00,Pago factura INV-00357,INV-00357,CC-100 Operaciones,Bruno Garcia 02 00001102
241,2026-06-30,1020,Bancos,0.00,98184.72,Pago factura INV-00324,INV-00324,CC-100 Operaciones,Bruno Garcia 02 00001102
242,2026-06-05,2100,Cuentas por pagar,0.00,101843.36,Registro factura INV-00028,INV-00028,CC-100 Operaciones,Carla Soto 09 00001102
243,2026-02-13,2100,Cuentas por pagar,102048.68,0.00,Pago factura INV-00355,INV-00355,CC-100 Operaciones,Bruno Garcia 02 00001102
244,2026-02-13,5000,Gastos operativos,77343.00,0.00,Registro factura INV-00273,INV-00273,CC-100 Operaciones,Ana Ruiz 07 00001102
245,2026-06-24,2100,Cuentas por pagar,0.00,98184.72,Registro factura INV-00324,INV-00324,CC-100 Operaciones,Bruno Garcia 02 00001102
246,2026-03-04,2100,Cuentas por pagar,21689.68,0.00,Pago factura INV-00249,INV-00249,CC-100 Operaciones,Bruno Garcia 02 00001102
247,2026-06-26,1020,Bancos,0.00,49737.32,Pago factura INV-00096,INV-00096,CC-100 Operaciones,Bruno Garcia 02 00001102
248,2026-01-20,5000,Gastos operativos,80205.00,0.00,Registro factura INV-00145,INV-00145,CC-100 Operaciones,Carla Soto 03 00001102
249,2026-02-01,1020,Bancos,0.00,17650.56,Pago factura INV-00107,INV-00107,CC-100 Operaciones,Bruno Garcia 02 00001102
250,2026-02-02,1020,Bancos,0.00,91863.88,Pago factura INV-00325,INV-00325,CC-100 Operaciones,Bruno Garcia 02 00001102
251,2026-02-08,1020,Bancos,0.00,71052.32,Pago factura INV-00126,INV-00126,CC-100 Operaciones,Bruno Garcia 02 00001102
252,2026-06-22,1180,IVA acreditable,13892.80,0.00,Registro factura INV-00311,INV-00311,CC-100 Operaciones,Diego Luna 10 00001102
253,2026-05-25,5000,Gastos operativos,38952.00,0.00,Registro factura INV-00015,INV-00015,CC-100 Operaciones,Bruno Garcia 08 00001102
254,2026-06-05,1180,IVA acreditable,13091.68,0.00,Registro factura INV-00109,INV-00109,CC-100 Operaciones,Ana Ruiz 01 00001102
255,2026-01-25,1020,Bancos,0.00,64239.64,Pago factura INV-00349,INV-00349,CC-100 Operaciones,Bruno Garcia 02 00001102
256,2026-03-27,1020,Bancos,0.00,35994.80,Pago factura INV-00315,INV-00315,CC-100 Operaciones,Bruno Garcia 02 00001102
257,2026-01-26,2100,Cuentas por pagar,0.00,51710.48,Registro factura INV-00158,INV-00158,CC-100 Operaciones,Carla Soto 03 00001102
258,2026-02-04,2100,Cuentas por pagar,0.00,19878.92,Registro factura INV-00168,INV-00168,CC-100 Operaciones,Diego Luna 10 00001102
259,2026-06-15,1180,IVA acreditable,12429.76,0.00,Registro factura INV-00061,INV-00061,CC-100 Operaciones,Ana Ruiz 07 00001102
260,2026-05-25,1020,Bancos,0.00,56111.52,Pago factura INV-00307,INV-00307,CC-100 Operaciones,Bruno Garcia 02 00001102
261,2026-01-09,1180,IVA acreditable,9127.52,0.00,Registro factura INV-00189,INV-00189,CC-100 Operaciones,Bruno Garcia 02 00001102
262,2026-04-20,1180,IVA acreditable,13277.92,0.00,Registro factura INV-00114,INV-00114,CC-100 Operaciones,Carla Soto 03 00001102
263,2026-05-29,2100,Cuentas por pagar,78166.60,0.00,Pago factura INV-00332,INV-00332,CC-100 Operaciones,Bruno Garcia 02 00001102
264,2026-06-13,1180,IVA acreditable,5685.76,0.00,Registro factura INV-00217,INV-00217,CC-100 Operaciones,Carla Soto 03 00001102
265,2026-03-05,5000,Gastos operativos,30030.00,0.00,Registro factura INV-00148,INV-00148,CC-100 Operaciones,Diego Luna 10 00001102
266,2026-01-20,1180,IVA acreditable,12832.80,0.00,Registro factura INV-00145,INV-00145,CC-100 Operaciones,Carla Soto 03 00001102
267,2026-04-27,2100,Cuentas por pagar,0.00,85362.08,Registro factura INV-00034,INV-00034,CC-100 Operaciones,Diego Luna 10 00001102
268,2026-02-17,5000,Gastos operativos,16474.00,0.00,Registro factura INV-00281,INV-00281,CC-100 Operaciones,Carla Soto 03 00001102
269,2026-04-19,1180,IVA acreditable,10706.88,0.00,Registro factura INV-00041,INV-00041,CC-100 Operaciones,Fabian Rios 06 00001102
270,2026-03-19,2100,Cuentas por pagar,61913.84,0.00,Pago factura INV-00255,INV-00255,CC-100 Operaciones,Bruno Garcia 02 00001102
271,2026-04-21,1180,IVA acreditable,13847.52,0.00,Registro factura INV-00190,INV-00190,CC-100 Operaciones,Diego Luna 10 00001102
272,2026-02-01,1180,IVA acreditable,4747.20,0.00,Registro factura INV-00340,INV-00340,CC-100 Operaciones,Ana Ruiz 01 00001102
273,2026-04-04,2100,Cuentas por pagar,0.00,81711.56,Registro factura INV-00348,INV-00348,CC-100 Operaciones,Ana Ruiz 01 00001102
274,2026-06-10,5000,Gastos operativos,64965.00,0.00,Registro factura INV-00244,INV-00244,CC-100 Operaciones,Bruno Garcia 02 00001102
275,2026-02-02,2100,Cuentas por pagar,91863.88,0.00,Pago factura INV-00325,INV-00325,CC-100 Operaciones,Bruno Garcia 02 00001102
276,2026-03-08,2100,Cuentas por pagar,0.00,21948.36,Registro factura INV-00053,INV-00053,CC-100 Operaciones,Fabian Rios 06 00001102
277,2026-04-21,2100,Cuentas por pagar,0.00,100394.52,Registro factura INV-00190,INV-00190,CC-100 Operaciones,Diego Luna 10 00001102
278,2026-04-05,5000,Gastos operativos,41936.00,0.00,Registro factura INV-00164,INV-00164,CC-100 Operaciones,Elena Mora 05 00001102
279,2026-05-13,1180,IVA acreditable,4842.08,0.00,Registro factura INV-00142,INV-00142,CC-100 Operaciones,Diego Luna 04 00001102
280,2026-02-01,2100,Cuentas por pagar,0.00,34417.20,Registro factura INV-00340,INV-00340,CC-100 Operaciones,Ana Ruiz 01 00001102
281,2026-05-10,2100,Cuentas por pagar,19438.12,0.00,Pago factura INV-00119,INV-00119,CC-100 Operaciones,Bruno Garcia 02 00001102
282,2026-05-06,2100,Cuentas por pagar,0.00,88801.48,Registro factura INV-00201,INV-00201,CC-100 Operaciones,Ana Ruiz 07 00001102
283,2026-06-30,1020,Bancos,0.00,66729.00,Pago factura INV-00105,INV-00105,CC-100 Operaciones,Bruno Garcia 02 00001102
284,2026-06-11,2100,Cuentas por pagar,89737.60,0.00,Pago factura INV-00115,INV-00115,CC-100 Operaciones,Bruno Garcia 02 00001102
285,2026-02-16,1020,Bancos,0.00,40449.20,Pago factura INV-00125,INV-00125,CC-100 Operaciones,Bruno Garcia 02 00001102
286,2026-05-22,1020,Bancos,0.00,94224.48,Pago factura INV-00040,INV-00040,CC-100 Operaciones,Bruno Garcia 02 00001102
287,2026-06-12,1020,Bancos,0.00,66905.32,Pago factura INV-00021,INV-00021,CC-100 Operaciones,Bruno Garcia 02 00001102
288,2026-06-06,2100,Cuentas por pagar,57851.52,0.00,Pago factura INV-00073,INV-00073,CC-100 Operaciones,Bruno Garcia 02 00001102
289,2026-04-29,5000,Gastos operativos,82266.00,0.00,Registro factura INV-00193,INV-00193,CC-100 Operaciones,Diego Luna 10 00001102
290,2026-04-03,1180,IVA acreditable,10800.16,0.00,Registro factura INV-00153,INV-00153,CC-100 Operaciones,Fabian Rios 06 00001102
291,2026-04-22,1020,Bancos,0.00,42881.72,Pago factura INV-00018,INV-00018,CC-100 Operaciones,Bruno Garcia 02 00001102
292,2026-06-17,2100,Cuentas por pagar,24429.60,0.00,Pago factura INV-00250,INV-00250,CC-100 Operaciones,Bruno Garcia 02 00001102
293,2026-02-15,2100,Cuentas por pagar,0.00,108651.40,Registro factura INV-00182,INV-00182,CC-100 Operaciones,Ana Ruiz 01 00001102
294,2026-04-05,1180,IVA acreditable,6709.76,0.00,Registro factura INV-00164,INV-00164,CC-100 Operaciones,Elena Mora 05 00001102
295,2026-04-17,2100,Cuentas por pagar,23580.48,0.00,Pago factura INV-00117,INV-00117,CC-100 Operaciones,Bruno Garcia 02 00001102
296,2026-04-13,1020,Bancos,0.00,78301.16,Pago factura INV-00153,INV-00153,CC-100 Operaciones,Bruno Garcia 02 00001102
297,2026-03-01,1020,Bancos,0.00,70668.36,Pago factura INV-00298,INV-00298,CC-100 Operaciones,Bruno Garcia 02 00001102
298,2026-04-20,2100,Cuentas por pagar,0.00,96264.92,Registro factura INV-00114,INV-00114,CC-100 Operaciones,Carla Soto 03 00001102
299,2026-01-23,1180,IVA acreditable,6608.00,0.00,Registro factura INV-00341,INV-00341,CC-100 Operaciones,Diego Luna 04 00001102
300,2026-05-11,1020,Bancos,0.00,37773.08,Pago factura INV-00296,INV-00296,CC-100 Operaciones,Bruno Garcia 02 00001102
301,2026-06-15,2100,Cuentas por pagar,101843.36,0.00,Pago factura INV-00028,INV-00028,CC-100 Operaciones,Bruno Garcia 02 00001102
302,2026-02-05,2100,Cuentas por pagar,0.00,92672.40,Registro factura INV-00065,INV-00065,CC-100 Operaciones,Ana Ruiz 07 00001102
303,2026-06-09,2100,Cuentas por pagar,43548.72,0.00,Pago factura INV-00330,INV-00330,CC-100 Operaciones,Bruno Garcia 02 00001102
304,2026-03-27,2100,Cuentas por pagar,35994.80,0.00,Pago factura INV-00315,INV-00315,CC-100 Operaciones,Bruno Garcia 02 00001102
305,2026-05-30,2100,Cuentas por pagar,0.00,43548.72,Registro factura INV-00330,INV-00330,CC-100 Operaciones,Ana Ruiz 01 00001102
306,2026-03-23,2100,Cuentas por pagar,10356.95,0.00,Pago factura INV-00258,INV-00258,CC-100 Operaciones,Bruno Garcia 02 00001102
307,2026-05-10,1180,IVA acreditable,7015.68,0.00,Registro factura INV-00237,INV-00237,CC-100 Operaciones,Carla Soto 03 00001102
308,2026-05-26,2100,Cuentas por pagar,0.00,54038.60,Registro factura INV-00092,INV-00092,CC-100 Operaciones,Ana Ruiz 07 00001102
309,2026-01-13,1180,IVA acreditable,1923.36,0.00,Registro factura INV-00211,INV-00211,CC-100 Operaciones,Bruno Garcia 08 00001102
310,2026-04-01,1180,IVA acreditable,7269.76,0.00,Registro factura INV-00319,INV-00319,CC-100 Operaciones,Diego Luna 10 00001102
311,2026-02-03,5000,Gastos operativos,75056.00,0.00,Registro factura INV-00185,INV-00185,CC-100 Operaciones,Carla Soto 03 00001102
312,2026-02-25,1020,Bancos,0.00,44185.56,Pago factura INV-00146,INV-00146,CC-100 Operaciones,Bruno Garcia 02 00001102
313,2026-02-04,1180,IVA acreditable,2741.92,0.00,Registro factura INV-00168,INV-00168,CC-100 Operaciones,Diego Luna 10 00001102
314,2026-05-05,1180,IVA acreditable,15136.00,0.00,Registro factura INV-00011,INV-00011,CC-100 Operaciones,Diego Luna 10 00001102
315,2026-02-28,2100,Cuentas por pagar,0.00,80942.48,Registro factura INV-00301,INV-00301,CC-100 Operaciones,Fabian Rios 06 00001102
316,2026-03-18,5000,Gastos operativos,23656.00,0.00,Registro factura INV-00222,INV-00222,CC-100 Operaciones,Diego Luna 10 00001102
317,2026-05-02,1180,IVA acreditable,13179.36,0.00,Registro factura INV-00205,INV-00205,CC-100 Operaciones,Ana Ruiz 01 00001102
318,2026-01-29,5000,Gastos operativos,16661.00,0.00,Registro factura INV-00238,INV-00238,CC-100 Operaciones,Bruno Garcia 02 00001102
319,2026-02-25,1180,IVA acreditable,8567.04,0.00,Registro factura INV-00216,INV-00216,CC-100 Operaciones,Ana Ruiz 07 00001102
320,2026-01-22,2100,Cuentas por pagar,67029.44,0.00,Pago factura INV-00003,INV-00003,CC-100 Operaciones,Bruno Garcia 02 00001102
321,2026-03-01,1180,IVA acreditable,4137.92,0.00,Registro factura INV-00354,INV-00354,CC-100 Operaciones,Ana Ruiz 01 00001102
322,2026-06-21,2100,Cuentas por pagar,60100.76,0.00,Pago factura INV-00047,INV-00047,CC-100 Operaciones,Bruno Garcia 02 00001102
323,2026-05-16,5000,Gastos operativos,72214.00,0.00,Registro factura INV-00289,INV-00289,CC-100 Operaciones,Carla Soto 03 00001102
324,2026-04-05,2100,Cuentas por pagar,0.00,79925.16,Registro factura INV-00112,INV-00112,CC-100 Operaciones,Fabian Rios 06 00001102
325,2026-02-14,2100,Cuentas por pagar,0.00,54046.72,Registro factura INV-00151,INV-00151,CC-100 Operaciones,Diego Luna 04 00001102
326,2026-05-13,2100,Cuentas por pagar,0.00,52092.12,Registro factura INV-00271,INV-00271,CC-100 Operaciones,Bruno Garcia 02 00001102
327,2026-04-21,2100,Cuentas por pagar,105138.92,0.00,Pago factura INV-00226,INV-00226,CC-100 Operaciones,Bruno Garcia 02 00001102
328,2026-04-20,2100,Cuentas por pagar,96558.40,0.00,Pago factura INV-00252,INV-00252,CC-100 Operaciones,Bruno Garcia 02 00001102
329,2026-03-20,5000,Gastos operativos,19975.00,0.00,Registro factura INV-00136,INV-00136,CC-100 Operaciones,Bruno Garcia 02 00001102
330,2026-01-31,1180,IVA acreditable,10608.80,0.00,Registro factura INV-00046,INV-00046,CC-100 Operaciones,Bruno Garcia 02 00001102
331,2026-01-17,5000,Gastos operativos,76462.00,0.00,Registro factura INV-00167,INV-00167,CC-100 Operaciones,Bruno Garcia 02 00001102
332,2026-03-03,1180,IVA acreditable,7941.60,0.00,Registro factura INV-00150,INV-00150,CC-100 Operaciones,Carla Soto 03 00001102
333,2026-02-09,2100,Cuentas por pagar,42572.00,0.00,Pago factura INV-00135,INV-00135,CC-100 Operaciones,Bruno Garcia 02 00001102
334,2026-05-09,2100,Cuentas por pagar,0.00,33118.00,Registro factura INV-00108,INV-00108,CC-100 Operaciones,Fabian Rios 06 00001102
335,2026-02-05,5000,Gastos operativos,30030.00,0.00,Registro factura INV-00287,INV-00287,CC-100 Operaciones,Carla Soto 09 00001102
336,2026-02-19,5000,Gastos operativos,60921.00,0.00,Registro factura INV-00298,INV-00298,CC-100 Operaciones,Elena Mora 05 00001102
337,2026-05-21,2100,Cuentas por pagar,0.00,59465.08,Registro factura INV-00174,INV-00174,CC-100 Operaciones,Bruno Garcia 02 00001102
338,2026-01-19,5000,Gastos operativos,34167.00,0.00,Registro factura INV-00317,INV-00317,CC-100 Operaciones,Bruno Garcia 08 00001102
339,2026-02-16,4000,Ingresos por servicios,0.00,61500.00,Registro venta INV-00087,INV-00087,CC-100 Operaciones,Bruno Garcia 02 00001102
340,2026-02-17,2100,Cuentas por pagar,49643.36,0.00,Pago factura INV-00230,INV-00230,CC-100 Operaciones,Bruno Garcia 02 00001102
341,2026-02-03,2100,Cuentas por pagar,0.00,87064.96,Registro factura INV-00185,INV-00185,CC-100 Operaciones,Carla Soto 03 00001102
342,2026-02-16,5000,Gastos operativos,40250.00,0.00,Registro factura INV-00169,INV-00169,CC-100 Operaciones,Fabian Rios 06 00001102
343,2026-05-15,1020,Bancos,0.00,41036.16,Pago factura INV-00312,INV-00312,CC-100 Operaciones,Bruno Garcia 02 00001102
344,2026-05-15,2100,Cuentas por pagar,0.00,41311.08,Registro factura INV-00069,INV-00069,CC-100 Operaciones,Fabian Rios 06 00001102
345,2026-03-13,2100,Cuentas por pagar,0.00,35100.44,Registro factura INV-00236,INV-00236,CC-100 Operaciones,Carla Soto 09 00001102
346,2026-05-08,2100,Cuentas por pagar,109763.84,0.00,Pago factura INV-00251,INV-00251,CC-100 Operaciones,Bruno Garcia 02 00001102
347,2026-06-30,1020,Bancos,0.00,107405.56,Pago factura INV-00175,INV-00175,CC-100 Operaciones,Bruno Garcia 02 00001102
348,2026-02-16,1180,IVA acreditable,10797.44,0.00,Registro factura INV-00060,INV-00060,CC-100 Operaciones,Bruno Garcia 08 00001102
349,2026-02-20,2100,Cuentas por pagar,22782.40,0.00,Pago factura INV-00346,INV-00346,CC-100 Operaciones,Bruno Garcia 02 00001102
350,2026-05-19,5000,Gastos operativos,18973.00,0.00,Registro factura INV-00268,INV-00268,CC-100 Operaciones,Bruno Garcia 02 00001102
351,2026-04-27,5000,Gastos operativos,41882.00,0.00,Registro factura INV-00224,INV-00224,CC-100 Operaciones,Bruno Garcia 08 00001102
352,2026-05-31,2100,Cuentas por pagar,59465.08,0.00,Pago factura INV-00174,INV-00174,CC-100 Operaciones,Bruno Garcia 02 00001102
353,2026-04-10,1180,IVA acreditable,11161.60,0.00,Registro factura INV-00333,INV-00333,CC-100 Operaciones,Ana Ruiz 01 00001102
354,2026-05-08,1020,Bancos,0.00,109763.84,Pago factura INV-00251,INV-00251,CC-100 Operaciones,Bruno Garcia 02 00001102
355,2026-03-05,5000,Gastos operativos,41936.00,0.00,Registro factura INV-00343,INV-00343,CC-100 Operaciones,Diego Luna 04 00001102
356,2026-04-24,1180,IVA acreditable,10999.68,0.00,Registro factura INV-00353,INV-00353,CC-100 Operaciones,Ana Ruiz 01 00001102
357,2026-06-14,5000,Gastos operativos,21568.00,0.00,Registro factura INV-00276,INV-00276,CC-100 Operaciones,Diego Luna 10 00001102
358,2026-06-14,1020,Bancos,0.00,53198.76,Pago factura INV-00336,INV-00336,CC-100 Operaciones,Bruno Garcia 02 00001102
359,2026-02-25,2100,Cuentas por pagar,44185.56,0.00,Pago factura INV-00146,INV-00146,CC-100 Operaciones,Bruno Garcia 02 00001102
360,2026-06-13,2100,Cuentas por pagar,0.00,24102.48,Registro factura INV-00134,INV-00134,CC-100 Operaciones,Ana Ruiz 01 00001102
361,2026-06-23,2100,Cuentas por pagar,41221.76,0.00,Pago factura INV-00217,INV-00217,CC-100 Operaciones,Bruno Garcia 02 00001102
362,2026-03-25,5000,Gastos operativos,73733.00,0.00,Registro factura INV-00035,INV-00035,CC-100 Operaciones,Elena Mora 05 00001102
363,2026-06-28,2100,Cuentas por pagar,63726.92,0.00,Pago factura INV-00278,INV-00278,CC-100 Operaciones,Bruno Garcia 02 00001102
364,2026-03-19,1180,IVA acreditable,9835.52,0.00,Registro factura INV-00183,INV-00183,CC-100 Operaciones,Ana Ruiz 07 00001102
365,2026-05-03,1020,Bancos,0.00,57381.72,Pago factura INV-00017,INV-00017,CC-100 Operaciones,Bruno Garcia 02 00001102
366,2026-06-20,1180,IVA acreditable,14748.00,0.00,Registro factura INV-00124,INV-00124,CC-100 Operaciones,Fabian Rios 06 00001102
367,2026-03-09,1020,Bancos,0.00,22029.56,Pago factura INV-00089,INV-00089,CC-100 Operaciones,Bruno Garcia 02 00001102
368,2026-05-06,1020,Bancos,0.00,41180.00,Pago factura INV-00248,INV-00248,CC-100 Operaciones,Bruno Garcia 02 00001102
369,2026-02-25,5000,Gastos operativos,53544.00,0.00,Registro factura INV-00216,INV-00216,CC-100 Operaciones,Ana Ruiz 07 00001102
370,2026-05-01,1020,Bancos,0.00,90380.24,Pago factura INV-00277,INV-00277,CC-100 Operaciones,Bruno Garcia 02 00001102
371,2026-06-19,2100,Cuentas por pagar,91034.48,0.00,Pago factura INV-00256,INV-00256,CC-100 Operaciones,Bruno Garcia 02 00001102
372,2026-02-26,5000,Gastos operativos,56777.00,0.00,Registro factura INV-00327,INV-00327,CC-100 Operaciones,Bruno Garcia 02 00001102
373,2026-05-09,1180,IVA acreditable,4568.00,0.00,Registro factura INV-00108,INV-00108,CC-100 Operaciones,Fabian Rios 06 00001102
374,2026-04-05,5000,Gastos operativos,68901.00,0.00,Registro factura INV-00112,INV-00112,CC-100 Operaciones,Fabian Rios 06 00001102
375,2026-04-03,5000,Gastos operativos,67501.00,0.00,Registro factura INV-00153,INV-00153,CC-100 Operaciones,Fabian Rios 06 00001102
376,2026-01-25,2100,Cuentas por pagar,0.00,40531.56,Registro factura INV-00154,INV-00154,CC-100 Operaciones,Diego Luna 04 00001102
377,2026-01-12,2100,Cuentas por pagar,20900.88,0.00,Pago factura INV-00088,INV-00088,CC-100 Operaciones,Bruno Garcia 02 00001102
378,2026-06-17,2100,Cuentas por pagar,25690.52,0.00,Pago factura INV-00225,INV-00225,CC-100 Operaciones,Bruno Garcia 02 00001102
379,2026-06-19,1180,IVA acreditable,10426.56,0.00,Registro factura INV-00123,INV-00123,CC-100 Operaciones,Ana Ruiz 01 00001102
380,2026-06-03,1180,IVA acreditable,5365.92,0.00,Registro factura INV-00299,INV-00299,CC-100 Operaciones,Carla Soto 09 00001102
381,2026-01-20,1020,Bancos,0.00,18908.00,Pago factura INV-00320,INV-00320,CC-100 Operaciones,Bruno Garcia 02 00001102
382,2026-05-04,5000,Gastos operativos,43714.00,0.00,Registro factura INV-00259,INV-00259,CC-100 Operaciones,Elena Mora 05 00001102
383,2026-01-29,1020,Bancos,0.00,39633.72,Pago factura INV-00317,INV-00317,CC-100 Operaciones,Bruno Garcia 02 00001102
384,2026-03-23,1020,Bancos,0.00,35100.44,Pago factura INV-00236,INV-00236,CC-100 Operaciones,Bruno Garcia 02 00001102
385,2026-04-25,1020,Bancos,0.00,73150.76,Pago factura INV-00178,INV-00178,CC-100 Operaciones,Bruno Garcia 02 00001102
386,2026-03-20,2100,Cuentas por pagar,0.00,92866.12,Registro factura INV-00235,INV-00235,CC-100 Operaciones,Diego Luna 04 00001102
387,2026-05-24,2100,Cuentas por pagar,0.00,70276.28,Registro factura INV-00180,INV-00180,CC-100 Operaciones,Elena Mora 05 00001102
388,2026-06-30,2100,Cuentas por pagar,85971.08,0.00,Pago factura INV-00172,INV-00172,CC-100 Operaciones,Bruno Garcia 02 00001102
389,2026-01-23,2100,Cuentas por pagar,0.00,47908.00,Registro factura INV-00341,INV-00341,CC-100 Operaciones,Diego Luna 04 00001102
390,2026-04-09,1020,Bancos,0.00,32985.76,Pago factura INV-00338,INV-00338,CC-100 Operaciones,Bruno Garcia 02 00001102
391,2026-06-06,1180,IVA acreditable,10422.72,0.00,Registro factura INV-00078,INV-00078,CC-100 Operaciones,Fabian Rios 06 00001102
392,2026-05-14,1180,IVA acreditable,6908.96,0.00,Registro factura INV-00305,INV-00305,CC-100 Operaciones,Ana Ruiz 07 00001102
393,2026-02-09,1020,Bancos,0.00,19378.96,Pago factura INV-00144,INV-00144,CC-100 Operaciones,Bruno Garcia 02 00001102
394,2026-01-14,2100,Cuentas por pagar,0.00,63718.80,Registro factura INV-00200,INV-00200,CC-100 Operaciones,Elena Mora 05 00001102
395,2026-03-13,5000,Gastos operativos,30259.00,0.00,Registro factura INV-00236,INV-00236,CC-100 Operaciones,Carla Soto 09 00001102
396,2026-06-06,1020,Bancos,0.00,57851.52,Pago factura INV-00073,INV-00073,CC-100 Operaciones,Bruno Garcia 02 00001102
397,2026-02-10,2100,Cuentas por pagar,0.00,141798.40,Registro factura INV-00031,INV-00031,CC-100 Operaciones,Bruno Garcia 02 00001102
398,2026-01-23,1020,Bancos,0.00,13944.36,Pago factura INV-00211,INV-00211,CC-100 Operaciones,Bruno Garcia 02 00001102
399,2026-05-22,2100,Cuentas por pagar,0.00,28001.24,Registro factura INV-00321,INV-00321,CC-100 Operaciones,Carla Soto 09 00001102
400,2026-02-11,1180,IVA acreditable,10752.80,0.00,Registro factura INV-00279,INV-00279,CC-100 Operaciones,Carla Soto 03 00001102
401,2026-06-19,5000,Gastos operativos,65166.00,0.00,Registro factura INV-00123,INV-00123,CC-100 Operaciones,Ana Ruiz 01 00001102
402,2026-02-12,1020,Bancos,0.00,48722.32,Pago factura INV-00001,INV-00001,CC-100 Operaciones,Bruno Garcia 02 00001102
403,2026-03-15,5000,Gastos operativos,84040.00,0.00,Registro factura INV-00197,INV-00197,CC-100 Operaciones,Carla Soto 03 00001102
404,2026-04-04,1020,Bancos,0.00,40345.96,Pago factura INV-00166,INV-00166,CC-100 Operaciones,Bruno Garcia 02 00001102
405,2026-06-30,2100,Cuentas por pagar,103925.56,0.00,Pago factura INV-00090,INV-00090,CC-100 Operaciones,Bruno Garcia 02 00001102
406,2026-02-15,1020,Bancos,0.00,25892.36,Pago factura INV-00066,INV-00066,CC-100 Operaciones,Bruno Garcia 02 00001102
407,2026-04-17,5000,Gastos operativos,33550.00,0.00,Registro factura INV-00132,INV-00132,CC-100 Operaciones,Fabian Rios 06 00001102
408,2026-05-05,5000,Gastos operativos,35376.00,0.00,Registro factura INV-00312,INV-00312,CC-100 Operaciones,Bruno Garcia 02 00001102
409,2026-01-19,5000,Gastos operativos,22500.00,0.00,Registro factura INV-00176,INV-00176,CC-100 Operaciones,Carla Soto 09 00001102
410,2026-03-05,2100,Cuentas por pagar,0.00,43578.88,Registro factura INV-00156,INV-00156,CC-100 Operaciones,Elena Mora 05 00001102
411,2026-02-26,1180,IVA acreditable,9084.32,0.00,Registro factura INV-00327,INV-00327,CC-100 Operaciones,Bruno Garcia 02 00001102
412,2026-04-17,1180,IVA acreditable,6762.08,0.00,Registro factura INV-00228,INV-00228,CC-100 Operaciones,Diego Luna 04 00001102
413,2026-06-16,1020,Bancos,0.00,75564.72,Pago factura INV-00078,INV-00078,CC-100 Operaciones,Bruno Garcia 02 00001102
414,2026-06-11,2100,Cuentas por pagar,0.00,15883.88,Registro factura INV-00212,INV-00212,CC-100 Operaciones,Ana Ruiz 01 00001102
415,2026-02-20,2100,Cuentas por pagar,41074.44,0.00,Pago factura INV-00242,INV-00242,CC-100 Operaciones,Bruno Garcia 02 00001102
416,2026-05-25,2100,Cuentas por pagar,0.00,45184.32,Registro factura INV-00015,INV-00015,CC-100 Operaciones,Bruno Garcia 08 00001102
417,2026-04-03,2100,Cuentas por pagar,0.00,56904.96,Registro factura INV-00118,INV-00118,CC-100 Operaciones,Diego Luna 04 00001102
418,2026-02-04,1020,Bancos,0.00,40531.56,Pago factura INV-00154,INV-00154,CC-100 Operaciones,Bruno Garcia 02 00001102
419,2026-02-19,2100,Cuentas por pagar,0.00,43632.24,Registro factura INV-00334,INV-00334,CC-100 Operaciones,Ana Ruiz 07 00001102
420,2026-05-20,2100,Cuentas por pagar,0.00,60541.56,Registro factura INV-00290,INV-00290,CC-100 Operaciones,Carla Soto 09 00001102
421,2026-06-22,1180,IVA acreditable,3052.00,0.00,Registro factura INV-00195,INV-00195,CC-100 Operaciones,Bruno Garcia 02 00001102
422,2026-02-10,5000,Gastos operativos,19640.00,0.00,Registro factura INV-00346,INV-00346,CC-100 Operaciones,Bruno Garcia 08 00001102
423,2026-04-15,2100,Cuentas por pagar,0.00,14874.68,Registro factura INV-00322,INV-00322,CC-100 Operaciones,Diego Luna 10 00001102
424,2026-02-18,5000,Gastos operativos,26922.00,0.00,Registro factura INV-00057,INV-00057,CC-100 Operaciones,Bruno Garcia 02 00001102
425,2026-02-11,2100,Cuentas por pagar,34417.20,0.00,Pago factura INV-00340,INV-00340,CC-100 Operaciones,Bruno Garcia 02 00001102
426,2026-04-14,2100,Cuentas por pagar,0.00,51120.04,Registro factura INV-00080,INV-00080,CC-100 Operaciones,Elena Mora 05 00001102
427,2026-03-20,1180,IVA acreditable,3196.00,0.00,Registro factura INV-00136,INV-00136,CC-100 Operaciones,Bruno Garcia 02 00001102
428,2026-04-19,5000,Gastos operativos,66918.00,0.00,Registro factura INV-00041,INV-00041,CC-100 Operaciones,Fabian Rios 06 00001102
429,2026-05-17,2100,Cuentas por pagar,33066.96,0.00,Pago factura INV-00149,INV-00149,CC-100 Operaciones,Bruno Garcia 02 00001102
430,2026-02-21,2100,Cuentas por pagar,77957.80,0.00,Pago factura INV-00279,INV-00279,CC-100 Operaciones,Bruno Garcia 02 00001102
431,2026-03-05,5000,Gastos operativos,37568.00,0.00,Registro factura INV-00156,INV-00156,CC-100 Operaciones,Elena Mora 05 00001102
432,2026-02-07,2100,Cuentas por pagar,49043.64,0.00,Pago factura INV-00159,INV-00159,CC-100 Operaciones,Bruno Garcia 02 00001102
433,2026-02-15,2100,Cuentas por pagar,48645.76,0.00,Pago factura INV-00059,INV-00059,CC-100 Operaciones,Bruno Garcia 02 00001102
434,2026-05-03,1180,IVA acreditable,6257.28,0.00,Registro factura INV-00116,INV-00116,CC-100 Operaciones,Bruno Garcia 08 00001102
435,2026-01-22,1180,IVA acreditable,12460.96,0.00,Registro factura INV-00323,INV-00323,CC-100 Operaciones,Elena Mora 05 00001102
436,2026-02-21,1180,IVA acreditable,2951.52,0.00,Registro factura INV-00339,INV-00339,CC-100 Operaciones,Carla Soto 09 00001102
437,2026-02-08,1180,IVA acreditable,11143.36,0.00,Registro factura INV-00280,INV-00280,CC-100 Operaciones,Fabian Rios 06 00001102
438,2026-04-19,1180,IVA acreditable,5025.92,0.00,Registro factura INV-00347,INV-00347,CC-100 Operaciones,Bruno Garcia 08 00001102
439,2026-02-18,2100,Cuentas por pagar,80789.36,0.00,Pago factura INV-00280,INV-00280,CC-100 Operaciones,Bruno Garcia 02 00001102
440,2026-04-29,1180,IVA acreditable,12151.04,0.00,Registro factura INV-00008,INV-00008,CC-100 Operaciones,Bruno Garcia 02 00001102
441,2026-02-08,1050,Cuentas por cobrar,0.00,44080.00,Cobro factura INV-00102,INV-00102,CC-100 Operaciones,Bruno Garcia 02 00001102
442,2026-02-15,1020,Bancos,0.00,92672.40,Pago factura INV-00065,INV-00065,CC-100 Operaciones,Bruno Garcia 02 00001102
443,2026-04-13,1180,IVA acreditable,6883.84,0.00,Registro factura INV-00020,INV-00020,CC-100 Operaciones,Bruno Garcia 08 00001102
444,2026-05-23,2100,Cuentas por pagar,13933.92,0.00,Pago factura INV-00042,INV-00042,CC-100 Operaciones,Bruno Garcia 02 00001102
445,2026-06-12,1020,Bancos,0.00,75771.20,Pago factura INV-00152,INV-00152,CC-100 Operaciones,Bruno Garcia 02 00001102
446,2026-04-30,5000,Gastos operativos,49631.00,0.00,Registro factura INV-00007,INV-00007,CC-100 Operaciones,Ana Ruiz 07 00001102
447,2026-04-11,1020,Bancos,0.00,52705.76,Pago factura INV-00319,INV-00319,CC-100 Operaciones,Bruno Garcia 02 00001102
448,2026-01-10,5000,Gastos operativos,32244.00,0.00,Registro factura INV-00137,INV-00137,CC-100 Operaciones,Carla Soto 09 00001102
449,2026-03-07,1020,Bancos,0.00,62111.04,Pago factura INV-00216,INV-00216,CC-100 Operaciones,Bruno Garcia 02 00001102
450,2026-05-31,1180,IVA acreditable,10879.52,0.00,Registro factura INV-00247,INV-00247,CC-100 Operaciones,Bruno Garcia 08 00001102
451,2026-05-04,1180,IVA acreditable,9605.44,0.00,Registro factura INV-00110,INV-00110,CC-100 Operaciones,Carla Soto 03 00001102
452,2026-06-21,1180,IVA acreditable,14560.96,0.00,Registro factura INV-00091,INV-00091,CC-100 Operaciones,Elena Mora 05 00001102
453,2026-05-30,2100,Cuentas por pagar,60541.56,0.00,Pago factura INV-00290,INV-00290,CC-100 Operaciones,Bruno Garcia 02 00001102
454,2026-03-28,1020,Bancos,0.00,27440.96,Pago factura INV-00222,INV-00222,CC-100 Operaciones,Bruno Garcia 02 00001102
455,2026-04-12,2100,Cuentas por pagar,19246.72,0.00,Pago factura INV-00234,INV-00234,CC-100 Operaciones,Bruno Garcia 02 00001102
456,2026-04-28,2100,Cuentas por pagar,24380.88,0.00,Pago factura INV-00306,INV-00306,CC-100 Operaciones,Bruno Garcia 02 00001102
457,2026-03-17,5000,Gastos operativos,31030.00,0.00,Registro factura INV-00315,INV-00315,CC-100 Operaciones,Carla Soto 03 00001102
458,2026-03-15,1020,Bancos,0.00,22523.72,Pago factura INV-00163,INV-00163,CC-100 Operaciones,Bruno Garcia 02 00001102
459,2026-03-24,2100,Cuentas por pagar,0.00,95936.64,Registro factura INV-00039,INV-00039,CC-100 Operaciones,Bruno Garcia 08 00001102
460,2026-06-06,5000,Gastos operativos,51789.00,0.00,Registro factura INV-00128,INV-00128,CC-100 Operaciones,Bruno Garcia 08 00001102
461,2026-03-24,1180,IVA acreditable,13232.64,0.00,Registro factura INV-00039,INV-00039,CC-100 Operaciones,Bruno Garcia 08 00001102
462,2026-01-28,2100,Cuentas por pagar,84602.28,0.00,Pago factura INV-00074,INV-00074,CC-100 Operaciones,Bruno Garcia 02 00001102
463,2026-02-07,2100,Cuentas por pagar,0.00,108405.48,Registro factura INV-00233,INV-00233,CC-100 Operaciones,Ana Ruiz 01 00001102
464,2026-05-21,5000,Gastos operativos,72921.00,0.00,Registro factura INV-00206,INV-00206,CC-100 Operaciones,Diego Luna 04 00001102
465,2026-03-13,2100,Cuentas por pagar,29932.64,0.00,Pago factura INV-00171,INV-00171,CC-100 Operaciones,Bruno Garcia 02 00001102
466,2026-02-17,1020,Bancos,0.00,108405.48,Pago factura INV-00233,INV-00233,CC-100 Operaciones,Bruno Garcia 02 00001102
467,2026-04-26,2100,Cuentas por pagar,61680.68,0.00,Pago factura INV-00292,INV-00292,CC-100 Operaciones,Bruno Garcia 02 00001102
468,2026-03-25,1020,Bancos,0.00,66695.36,Pago factura INV-00129,INV-00129,CC-100 Operaciones,Bruno Garcia 02 00001102
469,2026-06-19,2100,Cuentas por pagar,64960.00,0.00,Pago factura INV-00075,INV-00075,CC-100 Operaciones,Bruno Garcia 02 00001102
470,2026-03-23,1180,IVA acreditable,8258.72,0.00,Registro factura INV-00227,INV-00227,CC-100 Operaciones,Carla Soto 03 00001102
471,2026-01-05,1180,IVA acreditable,6709.76,0.00,Registro factura INV-00029,INV-00029,CC-100 Operaciones,Bruno Garcia 02 00001102
472,2026-02-27,1180,IVA acreditable,3038.56,0.00,Registro factura INV-00089,INV-00089,CC-100 Operaciones,Carla Soto 09 00001102
473,2026-03-28,1020,Bancos,0.00,14314.40,Pago factura INV-00181,INV-00181,CC-100 Operaciones,Bruno Garcia 02 00001102
474,2026-02-12,2100,Cuentas por pagar,0.00,61165.64,Registro factura INV-00266,INV-00266,CC-100 Operaciones,Diego Luna 10 00001102
475,2026-02-21,1180,IVA acreditable,5026.88,0.00,Registro factura INV-00304,INV-00304,CC-100 Operaciones,Ana Ruiz 01 00001102
476,2026-05-27,5000,Gastos operativos,49872.00,0.00,Registro factura INV-00073,INV-00073,CC-100 Operaciones,Bruno Garcia 02 00001102
477,2026-04-05,2100,Cuentas por pagar,0.00,48645.76,Registro factura INV-00164,INV-00164,CC-100 Operaciones,Elena Mora 05 00001102
478,2026-04-23,2100,Cuentas por pagar,49907.84,0.00,Pago factura INV-00020,INV-00020,CC-100 Operaciones,Bruno Garcia 02 00001102
479,2026-06-13,1020,Bancos,0.00,105057.72,Pago factura INV-00002,INV-00002,CC-100 Operaciones,Bruno Garcia 02 00001102
480,2026-02-16,1020,Bancos,0.00,22697.72,Pago factura INV-00360,INV-00360,CC-100 Operaciones,Bruno Garcia 02 00001102
481,2026-01-31,5000,Gastos operativos,66305.00,0.00,Registro factura INV-00046,INV-00046,CC-100 Operaciones,Bruno Garcia 02 00001102
482,2026-06-07,2100,Cuentas por pagar,0.00,25690.52,Registro factura INV-00225,INV-00225,CC-100 Operaciones,Elena Mora 05 00001102
483,2026-02-22,2100,Cuentas por pagar,61165.64,0.00,Pago factura INV-00266,INV-00266,CC-100 Operaciones,Bruno Garcia 02 00001102
484,2026-06-27,1020,Bancos,0.00,45156.48,Pago factura INV-00269,INV-00269,CC-100 Operaciones,Bruno Garcia 02 00001102
485,2026-03-28,2100,Cuentas por pagar,27440.96,0.00,Pago factura INV-00222,INV-00222,CC-100 Operaciones,Bruno Garcia 02 00001102
486,2026-06-02,5000,Gastos operativos,65320.00,0.00,Registro factura INV-00152,INV-00152,CC-100 Operaciones,Bruno Garcia 02 00001102
487,2026-06-07,2100,Cuentas por pagar,47630.76,0.00,Pago factura INV-00253,INV-00253,CC-100 Operaciones,Bruno Garcia 02 00001102
488,2026-04-29,1020,Bancos,0.00,36437.92,Pago factura INV-00347,INV-00347,CC-100 Operaciones,Bruno Garcia 02 00001102
489,2026-04-25,5000,Gastos operativos,50979.00,0.00,Registro factura INV-00314,INV-00314,CC-100 Operaciones,Bruno Garcia 08 00001102
490,2026-05-21,1180,IVA acreditable,11667.36,0.00,Registro factura INV-00206,INV-00206,CC-100 Operaciones,Diego Luna 04 00001102
491,2026-02-24,1020,Bancos,0.00,54046.72,Pago factura INV-00151,INV-00151,CC-100 Operaciones,Bruno Garcia 02 00001102
492,2026-02-08,1020,Bancos,0.00,19326.76,Pago factura INV-00238,INV-00238,CC-100 Operaciones,Bruno Garcia 02 00001102
493,2026-06-11,1020,Bancos,0.00,71573.16,Pago factura INV-00267,INV-00267,CC-100 Operaciones,Bruno Garcia 02 00001102
494,2026-04-29,5000,Gastos operativos,75944.00,0.00,Registro factura INV-00008,INV-00008,CC-100 Operaciones,Bruno Garcia 02 00001102
495,2026-04-30,2100,Cuentas por pagar,96264.92,0.00,Pago factura INV-00114,INV-00114,CC-100 Operaciones,Bruno Garcia 02 00001102
496,2026-06-11,1020,Bancos,0.00,89737.60,Pago factura INV-00115,INV-00115,CC-100 Operaciones,Bruno Garcia 02 00001102
497,2026-05-05,5000,Gastos operativos,30030.00,0.00,Registro factura INV-00042,INV-00042,CC-100 Operaciones,Bruno Garcia 02 00001102
498,2026-03-29,1020,Bancos,0.00,78878.84,Pago factura INV-00188,INV-00188,CC-100 Operaciones,Bruno Garcia 02 00001102
499,2026-06-25,1180,IVA acreditable,9204.00,0.00,Registro factura INV-00105,INV-00105,CC-100 Operaciones,Ana Ruiz 01 00001102
500,2026-06-24,1020,Bancos,0.00,27490.84,Pago factura INV-00241,INV-00241,CC-100 Operaciones,Bruno Garcia 02 00001102
501,2026-02-28,1180,IVA acreditable,11164.48,0.00,Registro factura INV-00301,INV-00301,CC-100 Operaciones,Fabian Rios 06 00001102
502,2026-04-23,1020,Bancos,0.00,89447.60,Pago factura INV-00243,INV-00243,CC-100 Operaciones,Bruno Garcia 02 00001102
503,2026-03-17,1020,Bancos,0.00,87447.76,Pago factura INV-00209,INV-00209,CC-100 Operaciones,Bruno Garcia 02 00001102
504,2026-01-25,1020,Bancos,0.00,68747.40,Pago factura INV-00004,INV-00004,CC-100 Operaciones,Bruno Garcia 02 00001102
505,2026-02-11,1180,IVA acreditable,10242.08,0.00,Registro factura INV-00186,INV-00186,CC-100 Operaciones,Elena Mora 05 00001102
506,2026-02-18,1180,IVA acreditable,2666.56,0.00,Registro factura INV-00025,INV-00025,CC-100 Operaciones,Diego Luna 10 00001102
507,2026-02-20,1020,Bancos,0.00,22782.40,Pago factura INV-00346,INV-00346,CC-100 Operaciones,Bruno Garcia 02 00001102
508,2026-05-05,2100,Cuentas por pagar,52904.12,0.00,Pago factura INV-00082,INV-00082,CC-100 Operaciones,Bruno Garcia 02 00001102
509,2026-03-25,1180,IVA acreditable,5564.96,0.00,Registro factura INV-00166,INV-00166,CC-100 Operaciones,Ana Ruiz 07 00001102
510,2026-04-15,1020,Bancos,0.00,100756.44,Pago factura INV-00016,INV-00016,CC-100 Operaciones,Bruno Garcia 02 00001102
511,2026-05-21,2100,Cuentas por pagar,18093.68,0.00,Pago factura INV-00068,INV-00068,CC-100 Operaciones,Bruno Garcia 02 00001102
512,2026-05-07,2100,Cuentas por pagar,0.00,33066.96,Registro factura INV-00149,INV-00149,CC-100 Operaciones,Diego Luna 04 00001102
513,2026-05-05,1180,IVA acreditable,5660.16,0.00,Registro factura INV-00312,INV-00312,CC-100 Operaciones,Bruno Garcia 02 00001102
514,2026-04-26,1020,Bancos,0.00,61680.68,Pago factura INV-00292,INV-00292,CC-100 Operaciones,Bruno Garcia 02 00001102
515,2026-04-15,2100,Cuentas por pagar,100756.44,0.00,Pago factura INV-00016,INV-00016,CC-100 Operaciones,Bruno Garcia 02 00001102
516,2026-04-02,1180,IVA acreditable,14521.76,0.00,Registro factura INV-00120,INV-00120,CC-100 Operaciones,Carla Soto 09 00001102
517,2026-06-10,1020,Bancos,0.00,78876.52,Pago factura INV-00247,INV-00247,CC-100 Operaciones,Bruno Garcia 02 00001102
518,2026-01-19,2100,Cuentas por pagar,105468.36,0.00,Pago factura INV-00231,INV-00231,CC-100 Operaciones,Bruno Garcia 02 00001102
519,2026-02-04,2100,Cuentas por pagar,40531.56,0.00,Pago factura INV-00154,INV-00154,CC-100 Operaciones,Bruno Garcia 02 00001102
520,2026-04-30,1020,Bancos,0.00,17786.28,Pago factura INV-00215,INV-00215,CC-100 Operaciones,Bruno Garcia 02 00001102
521,2026-05-26,2100,Cuentas por pagar,0.00,29164.72,Registro factura INV-00022,INV-00022,CC-100 Operaciones,Elena Mora 05 00001102
522,2026-02-16,1180,IVA acreditable,6440.00,0.00,Registro factura INV-00169,INV-00169,CC-100 Operaciones,Fabian Rios 06 00001102
523,2026-05-18,1020,Bancos,0.00,82733.52,Pago factura INV-00009,INV-00009,CC-100 Operaciones,Bruno Garcia 02 00001102
524,2026-05-23,2100,Cuentas por pagar,0.00,43165.92,Registro factura INV-00313,INV-00313,CC-100 Operaciones,Bruno Garcia 08 00001102
525,2026-05-10,2100,Cuentas por pagar,0.00,83958.48,Registro factura INV-00071,INV-00071,CC-100 Operaciones,Ana Ruiz 01 00001102
526,2026-04-14,2100,Cuentas por pagar,84292.56,0.00,Pago factura INV-00049,INV-00049,CC-100 Operaciones,Bruno Garcia 02 00001102
527,2026-06-30,2100,Cuentas por pagar,33559.96,0.00,Pago factura INV-00345,INV-00345,CC-100 Operaciones,Bruno Garcia 02 00001102
528,2026-06-17,2100,Cuentas por pagar,0.00,65821.88,Registro factura INV-00300,INV-00300,CC-100 Operaciones,Ana Ruiz 07 00001102
529,2026-04-24,2100,Cuentas por pagar,0.00,84276.32,Registro factura INV-00036,INV-00036,CC-100 Operaciones,Carla Soto 09 00001102
530,2026-04-12,5000,Gastos operativos,43452.00,0.00,Registro factura INV-00310,INV-00310,CC-100 Operaciones,Ana Ruiz 01 00001102
531,2026-03-17,1180,IVA acreditable,4964.80,0.00,Registro factura INV-00315,INV-00315,CC-100 Operaciones,Carla Soto 03 00001102
532,2026-04-10,2100,Cuentas por pagar,19319.80,0.00,Pago factura INV-00005,INV-00005,CC-100 Operaciones,Bruno Garcia 02 00001102
533,2026-01-23,1020,Bancos,0.00,31678.44,Pago factura INV-00223,INV-00223,CC-100 Operaciones,Bruno Garcia 02 00001102
534,2026-01-05,1180,IVA acreditable,3571.36,0.00,Registro factura INV-00291,INV-00291,CC-100 Operaciones,Diego Luna 04 00001102
535,2026-06-06,1020,Bancos,0.00,54836.68,Pago factura INV-00184,INV-00184,CC-100 Operaciones,Bruno Garcia 02 00001102
536,2026-04-15,1180,IVA acreditable,2051.68,0.00,Registro factura INV-00322,INV-00322,CC-100 Operaciones,Diego Luna 10 00001102
537,2026-06-07,5000,Gastos operativos,21060.00,0.00,Registro factura INV-00250,INV-00250,CC-100 Operaciones,Carla Soto 03 00001102
538,2026-02-16,1050,Cuentas por cobrar,71340.00,0.00,Registro venta INV-00087,INV-00087,CC-100 Operaciones,Bruno Garcia 02 00001102
539,2026-04-29,2100,Cuentas por pagar,36437.92,0.00,Pago factura INV-00347,INV-00347,CC-100 Operaciones,Bruno Garcia 02 00001102
540,2026-05-07,1020,Bancos,0.00,85362.08,Pago factura INV-00034,INV-00034,CC-100 Operaciones,Bruno Garcia 02 00001102
541,2026-03-05,2100,Cuentas por pagar,39365.76,0.00,Pago factura INV-00121,INV-00121,CC-100 Operaciones,Bruno Garcia 02 00001102
542,2026-06-28,1180,IVA acreditable,7775.20,0.00,Registro factura INV-00337,INV-00337,CC-100 Operaciones,Bruno Garcia 08 00001102
543,2026-05-22,1180,IVA acreditable,3862.24,0.00,Registro factura INV-00321,INV-00321,CC-100 Operaciones,Carla Soto 09 00001102
544,2026-03-26,2100,Cuentas por pagar,0.00,99284.40,Registro factura INV-00214,INV-00214,CC-100 Operaciones,Bruno Garcia 02 00001102
545,2026-02-28,1180,IVA acreditable,14420.00,0.00,Registro factura INV-00270,INV-00270,CC-100 Operaciones,Diego Luna 04 00001102
546,2026-02-13,2100,Cuentas por pagar,87064.96,0.00,Pago factura INV-00185,INV-00185,CC-100 Operaciones,Bruno Garcia 02 00001102
547,2026-06-25,1180,IVA acreditable,14045.76,0.00,Registro factura INV-00326,INV-00326,CC-100 Operaciones,Carla Soto 09 00001102
548,2026-06-26,2100,Cuentas por pagar,92007.72,0.00,Pago factura INV-00070,INV-00070,CC-100 Operaciones,Bruno Garcia 02 00001102
549,2026-02-04,2100,Cuentas por pagar,0.00,101337.60,Registro factura INV-00358,INV-00358,CC-100 Operaciones,Bruno Garcia 08 00001102
550,2026-05-09,1020,Bancos,0.00,95428.56,Pago factura INV-00193,INV-00193,CC-100 Operaciones,Bruno Garcia 02 00001102
551,2026-05-24,5000,Gastos operativos,60583.00,0.00,Registro factura INV-00180,INV-00180,CC-100 Operaciones,Elena Mora 05 00001102
552,2026-03-02,1020,Bancos,0.00,25883.08,Pago factura INV-00316,INV-00316,CC-100 Operaciones,Bruno Garcia 02 00001102
553,2026-02-09,5000,Gastos operativos,49216.00,0.00,Registro factura INV-00076,INV-00076,CC-100 Operaciones,Ana Ruiz 01 00001102
554,2026-05-16,1180,IVA acreditable,2860.16,0.00,Registro factura INV-00284,INV-00284,CC-100 Operaciones,Ana Ruiz 01 00001102
555,2026-03-08,1020,Bancos,0.00,65861.32,Pago factura INV-00327,INV-00327,CC-100 Operaciones,Bruno Garcia 02 00001102
556,2026-05-12,2100,Cuentas por pagar,20900.88,0.00,Pago factura INV-00042,INV-00042,CC-100 Operaciones,Bruno Garcia 02 00001102
557,2026-06-15,2100,Cuentas por pagar,48645.76,0.00,Pago factura INV-00006,INV-00006,CC-100 Operaciones,Bruno Garcia 02 00001102
558,2026-04-01,1020,Bancos,0.00,100675.24,Pago factura INV-00308,INV-00308,CC-100 Operaciones,Bruno Garcia 02 00001102
559,2026-04-22,2100,Cuentas por pagar,50404.32,0.00,Pago factura INV-00310,INV-00310,CC-100 Operaciones,Bruno Garcia 02 00001102
560,2026-01-20,1020,Bancos,0.00,37403.04,Pago factura INV-00137,INV-00137,CC-100 Operaciones,Bruno Garcia 02 00001102
561,2026-03-08,5000,Gastos operativos,18921.00,0.00,Registro factura INV-00053,INV-00053,CC-100 Operaciones,Fabian Rios 06 00001102
562,2026-03-27,5000,Gastos operativos,49649.00,0.00,Registro factura INV-00051,INV-00051,CC-100 Operaciones,Carla Soto 09 00001102
563,2026-06-23,1180,IVA acreditable,7378.72,0.00,Registro factura INV-00062,INV-00062,CC-100 Operaciones,Elena Mora 05 00001102
564,2026-03-15,2100,Cuentas por pagar,43578.88,0.00,Pago factura INV-00156,INV-00156,CC-100 Operaciones,Bruno Garcia 02 00001102
565,2026-06-02,2100,Cuentas por pagar,0.00,75771.20,Registro factura INV-00152,INV-00152,CC-100 Operaciones,Bruno Garcia 02 00001102
566,2026-06-25,2100,Cuentas por pagar,0.00,101831.76,Registro factura INV-00326,INV-00326,CC-100 Operaciones,Carla Soto 09 00001102
567,2026-02-14,1020,Bancos,0.00,101337.60,Pago factura INV-00358,INV-00358,CC-100 Operaciones,Bruno Garcia 02 00001102
568,2026-04-03,2100,Cuentas por pagar,95936.64,0.00,Pago factura INV-00039,INV-00039,CC-100 Operaciones,Bruno Garcia 02 00001102
569,2026-05-11,2100,Cuentas por pagar,70456.08,0.00,Pago factura INV-00143,INV-00143,CC-100 Operaciones,Bruno Garcia 02 00001102
570,2026-06-08,1020,Bancos,0.00,31607.68,Pago factura INV-00083,INV-00083,CC-100 Operaciones,Bruno Garcia 02 00001102
571,2026-03-21,5000,Gastos operativos,12406.00,0.00,Registro factura INV-00220,INV-00220,CC-100 Operaciones,Carla Soto 09 00001102
572,2026-06-28,2100,Cuentas por pagar,0.00,56370.20,Registro factura INV-00337,INV-00337,CC-100 Operaciones,Bruno Garcia 08 00001102
573,2026-04-18,5000,Gastos operativos,93633.00,0.00,Registro factura INV-00240,INV-00240,CC-100 Operaciones,Carla Soto 09 00001102
574,2026-04-12,2100,Cuentas por pagar,0.00,50404.32,Registro factura INV-00310,INV-00310,CC-100 Operaciones,Ana Ruiz 01 00001102
575,2026-01-22,1020,Bancos,0.00,17782.80,Pago factura INV-00257,INV-00257,CC-100 Operaciones,Bruno Garcia 02 00001102
576,2026-03-24,1180,IVA acreditable,15040.00,0.00,Registro factura INV-00264,INV-00264,CC-100 Operaciones,Diego Luna 10 00001102
577,2026-06-26,1180,IVA acreditable,3208.00,0.00,Registro factura INV-00207,INV-00207,CC-100 Operaciones,Bruno Garcia 08 00001102
578,2026-06-22,1020,Bancos,0.00,20612.04,Pago factura INV-00033,INV-00033,CC-100 Operaciones,Bruno Garcia 02 00001102
579,2026-01-15,5000,Gastos operativos,55379.00,0.00,Registro factura INV-00349,INV-00349,CC-100 Operaciones,Bruno Garcia 02 00001102
580,2026-02-19,2100,Cuentas por pagar,51488.92,0.00,Pago factura INV-00198,INV-00198,CC-100 Operaciones,Bruno Garcia 02 00001102
581,2026-05-02,2100,Cuentas por pagar,93422.92,0.00,Pago factura INV-00213,INV-00213,CC-100 Operaciones,Bruno Garcia 02 00001102
582,2026-05-18,2100,Cuentas por pagar,0.00,37601.40,Registro factura INV-00045,INV-00045,CC-100 Operaciones,Carla Soto 03 00001102
583,2026-06-17,5000,Gastos operativos,38928.00,0.00,Registro factura INV-00269,INV-00269,CC-100 Operaciones,Carla Soto 09 00001102
584,2026-03-23,2100,Cuentas por pagar,35100.44,0.00,Pago factura INV-00236,INV-00236,CC-100 Operaciones,Bruno Garcia 02 00001102
585,2026-06-22,1020,Bancos,0.00,25779.84,Pago factura INV-00111,INV-00111,CC-100 Operaciones,Bruno Garcia 02 00001102
586,2026-03-28,1180,IVA acreditable,8523.36,0.00,Registro factura INV-00309,INV-00309,CC-100 Operaciones,Diego Luna 04 00001102
587,2026-03-09,5000,Gastos operativos,53374.00,0.00,Registro factura INV-00255,INV-00255,CC-100 Operaciones,Carla Soto 03 00001102
588,2026-06-07,2100,Cuentas por pagar,0.00,24429.60,Registro factura INV-00250,INV-00250,CC-100 Operaciones,Carla Soto 03 00001102
589,2026-05-08,1180,IVA acreditable,10694.56,0.00,Registro factura INV-00274,INV-00274,CC-100 Operaciones,Ana Ruiz 01 00001102
590,2026-02-02,2100,Cuentas por pagar,47908.00,0.00,Pago factura INV-00341,INV-00341,CC-100 Operaciones,Bruno Garcia 02 00001102
591,2026-06-01,1020,Bancos,0.00,28001.24,Pago factura INV-00321,INV-00321,CC-100 Operaciones,Bruno Garcia 02 00001102
592,2026-03-25,2100,Cuentas por pagar,66695.36,0.00,Pago factura INV-00129,INV-00129,CC-100 Operaciones,Bruno Garcia 02 00001102
593,2026-03-08,2100,Cuentas por pagar,0.00,96899.44,Registro factura INV-00293,INV-00293,CC-100 Operaciones,Bruno Garcia 08 00001102
594,2026-03-04,1020,Bancos,0.00,21689.68,Pago factura INV-00249,INV-00249,CC-100 Operaciones,Bruno Garcia 02 00001102
595,2026-05-29,1020,Bancos,0.00,78166.60,Pago factura INV-00332,INV-00332,CC-100 Operaciones,Bruno Garcia 02 00001102
596,2026-01-26,1180,IVA acreditable,11542.88,0.00,Registro factura INV-00056,INV-00056,CC-100 Operaciones,Ana Ruiz 01 00001102
597,2026-03-30,1180,IVA acreditable,4549.76,0.00,Registro factura INV-00338,INV-00338,CC-100 Operaciones,Bruno Garcia 08 00001102
598,2026-06-23,5000,Gastos operativos,89591.00,0.00,Registro factura INV-00090,INV-00090,CC-100 Operaciones,Ana Ruiz 07 00001102
599,2026-06-30,2100,Cuentas por pagar,107405.56,0.00,Pago factura INV-00175,INV-00175,CC-100 Operaciones,Bruno Garcia 02 00001102
600,2026-03-27,1020,Bancos,0.00,63893.96,Pago factura INV-00032,INV-00032,CC-100 Operaciones,Bruno Garcia 02 00001102
601,2026-03-05,1180,IVA acreditable,6010.88,0.00,Registro factura INV-00156,INV-00156,CC-100 Operaciones,Elena Mora 05 00001102
602,2026-02-13,1180,IVA acreditable,12374.88,0.00,Registro factura INV-00273,INV-00273,CC-100 Operaciones,Ana Ruiz 07 00001102
603,2026-05-23,2100,Cuentas por pagar,10356.95,0.00,Pago factura INV-00208,INV-00208,CC-100 Operaciones,Bruno Garcia 02 00001102
604,2026-03-04,2100,Cuentas por pagar,0.00,104238.76,Registro factura INV-00014,INV-00014,CC-100 Operaciones,Diego Luna 10 00001102
605,2026-06-26,5000,Gastos operativos,20050.00,0.00,Registro factura INV-00207,INV-00207,CC-100 Operaciones,Bruno Garcia 08 00001102
606,2026-02-19,1020,Bancos,0.00,51488.92,Pago factura INV-00198,INV-00198,CC-100 Operaciones,Bruno Garcia 02 00001102
607,2026-02-23,1180,IVA acreditable,5429.76,0.00,Registro factura INV-00121,INV-00121,CC-100 Operaciones,Carla Soto 03 00001102
608,2026-04-21,2100,Cuentas por pagar,0.00,90380.24,Registro factura INV-00277,INV-00277,CC-100 Operaciones,Bruno Garcia 02 00001102
609,2026-04-14,1020,Bancos,0.00,81711.56,Pago factura INV-00348,INV-00348,CC-100 Operaciones,Bruno Garcia 02 00001102
610,2026-04-27,5000,Gastos operativos,73588.00,0.00,Registro factura INV-00034,INV-00034,CC-100 Operaciones,Diego Luna 10 00001102
611,2026-06-08,2100,Cuentas por pagar,0.00,73252.84,Registro factura INV-00187,INV-00187,CC-100 Operaciones,Diego Luna 10 00001102
612,2026-05-28,1180,IVA acreditable,6569.76,0.00,Registro factura INV-00253,INV-00253,CC-100 Operaciones,Carla Soto 09 00001102
613,2026-01-12,2100,Cuentas por pagar,0.00,17782.80,Registro factura INV-00257,INV-00257,CC-100 Operaciones,Carla Soto 03 00001102
614,2026-01-28,1020,Bancos,0.00,84602.28,Pago factura INV-00074,INV-00074,CC-100 Operaciones,Bruno Garcia 02 00001102
615,2026-04-06,5000,Gastos operativos,71352.00,0.00,Registro factura INV-00210,INV-00210,CC-100 Operaciones,Elena Mora 05 00001102
616,2026-02-13,1180,IVA acreditable,10610.24,0.00,Registro factura INV-00044,INV-00044,CC-100 Operaciones,Carla Soto 09 00001102
617,2026-02-09,5000,Gastos operativos,44387.00,0.00,Registro factura INV-00198,INV-00198,CC-100 Operaciones,Carla Soto 03 00001102
618,2026-05-04,1020,Bancos,0.00,79747.68,Pago factura INV-00353,INV-00353,CC-100 Operaciones,Bruno Garcia 02 00001102
619,2026-02-05,2100,Cuentas por pagar,51710.48,0.00,Pago factura INV-00158,INV-00158,CC-100 Operaciones,Bruno Garcia 02 00001102
620,2026-01-26,5000,Gastos operativos,72143.00,0.00,Registro factura INV-00056,INV-00056,CC-100 Operaciones,Ana Ruiz 01 00001102
621,2026-04-18,1020,Bancos,0.00,15878.08,Pago factura INV-00246,INV-00246,CC-100 Operaciones,Bruno Garcia 02 00001102
622,2026-01-29,2100,Cuentas por pagar,61671.40,0.00,Pago factura INV-00122,INV-00122,CC-100 Operaciones,Bruno Garcia 02 00001102
623,2026-03-21,1020,Bancos,0.00,63863.80,Pago factura INV-00351,INV-00351,CC-100 Operaciones,Bruno Garcia 02 00001102
624,2026-04-07,1020,Bancos,0.00,64340.56,Pago factura INV-00081,INV-00081,CC-100 Operaciones,Bruno Garcia 02 00001102
625,2026-06-30,2100,Cuentas por pagar,53495.72,0.00,Pago factura INV-00062,INV-00062,CC-100 Operaciones,Bruno Garcia 02 00001102
626,2026-02-12,1180,IVA acreditable,9965.44,0.00,Registro factura INV-00052,INV-00052,CC-100 Operaciones,Bruno Garcia 02 00001102
627,2026-04-13,5000,Gastos operativos,77110.00,0.00,Registro factura INV-00243,INV-00243,CC-100 Operaciones,Diego Luna 10 00001102
628,2026-05-22,5000,Gastos operativos,24139.00,0.00,Registro factura INV-00321,INV-00321,CC-100 Operaciones,Carla Soto 09 00001102
629,2026-01-13,2100,Cuentas por pagar,0.00,31678.44,Registro factura INV-00223,INV-00223,CC-100 Operaciones,Fabian Rios 06 00001102
630,2026-06-24,1180,IVA acreditable,14814.56,0.00,Registro factura INV-00175,INV-00175,CC-100 Operaciones,Diego Luna 04 00001102
631,2026-05-27,1180,IVA acreditable,7979.52,0.00,Registro factura INV-00073,INV-00073,CC-100 Operaciones,Bruno Garcia 02 00001102
632,2026-04-15,2100,Cuentas por pagar,34834.80,0.00,Pago factura INV-00097,INV-00097,CC-100 Operaciones,Bruno Garcia 02 00001102
633,2026-05-18,2100,Cuentas por pagar,82733.52,0.00,Pago factura INV-00009,INV-00009,CC-100 Operaciones,Bruno Garcia 02 00001102
634,2026-04-05,1180,IVA acreditable,13897.44,0.00,Registro factura INV-00016,INV-00016,CC-100 Operaciones,Bruno Garcia 08 00001102
635,2026-03-19,2100,Cuentas por pagar,0.00,71307.52,Registro factura INV-00183,INV-00183,CC-100 Operaciones,Ana Ruiz 07 00001102
636,2026-05-15,1180,IVA acreditable,7739.52,0.00,Registro factura INV-00307,INV-00307,CC-100 Operaciones,Diego Luna 04 00001102
637,2026-05-25,1180,IVA acreditable,14998.40,0.00,Registro factura INV-00191,INV-00191,CC-100 Operaciones,Diego Luna 10 00001102
638,2026-06-05,1180,IVA acreditable,6709.76,0.00,Registro factura INV-00006,INV-00006,CC-100 Operaciones,Ana Ruiz 07 00001102
639,2026-03-31,1020,Bancos,0.00,14390.96,Pago factura INV-00220,INV-00220,CC-100 Operaciones,Bruno Garcia 02 00001102
640,2026-05-23,1020,Bancos,0.00,35105.08,Pago factura INV-00142,INV-00142,CC-100 Operaciones,Bruno Garcia 02 00001102
641,2026-05-31,2100,Cuentas por pagar,0.00,101466.36,Registro factura INV-00050,INV-00050,CC-100 Operaciones,Diego Luna 10 00001102
642,2026-01-23,1020,Bancos,0.00,13933.92,Pago factura INV-00088,INV-00088,CC-100 Operaciones,Bruno Garcia 02 00001102
643,2026-05-11,2100,Cuentas por pagar,0.00,95870.52,Registro factura INV-00297,INV-00297,CC-100 Operaciones,Bruno Garcia 08 00001102
644,2026-05-07,2100,Cuentas por pagar,48583.12,0.00,Pago factura INV-00224,INV-00224,CC-100 Operaciones,Bruno Garcia 02 00001102
645,2026-03-03,2100,Cuentas por pagar,0.00,57576.60,Registro factura INV-00150,INV-00150,CC-100 Operaciones,Carla Soto 03 00001102
646,2026-01-23,2100,Cuentas por pagar,10356.95,0.00,Pago factura INV-00291,INV-00291,CC-100 Operaciones,Bruno Garcia 02 00001102
647,2026-03-30,2100,Cuentas por pagar,0.00,32985.76,Registro factura INV-00338,INV-00338,CC-100 Operaciones,Bruno Garcia 08 00001102
648,2026-06-09,5000,Gastos operativos,78478.00,0.00,Registro factura INV-00256,INV-00256,CC-100 Operaciones,Elena Mora 05 00001102
649,2026-03-29,2100,Cuentas por pagar,71307.52,0.00,Pago factura INV-00183,INV-00183,CC-100 Operaciones,Bruno Garcia 02 00001102
650,2026-01-05,2100,Cuentas por pagar,0.00,34834.80,Registro factura INV-00088,INV-00088,CC-100 Operaciones,Bruno Garcia 08 00001102
651,2026-05-03,5000,Gastos operativos,50655.00,0.00,Registro factura INV-00140,INV-00140,CC-100 Operaciones,Fabian Rios 06 00001102
652,2026-02-24,1020,Bancos,0.00,21941.40,Pago factura INV-00064,INV-00064,CC-100 Operaciones,Bruno Garcia 02 00001102
653,2026-05-05,2100,Cuentas por pagar,0.00,41036.16,Registro factura INV-00312,INV-00312,CC-100 Operaciones,Bruno Garcia 02 00001102
654,2026-05-02,1020,Bancos,0.00,93422.92,Pago factura INV-00213,INV-00213,CC-100 Operaciones,Bruno Garcia 02 00001102
655,2026-01-24,1180,IVA acreditable,7828.16,0.00,Registro factura INV-00098,INV-00098,CC-100 Operaciones,Ana Ruiz 07 00001102
656,2026-03-05,2100,Cuentas por pagar,0.00,34834.80,Registro factura INV-00148,INV-00148,CC-100 Operaciones,Diego Luna 10 00001102
657,2026-03-04,5000,Gastos operativos,89861.00,0.00,Registro factura INV-00014,INV-00014,CC-100 Operaciones,Diego Luna 10 00001102
658,2026-02-21,2100,Cuentas por pagar,0.00,21398.52,Registro factura INV-00339,INV-00339,CC-100 Operaciones,Carla Soto 09 00001102
659,2026-06-30,2100,Cuentas por pagar,47270.00,0.00,Pago factura INV-00192,INV-00192,CC-100 Operaciones,Bruno Garcia 02 00001102
660,2026-05-18,1180,IVA acreditable,3357.76,0.00,Registro factura INV-00328,INV-00328,CC-100 Operaciones,Elena Mora 05 00001102
661,2026-03-19,2100,Cuentas por pagar,0.00,78878.84,Registro factura INV-00188,INV-00188,CC-100 Operaciones,Carla Soto 09 00001102
662,2026-03-14,2100,Cuentas por pagar,0.00,15824.72,Registro factura INV-00295,INV-00295,CC-100 Operaciones,Diego Luna 04 00001102
663,2026-02-22,1020,Bancos,0.00,61165.64,Pago factura INV-00266,INV-00266,CC-100 Operaciones,Bruno Garcia 02 00001102
664,2026-03-14,5000,Gastos operativos,13642.00,0.00,Registro factura INV-00295,INV-00295,CC-100 Operaciones,Diego Luna 04 00001102
665,2026-04-14,1020,Bancos,0.00,84292.56,Pago factura INV-00049,INV-00049,CC-100 Operaciones,Bruno Garcia 02 00001102
666,2026-03-23,5000,Gastos operativos,41176.00,0.00,Registro factura INV-00106,INV-00106,CC-100 Operaciones,Elena Mora 05 00001102
667,2026-02-15,1020,Bancos,0.00,34834.80,Pago factura INV-00287,INV-00287,CC-100 Operaciones,Bruno Garcia 02 00001102
668,2026-02-10,2100,Cuentas por pagar,76913.80,0.00,Pago factura INV-00046,INV-00046,CC-100 Operaciones,Bruno Garcia 02 00001102
669,2026-06-30,1020,Bancos,0.00,100722.80,Pago factura INV-00311,INV-00311,CC-100 Operaciones,Bruno Garcia 02 00001102
670,2026-06-15,1020,Bancos,0.00,94914.68,Pago factura INV-00109,INV-00109,CC-100 Operaciones,Bruno Garcia 02 00001102
671,2026-06-22,2100,Cuentas por pagar,0.00,100722.80,Registro factura INV-00311,INV-00311,CC-100 Operaciones,Diego Luna 10 00001102
672,2026-03-05,2100,Cuentas por pagar,67637.28,0.00,Pago factura INV-00239,INV-00239,CC-100 Operaciones,Bruno Garcia 02 00001102
673,2026-03-12,1020,Bancos,0.00,14870.04,Pago factura INV-00335,INV-00335,CC-100 Operaciones,Bruno Garcia 02 00001102
674,2026-05-05,1020,Bancos,0.00,59135.64,Pago factura INV-00314,INV-00314,CC-100 Operaciones,Bruno Garcia 02 00001102
675,2026-05-14,2100,Cuentas por pagar,69639.44,0.00,Pago factura INV-00110,INV-00110,CC-100 Operaciones,Bruno Garcia 02 00001102
676,2026-06-23,1180,IVA acreditable,14334.56,0.00,Registro factura INV-00090,INV-00090,CC-100 Operaciones,Ana Ruiz 07 00001102
677,2026-04-07,5000,Gastos operativos,44981.00,0.00,Registro factura INV-00023,INV-00023,CC-100 Operaciones,Bruno Garcia 08 00001102
678,2026-01-23,2100,Cuentas por pagar,0.00,91863.88,Registro factura INV-00325,INV-00325,CC-100 Operaciones,Bruno Garcia 02 00001102
679,2026-04-12,5000,Gastos operativos,36967.00,0.00,Registro factura INV-00018,INV-00018,CC-100 Operaciones,Carla Soto 03 00001102
680,2026-06-08,5000,Gastos operativos,63149.00,0.00,Registro factura INV-00187,INV-00187,CC-100 Operaciones,Diego Luna 10 00001102
681,2026-06-20,2100,Cuentas por pagar,0.00,38515.48,Registro factura INV-00344,INV-00344,CC-100 Operaciones,Bruno Garcia 08 00001102
682,2026-04-22,1180,IVA acreditable,9134.88,0.00,Registro factura INV-00318,INV-00318,CC-100 Operaciones,Ana Ruiz 07 00001102
683,2026-02-04,5000,Gastos operativos,87360.00,0.00,Registro factura INV-00358,INV-00358,CC-100 Operaciones,Bruno Garcia 08 00001102
684,2026-06-30,2100,Cuentas por pagar,66729.00,0.00,Pago factura INV-00105,INV-00105,CC-100 Operaciones,Bruno Garcia 02 00001102
685,2026-05-13,1020,Bancos,0.00,45365.28,Pago factura INV-00116,INV-00116,CC-100 Operaciones,Bruno Garcia 02 00001102
686,2026-06-06,1180,IVA acreditable,8286.24,0.00,Registro factura INV-00128,INV-00128,CC-100 Operaciones,Bruno Garcia 08 00001102
687,2026-06-10,2100,Cuentas por pagar,101466.36,0.00,Pago factura INV-00050,INV-00050,CC-100 Operaciones,Bruno Garcia 02 00001102
688,2026-04-11,5000,Gastos operativos,92990.00,0.00,Registro factura INV-00173,INV-00173,CC-100 Operaciones,Diego Luna 04 00001102
689,2026-03-13,1180,IVA acreditable,5658.88,0.00,Registro factura INV-00356,INV-00356,CC-100 Operaciones,Ana Ruiz 07 00001102
690,2026-03-05,1180,IVA acreditable,4804.80,0.00,Registro factura INV-00148,INV-00148,CC-100 Operaciones,Diego Luna 10 00001102
691,2026-03-07,2100,Cuentas por pagar,87256.36,0.00,Pago factura INV-00104,INV-00104,CC-100 Operaciones,Bruno Garcia 02 00001102
692,2026-06-12,1180,IVA acreditable,2843.04,0.00,Registro factura INV-00033,INV-00033,CC-100 Operaciones,Fabian Rios 06 00001102
693,2026-05-30,2100,Cuentas por pagar,99720.56,0.00,Pago factura INV-00038,INV-00038,CC-100 Operaciones,Bruno Garcia 02 00001102
694,2026-05-19,2100,Cuentas por pagar,77902.12,0.00,Pago factura INV-00302,INV-00302,CC-100 Operaciones,Bruno Garcia 02 00001102
695,2026-03-23,2100,Cuentas por pagar,0.00,47764.16,Registro factura INV-00106,INV-00106,CC-100 Operaciones,Elena Mora 05 00001102
696,2026-04-10,5000,Gastos operativos,83240.00,0.00,Registro factura INV-00252,INV-00252,CC-100 Operaciones,Carla Soto 09 00001102
697,2026-03-16,5000,Gastos operativos,49625.00,0.00,Registro factura INV-00162,INV-00162,CC-100 Operaciones,Fabian Rios 06 00001102
698,2026-03-24,1020,Bancos,0.00,73020.84,Pago factura INV-00275,INV-00275,CC-100 Operaciones,Bruno Garcia 02 00001102
699,2026-05-26,2100,Cuentas por pagar,20736.16,0.00,Pago factura INV-00284,INV-00284,CC-100 Operaciones,Bruno Garcia 02 00001102
700,2026-03-31,2100,Cuentas por pagar,0.00,19319.80,Registro factura INV-00005,INV-00005,CC-100 Operaciones,Carla Soto 03 00001102
701,2026-05-23,2100,Cuentas por pagar,52092.12,0.00,Pago factura INV-00271,INV-00271,CC-100 Operaciones,Bruno Garcia 02 00001102
702,2026-03-26,5000,Gastos operativos,29945.00,0.00,Registro factura INV-00141,INV-00141,CC-100 Operaciones,Diego Luna 04 00001102
703,2026-03-14,2100,Cuentas por pagar,0.00,73020.84,Registro factura INV-00275,INV-00275,CC-100 Operaciones,Fabian Rios 06 00001102
704,2026-01-25,5000,Gastos operativos,45144.00,0.00,Registro factura INV-00055,INV-00055,CC-100 Operaciones,Fabian Rios 06 00001102
705,2026-02-25,2100,Cuentas por pagar,0.00,87256.36,Registro factura INV-00104,INV-00104,CC-100 Operaciones,Elena Mora 05 00001102
706,2026-02-19,5000,Gastos operativos,37614.00,0.00,Registro factura INV-00334,INV-00334,CC-100 Operaciones,Ana Ruiz 07 00001102
707,2026-01-21,1180,IVA acreditable,12224.80,0.00,Registro factura INV-00232,INV-00232,CC-100 Operaciones,Diego Luna 10 00001102
708,2026-03-06,2100,Cuentas por pagar,0.00,103169.24,Registro factura INV-00103,INV-00103,CC-100 Operaciones,Diego Luna 04 00001102
709,2026-04-08,5000,Gastos operativos,13688.00,0.00,Registro factura INV-00246,INV-00246,CC-100 Operaciones,Ana Ruiz 07 00001102
710,2026-03-01,1180,IVA acreditable,7817.60,0.00,Registro factura INV-00329,INV-00329,CC-100 Operaciones,Carla Soto 03 00001102
711,2026-06-29,2100,Cuentas por pagar,0.00,106424.20,Registro factura INV-00196,INV-00196,CC-100 Operaciones,Ana Ruiz 07 00001102
712,2026-06-14,2100,Cuentas por pagar,0.00,27490.84,Registro factura INV-00241,INV-00241,CC-100 Operaciones,Bruno Garcia 08 00001102
713,2026-04-25,5000,Gastos operativos,45607.00,0.00,Registro factura INV-00082,INV-00082,CC-100 Operaciones,Fabian Rios 06 00001102
714,2026-06-26,1020,Bancos,0.00,92007.72,Pago factura INV-00070,INV-00070,CC-100 Operaciones,Bruno Garcia 02 00001102
715,2026-01-09,2100,Cuentas por pagar,0.00,105468.36,Registro factura INV-00231,INV-00231,CC-100 Operaciones,Diego Luna 10 00001102
716,2026-01-29,1180,IVA acreditable,2665.76,0.00,Registro factura INV-00238,INV-00238,CC-100 Operaciones,Bruno Garcia 02 00001102
717,2026-01-22,5000,Gastos operativos,15216.00,0.00,Registro factura INV-00107,INV-00107,CC-100 Operaciones,Ana Ruiz 07 00001102
718,2026-03-18,2100,Cuentas por pagar,0.00,27440.96,Registro factura INV-00222,INV-00222,CC-100 Operaciones,Diego Luna 10 00001102
719,2026-03-30,1020,Bancos,0.00,92866.12,Pago factura INV-00235,INV-00235,CC-100 Operaciones,Bruno Garcia 02 00001102
720,2026-04-10,2100,Cuentas por pagar,0.00,80921.60,Registro factura INV-00333,INV-00333,CC-100 Operaciones,Ana Ruiz 01 00001102
721,2026-03-12,5000,Gastos operativos,94290.00,0.00,Registro factura INV-00054,INV-00054,CC-100 Operaciones,Bruno Garcia 02 00001102
722,2026-06-10,5000,Gastos operativos,23367.00,0.00,Registro factura INV-00024,INV-00024,CC-100 Operaciones,Diego Luna 04 00001102
723,2026-05-20,2100,Cuentas por pagar,83958.48,0.00,Pago factura INV-00071,INV-00071,CC-100 Operaciones,Bruno Garcia 02 00001102
724,2026-02-05,1020,Bancos,0.00,51710.48,Pago factura INV-00158,INV-00158,CC-100 Operaciones,Bruno Garcia 02 00001102
725,2026-01-23,5000,Gastos operativos,79193.00,0.00,Registro factura INV-00325,INV-00325,CC-100 Operaciones,Bruno Garcia 02 00001102
726,2026-03-19,2100,Cuentas por pagar,32058.92,0.00,Pago factura INV-00113,INV-00113,CC-100 Operaciones,Bruno Garcia 02 00001102
727,2026-03-18,5000,Gastos operativos,12340.00,0.00,Registro factura INV-00181,INV-00181,CC-100 Operaciones,Bruno Garcia 02 00001102
728,2026-04-15,2100,Cuentas por pagar,0.00,73150.76,Registro factura INV-00178,INV-00178,CC-100 Operaciones,Bruno Garcia 02 00001102
729,2026-03-12,2100,Cuentas por pagar,14870.04,0.00,Pago factura INV-00335,INV-00335,CC-100 Operaciones,Bruno Garcia 02 00001102
730,2026-03-01,2100,Cuentas por pagar,0.00,56677.60,Registro factura INV-00329,INV-00329,CC-100 Operaciones,Carla Soto 03 00001102
731,2026-01-05,2100,Cuentas por pagar,0.00,25892.36,Registro factura INV-00291,INV-00291,CC-100 Operaciones,Diego Luna 04 00001102
732,2026-02-15,2100,Cuentas por pagar,57003.56,0.00,Pago factura INV-00342,INV-00342,CC-100 Operaciones,Bruno Garcia 02 00001102
733,2026-03-22,1020,Bancos,0.00,91467.16,Pago factura INV-00229,INV-00229,CC-100 Operaciones,Bruno Garcia 02 00001102
734,2026-05-06,2100,Cuentas por pagar,41180.00,0.00,Pago factura INV-00248,INV-00248,CC-100 Operaciones,Bruno Garcia 02 00001102
735,2026-06-29,1180,IVA acreditable,11858.08,0.00,Registro factura INV-00172,INV-00172,CC-100 Operaciones,Elena Mora 05 00001102
736,2026-02-13,2100,Cuentas por pagar,0.00,76924.24,Registro factura INV-00044,INV-00044,CC-100 Operaciones,Carla Soto 09 00001102
737,2026-05-19,5000,Gastos operativos,67385.00,0.00,Registro factura INV-00332,INV-00332,CC-100 Operaciones,Diego Luna 10 00001102
738,2026-03-06,1020,Bancos,0.00,85619.60,Pago factura INV-00160,INV-00160,CC-100 Operaciones,Bruno Garcia 02 00001102
739,2026-03-22,1180,IVA acreditable,13886.24,0.00,Registro factura INV-00308,INV-00308,CC-100 Operaciones,Bruno Garcia 08 00001102
740,2026-06-23,5000,Gastos operativos,46117.00,0.00,Registro factura INV-00062,INV-00062,CC-100 Operaciones,Elena Mora 05 00001102
741,2026-02-25,2100,Cuentas por pagar,108651.40,0.00,Pago factura INV-00182,INV-00182,CC-100 Operaciones,Bruno Garcia 02 00001102
742,2026-01-29,2100,Cuentas por pagar,0.00,19326.76,Registro factura INV-00238,INV-00238,CC-100 Operaciones,Bruno Garcia 02 00001102
743,2026-02-12,1020,Bancos,0.00,21495.96,Pago factura INV-00093,INV-00093,CC-100 Operaciones,Bruno Garcia 02 00001102
744,2026-03-12,2100,Cuentas por pagar,0.00,109376.40,Registro factura INV-00054,INV-00054,CC-100 Operaciones,Bruno Garcia 02 00001102
745,2026-01-17,2100,Cuentas por pagar,0.00,103846.68,Registro factura INV-00133,INV-00133,CC-100 Operaciones,Diego Luna 04 00001102
746,2026-04-21,1020,Bancos,0.00,105138.92,Pago factura INV-00226,INV-00226,CC-100 Operaciones,Bruno Garcia 02 00001102
747,2026-04-15,1020,Bancos,0.00,25892.36,Pago factura INV-00245,INV-00245,CC-100 Operaciones,Bruno Garcia 02 00001102
748,2026-05-11,2100,Cuentas por pagar,37773.08,0.00,Pago factura INV-00296,INV-00296,CC-100 Operaciones,Bruno Garcia 02 00001102
749,2026-03-16,2100,Cuentas por pagar,0.00,72944.28,Registro factura INV-00161,INV-00161,CC-100 Operaciones,Bruno Garcia 08 00001102
750,2026-03-07,1180,IVA acreditable,4688.32,0.00,Registro factura INV-00058,INV-00058,CC-100 Operaciones,Ana Ruiz 01 00001102
751,2026-03-24,1020,Bancos,0.00,15824.72,Pago factura INV-00295,INV-00295,CC-100 Operaciones,Bruno Garcia 02 00001102
752,2026-03-06,5000,Gastos operativos,43727.00,0.00,Registro factura INV-00194,INV-00194,CC-100 Operaciones,Bruno Garcia 02 00001102
753,2026-04-04,1020,Bancos,0.00,85530.28,Pago factura INV-00035,INV-00035,CC-100 Operaciones,Bruno Garcia 02 00001102
754,2026-02-15,2100,Cuentas por pagar,0.00,44185.56,Registro factura INV-00146,INV-00146,CC-100 Operaciones,Carla Soto 09 00001102
755,2026-06-01,5000,Gastos operativos,61701.00,0.00,Registro factura INV-00267,INV-00267,CC-100 Operaciones,Elena Mora 05 00001102
756,2026-01-31,2100,Cuentas por pagar,0.00,76913.80,Registro factura INV-00046,INV-00046,CC-100 Operaciones,Bruno Garcia 02 00001102
757,2026-03-13,1020,Bancos,0.00,57576.60,Pago factura INV-00150,INV-00150,CC-100 Operaciones,Bruno Garcia 02 00001102
758,2026-03-13,1180,IVA acreditable,4841.44,0.00,Registro factura INV-00236,INV-00236,CC-100 Operaciones,Carla Soto 09 00001102
759,2026-01-28,2100,Cuentas por pagar,0.00,19457.84,Registro factura INV-00019,INV-00019,CC-100 Operaciones,Carla Soto 03 00001102
760,2026-02-28,2100,Cuentas por pagar,0.00,104545.00,Registro factura INV-00270,INV-00270,CC-100 Operaciones,Diego Luna 04 00001102
761,2026-05-16,1020,Bancos,0.00,88801.48,Pago factura INV-00201,INV-00201,CC-100 Operaciones,Bruno Garcia 02 00001102
762,2026-02-01,2100,Cuentas por pagar,17650.56,0.00,Pago factura INV-00107,INV-00107,CC-100 Operaciones,Bruno Garcia 02 00001102
763,2026-01-21,1180,IVA acreditable,4456.48,0.00,Registro factura INV-00288,INV-00288,CC-100 Operaciones,Bruno Garcia 08 00001102
764,2026-03-06,2100,Cuentas por pagar,85619.60,0.00,Pago factura INV-00160,INV-00160,CC-100 Operaciones,Bruno Garcia 02 00001102
765,2026-06-05,2100,Cuentas por pagar,0.00,25892.36,Registro factura INV-00127,INV-00127,CC-100 Operaciones,Carla Soto 09 00001102
766,2026-05-28,1020,Bancos,0.00,37601.40,Pago factura INV-00045,INV-00045,CC-100 Operaciones,Bruno Garcia 02 00001102
767,2026-03-22,2100,Cuentas por pagar,109376.40,0.00,Pago factura INV-00054,INV-00054,CC-100 Operaciones,Bruno Garcia 02 00001102
768,2026-03-10,1180,IVA acreditable,8886.24,0.00,Registro factura INV-00219,INV-00219,CC-100 Operaciones,Bruno Garcia 08 00001102
769,2026-06-15,2100,Cuentas por pagar,94914.68,0.00,Pago factura INV-00109,INV-00109,CC-100 Operaciones,Bruno Garcia 02 00001102
770,2026-02-01,5000,Gastos operativos,50521.00,0.00,Registro factura INV-00294,INV-00294,CC-100 Operaciones,Carla Soto 09 00001102
771,2026-06-04,2100,Cuentas por pagar,45184.32,0.00,Pago factura INV-00015,INV-00015,CC-100 Operaciones,Bruno Garcia 02 00001102
772,2026-04-10,1020,Bancos,0.00,50065.60,Pago factura INV-00043,INV-00043,CC-100 Operaciones,Bruno Garcia 02 00001102
773,2026-01-26,2100,Cuentas por pagar,0.00,83685.88,Registro factura INV-00056,INV-00056,CC-100 Operaciones,Ana Ruiz 01 00001102
774,2026-02-22,2100,Cuentas por pagar,0.00,38309.00,Registro factura INV-00030,INV-00030,CC-100 Operaciones,Diego Luna 04 00001102
775,2026-06-27,1180,IVA acreditable,10684.96,0.00,Registro factura INV-00357,INV-00357,CC-100 Operaciones,Ana Ruiz 01 00001102
776,2026-05-03,2100,Cuentas por pagar,0.00,45365.28,Registro factura INV-00116,INV-00116,CC-100 Operaciones,Bruno Garcia 08 00001102
777,2026-03-21,2100,Cuentas por pagar,63863.80,0.00,Pago factura INV-00351,INV-00351,CC-100 Operaciones,Bruno Garcia 02 00001102
778,2026-01-31,1020,Bancos,0.00,32309.48,Pago factura INV-00288,INV-00288,CC-100 Operaciones,Bruno Garcia 02 00001102
779,2026-03-26,1020,Bancos,0.00,57565.00,Pago factura INV-00162,INV-00162,CC-100 Operaciones,Bruno Garcia 02 00001102
780,2026-01-21,5000,Gastos operativos,0.00,22500.00,Reversion de factura cancelada INV-00176,INV-00176,CC-100 Operaciones,Bruno Garcia 02 00001102
781,2026-06-17,1180,IVA acreditable,9078.88,0.00,Registro factura INV-00300,INV-00300,CC-100 Operaciones,Ana Ruiz 07 00001102
782,2026-06-22,5000,Gastos operativos,86830.00,0.00,Registro factura INV-00311,INV-00311,CC-100 Operaciones,Diego Luna 10 00001102
783,2026-04-27,1180,IVA acreditable,11774.08,0.00,Registro factura INV-00034,INV-00034,CC-100 Operaciones,Diego Luna 10 00001102
784,2026-01-30,1020,Bancos,0.00,92746.64,Pago factura INV-00094,INV-00094,CC-100 Operaciones,Bruno Garcia 02 00001102
785,2026-05-31,5000,Gastos operativos,87471.00,0.00,Registro factura INV-00050,INV-00050,CC-100 Operaciones,Diego Luna 10 00001102
786,2026-04-22,5000,Gastos operativos,57093.00,0.00,Registro factura INV-00318,INV-00318,CC-100 Operaciones,Ana Ruiz 07 00001102
787,2026-05-23,5000,Gastos operativos,37212.00,0.00,Registro factura INV-00313,INV-00313,CC-100 Operaciones,Bruno Garcia 08 00001102
788,2026-03-04,1180,IVA acreditable,9105.92,0.00,Registro factura INV-00010,INV-00010,CC-100 Operaciones,Bruno Garcia 02 00001102
789,2026-01-22,2100,Cuentas por pagar,17782.80,0.00,Pago factura INV-00257,INV-00257,CC-100 Operaciones,Bruno Garcia 02 00001102
790,2026-05-21,2100,Cuentas por pagar,0.00,84588.36,Registro factura INV-00206,INV-00206,CC-100 Operaciones,Diego Luna 04 00001102
791,2026-06-10,2100,Cuentas por pagar,0.00,75359.40,Registro factura INV-00244,INV-00244,CC-100 Operaciones,Bruno Garcia 02 00001102
792,2026-03-16,2100,Cuentas por pagar,103169.24,0.00,Pago factura INV-00103,INV-00103,CC-100 Operaciones,Bruno Garcia 02 00001102
793,2026-02-12,2100,Cuentas por pagar,0.00,72249.44,Registro factura INV-00052,INV-00052,CC-100 Operaciones,Bruno Garcia 02 00001102
794,2026-04-05,5000,Gastos operativos,22321.00,0.00,Registro factura INV-00245,INV-00245,CC-100 Operaciones,Ana Ruiz 07 00001102
795,2026-04-25,2100,Cuentas por pagar,14874.68,0.00,Pago factura INV-00322,INV-00322,CC-100 Operaciones,Bruno Garcia 02 00001102
796,2026-03-07,5000,Gastos operativos,29302.00,0.00,Registro factura INV-00058,INV-00058,CC-100 Operaciones,Ana Ruiz 01 00001102
797,2026-03-06,2100,Cuentas por pagar,20093.52,0.00,Pago factura INV-00361,INV-00361,CC-100 Operaciones,Bruno Garcia 02 00001102
798,2026-03-11,2100,Cuentas por pagar,0.00,80111.92,Registro factura INV-00077,INV-00077,CC-100 Operaciones,Ana Ruiz 07 00001102
799,2026-02-06,1180,IVA acreditable,3130.72,0.00,Registro factura INV-00360,INV-00360,CC-100 Operaciones,Diego Luna 04 00001102
800,2026-01-30,2100,Cuentas por pagar,0.00,42572.00,Registro factura INV-00135,INV-00135,CC-100 Operaciones,Carla Soto 09 00001102
801,2026-06-07,1020,Bancos,0.00,47630.76,Pago factura INV-00253,INV-00253,CC-100 Operaciones,Bruno Garcia 02 00001102
802,2026-06-27,2100,Cuentas por pagar,65821.88,0.00,Pago factura INV-00300,INV-00300,CC-100 Operaciones,Bruno Garcia 02 00001102
803,2026-01-12,1020,Bancos,0.00,15535.41,Pago factura INV-00291,INV-00291,CC-100 Operaciones,Bruno Garcia 02 00001102
804,2026-03-09,1180,IVA acreditable,4421.92,0.00,Registro factura INV-00113,INV-00113,CC-100 Operaciones,Ana Ruiz 01 00001102
805,2026-05-29,5000,Gastos operativos,84193.00,0.00,Registro factura INV-00203,INV-00203,CC-100 Operaciones,Fabian Rios 06 00001102
806,2026-04-03,2100,Cuentas por pagar,109040.00,0.00,Pago factura INV-00264,INV-00264,CC-100 Operaciones,Bruno Garcia 02 00001102
807,2026-05-20,5000,Gastos operativos,85966.00,0.00,Registro factura INV-00038,INV-00038,CC-100 Operaciones,Ana Ruiz 07 00001102
808,2026-02-17,5000,Gastos operativos,21212.00,0.00,Registro factura INV-00261,INV-00261,CC-100 Operaciones,Elena Mora 05 00001102
809,2026-06-30,1020,Bancos,0.00,77465.96,Pago factura INV-00357,INV-00357,CC-100 Operaciones,Bruno Garcia 02 00001102
810,2026-05-05,2100,Cuentas por pagar,0.00,34834.80,Registro factura INV-00042,INV-00042,CC-100 Operaciones,Bruno Garcia 02 00001102
811,2026-04-08,1180,IVA acreditable,3192.48,0.00,Registro factura INV-00048,INV-00048,CC-100 Operaciones,Elena Mora 05 00001102
812,2026-05-23,2100,Cuentas por pagar,19458.31,0.00,Pago factura INV-00131,INV-00131,CC-100 Operaciones,Bruno Garcia 02 00001102
813,2026-06-11,2100,Cuentas por pagar,0.00,60100.76,Registro factura INV-00047,INV-00047,CC-100 Operaciones,Carla Soto 09 00001102
814,2026-04-09,2100,Cuentas por pagar,32985.76,0.00,Pago factura INV-00338,INV-00338,CC-100 Operaciones,Bruno Garcia 02 00001102
815,2026-03-02,2100,Cuentas por pagar,80899.56,0.00,Pago factura INV-00283,INV-00283,CC-100 Operaciones,Bruno Garcia 02 00001102
816,2026-02-04,5000,Gastos operativos,17137.00,0.00,Registro factura INV-00168,INV-00168,CC-100 Operaciones,Diego Luna 10 00001102
817,2026-02-06,2100,Cuentas por pagar,0.00,22697.72,Registro factura INV-00360,INV-00360,CC-100 Operaciones,Diego Luna 04 00001102
818,2026-03-29,2100,Cuentas por pagar,0.00,37284.72,Registro factura INV-00286,INV-00286,CC-100 Operaciones,Ana Ruiz 01 00001102
819,2026-05-19,1180,IVA acreditable,3035.68,0.00,Registro factura INV-00268,INV-00268,CC-100 Operaciones,Bruno Garcia 02 00001102
820,2026-04-15,2100,Cuentas por pagar,25892.36,0.00,Pago factura INV-00245,INV-00245,CC-100 Operaciones,Bruno Garcia 02 00001102
821,2026-04-11,5000,Gastos operativos,90637.00,0.00,Registro factura INV-00226,INV-00226,CC-100 Operaciones,Fabian Rios 06 00001102
822,2026-03-25,1180,IVA acreditable,11797.28,0.00,Registro factura INV-00035,INV-00035,CC-100 Operaciones,Elena Mora 05 00001102
823,2026-02-26,2100,Cuentas por pagar,0.00,30041.68,Registro factura INV-00254,INV-00254,CC-100 Operaciones,Diego Luna 10 00001102
824,2026-05-19,1180,IVA acreditable,10781.60,0.00,Registro factura INV-00332,INV-00332,CC-100 Operaciones,Diego Luna 10 00001102
825,2026-01-20,2100,Cuentas por pagar,0.00,92746.64,Registro factura INV-00094,INV-00094,CC-100 Operaciones,Ana Ruiz 01 00001102
826,2026-02-21,1020,Bancos,0.00,77957.80,Pago factura INV-00279,INV-00279,CC-100 Operaciones,Bruno Garcia 02 00001102
827,2026-05-17,1020,Bancos,0.00,95012.12,Pago factura INV-00265,INV-00265,CC-100 Operaciones,Bruno Garcia 02 00001102
828,2026-02-15,2100,Cuentas por pagar,92672.40,0.00,Pago factura INV-00065,INV-00065,CC-100 Operaciones,Bruno Garcia 02 00001102
829,2026-06-05,2100,Cuentas por pagar,29164.72,0.00,Pago factura INV-00022,INV-00022,CC-100 Operaciones,Bruno Garcia 02 00001102
830,2026-05-20,1180,IVA acreditable,8350.56,0.00,Registro factura INV-00290,INV-00290,CC-100 Operaciones,Carla Soto 09 00001102
831,2026-06-25,2100,Cuentas por pagar,55929.40,0.00,Pago factura INV-00263,INV-00263,CC-100 Operaciones,Bruno Garcia 02 00001102
832,2026-01-13,5000,Gastos operativos,12021.00,0.00,Registro factura INV-00211,INV-00211,CC-100 Operaciones,Bruno Garcia 08 00001102
833,2026-01-21,1020,Bancos,0.00,74678.48,Pago factura INV-00012,INV-00012,CC-100 Operaciones,Bruno Garcia 02 00001102
834,2026-06-27,2100,Cuentas por pagar,0.00,16291.04,Registro factura INV-00063,INV-00063,CC-100 Operaciones,Carla Soto 03 00001102
835,2026-02-20,2100,Cuentas por pagar,141798.40,0.00,Pago factura INV-00031,INV-00031,CC-100 Operaciones,Bruno Garcia 02 00001102
836,2026-03-23,1020,Bancos,0.00,13933.92,Pago factura INV-00148,INV-00148,CC-100 Operaciones,Bruno Garcia 02 00001102
837,2026-03-03,2100,Cuentas por pagar,0.00,29932.64,Registro factura INV-00171,INV-00171,CC-100 Operaciones,Elena Mora 05 00001102
838,2026-03-21,2100,Cuentas por pagar,0.00,106796.56,Registro factura INV-00067,INV-00067,CC-100 Operaciones,Ana Ruiz 01 00001102
839,2026-04-15,2100,Cuentas por pagar,48645.76,0.00,Pago factura INV-00164,INV-00164,CC-100 Operaciones,Bruno Garcia 02 00001102
840,2026-04-05,1020,Bancos,0.00,34736.20,Pago factura INV-00141,INV-00141,CC-100 Operaciones,Bruno Garcia 02 00001102
841,2026-03-30,2100,Cuentas por pagar,92866.12,0.00,Pago factura INV-00235,INV-00235,CC-100 Operaciones,Bruno Garcia 02 00001102
842,2026-04-23,2100,Cuentas por pagar,0.00,57381.72,Registro factura INV-00017,INV-00017,CC-100 Operaciones,Bruno Garcia 02 00001102
843,2026-04-18,5000,Gastos operativos,21018.00,0.00,Registro factura INV-00306,INV-00306,CC-100 Operaciones,Ana Ruiz 01 00001102
844,2026-05-14,1020,Bancos,0.00,69639.44,Pago factura INV-00110,INV-00110,CC-100 Operaciones,Bruno Garcia 02 00001102
845,2026-02-05,1180,IVA acreditable,3571.36,0.00,Registro factura INV-00066,INV-00066,CC-100 Operaciones,Elena Mora 05 00001102
846,2026-04-24,2100,Cuentas por pagar,0.00,79747.68,Registro factura INV-00353,INV-00353,CC-100 Operaciones,Ana Ruiz 01 00001102
847,2026-06-30,1020,Bancos,0.00,38515.48,Pago factura INV-00344,INV-00344,CC-100 Operaciones,Bruno Garcia 02 00001102
848,2026-02-05,1180,IVA acreditable,12782.40,0.00,Registro factura INV-00065,INV-00065,CC-100 Operaciones,Ana Ruiz 07 00001102
849,2026-03-12,2100,Cuentas por pagar,29187.45,0.00,Pago factura INV-00343,INV-00343,CC-100 Operaciones,Bruno Garcia 02 00001102
850,2026-03-25,5000,Gastos operativos,34781.00,0.00,Registro factura INV-00166,INV-00166,CC-100 Operaciones,Ana Ruiz 07 00001102
851,2026-04-08,1180,IVA acreditable,2190.08,0.00,Registro factura INV-00246,INV-00246,CC-100 Operaciones,Ana Ruiz 07 00001102
852,2026-05-04,5000,Gastos operativos,60034.00,0.00,Registro factura INV-00110,INV-00110,CC-100 Operaciones,Carla Soto 03 00001102
853,2026-03-31,1020,Bancos,0.00,106796.56,Pago factura INV-00067,INV-00067,CC-100 Operaciones,Bruno Garcia 02 00001102
854,2026-05-01,2100,Cuentas por pagar,90380.24,0.00,Pago factura INV-00277,INV-00277,CC-100 Operaciones,Bruno Garcia 02 00001102
855,2026-04-11,2100,Cuentas por pagar,52705.76,0.00,Pago factura INV-00319,INV-00319,CC-100 Operaciones,Bruno Garcia 02 00001102
856,2026-06-28,5000,Gastos operativos,48595.00,0.00,Registro factura INV-00337,INV-00337,CC-100 Operaciones,Bruno Garcia 08 00001102
857,2026-04-17,5000,Gastos operativos,42263.00,0.00,Registro factura INV-00228,INV-00228,CC-100 Operaciones,Diego Luna 04 00001102
858,2026-04-27,2100,Cuentas por pagar,38918.00,0.00,Pago factura INV-00132,INV-00132,CC-100 Operaciones,Bruno Garcia 02 00001102
859,2026-01-25,1180,IVA acreditable,7223.04,0.00,Registro factura INV-00055,INV-00055,CC-100 Operaciones,Fabian Rios 06 00001102
860,2026-03-26,5000,Gastos operativos,85590.00,0.00,Registro factura INV-00214,INV-00214,CC-100 Operaciones,Bruno Garcia 02 00001102
861,2026-03-10,2100,Cuentas por pagar,0.00,52537.56,Registro factura INV-00262,INV-00262,CC-100 Operaciones,Diego Luna 10 00001102
862,2026-04-25,2100,Cuentas por pagar,0.00,52904.12,Registro factura INV-00082,INV-00082,CC-100 Operaciones,Fabian Rios 06 00001102
863,2026-03-23,2100,Cuentas por pagar,41026.88,0.00,Pago factura INV-00356,INV-00356,CC-100 Operaciones,Bruno Garcia 02 00001102
864,2026-02-06,1180,IVA acreditable,5579.20,0.00,Registro factura INV-00125,INV-00125,CC-100 Operaciones,Bruno Garcia 02 00001102
865,2026-06-24,2100,Cuentas por pagar,25018.88,0.00,Pago factura INV-00276,INV-00276,CC-100 Operaciones,Bruno Garcia 02 00001102
866,2026-01-29,2100,Cuentas por pagar,39633.72,0.00,Pago factura INV-00317,INV-00317,CC-100 Operaciones,Bruno Garcia 02 00001102
867,2026-03-10,5000,Gastos operativos,55539.00,0.00,Registro factura INV-00219,INV-00219,CC-100 Operaciones,Bruno Garcia 08 00001102
868,2026-06-02,2100,Cuentas por pagar,45896.56,0.00,Pago factura INV-00285,INV-00285,CC-100 Operaciones,Bruno Garcia 02 00001102
869,2026-01-31,5000,Gastos operativos,65956.00,0.00,Registro factura INV-00130,INV-00130,CC-100 Operaciones,Diego Luna 04 00001102
870,2026-01-16,1180,IVA acreditable,6504.32,0.00,Registro factura INV-00095,INV-00095,CC-100 Operaciones,Carla Soto 09 00001102
871,2026-02-25,1020,Bancos,71340.00,0.00,Cobro factura INV-00087,INV-00087,CC-100 Operaciones,Bruno Garcia 02 00001102
872,2026-06-18,5000,Gastos operativos,54937.00,0.00,Registro factura INV-00278,INV-00278,CC-100 Operaciones,Fabian Rios 06 00001102
873,2026-02-01,1180,IVA acreditable,8083.36,0.00,Registro factura INV-00294,INV-00294,CC-100 Operaciones,Carla Soto 09 00001102
874,2026-02-18,1180,IVA acreditable,4307.52,0.00,Registro factura INV-00057,INV-00057,CC-100 Operaciones,Bruno Garcia 02 00001102
875,2026-05-30,1180,IVA acreditable,6770.72,0.00,Registro factura INV-00139,INV-00139,CC-100 Operaciones,Carla Soto 03 00001102
876,2026-02-18,1020,Bancos,0.00,80789.36,Pago factura INV-00280,INV-00280,CC-100 Operaciones,Bruno Garcia 02 00001102
877,2026-06-18,2100,Cuentas por pagar,0.00,63726.92,Registro factura INV-00278,INV-00278,CC-100 Operaciones,Fabian Rios 06 00001102
878,2026-06-25,2100,Cuentas por pagar,0.00,66729.00,Registro factura INV-00105,INV-00105,CC-100 Operaciones,Ana Ruiz 01 00001102
879,2026-05-05,5000,Gastos operativos,22321.00,0.00,Registro factura INV-00208,INV-00208,CC-100 Operaciones,Bruno Garcia 08 00001102
880,2026-03-28,5000,Gastos operativos,55466.00,0.00,Registro factura INV-00081,INV-00081,CC-100 Operaciones,Fabian Rios 06 00001102
881,2026-03-18,1180,IVA acreditable,3784.96,0.00,Registro factura INV-00222,INV-00222,CC-100 Operaciones,Diego Luna 10 00001102
882,2026-06-04,2100,Cuentas por pagar,108738.40,0.00,Pago factura INV-00191,INV-00191,CC-100 Operaciones,Bruno Garcia 02 00001102
883,2026-03-07,2100,Cuentas por pagar,62111.04,0.00,Pago factura INV-00216,INV-00216,CC-100 Operaciones,Bruno Garcia 02 00001102
884,2026-02-22,5000,Gastos operativos,33025.00,0.00,Registro factura INV-00030,INV-00030,CC-100 Operaciones,Diego Luna 04 00001102
885,2026-04-01,1020,Bancos,0.00,39083.88,Pago factura INV-00282,INV-00282,CC-100 Operaciones,Bruno Garcia 02 00001102
886,2026-04-07,1020,Bancos,0.00,61794.36,Pago factura INV-00309,INV-00309,CC-100 Operaciones,Bruno Garcia 02 00001102
887,2026-06-03,2100,Cuentas por pagar,70276.28,0.00,Pago factura INV-00180,INV-00180,CC-100 Operaciones,Bruno Garcia 02 00001102
888,2026-06-05,5000,Gastos operativos,22321.00,0.00,Registro factura INV-00127,INV-00127,CC-100 Operaciones,Carla Soto 09 00001102
889,2026-02-02,5000,Gastos operativos,42002.00,0.00,Registro factura INV-00001,INV-00001,CC-100 Operaciones,Bruno Garcia 08 00001102
890,2026-04-06,1020,Bancos,0.00,39564.12,Pago factura INV-00100,INV-00100,CC-100 Operaciones,Bruno Garcia 02 00001102
891,2026-03-05,2100,Cuentas por pagar,0.00,48645.76,Registro factura INV-00343,INV-00343,CC-100 Operaciones,Diego Luna 04 00001102
892,2026-06-05,5000,Gastos operativos,81823.00,0.00,Registro factura INV-00109,INV-00109,CC-100 Operaciones,Ana Ruiz 01 00001102
893,2026-06-30,2100,Cuentas por pagar,23258.00,0.00,Pago factura INV-00207,INV-00207,CC-100 Operaciones,Bruno Garcia 02 00001102
894,2026-04-28,1020,Bancos,0.00,108614.28,Pago factura INV-00240,INV-00240,CC-100 Operaciones,Bruno Garcia 02 00001102
895,2026-02-23,2100,Cuentas por pagar,89717.88,0.00,Pago factura INV-00273,INV-00273,CC-100 Operaciones,Bruno Garcia 02 00001102
896,2026-02-16,2100,Cuentas por pagar,22697.72,0.00,Pago factura INV-00360,INV-00360,CC-100 Operaciones,Bruno Garcia 02 00001102
897,2026-04-05,1020,Bancos,0.00,99284.40,Pago factura INV-00214,INV-00214,CC-100 Operaciones,Bruno Garcia 02 00001102
898,2026-03-29,5000,Gastos operativos,32142.00,0.00,Registro factura INV-00286,INV-00286,CC-100 Operaciones,Ana Ruiz 01 00001102
899,2026-06-02,1180,IVA acreditable,10451.20,0.00,Registro factura INV-00152,INV-00152,CC-100 Operaciones,Bruno Garcia 02 00001102
900,2026-03-09,1180,IVA acreditable,8539.84,0.00,Registro factura INV-00255,INV-00255,CC-100 Operaciones,Carla Soto 03 00001102
901,2026-05-05,2100,Cuentas por pagar,0.00,48645.76,Registro factura INV-00131,INV-00131,CC-100 Operaciones,Fabian Rios 06 00001102
902,2026-06-16,1180,IVA acreditable,12690.72,0.00,Registro factura INV-00070,INV-00070,CC-100 Operaciones,Diego Luna 10 00001102
903,2026-06-30,1020,Bancos,0.00,105369.76,Pago factura INV-00204,INV-00204,CC-100 Operaciones,Bruno Garcia 02 00001102
904,2026-03-23,1020,Bancos,0.00,10356.95,Pago factura INV-00258,INV-00258,CC-100 Operaciones,Bruno Garcia 02 00001102
905,2026-03-05,1020,Bancos,0.00,67637.28,Pago factura INV-00239,INV-00239,CC-100 Operaciones,Bruno Garcia 02 00001102
906,2026-04-03,1020,Bancos,0.00,109040.00,Pago factura INV-00264,INV-00264,CC-100 Operaciones,Bruno Garcia 02 00001102
907,2026-02-18,5000,Gastos operativos,16666.00,0.00,Registro factura INV-00025,INV-00025,CC-100 Operaciones,Diego Luna 10 00001102
908,2026-03-23,2100,Cuentas por pagar,19458.31,0.00,Pago factura INV-00343,INV-00343,CC-100 Operaciones,Bruno Garcia 02 00001102
909,2026-04-02,5000,Gastos operativos,90761.00,0.00,Registro factura INV-00120,INV-00120,CC-100 Operaciones,Carla Soto 09 00001102
910,2026-01-28,2100,Cuentas por pagar,67442.40,0.00,Pago factura INV-00260,INV-00260,CC-100 Operaciones,Bruno Garcia 02 00001102
911,2026-04-01,2100,Cuentas por pagar,39083.88,0.00,Pago factura INV-00282,INV-00282,CC-100 Operaciones,Bruno Garcia 02 00001102
912,2026-04-07,2100,Cuentas por pagar,0.00,23580.48,Registro factura INV-00117,INV-00117,CC-100 Operaciones,Diego Luna 10 00001102
913,2026-02-28,5000,Gastos operativos,90125.00,0.00,Registro factura INV-00270,INV-00270,CC-100 Operaciones,Diego Luna 04 00001102
914,2026-04-27,1020,Bancos,0.00,49025.08,Pago factura INV-00228,INV-00228,CC-100 Operaciones,Bruno Garcia 02 00001102
915,2026-02-20,2100,Cuentas por pagar,0.00,25883.08,Registro factura INV-00316,INV-00316,CC-100 Operaciones,Bruno Garcia 02 00001102
916,2026-06-25,5000,Gastos operativos,57525.00,0.00,Registro factura INV-00105,INV-00105,CC-100 Operaciones,Ana Ruiz 01 00001102
917,2026-04-07,1180,IVA acreditable,7196.96,0.00,Registro factura INV-00023,INV-00023,CC-100 Operaciones,Bruno Garcia 08 00001102
918,2026-01-18,5000,Gastos operativos,72933.00,0.00,Registro factura INV-00074,INV-00074,CC-100 Operaciones,Carla Soto 09 00001102
919,2026-01-28,1180,IVA acreditable,2683.84,0.00,Registro factura INV-00019,INV-00019,CC-100 Operaciones,Carla Soto 03 00001102
920,2026-02-20,5000,Gastos operativos,69741.00,0.00,Registro factura INV-00283,INV-00283,CC-100 Operaciones,Diego Luna 04 00001102
921,2026-03-23,1020,Bancos,0.00,41026.88,Pago factura INV-00356,INV-00356,CC-100 Operaciones,Bruno Garcia 02 00001102
922,2026-01-05,5000,Gastos operativos,30030.00,0.00,Registro factura INV-00088,INV-00088,CC-100 Operaciones,Bruno Garcia 08 00001102
923,2026-05-05,1180,IVA acreditable,6709.76,0.00,Registro factura INV-00131,INV-00131,CC-100 Operaciones,Fabian Rios 06 00001102
924,2026-04-17,1020,Bancos,0.00,52177.96,Pago factura INV-00023,INV-00023,CC-100 Operaciones,Bruno Garcia 02 00001102
925,2026-03-15,2100,Cuentas por pagar,0.00,66695.36,Registro factura INV-00129,INV-00129,CC-100 Operaciones,Ana Ruiz 01 00001102
926,2026-02-19,2100,Cuentas por pagar,57090.56,0.00,Pago factura INV-00076,INV-00076,CC-100 Operaciones,Bruno Garcia 02 00001102
927,2026-01-25,2100,Cuentas por pagar,64239.64,0.00,Pago factura INV-00349,INV-00349,CC-100 Operaciones,Bruno Garcia 02 00001102
928,2026-06-30,2100,Cuentas por pagar,105369.76,0.00,Pago factura INV-00204,INV-00204,CC-100 Operaciones,Bruno Garcia 02 00001102
929,2026-01-19,2100,Cuentas por pagar,0.00,61671.40,Registro factura INV-00122,INV-00122,CC-100 Operaciones,Fabian Rios 06 00001102
930,2026-01-26,1020,Bancos,0.00,47156.32,Pago factura INV-00095,INV-00095,CC-100 Operaciones,Bruno Garcia 02 00001102
931,2026-01-21,2100,Cuentas por pagar,0.00,88629.80,Registro factura INV-00232,INV-00232,CC-100 Operaciones,Diego Luna 10 00001102
932,2026-04-01,2100,Cuentas por pagar,0.00,96063.08,Registro factura INV-00331,INV-00331,CC-100 Operaciones,Bruno Garcia 02 00001102
933,2026-05-07,1180,IVA acreditable,13105.12,0.00,Registro factura INV-00265,INV-00265,CC-100 Operaciones,Bruno Garcia 02 00001102
934,2026-04-19,2100,Cuentas por pagar,0.00,36437.92,Registro factura INV-00347,INV-00347,CC-100 Operaciones,Bruno Garcia 08 00001102
935,2026-04-29,2100,Cuentas por pagar,0.00,95428.56,Registro factura INV-00193,INV-00193,CC-100 Operaciones,Diego Luna 10 00001102
936,2026-04-13,2100,Cuentas por pagar,0.00,89447.60,Registro factura INV-00243,INV-00243,CC-100 Operaciones,Diego Luna 10 00001102
937,2026-04-25,2100,Cuentas por pagar,73150.76,0.00,Pago factura INV-00178,INV-00178,CC-100 Operaciones,Bruno Garcia 02 00001102
938,2026-06-30,2100,Cuentas por pagar,22127.00,0.00,Pago factura INV-00195,INV-00195,CC-100 Operaciones,Bruno Garcia 02 00001102
939,2026-03-24,2100,Cuentas por pagar,15824.72,0.00,Pago factura INV-00295,INV-00295,CC-100 Operaciones,Bruno Garcia 02 00001102
940,2026-06-03,1180,IVA acreditable,14490.72,0.00,Registro factura INV-00002,INV-00002,CC-100 Operaciones,Ana Ruiz 07 00001102
941,2026-03-09,1020,Bancos,0.00,34332.52,Pago factura INV-00218,INV-00218,CC-100 Operaciones,Bruno Garcia 02 00001102
942,2026-06-26,5000,Gastos operativos,40750.00,0.00,Registro factura INV-00192,INV-00192,CC-100 Operaciones,Fabian Rios 06 00001102
943,2026-01-26,2100,Cuentas por pagar,42910.72,0.00,Pago factura INV-00221,INV-00221,CC-100 Operaciones,Bruno Garcia 02 00001102
944,2026-01-16,2100,Cuentas por pagar,0.00,47156.32,Registro factura INV-00095,INV-00095,CC-100 Operaciones,Carla Soto 09 00001102
945,2026-01-20,2100,Cuentas por pagar,37403.04,0.00,Pago factura INV-00137,INV-00137,CC-100 Operaciones,Bruno Garcia 02 00001102
946,2026-04-30,2100,Cuentas por pagar,0.00,57571.96,Registro factura INV-00007,INV-00007,CC-100 Operaciones,Ana Ruiz 07 00001102
947,2026-05-04,2100,Cuentas por pagar,0.00,50708.24,Registro factura INV-00259,INV-00259,CC-100 Operaciones,Elena Mora 05 00001102
948,2026-02-14,1180,IVA acreditable,7454.72,0.00,Registro factura INV-00151,INV-00151,CC-100 Operaciones,Diego Luna 04 00001102
949,2026-06-07,5000,Gastos operativos,22147.00,0.00,Registro factura INV-00225,INV-00225,CC-100 Operaciones,Elena Mora 05 00001102
950,2026-02-24,5000,Gastos operativos,73810.00,0.00,Registro factura INV-00160,INV-00160,CC-100 Operaciones,Bruno Garcia 08 00001102
951,2026-02-28,1020,Bancos,0.00,31229.52,Pago factura INV-00057,INV-00057,CC-100 Operaciones,Bruno Garcia 02 00001102
952,2026-02-23,1020,Bancos,0.00,89717.88,Pago factura INV-00273,INV-00273,CC-100 Operaciones,Bruno Garcia 02 00001102
953,2026-01-10,2100,Cuentas por pagar,0.00,37403.04,Registro factura INV-00137,INV-00137,CC-100 Operaciones,Carla Soto 09 00001102
954,2026-06-17,5000,Gastos operativos,56743.00,0.00,Registro factura INV-00300,INV-00300,CC-100 Operaciones,Ana Ruiz 07 00001102
955,2026-04-13,1020,Bancos,0.00,56904.96,Pago factura INV-00118,INV-00118,CC-100 Operaciones,Bruno Garcia 02 00001102
956,2026-05-19,1020,Bancos,0.00,77902.12,Pago factura INV-00302,INV-00302,CC-100 Operaciones,Bruno Garcia 02 00001102
957,2026-05-11,1180,IVA acreditable,2495.68,0.00,Registro factura INV-00068,INV-00068,CC-100 Operaciones,Diego Luna 10 00001102
958,2026-06-28,1020,Bancos,0.00,52117.64,Pago factura INV-00303,INV-00303,CC-100 Operaciones,Bruno Garcia 02 00001102
959,2026-06-30,1020,Bancos,0.00,47270.00,Pago factura INV-00192,INV-00192,CC-100 Operaciones,Bruno Garcia 02 00001102
960,2026-01-27,1180,IVA acreditable,9706.08,0.00,Registro factura INV-00350,INV-00350,CC-100 Operaciones,Diego Luna 10 00001102
961,2026-01-12,1180,IVA acreditable,9245.44,0.00,Registro factura INV-00003,INV-00003,CC-100 Operaciones,Ana Ruiz 01 00001102
962,2026-02-07,2100,Cuentas por pagar,0.00,49643.36,Registro factura INV-00230,INV-00230,CC-100 Operaciones,Carla Soto 09 00001102
963,2026-02-01,2100,Cuentas por pagar,90341.96,0.00,Pago factura INV-00323,INV-00323,CC-100 Operaciones,Bruno Garcia 02 00001102
964,2026-06-12,2100,Cuentas por pagar,0.00,20612.04,Registro factura INV-00033,INV-00033,CC-100 Operaciones,Fabian Rios 06 00001102
965,2026-06-30,1020,Bancos,0.00,101831.76,Pago factura INV-00326,INV-00326,CC-100 Operaciones,Bruno Garcia 02 00001102
966,2026-04-20,5000,Gastos operativos,15333.00,0.00,Registro factura INV-00215,INV-00215,CC-100 Operaciones,Elena Mora 05 00001102
967,2026-03-20,2100,Cuentas por pagar,0.00,23171.00,Registro factura INV-00136,INV-00136,CC-100 Operaciones,Bruno Garcia 02 00001102
968,2026-02-25,1050,Cuentas por cobrar,0.00,71340.00,Cobro factura INV-00087,INV-00087,CC-100 Operaciones,Bruno Garcia 02 00001102
969,2026-04-23,5000,Gastos operativos,49467.00,0.00,Registro factura INV-00017,INV-00017,CC-100 Operaciones,Bruno Garcia 02 00001102
970,2026-05-25,1020,Bancos,0.00,41311.08,Pago factura INV-00069,INV-00069,CC-100 Operaciones,Bruno Garcia 02 00001102
971,2026-04-24,5000,Gastos operativos,68748.00,0.00,Registro factura INV-00353,INV-00353,CC-100 Operaciones,Ana Ruiz 01 00001102
972,2026-01-23,2100,Cuentas por pagar,19458.31,0.00,Pago factura INV-00029,INV-00029,CC-100 Operaciones,Bruno Garcia 02 00001102
973,2026-02-13,1020,Bancos,0.00,102048.68,Pago factura INV-00355,INV-00355,CC-100 Operaciones,Bruno Garcia 02 00001102
974,2026-03-28,1180,IVA acreditable,8874.56,0.00,Registro factura INV-00081,INV-00081,CC-100 Operaciones,Fabian Rios 06 00001102
975,2026-02-14,1180,IVA acreditable,3026.40,0.00,Registro factura INV-00064,INV-00064,CC-100 Operaciones,Fabian Rios 06 00001102
976,2026-05-30,1020,Bancos,0.00,99720.56,Pago factura INV-00038,INV-00038,CC-100 Operaciones,Bruno Garcia 02 00001102
977,2026-06-05,1020,Bancos,0.00,29164.72,Pago factura INV-00022,INV-00022,CC-100 Operaciones,Bruno Garcia 02 00001102
978,2026-04-07,2100,Cuentas por pagar,64340.56,0.00,Pago factura INV-00081,INV-00081,CC-100 Operaciones,Bruno Garcia 02 00001102
979,2026-02-23,1020,Bancos,0.00,76924.24,Pago factura INV-00044,INV-00044,CC-100 Operaciones,Bruno Garcia 02 00001102
980,2026-05-11,1180,IVA acreditable,13223.52,0.00,Registro factura INV-00297,INV-00297,CC-100 Operaciones,Bruno Garcia 08 00001102
981,2026-06-10,1180,IVA acreditable,10394.40,0.00,Registro factura INV-00244,INV-00244,CC-100 Operaciones,Bruno Garcia 02 00001102
982,2026-03-27,5000,Gastos operativos,34107.00,0.00,Registro factura INV-00100,INV-00100,CC-100 Operaciones,Ana Ruiz 07 00001102
983,2026-02-24,2100,Cuentas por pagar,0.00,85619.60,Registro factura INV-00160,INV-00160,CC-100 Operaciones,Bruno Garcia 08 00001102
984,2026-05-06,1020,Bancos,0.00,28523.24,Pago factura INV-00157,INV-00157,CC-100 Operaciones,Bruno Garcia 02 00001102
985,2026-06-27,5000,Gastos operativos,66781.00,0.00,Registro factura INV-00357,INV-00357,CC-100 Operaciones,Ana Ruiz 01 00001102
986,2026-05-26,1180,IVA acreditable,7453.60,0.00,Registro factura INV-00092,INV-00092,CC-100 Operaciones,Ana Ruiz 07 00001102
987,2026-01-16,1180,IVA acreditable,5918.72,0.00,Registro factura INV-00221,INV-00221,CC-100 Operaciones,Ana Ruiz 07 00001102
988,2026-04-28,1180,IVA acreditable,15139.84,0.00,Registro factura INV-00251,INV-00251,CC-100 Operaciones,Ana Ruiz 07 00001102
989,2026-05-18,5000,Gastos operativos,32415.00,0.00,Registro factura INV-00045,INV-00045,CC-100 Operaciones,Carla Soto 03 00001102
990,2026-06-08,2100,Cuentas por pagar,31607.68,0.00,Pago factura INV-00083,INV-00083,CC-100 Operaciones,Bruno Garcia 02 00001102
991,2026-06-23,2100,Cuentas por pagar,24102.48,0.00,Pago factura INV-00134,INV-00134,CC-100 Operaciones,Bruno Garcia 02 00001102
992,2026-06-30,1020,Bancos,0.00,103925.56,Pago factura INV-00090,INV-00090,CC-100 Operaciones,Bruno Garcia 02 00001102
993,2026-04-18,1020,Bancos,0.00,23145.48,Pago factura INV-00048,INV-00048,CC-100 Operaciones,Bruno Garcia 02 00001102
994,2026-01-14,2100,Cuentas por pagar,0.00,91571.56,Registro factura INV-00170,INV-00170,CC-100 Operaciones,Carla Soto 03 00001102
995,2026-03-28,2100,Cuentas por pagar,0.00,64340.56,Registro factura INV-00081,INV-00081,CC-100 Operaciones,Fabian Rios 06 00001102
996,2026-05-20,1020,Bancos,0.00,83958.48,Pago factura INV-00071,INV-00071,CC-100 Operaciones,Bruno Garcia 02 00001102
997,2026-03-23,2100,Cuentas por pagar,0.00,59875.72,Registro factura INV-00227,INV-00227,CC-100 Operaciones,Carla Soto 03 00001102
998,2026-05-03,2100,Cuentas por pagar,57381.72,0.00,Pago factura INV-00017,INV-00017,CC-100 Operaciones,Bruno Garcia 02 00001102
999,2026-01-20,2100,Cuentas por pagar,0.00,93037.80,Registro factura INV-00145,INV-00145,CC-100 Operaciones,Carla Soto 03 00001102
1000,2026-05-07,2100,Cuentas por pagar,0.00,95012.12,Registro factura INV-00265,INV-00265,CC-100 Operaciones,Bruno Garcia 02 00001102
1001,2026-04-26,2100,Cuentas por pagar,34261.76,0.00,Pago factura INV-00079,INV-00079,CC-100 Operaciones,Bruno Garcia 02 00001102
1002,2026-01-26,1180,IVA acreditable,7132.48,0.00,Registro factura INV-00158,INV-00158,CC-100 Operaciones,Carla Soto 03 00001102
1003,2026-02-27,2100,Cuentas por pagar,19109.84,0.00,Pago factura INV-00281,INV-00281,CC-100 Operaciones,Bruno Garcia 02 00001102
1004,2026-03-29,2100,Cuentas por pagar,78878.84,0.00,Pago factura INV-00188,INV-00188,CC-100 Operaciones,Bruno Garcia 02 00001102
1005,2026-03-10,1180,IVA acreditable,7246.56,0.00,Registro factura INV-00262,INV-00262,CC-100 Operaciones,Diego Luna 10 00001102
1006,2026-02-02,1180,IVA acreditable,2964.96,0.00,Registro factura INV-00093,INV-00093,CC-100 Operaciones,Fabian Rios 06 00001102
1007,2026-04-01,1180,IVA acreditable,13250.08,0.00,Registro factura INV-00331,INV-00331,CC-100 Operaciones,Bruno Garcia 02 00001102
1008,2026-01-21,5000,Gastos operativos,76405.00,0.00,Registro factura INV-00232,INV-00232,CC-100 Operaciones,Diego Luna 10 00001102
1009,2026-06-30,1020,Bancos,0.00,56370.20,Pago factura INV-00337,INV-00337,CC-100 Operaciones,Bruno Garcia 02 00001102
1010,2026-04-10,1180,IVA acreditable,13318.40,0.00,Registro factura INV-00252,INV-00252,CC-100 Operaciones,Carla Soto 09 00001102
1011,2026-04-13,2100,Cuentas por pagar,78301.16,0.00,Pago factura INV-00153,INV-00153,CC-100 Operaciones,Bruno Garcia 02 00001102
1012,2026-06-05,2100,Cuentas por pagar,0.00,34834.80,Registro factura INV-00202,INV-00202,CC-100 Operaciones,Carla Soto 03 00001102
1013,2026-01-31,1020,Bancos,0.00,88629.80,Pago factura INV-00232,INV-00232,CC-100 Operaciones,Bruno Garcia 02 00001102
1014,2026-05-12,2100,Cuentas por pagar,57793.52,0.00,Pago factura INV-00037,INV-00037,CC-100 Operaciones,Bruno Garcia 02 00001102
1015,2026-06-05,5000,Gastos operativos,30030.00,0.00,Registro factura INV-00202,INV-00202,CC-100 Operaciones,Carla Soto 03 00001102
1016,2026-05-15,1020,Bancos,0.00,109736.00,Pago factura INV-00011,INV-00011,CC-100 Operaciones,Bruno Garcia 02 00001102
1017,2026-06-27,2100,Cuentas por pagar,0.00,77465.96,Registro factura INV-00357,INV-00357,CC-100 Operaciones,Ana Ruiz 01 00001102
1018,2026-03-03,2100,Cuentas por pagar,36444.88,0.00,Pago factura INV-00304,INV-00304,CC-100 Operaciones,Bruno Garcia 02 00001102
1019,2026-05-28,1020,Bancos,0.00,24343.76,Pago factura INV-00328,INV-00328,CC-100 Operaciones,Bruno Garcia 02 00001102
1020,2026-03-26,1180,IVA acreditable,4791.20,0.00,Registro factura INV-00141,INV-00141,CC-100 Operaciones,Diego Luna 04 00001102
1021,2026-01-17,1180,IVA acreditable,12233.92,0.00,Registro factura INV-00167,INV-00167,CC-100 Operaciones,Bruno Garcia 02 00001102
1022,2026-04-19,5000,Gastos operativos,31412.00,0.00,Registro factura INV-00347,INV-00347,CC-100 Operaciones,Bruno Garcia 08 00001102
1023,2026-05-14,5000,Gastos operativos,80149.00,0.00,Registro factura INV-00026,INV-00026,CC-100 Operaciones,Carla Soto 09 00001102
1024,2026-05-22,1180,IVA acreditable,5029.44,0.00,Registro factura INV-00099,INV-00099,CC-100 Operaciones,Ana Ruiz 01 00001102
1025,2026-02-05,2100,Cuentas por pagar,83685.88,0.00,Pago factura INV-00056,INV-00056,CC-100 Operaciones,Bruno Garcia 02 00001102
1026,2026-03-31,2100,Cuentas por pagar,0.00,50065.60,Registro factura INV-00043,INV-00043,CC-100 Operaciones,Elena Mora 05 00001102
1027,2026-04-05,2100,Cuentas por pagar,0.00,25892.36,Registro factura INV-00245,INV-00245,CC-100 Operaciones,Ana Ruiz 07 00001102
1028,2026-06-26,2100,Cuentas por pagar,0.00,47270.00,Registro factura INV-00192,INV-00192,CC-100 Operaciones,Fabian Rios 06 00001102
1029,2026-06-28,5000,Gastos operativos,90836.00,0.00,Registro factura INV-00204,INV-00204,CC-100 Operaciones,Diego Luna 10 00001102
1030,2026-03-12,5000,Gastos operativos,78851.00,0.00,Registro factura INV-00229,INV-00229,CC-100 Operaciones,Diego Luna 04 00001102
1031,2026-02-19,1180,IVA acreditable,9747.36,0.00,Registro factura INV-00298,INV-00298,CC-100 Operaciones,Elena Mora 05 00001102
1032,2026-02-05,1180,IVA acreditable,4804.80,0.00,Registro factura INV-00287,INV-00287,CC-100 Operaciones,Carla Soto 09 00001102
1033,2026-05-05,1180,IVA acreditable,3571.36,0.00,Registro factura INV-00208,INV-00208,CC-100 Operaciones,Bruno Garcia 08 00001102
1034,2026-05-12,5000,Gastos operativos,81228.00,0.00,Registro factura INV-00040,INV-00040,CC-100 Operaciones,Ana Ruiz 07 00001102
1035,2026-06-03,1020,Bancos,0.00,74865.24,Pago factura INV-00165,INV-00165,CC-100 Operaciones,Bruno Garcia 02 00001102
1036,2026-03-23,1020,Bancos,0.00,19458.31,Pago factura INV-00343,INV-00343,CC-100 Operaciones,Bruno Garcia 02 00001102
1037,2026-04-12,2100,Cuentas por pagar,0.00,42881.72,Registro factura INV-00018,INV-00018,CC-100 Operaciones,Carla Soto 03 00001102
1038,2026-02-24,1180,IVA acreditable,11809.60,0.00,Registro factura INV-00160,INV-00160,CC-100 Operaciones,Bruno Garcia 08 00001102
1039,2026-03-31,5000,Gastos operativos,43160.00,0.00,Registro factura INV-00043,INV-00043,CC-100 Operaciones,Elena Mora 05 00001102
1040,2026-05-15,2100,Cuentas por pagar,109736.00,0.00,Pago factura INV-00011,INV-00011,CC-100 Operaciones,Bruno Garcia 02 00001102
1041,2026-03-12,1180,IVA acreditable,15086.40,0.00,Registro factura INV-00054,INV-00054,CC-100 Operaciones,Bruno Garcia 02 00001102
1042,2026-02-05,1180,IVA acreditable,7862.56,0.00,Registro factura INV-00342,INV-00342,CC-100 Operaciones,Elena Mora 05 00001102
1043,2026-03-17,1020,Bancos,0.00,33990.32,Pago factura INV-00058,INV-00058,CC-100 Operaciones,Bruno Garcia 02 00001102
1044,2026-06-14,2100,Cuentas por pagar,0.00,25018.88,Registro factura INV-00276,INV-00276,CC-100 Operaciones,Diego Luna 10 00001102
1045,2026-04-08,2100,Cuentas por pagar,37284.72,0.00,Pago factura INV-00286,INV-00286,CC-100 Operaciones,Bruno Garcia 02 00001102
1046,2026-04-26,1180,IVA acreditable,5680.00,0.00,Registro factura INV-00248,INV-00248,CC-100 Operaciones,Carla Soto 03 00001102
1047,2026-04-01,5000,Gastos operativos,82813.00,0.00,Registro factura INV-00331,INV-00331,CC-100 Operaciones,Bruno Garcia 02 00001102
1048,2026-01-11,2100,Cuentas por pagar,0.00,92141.12,Registro factura INV-00072,INV-00072,CC-100 Operaciones,Fabian Rios 06 00001102
1049,2026-04-11,1020,Bancos,0.00,96063.08,Pago factura INV-00331,INV-00331,CC-100 Operaciones,Bruno Garcia 02 00001102
1050,2026-04-05,2100,Cuentas por pagar,99284.40,0.00,Pago factura INV-00214,INV-00214,CC-100 Operaciones,Bruno Garcia 02 00001102
1051,2026-01-20,5000,Gastos operativos,79954.00,0.00,Registro factura INV-00094,INV-00094,CC-100 Operaciones,Ana Ruiz 01 00001102
1052,2026-05-23,1180,IVA acreditable,5953.92,0.00,Registro factura INV-00313,INV-00313,CC-100 Operaciones,Bruno Garcia 08 00001102
1053,2026-06-04,1180,IVA acreditable,8987.20,0.00,Registro factura INV-00101,INV-00101,CC-100 Operaciones,Diego Luna 04 00001102
1054,2026-02-04,1180,IVA acreditable,13977.60,0.00,Registro factura INV-00358,INV-00358,CC-100 Operaciones,Bruno Garcia 08 00001102
1055,2026-03-29,5000,Gastos operativos,85647.00,0.00,Registro factura INV-00177,INV-00177,CC-100 Operaciones,Carla Soto 03 00001102
1056,2026-02-21,2100,Cuentas por pagar,0.00,36444.88,Registro factura INV-00304,INV-00304,CC-100 Operaciones,Ana Ruiz 01 00001102
1057,2026-04-27,1020,Bancos,0.00,38918.00,Pago factura INV-00132,INV-00132,CC-100 Operaciones,Bruno Garcia 02 00001102
1058,2026-05-01,5000,Gastos operativos,60738.00,0.00,Registro factura INV-00143,INV-00143,CC-100 Operaciones,Fabian Rios 06 00001102
1059,2026-06-02,5000,Gastos operativos,57677.00,0.00,Registro factura INV-00021,INV-00021,CC-100 Operaciones,Diego Luna 10 00001102
1060,2026-02-17,2100,Cuentas por pagar,108405.48,0.00,Pago factura INV-00233,INV-00233,CC-100 Operaciones,Bruno Garcia 02 00001102
1061,2026-04-02,2100,Cuentas por pagar,59875.72,0.00,Pago factura INV-00227,INV-00227,CC-100 Operaciones,Bruno Garcia 02 00001102
1062,2026-05-02,1020,Bancos,0.00,66227.88,Pago factura INV-00318,INV-00318,CC-100 Operaciones,Bruno Garcia 02 00001102
1063,2026-04-10,5000,Gastos operativos,69760.00,0.00,Registro factura INV-00333,INV-00333,CC-100 Operaciones,Ana Ruiz 01 00001102
1064,2026-03-15,5000,Gastos operativos,57496.00,0.00,Registro factura INV-00129,INV-00129,CC-100 Operaciones,Ana Ruiz 01 00001102
1065,2026-02-28,5000,Gastos operativos,69778.00,0.00,Registro factura INV-00301,INV-00301,CC-100 Operaciones,Fabian Rios 06 00001102
1066,2026-03-02,2100,Cuentas por pagar,25883.08,0.00,Pago factura INV-00316,INV-00316,CC-100 Operaciones,Bruno Garcia 02 00001102
1067,2026-03-06,1180,IVA acreditable,6996.32,0.00,Registro factura INV-00194,INV-00194,CC-100 Operaciones,Bruno Garcia 02 00001102
1068,2026-05-12,1180,IVA acreditable,3943.68,0.00,Registro factura INV-00199,INV-00199,CC-100 Operaciones,Elena Mora 05 00001102
1069,2026-02-26,1020,Bancos,0.00,78281.44,Pago factura INV-00060,INV-00060,CC-100 Operaciones,Bruno Garcia 02 00001102
1070,2026-03-06,1180,IVA acreditable,14230.24,0.00,Registro factura INV-00103,INV-00103,CC-100 Operaciones,Diego Luna 04 00001102
1071,2026-03-05,1180,IVA acreditable,6709.76,0.00,Registro factura INV-00343,INV-00343,CC-100 Operaciones,Diego Luna 04 00001102
1072,2026-01-30,2100,Cuentas por pagar,93037.80,0.00,Pago factura INV-00145,INV-00145,CC-100 Operaciones,Bruno Garcia 02 00001102
1073,2026-03-25,2100,Cuentas por pagar,0.00,85530.28,Registro factura INV-00035,INV-00035,CC-100 Operaciones,Elena Mora 05 00001102
1074,2026-05-17,5000,Gastos operativos,23866.00,0.00,Registro factura INV-00027,INV-00027,CC-100 Operaciones,Bruno Garcia 08 00001102
1075,2026-06-26,1180,IVA acreditable,6520.00,0.00,Registro factura INV-00192,INV-00192,CC-100 Operaciones,Fabian Rios 06 00001102
1076,2026-04-21,1180,IVA acreditable,12466.24,0.00,Registro factura INV-00277,INV-00277,CC-100 Operaciones,Bruno Garcia 02 00001102
1077,2026-06-22,5000,Gastos operativos,19075.00,0.00,Registro factura INV-00195,INV-00195,CC-100 Operaciones,Bruno Garcia 02 00001102
1078,2026-06-04,5000,Gastos operativos,45861.00,0.00,Registro factura INV-00336,INV-00336,CC-100 Operaciones,Fabian Rios 06 00001102
1079,2026-02-12,2100,Cuentas por pagar,21495.96,0.00,Pago factura INV-00093,INV-00093,CC-100 Operaciones,Bruno Garcia 02 00001102
1080,2026-05-18,1020,Bancos,0.00,77535.56,Pago factura INV-00274,INV-00274,CC-100 Operaciones,Bruno Garcia 02 00001102
1081,2026-01-11,5000,Gastos operativos,64378.00,0.00,Registro factura INV-00012,INV-00012,CC-100 Operaciones,Diego Luna 04 00001102
1082,2026-02-12,5000,Gastos operativos,52729.00,0.00,Registro factura INV-00266,INV-00266,CC-100 Operaciones,Diego Luna 10 00001102
1083,2026-01-17,1180,IVA acreditable,14323.68,0.00,Registro factura INV-00133,INV-00133,CC-100 Operaciones,Diego Luna 04 00001102
1084,2026-01-27,2100,Cuentas por pagar,0.00,35695.52,Registro factura INV-00352,INV-00352,CC-100 Operaciones,Bruno Garcia 08 00001102
1085,2026-02-20,2100,Cuentas por pagar,0.00,80899.56,Registro factura INV-00283,INV-00283,CC-100 Operaciones,Diego Luna 04 00001102
1086,2026-06-19,1020,Bancos,0.00,91034.48,Pago factura INV-00256,INV-00256,CC-100 Operaciones,Bruno Garcia 02 00001102
1087,2026-03-29,2100,Cuentas por pagar,0.00,99350.52,Registro factura INV-00177,INV-00177,CC-100 Operaciones,Carla Soto 03 00001102
1088,2026-01-12,2100,Cuentas por pagar,0.00,67029.44,Registro factura INV-00003,INV-00003,CC-100 Operaciones,Ana Ruiz 01 00001102
1089,2026-06-02,2100,Cuentas por pagar,0.00,66905.32,Registro factura INV-00021,INV-00021,CC-100 Operaciones,Diego Luna 10 00001102
1090,2026-02-27,2100,Cuentas por pagar,0.00,34332.52,Registro factura INV-00218,INV-00218,CC-100 Operaciones,Ana Ruiz 07 00001102
1091,2026-04-16,2100,Cuentas por pagar,0.00,34261.76,Registro factura INV-00079,INV-00079,CC-100 Operaciones,Carla Soto 09 00001102
1092,2026-01-27,5000,Gastos operativos,60663.00,0.00,Registro factura INV-00350,INV-00350,CC-100 Operaciones,Diego Luna 10 00001102
1093,2026-01-27,1020,Bancos,0.00,103846.68,Pago factura INV-00133,INV-00133,CC-100 Operaciones,Bruno Garcia 02 00001102
1094,2026-05-25,2100,Cuentas por pagar,56111.52,0.00,Pago factura INV-00307,INV-00307,CC-100 Operaciones,Bruno Garcia 02 00001102
1095,2026-05-03,5000,Gastos operativos,39108.00,0.00,Registro factura INV-00116,INV-00116,CC-100 Operaciones,Bruno Garcia 08 00001102
1096,2026-04-06,1020,Bancos,0.00,57592.84,Pago factura INV-00051,INV-00051,CC-100 Operaciones,Bruno Garcia 02 00001102
1097,2026-06-30,2100,Cuentas por pagar,16291.04,0.00,Pago factura INV-00063,INV-00063,CC-100 Operaciones,Bruno Garcia 02 00001102
1098,2026-06-07,1180,IVA acreditable,3369.60,0.00,Registro factura INV-00250,INV-00250,CC-100 Operaciones,Carla Soto 03 00001102
1099,2026-06-01,2100,Cuentas por pagar,0.00,71573.16,Registro factura INV-00267,INV-00267,CC-100 Operaciones,Elena Mora 05 00001102
1100,2026-06-06,5000,Gastos operativos,65142.00,0.00,Registro factura INV-00078,INV-00078,CC-100 Operaciones,Fabian Rios 06 00001102
1101,2026-06-03,2100,Cuentas por pagar,0.00,38902.92,Registro factura INV-00299,INV-00299,CC-100 Operaciones,Carla Soto 09 00001102
1102,2026-02-05,2100,Cuentas por pagar,0.00,34834.80,Registro factura INV-00287,INV-00287,CC-100 Operaciones,Carla Soto 09 00001102
1103,2026-01-29,1020,Bancos,0.00,61671.40,Pago factura INV-00122,INV-00122,CC-100 Operaciones,Bruno Garcia 02 00001102
1104,2026-03-30,5000,Gastos operativos,28436.00,0.00,Registro factura INV-00338,INV-00338,CC-100 Operaciones,Bruno Garcia 08 00001102
1105,2026-03-27,2100,Cuentas por pagar,0.00,39564.12,Registro factura INV-00100,INV-00100,CC-100 Operaciones,Ana Ruiz 07 00001102
1106,2026-03-14,5000,Gastos operativos,62949.00,0.00,Registro factura INV-00275,INV-00275,CC-100 Operaciones,Fabian Rios 06 00001102
1107,2026-05-14,2100,Cuentas por pagar,50708.24,0.00,Pago factura INV-00259,INV-00259,CC-100 Operaciones,Bruno Garcia 02 00001102
1108,2026-03-12,1180,IVA acreditable,12616.16,0.00,Registro factura INV-00229,INV-00229,CC-100 Operaciones,Diego Luna 04 00001102
1109,2026-01-05,2100,Cuentas por pagar,0.00,48645.76,Registro factura INV-00029,INV-00029,CC-100 Operaciones,Bruno Garcia 02 00001102
1110,2026-04-10,2100,Cuentas por pagar,50065.60,0.00,Pago factura INV-00043,INV-00043,CC-100 Operaciones,Bruno Garcia 02 00001102
1111,2026-02-21,5000,Gastos operativos,18447.00,0.00,Registro factura INV-00339,INV-00339,CC-100 Operaciones,Carla Soto 09 00001102
1112,2026-04-02,5000,Gastos operativos,16592.00,0.00,Registro factura INV-00234,INV-00234,CC-100 Operaciones,Ana Ruiz 07 00001102
1113,2026-03-15,1020,Bancos,0.00,43578.88,Pago factura INV-00156,INV-00156,CC-100 Operaciones,Bruno Garcia 02 00001102
1114,2026-02-24,5000,Gastos operativos,17322.00,0.00,Registro factura INV-00361,INV-00361,CC-100 Operaciones,Diego Luna 10 00001102
1115,2026-01-11,2100,Cuentas por pagar,0.00,74678.48,Registro factura INV-00012,INV-00012,CC-100 Operaciones,Diego Luna 04 00001102
1116,2026-04-02,2100,Cuentas por pagar,0.00,19246.72,Registro factura INV-00234,INV-00234,CC-100 Operaciones,Ana Ruiz 07 00001102
1117,2026-01-31,2100,Cuentas por pagar,32309.48,0.00,Pago factura INV-00288,INV-00288,CC-100 Operaciones,Bruno Garcia 02 00001102
1118,2026-01-25,2100,Cuentas por pagar,68747.40,0.00,Pago factura INV-00004,INV-00004,CC-100 Operaciones,Bruno Garcia 02 00001102
1119,2026-04-21,2100,Cuentas por pagar,107868.40,0.00,Pago factura INV-00173,INV-00173,CC-100 Operaciones,Bruno Garcia 02 00001102
1120,2026-02-24,2100,Cuentas por pagar,54046.72,0.00,Pago factura INV-00151,INV-00151,CC-100 Operaciones,Bruno Garcia 02 00001102
1121,2026-03-25,2100,Cuentas por pagar,97486.40,0.00,Pago factura INV-00197,INV-00197,CC-100 Operaciones,Bruno Garcia 02 00001102
1122,2026-06-04,2100,Cuentas por pagar,0.00,65157.20,Registro factura INV-00101,INV-00101,CC-100 Operaciones,Diego Luna 04 00001102
1123,2026-06-18,5000,Gastos operativos,44929.00,0.00,Registro factura INV-00303,INV-00303,CC-100 Operaciones,Diego Luna 04 00001102
1124,2026-04-14,5000,Gastos operativos,25774.00,0.00,Registro factura INV-00085,INV-00085,CC-100 Operaciones,Ana Ruiz 07 00001102
1125,2026-02-07,1020,Bancos,0.00,19457.84,Pago factura INV-00019,INV-00019,CC-100 Operaciones,Bruno Garcia 02 00001102
1126,2026-06-29,2100,Cuentas por pagar,75592.56,0.00,Pago factura INV-00123,INV-00123,CC-100 Operaciones,Bruno Garcia 02 00001102
1127,2026-02-15,5000,Gastos operativos,38091.00,0.00,Registro factura INV-00146,INV-00146,CC-100 Operaciones,Carla Soto 09 00001102
1128,2026-04-16,2100,Cuentas por pagar,0.00,61680.68,Registro factura INV-00292,INV-00292,CC-100 Operaciones,Ana Ruiz 07 00001102
1129,2026-05-30,1180,IVA acreditable,6006.72,0.00,Registro factura INV-00330,INV-00330,CC-100 Operaciones,Ana Ruiz 01 00001102
1130,2026-02-12,5000,Gastos operativos,62284.00,0.00,Registro factura INV-00052,INV-00052,CC-100 Operaciones,Bruno Garcia 02 00001102
1131,2026-06-26,2100,Cuentas por pagar,0.00,23258.00,Registro factura INV-00207,INV-00207,CC-100 Operaciones,Bruno Garcia 08 00001102
1132,2026-01-14,5000,Gastos operativos,54930.00,0.00,Registro factura INV-00200,INV-00200,CC-100 Operaciones,Elena Mora 05 00001102
1133,2026-02-25,2100,Cuentas por pagar,0.00,62111.04,Registro factura INV-00216,INV-00216,CC-100 Operaciones,Ana Ruiz 07 00001102
1134,2026-02-18,2100,Cuentas por pagar,0.00,19332.56,Registro factura INV-00025,INV-00025,CC-100 Operaciones,Diego Luna 10 00001102
1135,2026-06-28,1020,Bancos,0.00,63726.92,Pago factura INV-00278,INV-00278,CC-100 Operaciones,Bruno Garcia 02 00001102
1136,2026-04-08,1020,Bancos,0.00,99350.52,Pago factura INV-00177,INV-00177,CC-100 Operaciones,Bruno Garcia 02 00001102
1137,2026-05-08,5000,Gastos operativos,71322.00,0.00,Registro factura INV-00009,INV-00009,CC-100 Operaciones,Carla Soto 09 00001102
1138,2026-05-12,2100,Cuentas por pagar,29187.45,0.00,Pago factura INV-00131,INV-00131,CC-100 Operaciones,Bruno Garcia 02 00001102
1139,2026-06-25,5000,Gastos operativos,87786.00,0.00,Registro factura INV-00326,INV-00326,CC-100 Operaciones,Carla Soto 09 00001102
1140,2026-01-22,5000,Gastos operativos,77881.00,0.00,Registro factura INV-00323,INV-00323,CC-100 Operaciones,Elena Mora 05 00001102
1141,2026-06-08,2100,Cuentas por pagar,97663.88,0.00,Pago factura INV-00203,INV-00203,CC-100 Operaciones,Bruno Garcia 02 00001102
1142,2026-04-25,2100,Cuentas por pagar,0.00,59135.64,Registro factura INV-00314,INV-00314,CC-100 Operaciones,Bruno Garcia 08 00001102
1143,2026-06-17,2100,Cuentas por pagar,0.00,45156.48,Registro factura INV-00269,INV-00269,CC-100 Operaciones,Carla Soto 09 00001102
1144,2026-06-14,2100,Cuentas por pagar,65157.20,0.00,Pago factura INV-00101,INV-00101,CC-100 Operaciones,Bruno Garcia 02 00001102
1145,2026-01-21,2100,Cuentas por pagar,26100.00,0.00,Reversion de factura cancelada INV-00176,INV-00176,CC-100 Operaciones,Bruno Garcia 02 00001102
1146,2026-01-25,5000,Gastos operativos,34941.00,0.00,Registro factura INV-00154,INV-00154,CC-100 Operaciones,Diego Luna 04 00001102
1147,2026-03-27,2100,Cuentas por pagar,0.00,57592.84,Registro factura INV-00051,INV-00051,CC-100 Operaciones,Carla Soto 09 00001102
1148,2026-06-29,1180,IVA acreditable,14679.20,0.00,Registro factura INV-00196,INV-00196,CC-100 Operaciones,Ana Ruiz 07 00001102
1149,2026-06-29,5000,Gastos operativos,74113.00,0.00,Registro factura INV-00172,INV-00172,CC-100 Operaciones,Elena Mora 05 00001102
1150,2026-06-14,2100,Cuentas por pagar,53198.76,0.00,Pago factura INV-00336,INV-00336,CC-100 Operaciones,Bruno Garcia 02 00001102
1151,2026-02-03,2100,Cuentas por pagar,56754.16,0.00,Pago factura INV-00098,INV-00098,CC-100 Operaciones,Bruno Garcia 02 00001102
1152,2026-01-24,1180,IVA acreditable,14696.48,0.00,Registro factura INV-00138,INV-00138,CC-100 Operaciones,Carla Soto 09 00001102
1153,2026-05-21,1020,Bancos,0.00,18093.68,Pago factura INV-00068,INV-00068,CC-100 Operaciones,Bruno Garcia 02 00001102
1154,2026-06-20,2100,Cuentas por pagar,0.00,106923.00,Registro factura INV-00124,INV-00124,CC-100 Operaciones,Fabian Rios 06 00001102
1155,2026-04-18,2100,Cuentas por pagar,0.00,24380.88,Registro factura INV-00306,INV-00306,CC-100 Operaciones,Ana Ruiz 01 00001102
1156,2026-05-12,1020,Bancos,0.00,95550.36,Pago factura INV-00205,INV-00205,CC-100 Operaciones,Bruno Garcia 02 00001102
1157,2026-01-31,2100,Cuentas por pagar,88629.80,0.00,Pago factura INV-00232,INV-00232,CC-100 Operaciones,Bruno Garcia 02 00001102
1158,2026-03-24,2100,Cuentas por pagar,73020.84,0.00,Pago factura INV-00275,INV-00275,CC-100 Operaciones,Bruno Garcia 02 00001102
1159,2026-04-30,5000,Gastos operativos,16757.00,0.00,Registro factura INV-00119,INV-00119,CC-100 Operaciones,Carla Soto 09 00001102
1160,2026-03-14,1020,Bancos,0.00,66017.92,Pago factura INV-00010,INV-00010,CC-100 Operaciones,Bruno Garcia 02 00001102
1161,2026-04-11,2100,Cuentas por pagar,0.00,105138.92,Registro factura INV-00226,INV-00226,CC-100 Operaciones,Fabian Rios 06 00001102
1162,2026-01-11,5000,Gastos operativos,79432.00,0.00,Registro factura INV-00072,INV-00072,CC-100 Operaciones,Fabian Rios 06 00001102
1163,2026-04-06,2100,Cuentas por pagar,0.00,95680.28,Registro factura INV-00272,INV-00272,CC-100 Operaciones,Carla Soto 03 00001102
1164,2026-06-03,2100,Cuentas por pagar,74865.24,0.00,Pago factura INV-00165,INV-00165,CC-100 Operaciones,Bruno Garcia 02 00001102
1165,2026-06-06,2100,Cuentas por pagar,54836.68,0.00,Pago factura INV-00184,INV-00184,CC-100 Operaciones,Bruno Garcia 02 00001102
1166,2026-04-14,2100,Cuentas por pagar,0.00,29897.84,Registro factura INV-00085,INV-00085,CC-100 Operaciones,Ana Ruiz 07 00001102
1167,2026-02-15,2100,Cuentas por pagar,34834.80,0.00,Pago factura INV-00287,INV-00287,CC-100 Operaciones,Bruno Garcia 02 00001102
1168,2026-01-23,5000,Gastos operativos,41300.00,0.00,Registro factura INV-00341,INV-00341,CC-100 Operaciones,Diego Luna 04 00001102
1169,2026-01-18,5000,Gastos operativos,58140.00,0.00,Registro factura INV-00260,INV-00260,CC-100 Operaciones,Ana Ruiz 01 00001102
1170,2026-04-19,2100,Cuentas por pagar,106436.96,0.00,Pago factura INV-00147,INV-00147,CC-100 Operaciones,Bruno Garcia 02 00001102
1171,2026-02-10,5000,Gastos operativos,35409.00,0.00,Registro factura INV-00242,INV-00242,CC-100 Operaciones,Diego Luna 10 00001102
1172,2026-04-04,2100,Cuentas por pagar,0.00,84292.56,Registro factura INV-00049,INV-00049,CC-100 Operaciones,Carla Soto 09 00001102
1173,2026-05-03,2100,Cuentas por pagar,0.00,58759.80,Registro factura INV-00140,INV-00140,CC-100 Operaciones,Fabian Rios 06 00001102
1174,2026-04-20,1180,IVA acreditable,2453.28,0.00,Registro factura INV-00215,INV-00215,CC-100 Operaciones,Elena Mora 05 00001102
1175,2026-04-22,5000,Gastos operativos,80537.00,0.00,Registro factura INV-00213,INV-00213,CC-100 Operaciones,Elena Mora 05 00001102
1176,2026-04-20,2100,Cuentas por pagar,80921.60,0.00,Pago factura INV-00333,INV-00333,CC-100 Operaciones,Bruno Garcia 02 00001102
1177,2026-03-26,2100,Cuentas por pagar,72944.28,0.00,Pago factura INV-00161,INV-00161,CC-100 Operaciones,Bruno Garcia 02 00001102
1178,2026-06-16,2100,Cuentas por pagar,60075.24,0.00,Pago factura INV-00128,INV-00128,CC-100 Operaciones,Bruno Garcia 02 00001102
1179,2026-05-20,1180,IVA acreditable,13754.56,0.00,Registro factura INV-00038,INV-00038,CC-100 Operaciones,Ana Ruiz 07 00001102
1180,2026-04-08,5000,Gastos operativos,19953.00,0.00,Registro factura INV-00048,INV-00048,CC-100 Operaciones,Elena Mora 05 00001102
1181,2026-01-27,2100,Cuentas por pagar,0.00,70369.08,Registro factura INV-00350,INV-00350,CC-100 Operaciones,Diego Luna 10 00001102
1182,2026-05-16,2100,Cuentas por pagar,0.00,83768.24,Registro factura INV-00289,INV-00289,CC-100 Operaciones,Carla Soto 03 00001102
1183,2026-05-24,2100,Cuentas por pagar,92972.84,0.00,Pago factura INV-00026,INV-00026,CC-100 Operaciones,Bruno Garcia 02 00001102
1184,2026-01-22,2100,Cuentas por pagar,0.00,90341.96,Registro factura INV-00323,INV-00323,CC-100 Operaciones,Elena Mora 05 00001102
1185,2026-05-15,2100,Cuentas por pagar,41036.16,0.00,Pago factura INV-00312,INV-00312,CC-100 Operaciones,Bruno Garcia 02 00001102
1186,2026-05-27,1020,Bancos,0.00,27684.56,Pago factura INV-00027,INV-00027,CC-100 Operaciones,Bruno Garcia 02 00001102
1187,2026-06-14,5000,Gastos operativos,23699.00,0.00,Registro factura INV-00241,INV-00241,CC-100 Operaciones,Bruno Garcia 08 00001102
1188,2026-03-28,2100,Cuentas por pagar,14314.40,0.00,Pago factura INV-00181,INV-00181,CC-100 Operaciones,Bruno Garcia 02 00001102
1189,2026-01-15,5000,Gastos operativos,59265.00,0.00,Registro factura INV-00004,INV-00004,CC-100 Operaciones,Diego Luna 10 00001102
1190,2026-05-23,2100,Cuentas por pagar,35105.08,0.00,Pago factura INV-00142,INV-00142,CC-100 Operaciones,Bruno Garcia 02 00001102
1191,2026-03-13,1020,Bancos,0.00,29932.64,Pago factura INV-00171,INV-00171,CC-100 Operaciones,Bruno Garcia 02 00001102
1192,2026-05-30,5000,Gastos operativos,42317.00,0.00,Registro factura INV-00139,INV-00139,CC-100 Operaciones,Carla Soto 03 00001102
1193,2026-05-09,2100,Cuentas por pagar,95428.56,0.00,Pago factura INV-00193,INV-00193,CC-100 Operaciones,Bruno Garcia 02 00001102
1194,2026-04-05,1180,IVA acreditable,4804.80,0.00,Registro factura INV-00097,INV-00097,CC-100 Operaciones,Ana Ruiz 01 00001102
1195,2026-02-27,1180,IVA acreditable,4735.52,0.00,Registro factura INV-00218,INV-00218,CC-100 Operaciones,Ana Ruiz 07 00001102
1196,2026-01-11,1180,IVA acreditable,12709.12,0.00,Registro factura INV-00072,INV-00072,CC-100 Operaciones,Fabian Rios 06 00001102
1197,2026-06-25,2100,Cuentas por pagar,90115.76,0.00,Pago factura INV-00061,INV-00061,CC-100 Operaciones,Bruno Garcia 02 00001102
1198,2026-03-11,1180,IVA acreditable,11049.92,0.00,Registro factura INV-00077,INV-00077,CC-100 Operaciones,Ana Ruiz 07 00001102
1199,2026-05-06,1180,IVA acreditable,12248.48,0.00,Registro factura INV-00201,INV-00201,CC-100 Operaciones,Ana Ruiz 07 00001102
1200,2026-03-15,1180,IVA acreditable,13446.40,0.00,Registro factura INV-00197,INV-00197,CC-100 Operaciones,Carla Soto 03 00001102
1201,2026-02-01,2100,Cuentas por pagar,0.00,58604.36,Registro factura INV-00294,INV-00294,CC-100 Operaciones,Carla Soto 09 00001102
1202,2026-01-19,2100,Cuentas por pagar,66174.52,0.00,Pago factura INV-00189,INV-00189,CC-100 Operaciones,Bruno Garcia 02 00001102
1203,2026-05-12,1020,Bancos,0.00,57793.52,Pago factura INV-00037,INV-00037,CC-100 Operaciones,Bruno Garcia 02 00001102
1204,2026-05-06,2100,Cuentas por pagar,28523.24,0.00,Pago factura INV-00157,INV-00157,CC-100 Operaciones,Bruno Garcia 02 00001102
1205,2026-04-18,1180,IVA acreditable,14981.28,0.00,Registro factura INV-00240,INV-00240,CC-100 Operaciones,Carla Soto 09 00001102
1206,2026-04-22,2100,Cuentas por pagar,0.00,66227.88,Registro factura INV-00318,INV-00318,CC-100 Operaciones,Ana Ruiz 07 00001102
1207,2026-02-05,2100,Cuentas por pagar,0.00,25892.36,Registro factura INV-00066,INV-00066,CC-100 Operaciones,Elena Mora 05 00001102
1208,2026-03-03,5000,Gastos operativos,25804.00,0.00,Registro factura INV-00171,INV-00171,CC-100 Operaciones,Elena Mora 05 00001102
1209,2026-06-17,1020,Bancos,0.00,24429.60,Pago factura INV-00250,INV-00250,CC-100 Operaciones,Bruno Garcia 02 00001102
1210,2026-04-16,5000,Gastos operativos,53173.00,0.00,Registro factura INV-00292,INV-00292,CC-100 Operaciones,Ana Ruiz 07 00001102
1211,2026-03-02,1180,IVA acreditable,2051.04,0.00,Registro factura INV-00335,INV-00335,CC-100 Operaciones,Bruno Garcia 08 00001102
1212,2026-05-03,1020,Bancos,0.00,34936.88,Pago factura INV-00013,INV-00013,CC-100 Operaciones,Bruno Garcia 02 00001102
1213,2026-02-15,1020,Bancos,0.00,48645.76,Pago factura INV-00059,INV-00059,CC-100 Operaciones,Bruno Garcia 02 00001102
1214,2026-05-10,5000,Gastos operativos,43848.00,0.00,Registro factura INV-00237,INV-00237,CC-100 Operaciones,Carla Soto 03 00001102
1215,2026-02-10,2100,Cuentas por pagar,0.00,41074.44,Registro factura INV-00242,INV-00242,CC-100 Operaciones,Diego Luna 10 00001102
1216,2026-05-31,2100,Cuentas por pagar,0.00,78876.52,Registro factura INV-00247,INV-00247,CC-100 Operaciones,Bruno Garcia 08 00001102
1217,2026-06-22,2100,Cuentas por pagar,25779.84,0.00,Pago factura INV-00111,INV-00111,CC-100 Operaciones,Bruno Garcia 02 00001102
1218,2026-05-30,2100,Cuentas por pagar,0.00,49087.72,Registro factura INV-00139,INV-00139,CC-100 Operaciones,Carla Soto 03 00001102
1219,2026-03-13,5000,Gastos operativos,35368.00,0.00,Registro factura INV-00356,INV-00356,CC-100 Operaciones,Ana Ruiz 07 00001102
1220,2026-06-01,1020,Bancos,0.00,36463.44,Pago factura INV-00099,INV-00099,CC-100 Operaciones,Bruno Garcia 02 00001102
1221,2026-01-18,1180,IVA acreditable,11669.28,0.00,Registro factura INV-00074,INV-00074,CC-100 Operaciones,Carla Soto 09 00001102
1222,2026-04-16,5000,Gastos operativos,29536.00,0.00,Registro factura INV-00079,INV-00079,CC-100 Operaciones,Carla Soto 09 00001102
1223,2026-02-08,2100,Cuentas por pagar,71052.32,0.00,Pago factura INV-00126,INV-00126,CC-100 Operaciones,Bruno Garcia 02 00001102
1224,2026-03-21,1020,Bancos,0.00,80111.92,Pago factura INV-00077,INV-00077,CC-100 Operaciones,Bruno Garcia 02 00001102
1225,2026-04-08,2100,Cuentas por pagar,0.00,15878.08,Registro factura INV-00246,INV-00246,CC-100 Operaciones,Ana Ruiz 07 00001102
1226,2026-01-24,1020,Bancos,0.00,63718.80,Pago factura INV-00200,INV-00200,CC-100 Operaciones,Bruno Garcia 02 00001102
1227,2026-05-13,2100,Cuentas por pagar,45365.28,0.00,Pago factura INV-00116,INV-00116,CC-100 Operaciones,Bruno Garcia 02 00001102
1228,2026-03-02,2100,Cuentas por pagar,0.00,14870.04,Registro factura INV-00335,INV-00335,CC-100 Operaciones,Bruno Garcia 08 00001102
1229,2026-04-29,1020,Bancos,0.00,77624.88,Pago factura INV-00041,INV-00041,CC-100 Operaciones,Bruno Garcia 02 00001102
1230,2026-05-14,2100,Cuentas por pagar,0.00,50089.96,Registro factura INV-00305,INV-00305,CC-100 Operaciones,Ana Ruiz 07 00001102
1231,2026-01-19,2100,Cuentas por pagar,0.00,39633.72,Registro factura INV-00317,INV-00317,CC-100 Operaciones,Bruno Garcia 08 00001102
1232,2026-03-13,2100,Cuentas por pagar,0.00,41026.88,Registro factura INV-00356,INV-00356,CC-100 Operaciones,Ana Ruiz 07 00001102
1233,2026-03-19,1020,Bancos,0.00,61913.84,Pago factura INV-00255,INV-00255,CC-100 Operaciones,Bruno Garcia 02 00001102
1234,2026-04-30,2100,Cuentas por pagar,17786.28,0.00,Pago factura INV-00215,INV-00215,CC-100 Operaciones,Bruno Garcia 02 00001102
1235,2026-01-30,2100,Cuentas por pagar,0.00,19378.96,Registro factura INV-00144,INV-00144,CC-100 Operaciones,Ana Ruiz 07 00001102
1236,2026-03-29,1180,IVA acreditable,5142.72,0.00,Registro factura INV-00286,INV-00286,CC-100 Operaciones,Ana Ruiz 01 00001102
1237,2026-06-30,1020,Bancos,0.00,85971.08,Pago factura INV-00172,INV-00172,CC-100 Operaciones,Bruno Garcia 02 00001102
1238,2026-04-12,1020,Bancos,0.00,19246.72,Pago factura INV-00234,INV-00234,CC-100 Operaciones,Bruno Garcia 02 00001102
1239,2026-04-08,2100,Cuentas por pagar,99350.52,0.00,Pago factura INV-00177,INV-00177,CC-100 Operaciones,Bruno Garcia 02 00001102
1240,2026-05-07,5000,Gastos operativos,28506.00,0.00,Registro factura INV-00149,INV-00149,CC-100 Operaciones,Diego Luna 04 00001102
1241,2026-05-01,1180,IVA acreditable,9718.08,0.00,Registro factura INV-00143,INV-00143,CC-100 Operaciones,Fabian Rios 06 00001102
1242,2026-06-12,1180,IVA acreditable,3555.84,0.00,Registro factura INV-00111,INV-00111,CC-100 Operaciones,Diego Luna 04 00001102
1243,2026-04-01,2100,Cuentas por pagar,0.00,52705.76,Registro factura INV-00319,INV-00319,CC-100 Operaciones,Diego Luna 10 00001102
1244,2026-04-16,2100,Cuentas por pagar,82768.32,0.00,Pago factura INV-00210,INV-00210,CC-100 Operaciones,Bruno Garcia 02 00001102
1245,2026-05-26,1020,Bancos,0.00,20736.16,Pago factura INV-00284,INV-00284,CC-100 Operaciones,Bruno Garcia 02 00001102
1246,2026-04-09,2100,Cuentas por pagar,88491.76,0.00,Pago factura INV-00155,INV-00155,CC-100 Operaciones,Bruno Garcia 02 00001102
1247,2026-01-28,1180,IVA acreditable,6764.64,0.00,Registro factura INV-00159,INV-00159,CC-100 Operaciones,Elena Mora 05 00001102
1248,2026-04-04,1180,IVA acreditable,11270.56,0.00,Registro factura INV-00348,INV-00348,CC-100 Operaciones,Ana Ruiz 01 00001102
1249,2026-03-16,2100,Cuentas por pagar,0.00,57565.00,Registro factura INV-00162,INV-00162,CC-100 Operaciones,Fabian Rios 06 00001102
1250,2026-04-24,1020,Bancos,0.00,29897.84,Pago factura INV-00085,INV-00085,CC-100 Operaciones,Bruno Garcia 02 00001102
1251,2026-02-05,2100,Cuentas por pagar,0.00,48645.76,Registro factura INV-00059,INV-00059,CC-100 Operaciones,Carla Soto 03 00001102
1252,2026-06-13,5000,Gastos operativos,35536.00,0.00,Registro factura INV-00217,INV-00217,CC-100 Operaciones,Carla Soto 03 00001102
1253,2026-06-09,1180,IVA acreditable,12556.48,0.00,Registro factura INV-00256,INV-00256,CC-100 Operaciones,Elena Mora 05 00001102
1254,2026-05-17,2100,Cuentas por pagar,0.00,27684.56,Registro factura INV-00027,INV-00027,CC-100 Operaciones,Bruno Garcia 08 00001102
1255,2026-02-16,2100,Cuentas por pagar,0.00,46690.00,Registro factura INV-00169,INV-00169,CC-100 Operaciones,Fabian Rios 06 00001102
1256,2026-04-22,2100,Cuentas por pagar,0.00,93422.92,Registro factura INV-00213,INV-00213,CC-100 Operaciones,Elena Mora 05 00001102
1257,2026-03-01,2100,Cuentas por pagar,43632.24,0.00,Pago factura INV-00334,INV-00334,CC-100 Operaciones,Bruno Garcia 02 00001102
1258,2026-02-11,5000,Gastos operativos,64013.00,0.00,Registro factura INV-00186,INV-00186,CC-100 Operaciones,Elena Mora 05 00001102
1259,2026-05-20,1020,Bancos,0.00,50863.68,Pago factura INV-00237,INV-00237,CC-100 Operaciones,Bruno Garcia 02 00001102
1260,2026-03-08,1180,IVA acreditable,13365.44,0.00,Registro factura INV-00293,INV-00293,CC-100 Operaciones,Bruno Garcia 08 00001102
1261,2026-02-09,2100,Cuentas por pagar,0.00,51488.92,Registro factura INV-00198,INV-00198,CC-100 Operaciones,Carla Soto 03 00001102
1262,2026-06-15,5000,Gastos operativos,77686.00,0.00,Registro factura INV-00061,INV-00061,CC-100 Operaciones,Ana Ruiz 07 00001102
1263,2026-06-09,1020,Bancos,0.00,43548.72,Pago factura INV-00330,INV-00330,CC-100 Operaciones,Bruno Garcia 02 00001102
1264,2026-06-21,1020,Bancos,0.00,60100.76,Pago factura INV-00047,INV-00047,CC-100 Operaciones,Bruno Garcia 02 00001102
1265,2026-01-30,2080,IVA trasladado,0.00,6080.00,Registro venta INV-00102,INV-00102,CC-100 Operaciones,Bruno Garcia 02 00001102
1266,2026-04-06,1180,IVA acreditable,13197.28,0.00,Registro factura INV-00272,INV-00272,CC-100 Operaciones,Carla Soto 03 00001102
1267,2026-03-05,1020,Bancos,0.00,39365.76,Pago factura INV-00121,INV-00121,CC-100 Operaciones,Bruno Garcia 02 00001102
1268,2026-04-09,1020,Bancos,0.00,88491.76,Pago factura INV-00155,INV-00155,CC-100 Operaciones,Bruno Garcia 02 00001102
1269,2026-06-01,2100,Cuentas por pagar,36463.44,0.00,Pago factura INV-00099,INV-00099,CC-100 Operaciones,Bruno Garcia 02 00001102
1270,2026-02-02,2100,Cuentas por pagar,0.00,21495.96,Registro factura INV-00093,INV-00093,CC-100 Operaciones,Fabian Rios 06 00001102
1271,2026-04-22,1020,Bancos,0.00,50404.32,Pago factura INV-00310,INV-00310,CC-100 Operaciones,Bruno Garcia 02 00001102
1272,2026-02-06,5000,Gastos operativos,34870.00,0.00,Registro factura INV-00125,INV-00125,CC-100 Operaciones,Bruno Garcia 02 00001102
1273,2026-06-27,2100,Cuentas por pagar,45156.48,0.00,Pago factura INV-00269,INV-00269,CC-100 Operaciones,Bruno Garcia 02 00001102
1274,2026-03-30,2100,Cuentas por pagar,0.00,88491.76,Registro factura INV-00155,INV-00155,CC-100 Operaciones,Diego Luna 10 00001102
1275,2026-05-20,2100,Cuentas por pagar,50863.68,0.00,Pago factura INV-00237,INV-00237,CC-100 Operaciones,Bruno Garcia 02 00001102
1276,2026-04-03,2100,Cuentas por pagar,0.00,78301.16,Registro factura INV-00153,INV-00153,CC-100 Operaciones,Fabian Rios 06 00001102
1277,2026-05-18,5000,Gastos operativos,20986.00,0.00,Registro factura INV-00328,INV-00328,CC-100 Operaciones,Elena Mora 05 00001102
1278,2026-02-14,5000,Gastos operativos,18915.00,0.00,Registro factura INV-00064,INV-00064,CC-100 Operaciones,Fabian Rios 06 00001102
1279,2026-06-21,1020,Bancos,0.00,15883.88,Pago factura INV-00212,INV-00212,CC-100 Operaciones,Bruno Garcia 02 00001102
1280,2026-01-30,2100,Cuentas por pagar,92746.64,0.00,Pago factura INV-00094,INV-00094,CC-100 Operaciones,Bruno Garcia 02 00001102
1281,2026-06-16,2100,Cuentas por pagar,0.00,49737.32,Registro factura INV-00096,INV-00096,CC-100 Operaciones,Bruno Garcia 02 00001102
1282,2026-06-29,5000,Gastos operativos,91745.00,0.00,Registro factura INV-00196,INV-00196,CC-100 Operaciones,Ana Ruiz 07 00001102
1283,2026-02-15,1180,IVA acreditable,14986.40,0.00,Registro factura INV-00182,INV-00182,CC-100 Operaciones,Ana Ruiz 01 00001102
1284,2026-03-17,5000,Gastos operativos,55081.00,0.00,Registro factura INV-00032,INV-00032,CC-100 Operaciones,Elena Mora 05 00001102
1285,2026-03-01,5000,Gastos operativos,25862.00,0.00,Registro factura INV-00354,INV-00354,CC-100 Operaciones,Ana Ruiz 01 00001102
1286,2026-03-25,1020,Bancos,0.00,97486.40,Pago factura INV-00197,INV-00197,CC-100 Operaciones,Bruno Garcia 02 00001102
1287,2026-03-11,1020,Bancos,0.00,56677.60,Pago factura INV-00329,INV-00329,CC-100 Operaciones,Bruno Garcia 02 00001102
1288,2026-06-09,1020,Bancos,0.00,49087.72,Pago factura INV-00139,INV-00139,CC-100 Operaciones,Bruno Garcia 02 00001102
1289,2026-02-05,5000,Gastos operativos,49141.00,0.00,Registro factura INV-00342,INV-00342,CC-100 Operaciones,Elena Mora 05 00001102
1290,2026-06-10,2100,Cuentas por pagar,0.00,27105.72,Registro factura INV-00024,INV-00024,CC-100 Operaciones,Diego Luna 04 00001102
1291,2026-04-10,2100,Cuentas por pagar,0.00,96558.40,Registro factura INV-00252,INV-00252,CC-100 Operaciones,Carla Soto 09 00001102
1292,2026-04-18,2100,Cuentas por pagar,23145.48,0.00,Pago factura INV-00048,INV-00048,CC-100 Operaciones,Bruno Garcia 02 00001102
1293,2026-02-16,2080,IVA trasladado,0.00,9840.00,Registro venta INV-00087,INV-00087,CC-100 Operaciones,Bruno Garcia 02 00001102
1294,2026-06-16,1180,IVA acreditable,6860.32,0.00,Registro factura INV-00096,INV-00096,CC-100 Operaciones,Bruno Garcia 02 00001102
1295,2026-05-09,1020,Bancos,0.00,88095.04,Pago factura INV-00008,INV-00008,CC-100 Operaciones,Bruno Garcia 02 00001102
1296,2026-04-16,1180,IVA acreditable,8507.68,0.00,Registro factura INV-00292,INV-00292,CC-100 Operaciones,Ana Ruiz 07 00001102
1297,2026-01-18,2100,Cuentas por pagar,0.00,84602.28,Registro factura INV-00074,INV-00074,CC-100 Operaciones,Carla Soto 09 00001102
1298,2026-05-05,1180,IVA acreditable,4804.80,0.00,Registro factura INV-00042,INV-00042,CC-100 Operaciones,Bruno Garcia 02 00001102
1299,2026-05-08,1020,Bancos,0.00,52921.52,Pago factura INV-00086,INV-00086,CC-100 Operaciones,Bruno Garcia 02 00001102
1300,2026-03-04,1180,IVA acreditable,14377.76,0.00,Registro factura INV-00014,INV-00014,CC-100 Operaciones,Diego Luna 10 00001102
1301,2026-02-03,1180,IVA acreditable,14075.68,0.00,Registro factura INV-00355,INV-00355,CC-100 Operaciones,Elena Mora 05 00001102
1302,2026-06-30,2100,Cuentas por pagar,105566.96,0.00,Pago factura INV-00091,INV-00091,CC-100 Operaciones,Bruno Garcia 02 00001102
1303,2026-05-02,2100,Cuentas por pagar,0.00,57793.52,Registro factura INV-00037,INV-00037,CC-100 Operaciones,Carla Soto 03 00001102
1304,2026-06-25,1020,Bancos,0.00,55929.40,Pago factura INV-00263,INV-00263,CC-100 Operaciones,Bruno Garcia 02 00001102
1305,2026-03-23,2100,Cuentas por pagar,13933.92,0.00,Pago factura INV-00148,INV-00148,CC-100 Operaciones,Bruno Garcia 02 00001102
1306,2026-05-18,1180,IVA acreditable,5186.40,0.00,Registro factura INV-00045,INV-00045,CC-100 Operaciones,Carla Soto 03 00001102
1307,2026-06-30,2100,Cuentas por pagar,38515.48,0.00,Pago factura INV-00344,INV-00344,CC-100 Operaciones,Bruno Garcia 02 00001102
1308,2026-01-24,2100,Cuentas por pagar,63718.80,0.00,Pago factura INV-00200,INV-00200,CC-100 Operaciones,Bruno Garcia 02 00001102
1309,2026-06-01,2100,Cuentas por pagar,28001.24,0.00,Pago factura INV-00321,INV-00321,CC-100 Operaciones,Bruno Garcia 02 00001102
1310,2026-03-22,2100,Cuentas por pagar,91467.16,0.00,Pago factura INV-00229,INV-00229,CC-100 Operaciones,Bruno Garcia 02 00001102
1311,2026-04-26,5000,Gastos operativos,24589.00,0.00,Registro factura INV-00157,INV-00157,CC-100 Operaciones,Ana Ruiz 01 00001102
1312,2026-05-28,2100,Cuentas por pagar,0.00,47630.76,Registro factura INV-00253,INV-00253,CC-100 Operaciones,Carla Soto 09 00001102
1313,2026-05-18,2100,Cuentas por pagar,77535.56,0.00,Pago factura INV-00274,INV-00274,CC-100 Operaciones,Bruno Garcia 02 00001102
1314,2026-06-23,1020,Bancos,0.00,41221.76,Pago factura INV-00217,INV-00217,CC-100 Operaciones,Bruno Garcia 02 00001102
1315,2026-05-13,2100,Cuentas por pagar,0.00,35105.08,Registro factura INV-00142,INV-00142,CC-100 Operaciones,Diego Luna 04 00001102
1316,2026-06-06,2100,Cuentas por pagar,0.00,60075.24,Registro factura INV-00128,INV-00128,CC-100 Operaciones,Bruno Garcia 08 00001102
1317,2026-05-24,2100,Cuentas por pagar,0.00,74865.24,Registro factura INV-00165,INV-00165,CC-100 Operaciones,Carla Soto 03 00001102
1318,2026-06-07,1180,IVA acreditable,3543.52,0.00,Registro factura INV-00225,INV-00225,CC-100 Operaciones,Elena Mora 05 00001102
1319,2026-05-27,2100,Cuentas por pagar,0.00,57851.52,Registro factura INV-00073,INV-00073,CC-100 Operaciones,Bruno Garcia 02 00001102
1320,2026-05-06,5000,Gastos operativos,76553.00,0.00,Registro factura INV-00201,INV-00201,CC-100 Operaciones,Ana Ruiz 07 00001102
1321,2026-06-09,2100,Cuentas por pagar,0.00,64960.00,Registro factura INV-00075,INV-00075,CC-100 Operaciones,Ana Ruiz 07 00001102
1322,2026-01-13,5000,Gastos operativos,27309.00,0.00,Registro factura INV-00223,INV-00223,CC-100 Operaciones,Fabian Rios 06 00001102
1323,2026-06-02,2100,Cuentas por pagar,43165.92,0.00,Pago factura INV-00313,INV-00313,CC-100 Operaciones,Bruno Garcia 02 00001102
1324,2026-02-28,2100,Cuentas por pagar,31229.52,0.00,Pago factura INV-00057,INV-00057,CC-100 Operaciones,Bruno Garcia 02 00001102
1325,2026-02-08,5000,Gastos operativos,69646.00,0.00,Registro factura INV-00280,INV-00280,CC-100 Operaciones,Fabian Rios 06 00001102
1326,2026-03-21,2100,Cuentas por pagar,0.00,14390.96,Registro factura INV-00220,INV-00220,CC-100 Operaciones,Carla Soto 09 00001102
1327,2026-01-31,2100,Cuentas por pagar,0.00,76508.96,Registro factura INV-00130,INV-00130,CC-100 Operaciones,Diego Luna 04 00001102
1328,2026-04-11,1180,IVA acreditable,14501.92,0.00,Registro factura INV-00226,INV-00226,CC-100 Operaciones,Fabian Rios 06 00001102
1329,2026-01-19,2100,Cuentas por pagar,0.00,26100.00,Registro factura INV-00176,INV-00176,CC-100 Operaciones,Carla Soto 09 00001102
1330,2026-04-25,1180,IVA acreditable,8156.64,0.00,Registro factura INV-00314,INV-00314,CC-100 Operaciones,Bruno Garcia 08 00001102
1331,2026-06-18,1020,Bancos,0.00,73252.84,Pago factura INV-00187,INV-00187,CC-100 Operaciones,Bruno Garcia 02 00001102
1332,2026-05-15,5000,Gastos operativos,35613.00,0.00,Registro factura INV-00069,INV-00069,CC-100 Operaciones,Fabian Rios 06 00001102
1333,2026-04-19,2100,Cuentas por pagar,25252.04,0.00,Pago factura INV-00084,INV-00084,CC-100 Operaciones,Bruno Garcia 02 00001102
1334,2026-05-29,2100,Cuentas por pagar,0.00,31607.68,Registro factura INV-00083,INV-00083,CC-100 Operaciones,Diego Luna 04 00001102
1335,2026-02-06,2100,Cuentas por pagar,70369.08,0.00,Pago factura INV-00350,INV-00350,CC-100 Operaciones,Bruno Garcia 02 00001102
1336,2026-06-24,5000,Gastos operativos,84642.00,0.00,Registro factura INV-00324,INV-00324,CC-100 Operaciones,Bruno Garcia 02 00001102
1337,2026-03-27,1180,IVA acreditable,5457.12,0.00,Registro factura INV-00100,INV-00100,CC-100 Operaciones,Ana Ruiz 07 00001102
1338,2026-05-08,5000,Gastos operativos,66841.00,0.00,Registro factura INV-00274,INV-00274,CC-100 Operaciones,Ana Ruiz 01 00001102
1339,2026-02-14,2100,Cuentas por pagar,0.00,21941.40,Registro factura INV-00064,INV-00064,CC-100 Operaciones,Fabian Rios 06 00001102
1340,2026-05-29,2100,Cuentas por pagar,22008.68,0.00,Pago factura INV-00268,INV-00268,CC-100 Operaciones,Bruno Garcia 02 00001102
1341,2026-05-11,2100,Cuentas por pagar,0.00,18093.68,Registro factura INV-00068,INV-00068,CC-100 Operaciones,Diego Luna 10 00001102
1342,2026-06-09,2100,Cuentas por pagar,49087.72,0.00,Pago factura INV-00139,INV-00139,CC-100 Operaciones,Bruno Garcia 02 00001102
1343,2026-04-29,1180,IVA acreditable,13162.56,0.00,Registro factura INV-00193,INV-00193,CC-100 Operaciones,Diego Luna 10 00001102
1344,2026-03-10,1020,Bancos,0.00,80942.48,Pago factura INV-00301,INV-00301,CC-100 Operaciones,Bruno Garcia 02 00001102
1345,2026-06-30,1020,Bancos,0.00,23258.00,Pago factura INV-00207,INV-00207,CC-100 Operaciones,Bruno Garcia 02 00001102
1346,2026-02-08,2100,Cuentas por pagar,0.00,80789.36,Registro factura INV-00280,INV-00280,CC-100 Operaciones,Fabian Rios 06 00001102
1347,2026-05-05,2100,Cuentas por pagar,59135.64,0.00,Pago factura INV-00314,INV-00314,CC-100 Operaciones,Bruno Garcia 02 00001102
1348,2026-01-28,5000,Gastos operativos,16774.00,0.00,Registro factura INV-00019,INV-00019,CC-100 Operaciones,Carla Soto 03 00001102
1349,2026-03-18,2100,Cuentas por pagar,96899.44,0.00,Pago factura INV-00293,INV-00293,CC-100 Operaciones,Bruno Garcia 02 00001102
1350,2026-01-12,1020,Bancos,0.00,29187.45,Pago factura INV-00029,INV-00029,CC-100 Operaciones,Bruno Garcia 02 00001102
1351,2026-02-21,5000,Gastos operativos,31418.00,0.00,Registro factura INV-00304,INV-00304,CC-100 Operaciones,Ana Ruiz 01 00001102
1352,2026-02-07,5000,Gastos operativos,93453.00,0.00,Registro factura INV-00233,INV-00233,CC-100 Operaciones,Ana Ruiz 01 00001102
1353,2026-06-15,2100,Cuentas por pagar,0.00,55929.40,Registro factura INV-00263,INV-00263,CC-100 Operaciones,Elena Mora 05 00001102
1354,2026-03-12,1020,Bancos,0.00,15535.41,Pago factura INV-00258,INV-00258,CC-100 Operaciones,Bruno Garcia 02 00001102
1355,2026-05-16,2100,Cuentas por pagar,0.00,20736.16,Registro factura INV-00284,INV-00284,CC-100 Operaciones,Ana Ruiz 01 00001102
1356,2026-06-28,2100,Cuentas por pagar,52117.64,0.00,Pago factura INV-00303,INV-00303,CC-100 Operaciones,Bruno Garcia 02 00001102
1357,2026-02-19,1180,IVA acreditable,6018.24,0.00,Registro factura INV-00334,INV-00334,CC-100 Operaciones,Ana Ruiz 07 00001102
1358,2026-04-02,1020,Bancos,0.00,59875.72,Pago factura INV-00227,INV-00227,CC-100 Operaciones,Bruno Garcia 02 00001102
1359,2026-06-02,1180,IVA acreditable,9228.32,0.00,Registro factura INV-00021,INV-00021,CC-100 Operaciones,Diego Luna 10 00001102
1360,2026-02-16,2100,Cuentas por pagar,40449.20,0.00,Pago factura INV-00125,INV-00125,CC-100 Operaciones,Bruno Garcia 02 00001102
1361,2026-02-18,2100,Cuentas por pagar,101264.52,0.00,Pago factura INV-00359,INV-00359,CC-100 Operaciones,Bruno Garcia 02 00001102
1362,2026-06-27,5000,Gastos operativos,14044.00,0.00,Registro factura INV-00063,INV-00063,CC-100 Operaciones,Carla Soto 03 00001102
1363,2026-05-31,5000,Gastos operativos,67997.00,0.00,Registro factura INV-00247,INV-00247,CC-100 Operaciones,Bruno Garcia 08 00001102
1364,2026-04-28,5000,Gastos operativos,94624.00,0.00,Registro factura INV-00251,INV-00251,CC-100 Operaciones,Ana Ruiz 07 00001102
1365,2026-02-13,5000,Gastos operativos,66314.00,0.00,Registro factura INV-00044,INV-00044,CC-100 Operaciones,Carla Soto 09 00001102
1366,2026-02-15,1180,IVA acreditable,6094.56,0.00,Registro factura INV-00146,INV-00146,CC-100 Operaciones,Carla Soto 09 00001102
1367,2026-05-25,1180,IVA acreditable,6232.32,0.00,Registro factura INV-00015,INV-00015,CC-100 Operaciones,Bruno Garcia 08 00001102
1368,2026-03-22,1180,IVA acreditable,5390.88,0.00,Registro factura INV-00282,INV-00282,CC-100 Operaciones,Fabian Rios 06 00001102
1369,2026-05-19,2100,Cuentas por pagar,0.00,22008.68,Registro factura INV-00268,INV-00268,CC-100 Operaciones,Bruno Garcia 02 00001102
1370,2026-01-10,5000,Gastos operativos,16300.00,0.00,Registro factura INV-00320,INV-00320,CC-100 Operaciones,Ana Ruiz 07 00001102
1371,2026-05-21,1020,Bancos,0.00,95870.52,Pago factura INV-00297,INV-00297,CC-100 Operaciones,Bruno Garcia 02 00001102
1372,2026-06-04,1020,Bancos,0.00,108738.40,Pago factura INV-00191,INV-00191,CC-100 Operaciones,Bruno Garcia 02 00001102
1373,2026-06-17,1180,IVA acreditable,6228.48,0.00,Registro factura INV-00269,INV-00269,CC-100 Operaciones,Carla Soto 09 00001102
1374,2026-04-04,1180,IVA acreditable,11626.56,0.00,Registro factura INV-00049,INV-00049,CC-100 Operaciones,Carla Soto 09 00001102
1375,2026-01-09,5000,Gastos operativos,57047.00,0.00,Registro factura INV-00189,INV-00189,CC-100 Operaciones,Bruno Garcia 02 00001102
1376,2026-06-24,1180,IVA acreditable,13542.72,0.00,Registro factura INV-00324,INV-00324,CC-100 Operaciones,Bruno Garcia 02 00001102
1377,2026-03-18,2100,Cuentas por pagar,21948.36,0.00,Pago factura INV-00053,INV-00053,CC-100 Operaciones,Bruno Garcia 02 00001102
1378,2026-05-23,5000,Gastos operativos,39566.00,0.00,Registro factura INV-00285,INV-00285,CC-100 Operaciones,Fabian Rios 06 00001102
1379,2026-04-07,5000,Gastos operativos,20328.00,0.00,Registro factura INV-00117,INV-00117,CC-100 Operaciones,Diego Luna 10 00001102
1380,2026-04-09,1180,IVA acreditable,3483.04,0.00,Registro factura INV-00084,INV-00084,CC-100 Operaciones,Diego Luna 04 00001102
1381,2026-02-06,5000,Gastos operativos,19567.00,0.00,Registro factura INV-00360,INV-00360,CC-100 Operaciones,Diego Luna 04 00001102
1382,2026-01-19,1180,IVA acreditable,3600.00,0.00,Registro factura INV-00176,INV-00176,CC-100 Operaciones,Carla Soto 09 00001102
1383,2026-01-24,5000,Gastos operativos,48926.00,0.00,Registro factura INV-00098,INV-00098,CC-100 Operaciones,Ana Ruiz 07 00001102
1384,2026-03-08,1180,IVA acreditable,3027.36,0.00,Registro factura INV-00053,INV-00053,CC-100 Operaciones,Fabian Rios 06 00001102
1385,2026-05-12,1180,IVA acreditable,12996.48,0.00,Registro factura INV-00040,INV-00040,CC-100 Operaciones,Ana Ruiz 07 00001102
1386,2026-05-13,1020,Bancos,0.00,58759.80,Pago factura INV-00140,INV-00140,CC-100 Operaciones,Bruno Garcia 02 00001102
1387,2026-03-24,2100,Cuentas por pagar,0.00,109040.00,Registro factura INV-00264,INV-00264,CC-100 Operaciones,Diego Luna 10 00001102
1388,2026-03-11,2100,Cuentas por pagar,0.00,63863.80,Registro factura INV-00351,INV-00351,CC-100 Operaciones,Elena Mora 05 00001102
1389,2026-05-08,2100,Cuentas por pagar,0.00,82733.52,Registro factura INV-00009,INV-00009,CC-100 Operaciones,Carla Soto 09 00001102
1390,2026-01-14,1180,IVA acreditable,12630.56,0.00,Registro factura INV-00170,INV-00170,CC-100 Operaciones,Carla Soto 03 00001102
1391,2026-03-12,1020,Bancos,0.00,29187.45,Pago factura INV-00343,INV-00343,CC-100 Operaciones,Bruno Garcia 02 00001102
1392,2026-05-27,2100,Cuentas por pagar,27684.56,0.00,Pago factura INV-00027,INV-00027,CC-100 Operaciones,Bruno Garcia 02 00001102
1393,2026-04-22,1180,IVA acreditable,12885.92,0.00,Registro factura INV-00213,INV-00213,CC-100 Operaciones,Elena Mora 05 00001102
1394,2026-02-14,2100,Cuentas por pagar,19878.92,0.00,Pago factura INV-00168,INV-00168,CC-100 Operaciones,Bruno Garcia 02 00001102
1395,2026-02-20,5000,Gastos operativos,22313.00,0.00,Registro factura INV-00316,INV-00316,CC-100 Operaciones,Bruno Garcia 02 00001102
1396,2026-01-24,2100,Cuentas por pagar,91571.56,0.00,Pago factura INV-00170,INV-00170,CC-100 Operaciones,Bruno Garcia 02 00001102
1397,2026-05-11,5000,Gastos operativos,82647.00,0.00,Registro factura INV-00297,INV-00297,CC-100 Operaciones,Bruno Garcia 08 00001102
1398,2026-02-05,5000,Gastos operativos,79890.00,0.00,Registro factura INV-00065,INV-00065,CC-100 Operaciones,Ana Ruiz 07 00001102
1399,2026-04-01,5000,Gastos operativos,45436.00,0.00,Registro factura INV-00319,INV-00319,CC-100 Operaciones,Diego Luna 10 00001102
1400,2026-05-20,2100,Cuentas por pagar,0.00,99720.56,Registro factura INV-00038,INV-00038,CC-100 Operaciones,Ana Ruiz 07 00001102
1401,2026-03-12,2100,Cuentas por pagar,15535.41,0.00,Pago factura INV-00258,INV-00258,CC-100 Operaciones,Bruno Garcia 02 00001102
1402,2026-04-26,2100,Cuentas por pagar,0.00,41180.00,Registro factura INV-00248,INV-00248,CC-100 Operaciones,Carla Soto 03 00001102
1403,2026-05-19,1020,Bancos,0.00,33118.00,Pago factura INV-00108,INV-00108,CC-100 Operaciones,Bruno Garcia 02 00001102
1404,2026-05-10,2100,Cuentas por pagar,0.00,50863.68,Registro factura INV-00237,INV-00237,CC-100 Operaciones,Carla Soto 03 00001102
1405,2026-05-22,1020,Bancos,0.00,28591.68,Pago factura INV-00199,INV-00199,CC-100 Operaciones,Bruno Garcia 02 00001102
1406,2026-01-14,1180,IVA acreditable,8788.80,0.00,Registro factura INV-00200,INV-00200,CC-100 Operaciones,Elena Mora 05 00001102
1407,2026-03-05,2100,Cuentas por pagar,0.00,22523.72,Registro factura INV-00163,INV-00163,CC-100 Operaciones,Ana Ruiz 07 00001102
1408,2026-03-02,5000,Gastos operativos,78200.00,0.00,Registro factura INV-00179,INV-00179,CC-100 Operaciones,Fabian Rios 06 00001102
1409,2026-03-24,5000,Gastos operativos,82704.00,0.00,Registro factura INV-00039,INV-00039,CC-100 Operaciones,Bruno Garcia 08 00001102
1410,2026-02-18,2100,Cuentas por pagar,0.00,31229.52,Registro factura INV-00057,INV-00057,CC-100 Operaciones,Bruno Garcia 02 00001102
1411,2026-04-20,2100,Cuentas por pagar,0.00,17786.28,Registro factura INV-00215,INV-00215,CC-100 Operaciones,Elena Mora 05 00001102
1412,2026-06-20,1020,Bancos,0.00,75359.40,Pago factura INV-00244,INV-00244,CC-100 Operaciones,Bruno Garcia 02 00001102
1413,2026-01-17,5000,Gastos operativos,89523.00,0.00,Registro factura INV-00133,INV-00133,CC-100 Operaciones,Diego Luna 04 00001102
1414,2026-03-14,1180,IVA acreditable,10071.84,0.00,Registro factura INV-00275,INV-00275,CC-100 Operaciones,Fabian Rios 06 00001102
1415,2026-05-24,1180,IVA acreditable,9693.28,0.00,Registro factura INV-00180,INV-00180,CC-100 Operaciones,Elena Mora 05 00001102
1416,2026-01-23,1020,Bancos,0.00,19458.31,Pago factura INV-00029,INV-00029,CC-100 Operaciones,Bruno Garcia 02 00001102
1417,2026-04-14,1180,IVA acreditable,4123.84,0.00,Registro factura INV-00085,INV-00085,CC-100 Operaciones,Ana Ruiz 07 00001102
1418,2026-05-15,5000,Gastos operativos,48372.00,0.00,Registro factura INV-00307,INV-00307,CC-100 Operaciones,Diego Luna 04 00001102
1419,2026-05-29,1180,IVA acreditable,4359.68,0.00,Registro factura INV-00083,INV-00083,CC-100 Operaciones,Diego Luna 04 00001102
1420,2026-01-21,2100,Cuentas por pagar,0.00,32309.48,Registro factura INV-00288,INV-00288,CC-100 Operaciones,Bruno Garcia 08 00001102
1421,2026-05-23,1020,Bancos,0.00,52092.12,Pago factura INV-00271,INV-00271,CC-100 Operaciones,Bruno Garcia 02 00001102
1422,2026-05-22,5000,Gastos operativos,31434.00,0.00,Registro factura INV-00099,INV-00099,CC-100 Operaciones,Ana Ruiz 01 00001102
1423,2026-05-27,5000,Gastos operativos,47273.00,0.00,Registro factura INV-00184,INV-00184,CC-100 Operaciones,Diego Luna 04 00001102
1424,2026-04-25,1020,Bancos,0.00,14874.68,Pago factura INV-00322,INV-00322,CC-100 Operaciones,Bruno Garcia 02 00001102
1425,2026-06-21,2100,Cuentas por pagar,0.00,105566.96,Registro factura INV-00091,INV-00091,CC-100 Operaciones,Elena Mora 05 00001102
1426,2026-02-03,2100,Cuentas por pagar,0.00,102048.68,Registro factura INV-00355,INV-00355,CC-100 Operaciones,Elena Mora 05 00001102
1427,2026-03-23,1180,IVA acreditable,6588.16,0.00,Registro factura INV-00106,INV-00106,CC-100 Operaciones,Elena Mora 05 00001102
1428,2026-03-15,2100,Cuentas por pagar,22523.72,0.00,Pago factura INV-00163,INV-00163,CC-100 Operaciones,Bruno Garcia 02 00001102
1429,2026-06-05,2100,Cuentas por pagar,54038.60,0.00,Pago factura INV-00092,INV-00092,CC-100 Operaciones,Bruno Garcia 02 00001102
1430,2026-01-13,2100,Cuentas por pagar,0.00,13944.36,Registro factura INV-00211,INV-00211,CC-100 Operaciones,Bruno Garcia 08 00001102
1431,2026-01-15,2100,Cuentas por pagar,0.00,64239.64,Registro factura INV-00349,INV-00349,CC-100 Operaciones,Bruno Garcia 02 00001102
1432,2026-06-05,5000,Gastos operativos,41936.00,0.00,Registro factura INV-00006,INV-00006,CC-100 Operaciones,Ana Ruiz 07 00001102
1433,2026-03-03,1180,IVA acreditable,4128.64,0.00,Registro factura INV-00171,INV-00171,CC-100 Operaciones,Elena Mora 05 00001102
1434,2026-03-04,2100,Cuentas por pagar,38309.00,0.00,Pago factura INV-00030,INV-00030,CC-100 Operaciones,Bruno Garcia 02 00001102
1435,2026-05-24,1020,Bancos,0.00,92972.84,Pago factura INV-00026,INV-00026,CC-100 Operaciones,Bruno Garcia 02 00001102
1436,2026-04-03,1180,IVA acreditable,7848.96,0.00,Registro factura INV-00118,INV-00118,CC-100 Operaciones,Diego Luna 04 00001102
1437,2026-01-24,2100,Cuentas por pagar,0.00,106549.48,Registro factura INV-00138,INV-00138,CC-100 Operaciones,Carla Soto 09 00001102
1438,2026-06-12,2100,Cuentas por pagar,75771.20,0.00,Pago factura INV-00152,INV-00152,CC-100 Operaciones,Bruno Garcia 02 00001102
1439,2026-03-10,1020,Bancos,0.00,104545.00,Pago factura INV-00270,INV-00270,CC-100 Operaciones,Bruno Garcia 02 00001102
1440,2026-05-28,2100,Cuentas por pagar,37601.40,0.00,Pago factura INV-00045,INV-00045,CC-100 Operaciones,Bruno Garcia 02 00001102
1441,2026-04-09,2100,Cuentas por pagar,0.00,25252.04,Registro factura INV-00084,INV-00084,CC-100 Operaciones,Diego Luna 04 00001102
1442,2026-03-06,5000,Gastos operativos,88939.00,0.00,Registro factura INV-00103,INV-00103,CC-100 Operaciones,Diego Luna 04 00001102
1443,2026-05-19,2100,Cuentas por pagar,33118.00,0.00,Pago factura INV-00108,INV-00108,CC-100 Operaciones,Bruno Garcia 02 00001102
1444,2026-01-30,4000,Ingresos por servicios,0.00,38000.00,Registro venta INV-00102,INV-00102,CC-100 Operaciones,Bruno Garcia 02 00001102
1445,2026-04-02,1020,Bancos,0.00,47764.16,Pago factura INV-00106,INV-00106,CC-100 Operaciones,Bruno Garcia 02 00001102
1446,2026-06-05,1180,IVA acreditable,14047.36,0.00,Registro factura INV-00028,INV-00028,CC-100 Operaciones,Carla Soto 09 00001102
1447,2026-05-01,1180,IVA acreditable,5210.08,0.00,Registro factura INV-00296,INV-00296,CC-100 Operaciones,Diego Luna 04 00001102
1448,2026-02-10,1020,Bancos,0.00,76913.80,Pago factura INV-00046,INV-00046,CC-100 Operaciones,Bruno Garcia 02 00001102
1449,2026-06-18,1180,IVA acreditable,7188.64,0.00,Registro factura INV-00303,INV-00303,CC-100 Operaciones,Diego Luna 04 00001102
1450,2026-04-11,2100,Cuentas por pagar,96063.08,0.00,Pago factura INV-00331,INV-00331,CC-100 Operaciones,Bruno Garcia 02 00001102
1451,2026-03-14,2100,Cuentas por pagar,104238.76,0.00,Pago factura INV-00014,INV-00014,CC-100 Operaciones,Bruno Garcia 02 00001102
1452,2026-06-16,5000,Gastos operativos,42877.00,0.00,Registro factura INV-00096,INV-00096,CC-100 Operaciones,Bruno Garcia 02 00001102
1453,2026-03-21,2100,Cuentas por pagar,80111.92,0.00,Pago factura INV-00077,INV-00077,CC-100 Operaciones,Bruno Garcia 02 00001102
1454,2026-02-25,5000,Gastos operativos,75221.00,0.00,Registro factura INV-00104,INV-00104,CC-100 Operaciones,Elena Mora 05 00001102
1455,2026-04-05,2100,Cuentas por pagar,0.00,100756.44,Registro factura INV-00016,INV-00016,CC-100 Operaciones,Bruno Garcia 08 00001102
1456,2026-01-28,5000,Gastos operativos,42279.00,0.00,Registro factura INV-00159,INV-00159,CC-100 Operaciones,Elena Mora 05 00001102
1457,2026-06-01,1180,IVA acreditable,9872.16,0.00,Registro factura INV-00267,INV-00267,CC-100 Operaciones,Elena Mora 05 00001102
1458,2026-03-17,1180,IVA acreditable,8812.96,0.00,Registro factura INV-00032,INV-00032,CC-100 Operaciones,Elena Mora 05 00001102
1459,2026-04-28,2100,Cuentas por pagar,0.00,109763.84,Registro factura INV-00251,INV-00251,CC-100 Operaciones,Ana Ruiz 07 00001102
1460,2026-03-14,1020,Bancos,0.00,104238.76,Pago factura INV-00014,INV-00014,CC-100 Operaciones,Bruno Garcia 02 00001102
1461,2026-06-16,2100,Cuentas por pagar,75564.72,0.00,Pago factura INV-00078,INV-00078,CC-100 Operaciones,Bruno Garcia 02 00001102
1462,2026-06-09,1180,IVA acreditable,8960.00,0.00,Registro factura INV-00075,INV-00075,CC-100 Operaciones,Ana Ruiz 07 00001102
1463,2026-06-01,1180,IVA acreditable,12377.60,0.00,Registro factura INV-00115,INV-00115,CC-100 Operaciones,Carla Soto 03 00001102
1464,2026-02-02,1180,IVA acreditable,6720.32,0.00,Registro factura INV-00001,INV-00001,CC-100 Operaciones,Bruno Garcia 08 00001102
1465,2026-06-20,2100,Cuentas por pagar,27105.72,0.00,Pago factura INV-00024,INV-00024,CC-100 Operaciones,Bruno Garcia 02 00001102
1466,2026-02-22,1180,IVA acreditable,5284.00,0.00,Registro factura INV-00030,INV-00030,CC-100 Operaciones,Diego Luna 04 00001102
1467,2026-02-10,1180,IVA acreditable,5665.44,0.00,Registro factura INV-00242,INV-00242,CC-100 Operaciones,Diego Luna 10 00001102
1468,2026-01-05,1180,IVA acreditable,4804.80,0.00,Registro factura INV-00088,INV-00088,CC-100 Operaciones,Bruno Garcia 08 00001102
1469,2026-06-18,1180,IVA acreditable,8789.92,0.00,Registro factura INV-00278,INV-00278,CC-100 Operaciones,Fabian Rios 06 00001102
1470,2026-02-05,1180,IVA acreditable,6709.76,0.00,Registro factura INV-00059,INV-00059,CC-100 Operaciones,Carla Soto 03 00001102
1471,2026-06-15,1020,Bancos,0.00,101843.36,Pago factura INV-00028,INV-00028,CC-100 Operaciones,Bruno Garcia 02 00001102
1472,2026-01-17,2100,Cuentas por pagar,0.00,88695.92,Registro factura INV-00167,INV-00167,CC-100 Operaciones,Bruno Garcia 02 00001102
1473,2026-03-20,1020,Bancos,0.00,64425.24,Pago factura INV-00219,INV-00219,CC-100 Operaciones,Bruno Garcia 02 00001102
1474,2026-02-03,1020,Bancos,0.00,56754.16,Pago factura INV-00098,INV-00098,CC-100 Operaciones,Bruno Garcia 02 00001102
1475,2026-02-28,2100,Cuentas por pagar,19332.56,0.00,Pago factura INV-00025,INV-00025,CC-100 Operaciones,Bruno Garcia 02 00001102
1476,2026-04-12,2100,Cuentas por pagar,105282.76,0.00,Pago factura INV-00120,INV-00120,CC-100 Operaciones,Bruno Garcia 02 00001102
1477,2026-05-24,1020,Bancos,0.00,50089.96,Pago factura INV-00305,INV-00305,CC-100 Operaciones,Bruno Garcia 02 00001102
1478,2026-02-24,2100,Cuentas por pagar,21941.40,0.00,Pago factura INV-00064,INV-00064,CC-100 Operaciones,Bruno Garcia 02 00001102
1479,2026-04-15,1020,Bancos,0.00,79925.16,Pago factura INV-00112,INV-00112,CC-100 Operaciones,Bruno Garcia 02 00001102
1480,2026-01-30,5000,Gastos operativos,16706.00,0.00,Registro factura INV-00144,INV-00144,CC-100 Operaciones,Ana Ruiz 07 00001102
1481,2026-03-16,2100,Cuentas por pagar,50723.32,0.00,Pago factura INV-00194,INV-00194,CC-100 Operaciones,Bruno Garcia 02 00001102
1482,2026-03-12,2100,Cuentas por pagar,20900.88,0.00,Pago factura INV-00148,INV-00148,CC-100 Operaciones,Bruno Garcia 02 00001102
1483,2026-06-30,1020,Bancos,0.00,53495.72,Pago factura INV-00062,INV-00062,CC-100 Operaciones,Bruno Garcia 02 00001102
1484,2026-01-05,5000,Gastos operativos,22321.00,0.00,Registro factura INV-00291,INV-00291,CC-100 Operaciones,Diego Luna 04 00001102
1485,2026-02-10,1180,IVA acreditable,3142.40,0.00,Registro factura INV-00346,INV-00346,CC-100 Operaciones,Bruno Garcia 08 00001102
1486,2026-03-01,2100,Cuentas por pagar,70668.36,0.00,Pago factura INV-00298,INV-00298,CC-100 Operaciones,Bruno Garcia 02 00001102
1487,2026-04-21,5000,Gastos operativos,86547.00,0.00,Registro factura INV-00190,INV-00190,CC-100 Operaciones,Diego Luna 10 00001102
1488,2026-05-23,1020,Bancos,0.00,13933.92,Pago factura INV-00042,INV-00042,CC-100 Operaciones,Bruno Garcia 02 00001102
1489,2026-01-26,1020,Bancos,0.00,42910.72,Pago factura INV-00221,INV-00221,CC-100 Operaciones,Bruno Garcia 02 00001102
1490,2026-02-27,1020,Bancos,0.00,19109.84,Pago factura INV-00281,INV-00281,CC-100 Operaciones,Bruno Garcia 02 00001102
1491,2026-04-11,1180,IVA acreditable,14878.40,0.00,Registro factura INV-00173,INV-00173,CC-100 Operaciones,Diego Luna 04 00001102
1492,2026-02-15,5000,Gastos operativos,93665.00,0.00,Registro factura INV-00182,INV-00182,CC-100 Operaciones,Ana Ruiz 01 00001102
1493,2026-06-12,2100,Cuentas por pagar,0.00,25779.84,Registro factura INV-00111,INV-00111,CC-100 Operaciones,Diego Luna 04 00001102
1494,2026-04-28,2100,Cuentas por pagar,108614.28,0.00,Pago factura INV-00240,INV-00240,CC-100 Operaciones,Bruno Garcia 02 00001102
1495,2026-04-04,2100,Cuentas por pagar,40345.96,0.00,Pago factura INV-00166,INV-00166,CC-100 Operaciones,Bruno Garcia 02 00001102
1496,2026-02-11,2100,Cuentas por pagar,58604.36,0.00,Pago factura INV-00294,INV-00294,CC-100 Operaciones,Bruno Garcia 02 00001102
1497,2026-05-24,2100,Cuentas por pagar,50089.96,0.00,Pago factura INV-00305,INV-00305,CC-100 Operaciones,Bruno Garcia 02 00001102
1498,2026-02-12,1180,IVA acreditable,8436.64,0.00,Registro factura INV-00266,INV-00266,CC-100 Operaciones,Diego Luna 10 00001102
1499,2026-03-07,1020,Bancos,0.00,87256.36,Pago factura INV-00104,INV-00104,CC-100 Operaciones,Bruno Garcia 02 00001102
1500,2026-04-17,1180,IVA acreditable,5368.00,0.00,Registro factura INV-00132,INV-00132,CC-100 Operaciones,Fabian Rios 06 00001102
1501,2026-05-04,1180,IVA acreditable,6994.24,0.00,Registro factura INV-00259,INV-00259,CC-100 Operaciones,Elena Mora 05 00001102
1502,2026-06-09,2100,Cuentas por pagar,0.00,91034.48,Registro factura INV-00256,INV-00256,CC-100 Operaciones,Elena Mora 05 00001102
1503,2026-06-25,1020,Bancos,0.00,90115.76,Pago factura INV-00061,INV-00061,CC-100 Operaciones,Bruno Garcia 02 00001102
1504,2026-06-02,1020,Bancos,0.00,45896.56,Pago factura INV-00285,INV-00285,CC-100 Operaciones,Bruno Garcia 02 00001102
1505,2026-06-09,5000,Gastos operativos,56000.00,0.00,Registro factura INV-00075,INV-00075,CC-100 Operaciones,Ana Ruiz 07 00001102
1506,2026-06-03,5000,Gastos operativos,33537.00,0.00,Registro factura INV-00299,INV-00299,CC-100 Operaciones,Carla Soto 09 00001102
1507,2026-03-18,2100,Cuentas por pagar,0.00,14314.40,Registro factura INV-00181,INV-00181,CC-100 Operaciones,Bruno Garcia 02 00001102
1508,2026-03-11,5000,Gastos operativos,69062.00,0.00,Registro factura INV-00077,INV-00077,CC-100 Operaciones,Ana Ruiz 07 00001102
1509,2026-02-23,2100,Cuentas por pagar,0.00,67637.28,Registro factura INV-00239,INV-00239,CC-100 Operaciones,Ana Ruiz 01 00001102
1510,2026-02-05,5000,Gastos operativos,22321.00,0.00,Registro factura INV-00066,INV-00066,CC-100 Operaciones,Elena Mora 05 00001102
1511,2026-05-26,5000,Gastos operativos,25142.00,0.00,Registro factura INV-00022,INV-00022,CC-100 Operaciones,Elena Mora 05 00001102
1512,2026-03-12,2100,Cuentas por pagar,0.00,91467.16,Registro factura INV-00229,INV-00229,CC-100 Operaciones,Diego Luna 04 00001102
1513,2026-03-07,1180,IVA acreditable,12061.76,0.00,Registro factura INV-00209,INV-00209,CC-100 Operaciones,Carla Soto 09 00001102
1514,2026-01-27,2100,Cuentas por pagar,88695.92,0.00,Pago factura INV-00167,INV-00167,CC-100 Operaciones,Bruno Garcia 02 00001102
1515,2026-05-26,1020,Bancos,0.00,83768.24,Pago factura INV-00289,INV-00289,CC-100 Operaciones,Bruno Garcia 02 00001102
1516,2026-03-17,2100,Cuentas por pagar,0.00,63893.96,Registro factura INV-00032,INV-00032,CC-100 Operaciones,Elena Mora 05 00001102
1517,2026-02-05,1020,Bancos,0.00,83685.88,Pago factura INV-00056,INV-00056,CC-100 Operaciones,Bruno Garcia 02 00001102
1518,2026-03-10,2100,Cuentas por pagar,80942.48,0.00,Pago factura INV-00301,INV-00301,CC-100 Operaciones,Bruno Garcia 02 00001102
1519,2026-01-20,2100,Cuentas por pagar,18908.00,0.00,Pago factura INV-00320,INV-00320,CC-100 Operaciones,Bruno Garcia 02 00001102
1520,2026-03-30,1180,IVA acreditable,12205.76,0.00,Registro factura INV-00155,INV-00155,CC-100 Operaciones,Diego Luna 10 00001102
1521,2026-03-10,2100,Cuentas por pagar,104545.00,0.00,Pago factura INV-00270,INV-00270,CC-100 Operaciones,Bruno Garcia 02 00001102
1522,2026-06-30,1020,Bancos,0.00,105566.96,Pago factura INV-00091,INV-00091,CC-100 Operaciones,Bruno Garcia 02 00001102
1523,2026-05-12,2100,Cuentas por pagar,0.00,28591.68,Registro factura INV-00199,INV-00199,CC-100 Operaciones,Elena Mora 05 00001102
1524,2026-01-16,2100,Cuentas por pagar,0.00,42910.72,Registro factura INV-00221,INV-00221,CC-100 Operaciones,Ana Ruiz 07 00001102
1525,2026-06-30,1020,Bancos,0.00,33559.96,Pago factura INV-00345,INV-00345,CC-100 Operaciones,Bruno Garcia 02 00001102
1526,2026-06-15,1180,IVA acreditable,7714.40,0.00,Registro factura INV-00263,INV-00263,CC-100 Operaciones,Elena Mora 05 00001102
1527,2026-03-08,5000,Gastos operativos,83534.00,0.00,Registro factura INV-00293,INV-00293,CC-100 Operaciones,Bruno Garcia 08 00001102
1528,2026-01-16,5000,Gastos operativos,36992.00,0.00,Registro factura INV-00221,INV-00221,CC-100 Operaciones,Ana Ruiz 07 00001102
1529,2026-03-26,2100,Cuentas por pagar,57565.00,0.00,Pago factura INV-00162,INV-00162,CC-100 Operaciones,Bruno Garcia 02 00001102
1530,2026-02-06,2100,Cuentas por pagar,35695.52,0.00,Pago factura INV-00352,INV-00352,CC-100 Operaciones,Bruno Garcia 02 00001102
1531,2026-04-06,2100,Cuentas por pagar,0.00,82768.32,Registro factura INV-00210,INV-00210,CC-100 Operaciones,Elena Mora 05 00001102
1532,2026-03-21,1180,IVA acreditable,1984.96,0.00,Registro factura INV-00220,INV-00220,CC-100 Operaciones,Carla Soto 09 00001102
1533,2026-05-29,1180,IVA acreditable,13470.88,0.00,Registro factura INV-00203,INV-00203,CC-100 Operaciones,Fabian Rios 06 00001102
1534,2026-02-03,1180,IVA acreditable,12008.96,0.00,Registro factura INV-00185,INV-00185,CC-100 Operaciones,Carla Soto 03 00001102
1535,2026-04-05,1180,IVA acreditable,3571.36,0.00,Registro factura INV-00245,INV-00245,CC-100 Operaciones,Ana Ruiz 07 00001102
1536,2026-03-24,5000,Gastos operativos,94000.00,0.00,Registro factura INV-00264,INV-00264,CC-100 Operaciones,Diego Luna 10 00001102
1537,2026-05-12,1020,Bancos,0.00,29187.45,Pago factura INV-00131,INV-00131,CC-100 Operaciones,Bruno Garcia 02 00001102
1538,2026-06-21,5000,Gastos operativos,28931.00,0.00,Registro factura INV-00345,INV-00345,CC-100 Operaciones,Carla Soto 03 00001102
1539,2026-04-18,1180,IVA acreditable,3362.88,0.00,Registro factura INV-00306,INV-00306,CC-100 Operaciones,Ana Ruiz 01 00001102
1540,2026-02-03,2100,Cuentas por pagar,106549.48,0.00,Pago factura INV-00138,INV-00138,CC-100 Operaciones,Bruno Garcia 02 00001102
1541,2026-01-12,1180,IVA acreditable,2452.80,0.00,Registro factura INV-00257,INV-00257,CC-100 Operaciones,Carla Soto 03 00001102
1542,2026-06-03,2100,Cuentas por pagar,0.00,105057.72,Registro factura INV-00002,INV-00002,CC-100 Operaciones,Ana Ruiz 07 00001102
1543,2026-01-19,5000,Gastos operativos,53165.00,0.00,Registro factura INV-00122,INV-00122,CC-100 Operaciones,Fabian Rios 06 00001102
1544,2026-06-30,2100,Cuentas por pagar,56370.20,0.00,Pago factura INV-00337,INV-00337,CC-100 Operaciones,Bruno Garcia 02 00001102
1545,2026-03-16,1020,Bancos,0.00,103169.24,Pago factura INV-00103,INV-00103,CC-100 Operaciones,Bruno Garcia 02 00001102
1546,2026-04-15,5000,Gastos operativos,12823.00,0.00,Registro factura INV-00322,INV-00322,CC-100 Operaciones,Diego Luna 10 00001102
1547,2026-01-23,1180,IVA acreditable,12670.88,0.00,Registro factura INV-00325,INV-00325,CC-100 Operaciones,Bruno Garcia 02 00001102
1548,2026-04-17,2100,Cuentas por pagar,0.00,49025.08,Registro factura INV-00228,INV-00228,CC-100 Operaciones,Diego Luna 04 00001102
1549,2026-01-27,2100,Cuentas por pagar,103846.68,0.00,Pago factura INV-00133,INV-00133,CC-100 Operaciones,Bruno Garcia 02 00001102
1550,2026-06-30,1020,Bancos,0.00,106424.20,Pago factura INV-00196,INV-00196,CC-100 Operaciones,Bruno Garcia 02 00001102
1551,2026-02-06,2100,Cuentas por pagar,0.00,40449.20,Registro factura INV-00125,INV-00125,CC-100 Operaciones,Bruno Garcia 02 00001102
1552,2026-03-07,2100,Cuentas por pagar,0.00,87447.76,Registro factura INV-00209,INV-00209,CC-100 Operaciones,Carla Soto 09 00001102
1553,2026-02-08,2100,Cuentas por pagar,0.00,101264.52,Registro factura INV-00359,INV-00359,CC-100 Operaciones,Diego Luna 04 00001102
1554,2026-04-23,2100,Cuentas por pagar,0.00,34936.88,Registro factura INV-00013,INV-00013,CC-100 Operaciones,Diego Luna 04 00001102
1555,2026-06-19,2100,Cuentas por pagar,0.00,75592.56,Registro factura INV-00123,INV-00123,CC-100 Operaciones,Ana Ruiz 01 00001102
1556,2026-03-04,2100,Cuentas por pagar,0.00,66017.92,Registro factura INV-00010,INV-00010,CC-100 Operaciones,Bruno Garcia 02 00001102
1557,2026-06-30,2100,Cuentas por pagar,106424.20,0.00,Pago factura INV-00196,INV-00196,CC-100 Operaciones,Bruno Garcia 02 00001102
1558,2026-02-15,2100,Cuentas por pagar,25892.36,0.00,Pago factura INV-00066,INV-00066,CC-100 Operaciones,Bruno Garcia 02 00001102
1559,2026-03-30,1020,Bancos,0.00,23171.00,Pago factura INV-00136,INV-00136,CC-100 Operaciones,Bruno Garcia 02 00001102
1560,2026-04-17,2100,Cuentas por pagar,0.00,38918.00,Registro factura INV-00132,INV-00132,CC-100 Operaciones,Fabian Rios 06 00001102
1561,2026-06-15,1020,Bancos,0.00,34834.80,Pago factura INV-00202,INV-00202,CC-100 Operaciones,Bruno Garcia 02 00001102
1562,2026-04-23,5000,Gastos operativos,30118.00,0.00,Registro factura INV-00013,INV-00013,CC-100 Operaciones,Diego Luna 04 00001102
1563,2026-05-12,1020,Bancos,0.00,15535.41,Pago factura INV-00208,INV-00208,CC-100 Operaciones,Bruno Garcia 02 00001102
1564,2026-04-16,2100,Cuentas por pagar,95680.28,0.00,Pago factura INV-00272,INV-00272,CC-100 Operaciones,Bruno Garcia 02 00001102
1565,2026-02-15,1020,Bancos,0.00,57003.56,Pago factura INV-00342,INV-00342,CC-100 Operaciones,Bruno Garcia 02 00001102
1566,2026-01-30,1180,IVA acreditable,5872.00,0.00,Registro factura INV-00135,INV-00135,CC-100 Operaciones,Carla Soto 09 00001102
1567,2026-03-17,2100,Cuentas por pagar,33990.32,0.00,Pago factura INV-00058,INV-00058,CC-100 Operaciones,Bruno Garcia 02 00001102
1568,2026-05-08,1180,IVA acreditable,11411.52,0.00,Registro factura INV-00009,INV-00009,CC-100 Operaciones,Carla Soto 09 00001102
1569,2026-06-30,1020,Bancos,0.00,22127.00,Pago factura INV-00195,INV-00195,CC-100 Operaciones,Bruno Garcia 02 00001102
1570,2026-03-16,1180,IVA acreditable,10061.28,0.00,Registro factura INV-00161,INV-00161,CC-100 Operaciones,Bruno Garcia 08 00001102
1571,2026-06-05,1180,IVA acreditable,4804.80,0.00,Registro factura INV-00202,INV-00202,CC-100 Operaciones,Carla Soto 03 00001102
1572,2026-02-22,1180,IVA acreditable,2991.68,0.00,Registro factura INV-00249,INV-00249,CC-100 Operaciones,Fabian Rios 06 00001102
1573,2026-06-24,1020,Bancos,0.00,25018.88,Pago factura INV-00276,INV-00276,CC-100 Operaciones,Bruno Garcia 02 00001102
1574,2026-02-07,1020,Bancos,0.00,49043.64,Pago factura INV-00159,INV-00159,CC-100 Operaciones,Bruno Garcia 02 00001102
1575,2026-05-25,5000,Gastos operativos,93740.00,0.00,Registro factura INV-00191,INV-00191,CC-100 Operaciones,Diego Luna 10 00001102
1576,2026-06-16,5000,Gastos operativos,79317.00,0.00,Registro factura INV-00070,INV-00070,CC-100 Operaciones,Diego Luna 10 00001102
1577,2026-03-09,2100,Cuentas por pagar,34332.52,0.00,Pago factura INV-00218,INV-00218,CC-100 Operaciones,Bruno Garcia 02 00001102
1578,2026-04-24,5000,Gastos operativos,72652.00,0.00,Registro factura INV-00036,INV-00036,CC-100 Operaciones,Carla Soto 09 00001102
1579,2026-04-19,1020,Bancos,0.00,106436.96,Pago factura INV-00147,INV-00147,CC-100 Operaciones,Bruno Garcia 02 00001102
1580,2026-02-13,1020,Bancos,0.00,87064.96,Pago factura INV-00185,INV-00185,CC-100 Operaciones,Bruno Garcia 02 00001102
1581,2026-03-28,5000,Gastos operativos,53271.00,0.00,Registro factura INV-00309,INV-00309,CC-100 Operaciones,Diego Luna 04 00001102
1582,2026-01-24,5000,Gastos operativos,91853.00,0.00,Registro factura INV-00138,INV-00138,CC-100 Operaciones,Carla Soto 09 00001102
1583,2026-05-02,1180,IVA acreditable,7971.52,0.00,Registro factura INV-00037,INV-00037,CC-100 Operaciones,Carla Soto 03 00001102
1584,2026-02-01,1020,Bancos,0.00,90341.96,Pago factura INV-00323,INV-00323,CC-100 Operaciones,Bruno Garcia 02 00001102
1585,2026-05-03,1180,IVA acreditable,8104.80,0.00,Registro factura INV-00140,INV-00140,CC-100 Operaciones,Fabian Rios 06 00001102
1586,2026-04-07,2100,Cuentas por pagar,61794.36,0.00,Pago factura INV-00309,INV-00309,CC-100 Operaciones,Bruno Garcia 02 00001102
1587,2026-04-26,5000,Gastos operativos,35500.00,0.00,Registro factura INV-00248,INV-00248,CC-100 Operaciones,Carla Soto 03 00001102
1588,2026-05-31,1020,Bancos,0.00,84588.36,Pago factura INV-00206,INV-00206,CC-100 Operaciones,Bruno Garcia 02 00001102
1589,2026-04-07,2100,Cuentas por pagar,0.00,52177.96,Registro factura INV-00023,INV-00023,CC-100 Operaciones,Bruno Garcia 08 00001102
1590,2026-03-03,2100,Cuentas por pagar,21398.52,0.00,Pago factura INV-00339,INV-00339,CC-100 Operaciones,Bruno Garcia 02 00001102
1591,2026-02-20,1180,IVA acreditable,3570.08,0.00,Registro factura INV-00316,INV-00316,CC-100 Operaciones,Bruno Garcia 02 00001102
1592,2026-03-02,5000,Gastos operativos,12819.00,0.00,Registro factura INV-00335,INV-00335,CC-100 Operaciones,Bruno Garcia 08 00001102
1593,2026-01-26,2100,Cuentas por pagar,47156.32,0.00,Pago factura INV-00095,INV-00095,CC-100 Operaciones,Bruno Garcia 02 00001102
1594,2026-02-09,1180,IVA acreditable,7101.92,0.00,Registro factura INV-00198,INV-00198,CC-100 Operaciones,Carla Soto 03 00001102
1595,2026-01-23,2100,Cuentas por pagar,13933.92,0.00,Pago factura INV-00088,INV-00088,CC-100 Operaciones,Bruno Garcia 02 00001102
1596,2026-04-06,5000,Gastos operativos,82483.00,0.00,Registro factura INV-00272,INV-00272,CC-100 Operaciones,Carla Soto 03 00001102
1597,2026-04-02,2100,Cuentas por pagar,47764.16,0.00,Pago factura INV-00106,INV-00106,CC-100 Operaciones,Bruno Garcia 02 00001102
1598,2026-05-05,5000,Gastos operativos,94600.00,0.00,Registro factura INV-00011,INV-00011,CC-100 Operaciones,Diego Luna 10 00001102
1599,2026-04-03,5000,Gastos operativos,49056.00,0.00,Registro factura INV-00118,INV-00118,CC-100 Operaciones,Diego Luna 04 00001102
1600,2026-04-13,2100,Cuentas por pagar,0.00,49907.84,Registro factura INV-00020,INV-00020,CC-100 Operaciones,Bruno Garcia 08 00001102
1601,2026-04-15,1180,IVA acreditable,10089.76,0.00,Registro factura INV-00178,INV-00178,CC-100 Operaciones,Bruno Garcia 02 00001102
1602,2026-02-23,2100,Cuentas por pagar,0.00,39365.76,Registro factura INV-00121,INV-00121,CC-100 Operaciones,Carla Soto 03 00001102
1603,2026-02-13,2100,Cuentas por pagar,0.00,89717.88,Registro factura INV-00273,INV-00273,CC-100 Operaciones,Ana Ruiz 07 00001102
1604,2026-04-23,1180,IVA acreditable,4818.88,0.00,Registro factura INV-00013,INV-00013,CC-100 Operaciones,Diego Luna 04 00001102
1605,2026-04-24,1020,Bancos,0.00,51120.04,Pago factura INV-00080,INV-00080,CC-100 Operaciones,Bruno Garcia 02 00001102
1606,2026-03-19,5000,Gastos operativos,67999.00,0.00,Registro factura INV-00188,INV-00188,CC-100 Operaciones,Carla Soto 09 00001102
1607,2026-05-14,1020,Bancos,0.00,50708.24,Pago factura INV-00259,INV-00259,CC-100 Operaciones,Bruno Garcia 02 00001102
1608,2026-04-11,2100,Cuentas por pagar,0.00,107868.40,Registro factura INV-00173,INV-00173,CC-100 Operaciones,Diego Luna 04 00001102
1609,2026-04-27,1180,IVA acreditable,6701.12,0.00,Registro factura INV-00224,INV-00224,CC-100 Operaciones,Bruno Garcia 08 00001102
1610,2026-03-22,5000,Gastos operativos,86789.00,0.00,Registro factura INV-00308,INV-00308,CC-100 Operaciones,Bruno Garcia 08 00001102
1611,2026-05-14,2100,Cuentas por pagar,0.00,92972.84,Registro factura INV-00026,INV-00026,CC-100 Operaciones,Carla Soto 09 00001102
1612,2026-01-21,1020,Bancos,0.00,92141.12,Pago factura INV-00072,INV-00072,CC-100 Operaciones,Bruno Garcia 02 00001102
1613,2026-02-10,2100,Cuentas por pagar,0.00,22782.40,Registro factura INV-00346,INV-00346,CC-100 Operaciones,Bruno Garcia 08 00001102
1614,2026-03-10,5000,Gastos operativos,45291.00,0.00,Registro factura INV-00262,INV-00262,CC-100 Operaciones,Diego Luna 10 00001102
1615,2026-03-25,2100,Cuentas por pagar,0.00,40345.96,Registro factura INV-00166,INV-00166,CC-100 Operaciones,Ana Ruiz 07 00001102
1616,2026-04-21,1020,Bancos,0.00,107868.40,Pago factura INV-00173,INV-00173,CC-100 Operaciones,Bruno Garcia 02 00001102
1617,2026-05-13,5000,Gastos operativos,30263.00,0.00,Registro factura INV-00142,INV-00142,CC-100 Operaciones,Diego Luna 04 00001102
1618,2026-05-02,2100,Cuentas por pagar,0.00,95550.36,Registro factura INV-00205,INV-00205,CC-100 Operaciones,Ana Ruiz 01 00001102
1619,2026-02-20,1020,Bancos,0.00,41074.44,Pago factura INV-00242,INV-00242,CC-100 Operaciones,Bruno Garcia 02 00001102
1620,2026-03-27,2100,Cuentas por pagar,63893.96,0.00,Pago factura INV-00032,INV-00032,CC-100 Operaciones,Bruno Garcia 02 00001102
1621,2026-06-05,2100,Cuentas por pagar,0.00,48645.76,Registro factura INV-00006,INV-00006,CC-100 Operaciones,Ana Ruiz 07 00001102
1622,2026-05-21,5000,Gastos operativos,51263.00,0.00,Registro factura INV-00174,INV-00174,CC-100 Operaciones,Bruno Garcia 02 00001102
1623,2026-01-24,2100,Cuentas por pagar,0.00,56754.16,Registro factura INV-00098,INV-00098,CC-100 Operaciones,Ana Ruiz 07 00001102
1624,2026-05-10,1020,Bancos,0.00,19438.12,Pago factura INV-00119,INV-00119,CC-100 Operaciones,Bruno Garcia 02 00001102
1625,2026-05-23,1020,Bancos,0.00,19458.31,Pago factura INV-00131,INV-00131,CC-100 Operaciones,Bruno Garcia 02 00001102
1626,2026-01-19,1180,IVA acreditable,8506.40,0.00,Registro factura INV-00122,INV-00122,CC-100 Operaciones,Fabian Rios 06 00001102
1627,2026-05-22,2100,Cuentas por pagar,28591.68,0.00,Pago factura INV-00199,INV-00199,CC-100 Operaciones,Bruno Garcia 02 00001102
1628,2026-02-27,2100,Cuentas por pagar,24605.92,0.00,Pago factura INV-00261,INV-00261,CC-100 Operaciones,Bruno Garcia 02 00001102
1629,2026-02-21,1020,Bancos,0.00,74255.08,Pago factura INV-00186,INV-00186,CC-100 Operaciones,Bruno Garcia 02 00001102
1630,2026-03-01,5000,Gastos operativos,48860.00,0.00,Registro factura INV-00329,INV-00329,CC-100 Operaciones,Carla Soto 03 00001102
1631,2026-05-05,2100,Cuentas por pagar,0.00,25892.36,Registro factura INV-00208,INV-00208,CC-100 Operaciones,Bruno Garcia 08 00001102
1632,2026-06-06,2100,Cuentas por pagar,0.00,75564.72,Registro factura INV-00078,INV-00078,CC-100 Operaciones,Fabian Rios 06 00001102
1633,2026-02-06,1020,Bancos,0.00,70369.08,Pago factura INV-00350,INV-00350,CC-100 Operaciones,Bruno Garcia 02 00001102
1634,2026-05-24,5000,Gastos operativos,64539.00,0.00,Registro factura INV-00165,INV-00165,CC-100 Operaciones,Carla Soto 03 00001102
1635,2026-03-09,2100,Cuentas por pagar,0.00,61913.84,Registro factura INV-00255,INV-00255,CC-100 Operaciones,Carla Soto 03 00001102
1636,2026-01-12,2100,Cuentas por pagar,15535.41,0.00,Pago factura INV-00291,INV-00291,CC-100 Operaciones,Bruno Garcia 02 00001102
1637,2026-02-10,1180,IVA acreditable,19558.40,0.00,Registro factura INV-00031,INV-00031,CC-100 Operaciones,Bruno Garcia 02 00001102
1638,2026-04-15,2100,Cuentas por pagar,79925.16,0.00,Pago factura INV-00112,INV-00112,CC-100 Operaciones,Bruno Garcia 02 00001102
1639,2026-03-14,1180,IVA acreditable,2182.72,0.00,Registro factura INV-00295,INV-00295,CC-100 Operaciones,Diego Luna 04 00001102
1640,2026-06-13,1180,IVA acreditable,3324.48,0.00,Registro factura INV-00134,INV-00134,CC-100 Operaciones,Ana Ruiz 01 00001102
1641,2026-03-19,5000,Gastos operativos,61472.00,0.00,Registro factura INV-00183,INV-00183,CC-100 Operaciones,Ana Ruiz 07 00001102
1642,2026-04-30,1180,IVA acreditable,7940.96,0.00,Registro factura INV-00007,INV-00007,CC-100 Operaciones,Ana Ruiz 07 00001102
1643,2026-05-31,1180,IVA acreditable,13995.36,0.00,Registro factura INV-00050,INV-00050,CC-100 Operaciones,Diego Luna 10 00001102
1644,2026-06-23,1020,Bancos,0.00,24102.48,Pago factura INV-00134,INV-00134,CC-100 Operaciones,Bruno Garcia 02 00001102
1645,2026-01-30,5000,Gastos operativos,36700.00,0.00,Registro factura INV-00135,INV-00135,CC-100 Operaciones,Carla Soto 09 00001102
1646,2026-05-09,5000,Gastos operativos,67157.00,0.00,Registro factura INV-00302,INV-00302,CC-100 Operaciones,Bruno Garcia 08 00001102
1647,2026-01-21,1180,IVA acreditable,0.00,3600.00,Reversion de factura cancelada INV-00176,INV-00176,CC-100 Operaciones,Bruno Garcia 02 00001102
1648,2026-02-02,5000,Gastos operativos,18531.00,0.00,Registro factura INV-00093,INV-00093,CC-100 Operaciones,Fabian Rios 06 00001102
1649,2026-02-11,2100,Cuentas por pagar,0.00,74255.08,Registro factura INV-00186,INV-00186,CC-100 Operaciones,Elena Mora 05 00001102
1650,2026-03-12,2100,Cuentas por pagar,90712.00,0.00,Pago factura INV-00179,INV-00179,CC-100 Operaciones,Bruno Garcia 02 00001102
1651,2026-03-31,1180,IVA acreditable,6905.60,0.00,Registro factura INV-00043,INV-00043,CC-100 Operaciones,Elena Mora 05 00001102
1652,2026-02-11,2100,Cuentas por pagar,0.00,77957.80,Registro factura INV-00279,INV-00279,CC-100 Operaciones,Carla Soto 03 00001102
1653,2026-01-27,1020,Bancos,0.00,88695.92,Pago factura INV-00167,INV-00167,CC-100 Operaciones,Bruno Garcia 02 00001102
1654,2026-03-08,2100,Cuentas por pagar,65861.32,0.00,Pago factura INV-00327,INV-00327,CC-100 Operaciones,Bruno Garcia 02 00001102
1655,2026-03-01,1020,Bancos,0.00,43632.24,Pago factura INV-00334,INV-00334,CC-100 Operaciones,Bruno Garcia 02 00001102
1656,2026-03-11,1020,Bancos,0.00,29999.92,Pago factura INV-00354,INV-00354,CC-100 Operaciones,Bruno Garcia 02 00001102
1657,2026-02-17,1180,IVA acreditable,2635.84,0.00,Registro factura INV-00281,INV-00281,CC-100 Operaciones,Carla Soto 03 00001102
1658,2026-04-15,5000,Gastos operativos,63061.00,0.00,Registro factura INV-00178,INV-00178,CC-100 Operaciones,Bruno Garcia 02 00001102
1659,2026-01-31,1180,IVA acreditable,10552.96,0.00,Registro factura INV-00130,INV-00130,CC-100 Operaciones,Diego Luna 04 00001102
1660,2026-03-29,1020,Bancos,0.00,71307.52,Pago factura INV-00183,INV-00183,CC-100 Operaciones,Bruno Garcia 02 00001102
1661,2026-06-11,5000,Gastos operativos,51811.00,0.00,Registro factura INV-00047,INV-00047,CC-100 Operaciones,Carla Soto 09 00001102
1662,2026-02-24,2100,Cuentas por pagar,0.00,20093.52,Registro factura INV-00361,INV-00361,CC-100 Operaciones,Diego Luna 10 00001102
1663,2026-04-28,5000,Gastos operativos,45622.00,0.00,Registro factura INV-00086,INV-00086,CC-100 Operaciones,Elena Mora 05 00001102
1664,2026-04-30,1180,IVA acreditable,2681.12,0.00,Registro factura INV-00119,INV-00119,CC-100 Operaciones,Carla Soto 09 00001102
1665,2026-03-03,5000,Gastos operativos,49635.00,0.00,Registro factura INV-00150,INV-00150,CC-100 Operaciones,Carla Soto 03 00001102
1666,2026-04-19,1020,Bancos,0.00,25252.04,Pago factura INV-00084,INV-00084,CC-100 Operaciones,Bruno Garcia 02 00001102
1667,2026-03-09,5000,Gastos operativos,27637.00,0.00,Registro factura INV-00113,INV-00113,CC-100 Operaciones,Ana Ruiz 01 00001102
1668,2026-02-04,1020,Bancos,0.00,52367.04,Pago factura INV-00055,INV-00055,CC-100 Operaciones,Bruno Garcia 02 00001102
1669,2026-04-22,2100,Cuentas por pagar,42881.72,0.00,Pago factura INV-00018,INV-00018,CC-100 Operaciones,Bruno Garcia 02 00001102
1670,2026-06-30,2100,Cuentas por pagar,106923.00,0.00,Pago factura INV-00124,INV-00124,CC-100 Operaciones,Bruno Garcia 02 00001102
1671,2026-04-05,5000,Gastos operativos,86859.00,0.00,Registro factura INV-00016,INV-00016,CC-100 Operaciones,Bruno Garcia 08 00001102
1672,2026-03-05,1180,IVA acreditable,3571.36,0.00,Registro factura INV-00258,INV-00258,CC-100 Operaciones,Fabian Rios 06 00001102
1673,2026-04-12,1020,Bancos,0.00,105282.76,Pago factura INV-00120,INV-00120,CC-100 Operaciones,Bruno Garcia 02 00001102
1674,2026-02-22,2100,Cuentas por pagar,0.00,21689.68,Registro factura INV-00249,INV-00249,CC-100 Operaciones,Fabian Rios 06 00001102
1675,2026-06-12,5000,Gastos operativos,22224.00,0.00,Registro factura INV-00111,INV-00111,CC-100 Operaciones,Diego Luna 04 00001102
1676,2026-03-16,1020,Bancos,0.00,50723.32,Pago factura INV-00194,INV-00194,CC-100 Operaciones,Bruno Garcia 02 00001102
1677,2026-04-04,5000,Gastos operativos,72666.00,0.00,Registro factura INV-00049,INV-00049,CC-100 Operaciones,Carla Soto 09 00001102
1678,2026-03-17,2100,Cuentas por pagar,87447.76,0.00,Pago factura INV-00209,INV-00209,CC-100 Operaciones,Bruno Garcia 02 00001102
1679,2026-06-01,5000,Gastos operativos,77360.00,0.00,Registro factura INV-00115,INV-00115,CC-100 Operaciones,Carla Soto 03 00001102
1680,2026-05-05,2100,Cuentas por pagar,0.00,109736.00,Registro factura INV-00011,INV-00011,CC-100 Operaciones,Diego Luna 10 00001102
1681,2026-05-30,5000,Gastos operativos,37542.00,0.00,Registro factura INV-00330,INV-00330,CC-100 Operaciones,Ana Ruiz 01 00001102
1682,2026-02-17,2100,Cuentas por pagar,0.00,24605.92,Registro factura INV-00261,INV-00261,CC-100 Operaciones,Elena Mora 05 00001102
1683,2026-03-18,1180,IVA acreditable,1974.40,0.00,Registro factura INV-00181,INV-00181,CC-100 Operaciones,Bruno Garcia 02 00001102
1684,2026-05-12,2100,Cuentas por pagar,0.00,94224.48,Registro factura INV-00040,INV-00040,CC-100 Operaciones,Ana Ruiz 07 00001102
1685,2026-06-15,5000,Gastos operativos,48215.00,0.00,Registro factura INV-00263,INV-00263,CC-100 Operaciones,Elena Mora 05 00001102
1686,2026-02-22,5000,Gastos operativos,18698.00,0.00,Registro factura INV-00249,INV-00249,CC-100 Operaciones,Fabian Rios 06 00001102
1687,2026-05-21,1180,IVA acreditable,8202.08,0.00,Registro factura INV-00174,INV-00174,CC-100 Operaciones,Bruno Garcia 02 00001102
1688,2026-04-02,2100,Cuentas por pagar,0.00,105282.76,Registro factura INV-00120,INV-00120,CC-100 Operaciones,Carla Soto 09 00001102
1689,2026-06-10,2100,Cuentas por pagar,78876.52,0.00,Pago factura INV-00247,INV-00247,CC-100 Operaciones,Bruno Garcia 02 00001102
1690,2026-01-22,1020,Bancos,0.00,67029.44,Pago factura INV-00003,INV-00003,CC-100 Operaciones,Bruno Garcia 02 00001102
1691,2026-02-06,1020,Bancos,0.00,35695.52,Pago factura INV-00352,INV-00352,CC-100 Operaciones,Bruno Garcia 02 00001102
1692,2026-05-10,1020,Bancos,0.00,57571.96,Pago factura INV-00007,INV-00007,CC-100 Operaciones,Bruno Garcia 02 00001102
1693,2026-01-21,2100,Cuentas por pagar,74678.48,0.00,Pago factura INV-00012,INV-00012,CC-100 Operaciones,Bruno Garcia 02 00001102
1694,2026-03-11,2100,Cuentas por pagar,29999.92,0.00,Pago factura INV-00354,INV-00354,CC-100 Operaciones,Bruno Garcia 02 00001102
1695,2026-06-30,2100,Cuentas por pagar,98184.72,0.00,Pago factura INV-00324,INV-00324,CC-100 Operaciones,Bruno Garcia 02 00001102
1696,2026-03-06,1020,Bancos,0.00,20093.52,Pago factura INV-00361,INV-00361,CC-100 Operaciones,Bruno Garcia 02 00001102
1697,2026-01-28,2100,Cuentas por pagar,0.00,49043.64,Registro factura INV-00159,INV-00159,CC-100 Operaciones,Elena Mora 05 00001102
1698,2026-04-18,2100,Cuentas por pagar,0.00,108614.28,Registro factura INV-00240,INV-00240,CC-100 Operaciones,Carla Soto 09 00001102
1699,2026-06-14,1180,IVA acreditable,3450.88,0.00,Registro factura INV-00276,INV-00276,CC-100 Operaciones,Diego Luna 10 00001102
1700,2026-04-17,1020,Bancos,0.00,23580.48,Pago factura INV-00117,INV-00117,CC-100 Operaciones,Bruno Garcia 02 00001102
1701,2026-02-23,2100,Cuentas por pagar,76924.24,0.00,Pago factura INV-00044,INV-00044,CC-100 Operaciones,Bruno Garcia 02 00001102
1702,2026-06-30,2100,Cuentas por pagar,101831.76,0.00,Pago factura INV-00326,INV-00326,CC-100 Operaciones,Bruno Garcia 02 00001102
1703,2026-05-10,2100,Cuentas por pagar,57571.96,0.00,Pago factura INV-00007,INV-00007,CC-100 Operaciones,Bruno Garcia 02 00001102
1704,2026-06-21,5000,Gastos operativos,91006.00,0.00,Registro factura INV-00091,INV-00091,CC-100 Operaciones,Elena Mora 05 00001102
1705,2026-01-12,1020,Bancos,0.00,20900.88,Pago factura INV-00088,INV-00088,CC-100 Operaciones,Bruno Garcia 02 00001102
1706,2026-03-20,2100,Cuentas por pagar,64425.24,0.00,Pago factura INV-00219,INV-00219,CC-100 Operaciones,Bruno Garcia 02 00001102
1707,2026-05-20,5000,Gastos operativos,52191.00,0.00,Registro factura INV-00290,INV-00290,CC-100 Operaciones,Carla Soto 09 00001102
1708,2026-04-16,1020,Bancos,0.00,95680.28,Pago factura INV-00272,INV-00272,CC-100 Operaciones,Bruno Garcia 02 00001102
1709,2026-05-15,2100,Cuentas por pagar,0.00,56111.52,Registro factura INV-00307,INV-00307,CC-100 Operaciones,Diego Luna 04 00001102
1710,2026-04-09,5000,Gastos operativos,91756.00,0.00,Registro factura INV-00147,INV-00147,CC-100 Operaciones,Bruno Garcia 02 00001102
1711,2026-03-15,2100,Cuentas por pagar,0.00,97486.40,Registro factura INV-00197,INV-00197,CC-100 Operaciones,Carla Soto 03 00001102
1712,2026-03-12,1020,Bancos,0.00,90712.00,Pago factura INV-00179,INV-00179,CC-100 Operaciones,Bruno Garcia 02 00001102
1713,2026-04-01,2100,Cuentas por pagar,100675.24,0.00,Pago factura INV-00308,INV-00308,CC-100 Operaciones,Bruno Garcia 02 00001102
1714,2026-06-01,2100,Cuentas por pagar,0.00,89737.60,Registro factura INV-00115,INV-00115,CC-100 Operaciones,Carla Soto 03 00001102
1715,2026-04-06,2100,Cuentas por pagar,57592.84,0.00,Pago factura INV-00051,INV-00051,CC-100 Operaciones,Bruno Garcia 02 00001102
1716,2026-03-26,1180,IVA acreditable,13694.40,0.00,Registro factura INV-00214,INV-00214,CC-100 Operaciones,Bruno Garcia 02 00001102
1717,2026-06-29,1020,Bancos,0.00,75592.56,Pago factura INV-00123,INV-00123,CC-100 Operaciones,Bruno Garcia 02 00001102
1718,2026-05-17,2100,Cuentas por pagar,95012.12,0.00,Pago factura INV-00265,INV-00265,CC-100 Operaciones,Bruno Garcia 02 00001102
1719,2026-03-08,2100,Cuentas por pagar,30041.68,0.00,Pago factura INV-00254,INV-00254,CC-100 Operaciones,Bruno Garcia 02 00001102
1720,2026-05-22,2100,Cuentas por pagar,94224.48,0.00,Pago factura INV-00040,INV-00040,CC-100 Operaciones,Bruno Garcia 02 00001102
1721,2026-01-19,1020,Bancos,0.00,66174.52,Pago factura INV-00189,INV-00189,CC-100 Operaciones,Bruno Garcia 02 00001102
1722,2026-05-13,1180,IVA acreditable,7185.12,0.00,Registro factura INV-00271,INV-00271,CC-100 Operaciones,Bruno Garcia 02 00001102
1723,2026-01-09,2100,Cuentas por pagar,0.00,66174.52,Registro factura INV-00189,INV-00189,CC-100 Operaciones,Bruno Garcia 02 00001102
1724,2026-03-26,2100,Cuentas por pagar,0.00,34736.20,Registro factura INV-00141,INV-00141,CC-100 Operaciones,Diego Luna 04 00001102
1725,2026-04-29,2100,Cuentas por pagar,77624.88,0.00,Pago factura INV-00041,INV-00041,CC-100 Operaciones,Bruno Garcia 02 00001102
1726,2026-01-27,5000,Gastos operativos,30772.00,0.00,Registro factura INV-00352,INV-00352,CC-100 Operaciones,Bruno Garcia 08 00001102
1727,2026-02-09,2100,Cuentas por pagar,0.00,57090.56,Registro factura INV-00076,INV-00076,CC-100 Operaciones,Ana Ruiz 01 00001102
1728,2026-05-24,1180,IVA acreditable,10326.24,0.00,Registro factura INV-00165,INV-00165,CC-100 Operaciones,Carla Soto 03 00001102
1729,2026-06-13,2100,Cuentas por pagar,0.00,41221.76,Registro factura INV-00217,INV-00217,CC-100 Operaciones,Carla Soto 03 00001102
1730,2026-04-28,1020,Bancos,0.00,24380.88,Pago factura INV-00306,INV-00306,CC-100 Operaciones,Bruno Garcia 02 00001102
1731,2026-04-14,1180,IVA acreditable,7051.04,0.00,Registro factura INV-00080,INV-00080,CC-100 Operaciones,Elena Mora 05 00001102
1732,2026-04-24,1180,IVA acreditable,11624.32,0.00,Registro factura INV-00036,INV-00036,CC-100 Operaciones,Carla Soto 09 00001102
1733,2026-04-20,5000,Gastos operativos,82987.00,0.00,Registro factura INV-00114,INV-00114,CC-100 Operaciones,Carla Soto 03 00001102
1734,2026-05-12,1020,Bancos,0.00,20900.88,Pago factura INV-00042,INV-00042,CC-100 Operaciones,Bruno Garcia 02 00001102
1735,2026-05-02,5000,Gastos operativos,82371.00,0.00,Registro factura INV-00205,INV-00205,CC-100 Operaciones,Ana Ruiz 01 00001102
1736,2026-01-16,5000,Gastos operativos,40652.00,0.00,Registro factura INV-00095,INV-00095,CC-100 Operaciones,Carla Soto 09 00001102
1737,2026-05-23,2100,Cuentas por pagar,0.00,45896.56,Registro factura INV-00285,INV-00285,CC-100 Operaciones,Fabian Rios 06 00001102
1738,2026-01-18,1180,IVA acreditable,9302.40,0.00,Registro factura INV-00260,INV-00260,CC-100 Operaciones,Ana Ruiz 01 00001102
1739,2026-06-08,1180,IVA acreditable,10103.84,0.00,Registro factura INV-00187,INV-00187,CC-100 Operaciones,Diego Luna 10 00001102
1740,2026-06-30,1020,Bancos,0.00,106923.00,Pago factura INV-00124,INV-00124,CC-100 Operaciones,Bruno Garcia 02 00001102
1741,2026-01-09,1180,IVA acreditable,14547.36,0.00,Registro factura INV-00231,INV-00231,CC-100 Operaciones,Diego Luna 10 00001102
1742,2026-01-24,1020,Bancos,0.00,91571.56,Pago factura INV-00170,INV-00170,CC-100 Operaciones,Bruno Garcia 02 00001102
1743,2026-04-05,2100,Cuentas por pagar,34736.20,0.00,Pago factura INV-00141,INV-00141,CC-100 Operaciones,Bruno Garcia 02 00001102
1744,2026-04-10,1020,Bancos,0.00,19319.80,Pago factura INV-00005,INV-00005,CC-100 Operaciones,Bruno Garcia 02 00001102
1745,2026-03-31,2100,Cuentas por pagar,14390.96,0.00,Pago factura INV-00220,INV-00220,CC-100 Operaciones,Bruno Garcia 02 00001102
1746,2026-06-11,2100,Cuentas por pagar,71573.16,0.00,Pago factura INV-00267,INV-00267,CC-100 Operaciones,Bruno Garcia 02 00001102
1747,2026-03-16,1180,IVA acreditable,7940.00,0.00,Registro factura INV-00162,INV-00162,CC-100 Operaciones,Fabian Rios 06 00001102
1748,2026-05-18,2100,Cuentas por pagar,0.00,24343.76,Registro factura INV-00328,INV-00328,CC-100 Operaciones,Elena Mora 05 00001102
1749,2026-04-20,1020,Bancos,0.00,96558.40,Pago factura INV-00252,INV-00252,CC-100 Operaciones,Bruno Garcia 02 00001102
1750,2026-02-08,1020,Bancos,44080.00,0.00,Cobro factura INV-00102,INV-00102,CC-100 Operaciones,Bruno Garcia 02 00001102
1751,2026-05-05,5000,Gastos operativos,41936.00,0.00,Registro factura INV-00131,INV-00131,CC-100 Operaciones,Fabian Rios 06 00001102
1752,2026-05-29,2100,Cuentas por pagar,0.00,97663.88,Registro factura INV-00203,INV-00203,CC-100 Operaciones,Fabian Rios 06 00001102
1753,2026-01-09,5000,Gastos operativos,90921.00,0.00,Registro factura INV-00231,INV-00231,CC-100 Operaciones,Diego Luna 10 00001102
1754,2026-01-15,1180,IVA acreditable,9482.40,0.00,Registro factura INV-00004,INV-00004,CC-100 Operaciones,Diego Luna 10 00001102
1755,2026-06-15,2100,Cuentas por pagar,34834.80,0.00,Pago factura INV-00202,INV-00202,CC-100 Operaciones,Bruno Garcia 02 00001102
1756,2026-04-05,5000,Gastos operativos,30030.00,0.00,Registro factura INV-00097,INV-00097,CC-100 Operaciones,Ana Ruiz 01 00001102
1757,2026-01-26,5000,Gastos operativos,44578.00,0.00,Registro factura INV-00158,INV-00158,CC-100 Operaciones,Carla Soto 03 00001102
1758,2026-02-04,2100,Cuentas por pagar,52367.04,0.00,Pago factura INV-00055,INV-00055,CC-100 Operaciones,Bruno Garcia 02 00001102
1759,2026-03-22,2100,Cuentas por pagar,0.00,100675.24,Registro factura INV-00308,INV-00308,CC-100 Operaciones,Bruno Garcia 08 00001102
1760,2026-03-08,1020,Bancos,0.00,30041.68,Pago factura INV-00254,INV-00254,CC-100 Operaciones,Bruno Garcia 02 00001102
1761,2026-04-30,2100,Cuentas por pagar,0.00,19438.12,Registro factura INV-00119,INV-00119,CC-100 Operaciones,Carla Soto 09 00001102
1762,2026-02-11,5000,Gastos operativos,67205.00,0.00,Registro factura INV-00279,INV-00279,CC-100 Operaciones,Carla Soto 03 00001102
1763,2026-03-02,2100,Cuentas por pagar,0.00,90712.00,Registro factura INV-00179,INV-00179,CC-100 Operaciones,Fabian Rios 06 00001102
1764,2026-05-09,2100,Cuentas por pagar,88095.04,0.00,Pago factura INV-00008,INV-00008,CC-100 Operaciones,Bruno Garcia 02 00001102
1765,2026-02-11,1020,Bancos,0.00,34417.20,Pago factura INV-00340,INV-00340,CC-100 Operaciones,Bruno Garcia 02 00001102
1766,2026-01-15,2100,Cuentas por pagar,0.00,68747.40,Registro factura INV-00004,INV-00004,CC-100 Operaciones,Diego Luna 10 00001102
1767,2026-05-25,2100,Cuentas por pagar,41311.08,0.00,Pago factura INV-00069,INV-00069,CC-100 Operaciones,Bruno Garcia 02 00001102
1768,2026-01-30,1180,IVA acreditable,2672.96,0.00,Registro factura INV-00144,INV-00144,CC-100 Operaciones,Ana Ruiz 07 00001102
1769,2026-06-14,1020,Bancos,0.00,65157.20,Pago factura INV-00101,INV-00101,CC-100 Operaciones,Bruno Garcia 02 00001102
1770,2026-04-12,1180,IVA acreditable,6952.32,0.00,Registro factura INV-00310,INV-00310,CC-100 Operaciones,Ana Ruiz 01 00001102
1771,2026-04-16,1020,Bancos,0.00,82768.32,Pago factura INV-00210,INV-00210,CC-100 Operaciones,Bruno Garcia 02 00001102
1772,2026-03-11,5000,Gastos operativos,55055.00,0.00,Registro factura INV-00351,INV-00351,CC-100 Operaciones,Elena Mora 05 00001102
1773,2026-02-22,1020,Bancos,0.00,72249.44,Pago factura INV-00052,INV-00052,CC-100 Operaciones,Bruno Garcia 02 00001102
1774,2026-04-03,1020,Bancos,0.00,95936.64,Pago factura INV-00039,INV-00039,CC-100 Operaciones,Bruno Garcia 02 00001102
1775,2026-06-05,1020,Bancos,0.00,54038.60,Pago factura INV-00092,INV-00092,CC-100 Operaciones,Bruno Garcia 02 00001102
1776,2026-06-11,1180,IVA acreditable,2190.88,0.00,Registro factura INV-00212,INV-00212,CC-100 Operaciones,Ana Ruiz 01 00001102
1777,2026-04-14,5000,Gastos operativos,44069.00,0.00,Registro factura INV-00080,INV-00080,CC-100 Operaciones,Elena Mora 05 00001102
1778,2026-06-20,5000,Gastos operativos,33203.00,0.00,Registro factura INV-00344,INV-00344,CC-100 Operaciones,Bruno Garcia 08 00001102
1779,2026-04-05,2100,Cuentas por pagar,0.00,34834.80,Registro factura INV-00097,INV-00097,CC-100 Operaciones,Ana Ruiz 01 00001102
1780,2026-04-08,2100,Cuentas por pagar,0.00,23145.48,Registro factura INV-00048,INV-00048,CC-100 Operaciones,Elena Mora 05 00001102
1781,2026-01-13,1180,IVA acreditable,4369.44,0.00,Registro factura INV-00223,INV-00223,CC-100 Operaciones,Fabian Rios 06 00001102
1782,2026-01-10,2100,Cuentas por pagar,0.00,18908.00,Registro factura INV-00320,INV-00320,CC-100 Operaciones,Ana Ruiz 07 00001102
1783,2026-06-21,1180,IVA acreditable,4628.96,0.00,Registro factura INV-00345,INV-00345,CC-100 Operaciones,Carla Soto 03 00001102
1784,2026-03-05,5000,Gastos operativos,22321.00,0.00,Registro factura INV-00258,INV-00258,CC-100 Operaciones,Fabian Rios 06 00001102
1785,2026-06-18,2100,Cuentas por pagar,0.00,52117.64,Registro factura INV-00303,INV-00303,CC-100 Operaciones,Diego Luna 04 00001102
1786,2026-06-23,2100,Cuentas por pagar,0.00,103925.56,Registro factura INV-00090,INV-00090,CC-100 Operaciones,Ana Ruiz 07 00001102
1787,2026-05-01,5000,Gastos operativos,32563.00,0.00,Registro factura INV-00296,INV-00296,CC-100 Operaciones,Diego Luna 04 00001102
1788,2026-01-10,1180,IVA acreditable,5159.04,0.00,Registro factura INV-00137,INV-00137,CC-100 Operaciones,Carla Soto 09 00001102
1789,2026-02-10,5000,Gastos operativos,122240.00,0.00,Registro factura INV-00031,INV-00031,CC-100 Operaciones,Bruno Garcia 02 00001102
1790,2026-01-12,2100,Cuentas por pagar,29187.45,0.00,Pago factura INV-00029,INV-00029,CC-100 Operaciones,Bruno Garcia 02 00001102
1791,2026-02-11,1020,Bancos,0.00,58604.36,Pago factura INV-00294,INV-00294,CC-100 Operaciones,Bruno Garcia 02 00001102
1792,2026-04-29,2100,Cuentas por pagar,0.00,88095.04,Registro factura INV-00008,INV-00008,CC-100 Operaciones,Bruno Garcia 02 00001102
1793,2026-01-23,1020,Bancos,0.00,10356.95,Pago factura INV-00291,INV-00291,CC-100 Operaciones,Bruno Garcia 02 00001102
1794,2026-02-05,5000,Gastos operativos,41936.00,0.00,Registro factura INV-00059,INV-00059,CC-100 Operaciones,Carla Soto 03 00001102
1795,2026-03-22,1020,Bancos,0.00,109376.40,Pago factura INV-00054,INV-00054,CC-100 Operaciones,Bruno Garcia 02 00001102
1796,2026-02-10,2100,Cuentas por pagar,76508.96,0.00,Pago factura INV-00130,INV-00130,CC-100 Operaciones,Bruno Garcia 02 00001102
1797,2026-05-17,1180,IVA acreditable,3818.56,0.00,Registro factura INV-00027,INV-00027,CC-100 Operaciones,Bruno Garcia 08 00001102
1798,2026-02-14,5000,Gastos operativos,46592.00,0.00,Registro factura INV-00151,INV-00151,CC-100 Operaciones,Diego Luna 04 00001102
1799,2026-04-08,1020,Bancos,0.00,37284.72,Pago factura INV-00286,INV-00286,CC-100 Operaciones,Bruno Garcia 02 00001102
1800,2026-04-13,2100,Cuentas por pagar,56904.96,0.00,Pago factura INV-00118,INV-00118,CC-100 Operaciones,Bruno Garcia 02 00001102
1801,2026-03-17,2100,Cuentas por pagar,0.00,35994.80,Registro factura INV-00315,INV-00315,CC-100 Operaciones,Carla Soto 03 00001102
1802,2026-03-03,1020,Bancos,0.00,36444.88,Pago factura INV-00304,INV-00304,CC-100 Operaciones,Bruno Garcia 02 00001102
1803,2026-03-06,2100,Cuentas por pagar,0.00,50723.32,Registro factura INV-00194,INV-00194,CC-100 Operaciones,Bruno Garcia 02 00001102
1804,2026-05-14,5000,Gastos operativos,43181.00,0.00,Registro factura INV-00305,INV-00305,CC-100 Operaciones,Ana Ruiz 07 00001102
1805,2026-02-27,5000,Gastos operativos,18991.00,0.00,Registro factura INV-00089,INV-00089,CC-100 Operaciones,Carla Soto 09 00001102
1806,2026-01-14,5000,Gastos operativos,78941.00,0.00,Registro factura INV-00170,INV-00170,CC-100 Operaciones,Carla Soto 03 00001102
1807,2026-04-05,1180,IVA acreditable,11024.16,0.00,Registro factura INV-00112,INV-00112,CC-100 Operaciones,Fabian Rios 06 00001102
1808,2026-04-04,5000,Gastos operativos,70441.00,0.00,Registro factura INV-00348,INV-00348,CC-100 Operaciones,Ana Ruiz 01 00001102
1809,2026-03-19,1180,IVA acreditable,10879.84,0.00,Registro factura INV-00188,INV-00188,CC-100 Operaciones,Carla Soto 09 00001102
1810,2026-03-18,1020,Bancos,0.00,21948.36,Pago factura INV-00053,INV-00053,CC-100 Operaciones,Bruno Garcia 02 00001102
1811,2026-04-13,5000,Gastos operativos,43024.00,0.00,Registro factura INV-00020,INV-00020,CC-100 Operaciones,Bruno Garcia 08 00001102
1812,2026-05-03,2100,Cuentas por pagar,34936.88,0.00,Pago factura INV-00013,INV-00013,CC-100 Operaciones,Bruno Garcia 02 00001102
1813,2026-02-19,1020,Bancos,0.00,57090.56,Pago factura INV-00076,INV-00076,CC-100 Operaciones,Bruno Garcia 02 00001102
1814,2026-01-25,1180,IVA acreditable,5590.56,0.00,Registro factura INV-00154,INV-00154,CC-100 Operaciones,Diego Luna 04 00001102
1815,2026-02-19,2100,Cuentas por pagar,0.00,70668.36,Registro factura INV-00298,INV-00298,CC-100 Operaciones,Elena Mora 05 00001102
1816,2026-05-16,5000,Gastos operativos,17876.00,0.00,Registro factura INV-00284,INV-00284,CC-100 Operaciones,Ana Ruiz 01 00001102
1817,2026-03-09,2100,Cuentas por pagar,0.00,32058.92,Registro factura INV-00113,INV-00113,CC-100 Operaciones,Ana Ruiz 01 00001102
1818,2026-02-07,1180,IVA acreditable,14952.48,0.00,Registro factura INV-00233,INV-00233,CC-100 Operaciones,Ana Ruiz 01 00001102
1819,2026-03-30,5000,Gastos operativos,76286.00,0.00,Registro factura INV-00155,INV-00155,CC-100 Operaciones,Diego Luna 10 00001102
1820,2026-04-09,2100,Cuentas por pagar,0.00,106436.96,Registro factura INV-00147,INV-00147,CC-100 Operaciones,Bruno Garcia 02 00001102
1821,2026-02-26,1020,Bancos,0.00,46690.00,Pago factura INV-00169,INV-00169,CC-100 Operaciones,Bruno Garcia 02 00001102
1822,2026-03-30,2100,Cuentas por pagar,23171.00,0.00,Pago factura INV-00136,INV-00136,CC-100 Operaciones,Bruno Garcia 02 00001102
1823,2026-06-20,2100,Cuentas por pagar,75359.40,0.00,Pago factura INV-00244,INV-00244,CC-100 Operaciones,Bruno Garcia 02 00001102
1824,2026-04-15,1020,Bancos,0.00,34834.80,Pago factura INV-00097,INV-00097,CC-100 Operaciones,Bruno Garcia 02 00001102
